StockCode,Description,Avg_Price,Min_Price,Max_Price,Total_Quantity,Total_Revenue,Transaction_Count,Competitor_A_Price,Competitor_B_Price,Competitor_C_Price,Market_Avg_Price,Price_vs_Market_Pct,Pricing_Flag
22423,REGENCY CAKESTAND 3 TIER,14.131652408824852,0.0,29.95,12784,163051.46,2195,12.54,14.11,15.98,14.21,-0.6, Competitive — Monitor
85123A,WHITE HANGING HEART T-LIGHT HOLDER,3.037844141069397,0.0,6.04,57236,155825.52,3376,2.87,2.99,3.5,3.12,-2.6, Competitive — Monitor
DOT,DOTCOM POSTAGE,158.17313858695653,0.0,1081.7,1231,116401.99,736,146.03,149.41,182.75,159.4,-0.8, Competitive — Monitor
85099B,JUMBO BAG RED WHITE SPOTTY ,2.16130286825474,0.0,5.06,48376,88922.48,2011,1.97,2.19,2.58,2.25,-3.9, Competitive — Monitor
84879,ASSORTED COLOUR BIRD ORNAMENT,1.988347050754458,0.0,26.04,44484,72454.12,1421,1.72,1.92,2.25,1.96,1.4, Competitive — Monitor
22086,PAPER CHAIN KIT 50'S CHRISTMAS ,3.350536246276068,0.0,6.95,17023,57870.2,966,2.9,3.58,3.72,3.4,-1.5, Competitive — Monitor
47566,PARTY BUNTING,5.582257444764649,0.0,9.95,9269,49645.520000000004,1020,4.78,5.66,6.66,5.7,-2.1, Competitive — Monitor
84347,ROTATING SILVER ANGELS T-LIGHT HLDR,3.1926737967914436,0.0,5.91,13048,47672.49,356,2.99,3.24,3.66,3.3,-3.3, Competitive — Monitor
POST,POSTAGE,26.381757225433528,0.0,850.0,3754,46092.36,865,24.01,25.77,28.88,26.22,0.6, Competitive — Monitor
21843,RETRO SPOT CAKE STAND,11.828424717145342,0.0,21.7,3955,42333.85,1145,10.89,10.98,12.64,11.5,2.9, Competitive — Monitor
48138,DOOR MAT UNION FLAG,7.536914600550965,0.0,14.43,6376,41886.12,1080,6.42,6.97,8.87,7.42,1.6, Competitive — Monitor
20685,RED SPOTTY COIR DOORMAT,8.023447636700649,0.0,16.98,5862,39597.76,1075,7.6,7.93,8.86,8.13,-1.3, Competitive — Monitor
85099F,JUMBO BAG STRAWBERRY,2.2246927374301677,1.65,5.06,19818,35854.59,1053,2.08,2.08,2.56,2.24,-0.7, Competitive — Monitor
21621,VINTAGE UNION JACK BUNTING,9.203239104829212,7.45,17.83,4120,35819.71,835,8.02,9.36,10.31,9.23,-0.3, Competitive — Monitor
15056N,EDWARDIAN PARASOL NATURAL,6.677561374795418,0.0,13.0,6618,35748.0,606,5.8,7.08,7.21,6.7,-0.3, Competitive — Monitor
20725,LUNCH BAG RED SPOTTY,1.9848271604938272,1.19,5.06,21032,35721.79,1575,1.72,2.11,2.26,2.03,-2.2, Competitive — Monitor
22386,JUMBO BAG PINK WITH WHITE SPOTS,2.2112226277372264,1.18,5.06,18349,34625.27,1073,1.95,2.27,2.34,2.19,1.0, Competitive — Monitor
20914,SET/5 RED SPOTTY LID GLASS BOWLS,3.1654153605015676,0.0,6.04,12267,34230.61,1237,2.86,3.02,3.52,3.13,1.1, Competitive — Monitor
21232,STRAWBERRY CERAMIC TRINKET BOX,1.4440857297883885,0.0,3.36,26563,33834.7,1767,1.29,1.53,1.63,1.48,-2.4, Competitive — Monitor
85099C,JUMBO  BAG BAROQUE BLACK WHITE,2.213618951612903,1.65,5.06,17295,32140.12,972,1.95,2.35,2.47,2.26,-2.1, Competitive — Monitor
15056BL,EDWARDIAN PARASOL BLACK,6.121490787269682,0.0,13.0,6809,31854.2,561,5.58,5.82,7.12,6.17,-0.8, Competitive — Monitor
21931,JUMBO STORAGE BAG SUKI,2.3089180327868855,0.0,5.06,15795,31406.86,1197,1.99,2.4,2.71,2.37,-2.6, Competitive — Monitor
21212,PACK OF 72 RETRO SPOT CAKE CASES,0.6670512157268494,0.38,2.13,59411,31387.82,1865,0.59,0.64,0.78,0.67,-0.4, Competitive — Monitor
79321,CHILLI LIGHTS,5.458033395176252,0.0,11.02,6308,31086.1,537,4.84,5.72,5.76,5.44,0.3, Competitive — Monitor
22189,CREAM HEART CARD HOLDER,4.420379901960785,0.0,8.65,9879,30998.13,808,3.96,4.77,4.77,4.5,-1.8, Competitive — Monitor
21754,HOME BUILDING BLOCK WORD,6.560750360750362,5.45,12.13,5048,30916.72,1341,6.09,6.07,7.42,6.53,0.5, Competitive — Monitor
22114,HOT WATER BOTTLE TEA AND SYMPATHY,4.613767840152237,0.0,9.32,6721,30030.06,1025,4.01,4.91,5.49,4.8,-3.9, Competitive — Monitor
22411,JUMBO SHOPPER VINTAGE RED PAISLEY,2.1731415525114155,0.0,5.06,15044,29471.45,1068,1.96,2.22,2.55,2.24,-3.0, Competitive — Monitor
22197,"POPCORN HOLDER , SMALL ",1.003457595526561,0.0,1.95,22913,29312.6,1047,0.91,1.08,1.18,1.06,-5.3, Competitive — Monitor
21623,VINTAGE UNION JACK MEMOBOARD,10.066882352941176,0.0,20.38,3913,28653.239999999998,338,8.6,10.01,11.03,9.88,1.9, Competitive — Monitor
21137,BLACK RECORD COVER FRAME,4.0452536231884055,3.39,7.78,8290,28650.22,274,3.68,4.27,4.51,4.15,-2.5, Competitive — Monitor
22910,PAPER CHAIN KIT VINTAGE CHRISTMAS,3.2019607843137257,0.0,6.95,8909,28591.550000000003,699,2.78,2.98,3.59,3.12,2.6, Competitive — Monitor
22139,RETRO SPOT TEA SET CERAMIC 11 PC ,5.389700748129676,0.0,11.26,5735,28422.8,1183,4.62,5.25,5.79,5.22,3.3, Competitive — Monitor
22112,CHOCOLATE HOT WATER BOTTLE,5.634008350730689,4.25,12.72,5503,27758.34,933,5.32,5.24,5.94,5.5,2.4, Competitive — Monitor
21733,RED HANGING HEART T-LIGHT HOLDER,3.0465840707964604,0.0,6.04,9654,27375.98,1089,2.88,3.28,3.63,3.26,-6.5, Competitive — Monitor
48194,DOORMAT HEARTS,8.066234256926952,0.0,14.43,4416,27346.4,784,7.51,8.48,8.76,8.25,-2.2, Competitive — Monitor
22111,SCOTTIE DOG HOT WATER BOTTLE,5.668759541984733,4.25,12.72,5464,27290.27,1002,4.99,5.99,6.16,5.71,-0.7, Competitive — Monitor
21929,JUMBO BAG PINK VINTAGE PAISLEY,2.2979145728643213,0.0,5.06,14425,27056.06,785,1.98,2.46,2.44,2.29,0.3, Competitive — Monitor
22090,PAPER BUNTING RETRO SPOTS,3.579489361702128,2.0,6.95,8819,26868.390000000003,922,3.29,3.34,4.26,3.63,-1.4, Competitive — Monitor
82484,WOOD BLACK BOARD ANT WHITE FINISH,6.934990689013036,0.0,13.57,5003,26657.75,536,6.2,6.81,7.88,6.96,-0.4, Competitive — Monitor
22083,PAPER CHAIN KIT RETRO SPOT,3.510188902007084,0.5,6.95,8877,25984.170000000002,836,3.03,3.27,4.04,3.45,1.7, Competitive — Monitor
21928,JUMBO BAG SCANDINAVIAN PAISLEY,2.2240304182509507,0.0,5.06,14285,25889.12,772,2.0,2.12,2.64,2.25,-1.2, Competitive — Monitor
21181,PLEASE ONE PERSON  METAL SIGN,2.324287090558767,0.0,4.3,12566,25659.04,1020,1.98,2.22,2.56,2.25,3.3, Competitive — Monitor
21523,FANCY FONT HOME SWEET HOME DOORMAT,8.369221374045802,0.0,16.98,3846,25616.28,652,7.87,8.33,9.57,8.59,-2.6, Competitive — Monitor
84029E,RED WOOLLY HOTTIE WHITE HEART.,4.076420798065296,2.95,8.47,7046,25521.15,810,3.57,3.93,4.3,3.93,3.7, Competitive — Monitor
84946,ANTIQUE SILVER TEA GLASS ETCHED,1.5269728601252608,0.96,2.95,18700,25306.27,927,1.4,1.43,1.65,1.49,2.5, Competitive — Monitor
37503,TEA TIME CAKE STAND IN GIFT BOX,11.628534322820038,0.0,21.7,2294,24966.63,535,10.25,11.01,13.66,11.64,-0.1, Competitive — Monitor
22470,HEART OF WICKER LARGE,3.1381455805892546,0.0,6.95,8200,24920.260000000002,1105,2.83,2.96,3.66,3.15,-0.4, Competitive — Monitor
82494L,WOODEN FRAME ANTIQUE WHITE ,3.131914163090129,0.0,7.78,8381,24741.210000000003,1136,2.83,3.37,3.45,3.22,-2.7, Competitive — Monitor
21731,RED TOADSTOOL LED NIGHT LIGHT,2.0403846153846152,0.0,4.21,15046,24430.109999999997,733,1.77,2.13,2.26,2.05,-0.5, Competitive — Monitor
84078A,SET/4 WHITE RETRO STORAGE CUBES ,45.4575,0.0,78.22,580,23618.81,188,43.05,48.86,51.37,47.76,-4.8, Competitive — Monitor
21524,SPOTTY  HOME SWEET HOME DOORMAT,8.00074179743224,0.0,16.98,3586,23047.43,693,7.42,7.92,8.4,7.91,1.1, Competitive — Monitor
48187,DOOR MAT NEW ENGLAND,7.762187938288921,0.0,16.98,3567,22911.71,708,7.33,7.49,8.43,7.75,0.2, Competitive — Monitor
21755,LOVE BUILDING BLOCK WORD,6.661427320490368,5.45,12.13,3695,22801.530000000002,1103,6.26,6.98,7.2,6.81,-2.2, Competitive — Monitor
20727,LUNCH BAG  BLACK SKULL.,1.9222731128074637,1.19,5.06,13803,22424.53,1138,1.75,1.87,2.09,1.9,1.2, Competitive — Monitor
71477,short,3.498664383561644,0.0,6.91,7017,22157.72,568,3.3,3.39,4.1,3.6,-2.8, Competitive — Monitor
48185,DOOR MAT FAIRY CAKE,8.622253086419754,0.0,16.98,3229,22091.75,640,7.41,8.25,9.42,8.36,3.1, Competitive — Monitor
22383,LUNCHBAG SUKI  DESIGN ,1.9764093959731543,1.45,5.06,12869,21328.12,1160,1.72,1.86,2.13,1.9,4.0, Competitive — Monitor
22328,"ROUND SNACK BOXES ,SET 4, FRUITS ",3.1040506329113926,0.0,6.95,7704,21251.04,612,2.65,2.98,3.49,3.04,2.1, Competitive — Monitor
21485,RED SPOT HEART HOT WATER BOTTLE,5.348014184397163,4.25,11.26,4375,21038.22,822,4.72,5.22,6.31,5.42,-1.3, Competitive — Monitor
22188,BLACK HEART CARD HOLDER,4.488220551378447,0.0,8.65,7674,20698.03,398,3.99,4.61,4.88,4.49,-0.0, Competitive — Monitor
21527,RETRO SPOT TRADITIONAL TEAPOT ,8.786646415552855,0.0,17.35,2657,20691.9,805,7.71,8.17,9.33,8.4,4.6, Competitive — Monitor
82486,WOOD S/3 CABINET ANT WHITE FINISH,8.175904887714664,6.95,16.48,2713,20638.08,731,7.63,7.8,9.02,8.15,0.3, Competitive — Monitor
20679,EDWARDIAN PARASOL RED,6.364343675417662,0.0,13.0,4090,20592.350000000002,417,5.64,6.68,7.4,6.57,-3.1, Competitive — Monitor
22326,"ROUND SNACK BOXES ,SET4, WOODLAND ",3.370869565217392,0.0,6.95,7113,20557.91,696,2.96,3.18,3.82,3.32,1.5, Competitive — Monitor
84997D,PINK 3 PIECE MINI DOTS CUTLERY SET,3.94024060150376,0.0,7.78,5154,20474.03,643,3.56,3.84,4.62,4.01,-1.7, Competitive — Monitor
22457,NATURAL SLATE HEART CHALKBOARD ,3.405504587155964,0.0,6.95,6526,20350.890000000003,859,2.94,3.6,4.07,3.54,-3.8, Competitive — Monitor
85014B,RED/WHITE DOTS RUFFLED UMBRELLA,6.6159515570934255,3.0,13.0,4271,20048.780000000002,577,6.15,6.25,7.73,6.71,-1.4, Competitive — Monitor
22379,RECYCLING BAG RETROSPOT ,2.648055235903337,1.66,5.06,9162,19765.670000000002,850,2.27,2.47,3.02,2.59,2.2, Competitive — Monitor
20728,LUNCH BAG CARS BLUE,1.8595344129554654,0.0,5.06,12001,19683.61,965,1.76,1.85,2.09,1.9,-2.1, Competitive — Monitor
72741,GRAND CHOCOLATECANDLE,1.790299401197605,0.0,8.65,13764,19637.079999999998,662,1.66,1.73,1.89,1.76,1.7, Competitive — Monitor
22178,VICTORIAN GLASS HANGING T-LIGHT,1.4715197215777263,0.9,2.57,15884,19515.48,822,1.28,1.49,1.76,1.51,-2.5, Competitive — Monitor
20726,LUNCH BAG WOODLAND,2.0259251769464104,0.0,5.06,11477,19263.3,962,1.72,2.12,2.24,2.03,-0.2, Competitive — Monitor
82482,WOODEN PICTURE FRAME WHITE FINISH,2.7015400202634248,0.0,5.17,7912,18946.72,960,2.52,2.54,2.9,2.65,1.9, Competitive — Monitor
22469,HEART OF WICKER SMALL,1.8719797421731121,0.0,4.21,10805,18801.809999999998,1042,1.72,1.9,2.15,1.92,-2.5, Competitive — Monitor
48111,DOOR MAT 3 SMILEY CATS,8.399187620889748,0.0,14.43,3122,18724.98,512,7.75,8.41,9.18,8.45,-0.6, Competitive — Monitor
84997B,RED 3 PIECE MINI DOTS CUTLERY SET,3.915820029027576,2.29,7.78,5099,18685.760000000002,673,3.63,3.69,4.46,3.93,-0.4, Competitive — Monitor
21217,RED SPOTTY ROUND CAKE TINS,11.170451010886469,0.0,21.7,1783,18525.84,636,9.58,11.39,12.71,11.23,-0.5, Competitive — Monitor
20713,JUMBO BAG OWLS,2.380399429386591,0.0,5.06,9582,18341.579999999998,691,2.11,2.29,2.66,2.35,1.3, Competitive — Monitor
22158,3 HEARTS HANGING DECORATION RUSTIC,3.0931327800829878,0.0,6.95,5882,18335.0,460,2.67,3.09,3.64,3.13,-1.2, Competitive — Monitor
84997C,BLUE 3 PIECE MINI DOTS CUTLERY SET,3.898137404580153,2.29,7.78,4995,18194.25,637,3.65,3.64,4.25,3.85,1.3, Competitive — Monitor
84991,60 TEATIME FAIRY CAKE CASES,0.6495000000000001,0.4,2.13,36326,18128.25,1342,0.59,0.65,0.73,0.66,-1.6, Competitive — Monitor
21622,VINTAGE UNION JACK CUSHION COVER,5.795469314079423,0.85,13.87,3333,18023.6,539,5.12,5.62,6.55,5.76,0.6, Competitive — Monitor
22138,BAKING SET 9 PIECE RETROSPOT ,5.284440677966102,0.0,11.26,1522,17964.79,1168,4.53,5.56,6.07,5.39,-2.0, Competitive — Monitor
22622,BOX OF VINTAGE ALPHABET BLOCKS,10.796420118343194,8.5,24.95,1852,17824.63,333,9.51,10.03,12.61,10.72,0.7, Competitive — Monitor
21915,RED  HARMONICA IN BOX ,1.3504306220095694,0.0,2.95,15075,17564.97,408,1.19,1.33,1.5,1.34,0.8, Competitive — Monitor
84467,ENGLISH ROSE DESIGN QUILTED THROW,22.614666666666665,0.0,84.26,803,17397.76,90,20.87,22.46,25.94,23.09,-2.1, Competitive — Monitor
47590B,PINK HAPPY BIRTHDAY BUNTING,5.657539682539682,0.0,11.02,3378,17346.56,493,5.17,5.86,6.07,5.7,-0.7, Competitive — Monitor
22355,"CHARLOTTE BAG , SUKI DESIGN",1.0948804347826087,0.0,2.51,14521,17324.69,911,1.03,1.11,1.3,1.15,-4.8, Competitive — Monitor
21175,GIN + TONIC DIET METAL SIGN,2.373019911504425,0.0,4.3,7975,17307.11,886,2.13,2.44,2.63,2.4,-1.1, Competitive — Monitor
84836,ZINC METAL HEART DECORATION,1.3837486800422387,0.4,2.57,14240,17295.1,909,1.19,1.45,1.6,1.41,-1.9, Competitive — Monitor
48184,DOOR MAT ENGLISH ROSE ,7.816301075268817,0.0,14.43,2745,17241.28,462,7.2,8.27,8.23,7.9,-1.1, Competitive — Monitor
22384,LUNCHBAG PINK RETROSPOT,1.8517200365965232,0.0,5.06,10392,16872.82,1054,1.71,1.8,2.0,1.84,0.6, Competitive — Monitor
21166,COOK WITH WINE METAL SIGN ,2.1684656084656084,0.0,4.3,9723,16794.44,742,1.96,2.18,2.44,2.19,-1.0, Competitive — Monitor
21231,SWEETHEART CERAMIC TRINKET BOX,1.4515846994535517,0.0,2.57,13447,16788.75,1047,1.35,1.53,1.72,1.53,-5.1, Competitive — Monitor
48188,DOOR MAT WELCOME PUPPIES,8.234342723004694,0.0,16.98,2927,16621.97,424,7.41,8.88,9.3,8.53,-3.5, Competitive — Monitor
22734,SET OF 6 RIBBONS VINTAGE CHRISTMAS,2.9137500000000003,0.0,5.95,5934,16439.98,348,2.63,3.1,3.47,3.07,-5.1, Competitive — Monitor
21955,UNION JACK GUNS & ROSES  DOORMAT,8.286684587813621,0.0,16.98,2653,16243.87,547,7.4,8.12,9.3,8.27,0.2, Competitive — Monitor
22382,LUNCHBAG SPACEBOY DESIGN ,1.7655429650613785,0.0,5.06,9901,16199.13,1033,1.51,1.68,1.98,1.72,2.6, Competitive — Monitor
21977,PACK OF 60 PINK PAISLEY CAKE CASES,0.68811872909699,0.4,2.13,31822,16184.210000000001,1160,0.59,0.69,0.73,0.67,2.7, Competitive — Monitor
71459,HANGING JAM JAR T-LIGHT HOLDER,1.2270920840064619,0.0,6.91,19489,16182.22,608,1.05,1.27,1.44,1.25,-1.8, Competitive — Monitor
85152,HAND OVER THE CHOCOLATE   SIGN ,2.268491017964072,0.0,4.3,8031,16025.140000000001,820,2.07,2.27,2.47,2.27,-0.1, Competitive — Monitor
22866,HAND WARMER SCOTTY DOG DESIGN,2.3016220238095237,1.85,4.95,7116,15965.520000000002,615,2.03,2.3,2.73,2.35,-2.1, Competitive — Monitor
20712,JUMBO BAG WOODLAND ANIMALS,2.4427118644067796,0.0,5.06,7934,15916.32,580,2.2,2.57,2.9,2.56,-4.6, Competitive — Monitor
85066,CREAM SWEETHEART MINI CHEST,13.705127659574467,0.0,26.04,1289,15906.849999999999,459,12.89,13.4,16.33,14.21,-3.6, Competitive — Monitor
37449,CERAMIC CAKE STAND + HANGING CAKES,11.330820512820512,0.0,21.7,1627,15777.82,387,9.91,11.98,12.78,11.56,-2.0, Competitive — Monitor
84029G,KNITTED UNION FLAG HOT WATER BOTTLE,4.478861538461539,0.0,8.47,3944,15728.75,626,3.99,4.41,5.16,4.52,-0.9, Competitive — Monitor
21258,VICTORIAN SEWING BOX LARGE,16.686232558139533,0.0,26.04,1088,15654.24,424,15.44,16.23,19.47,17.05,-2.1, Competitive — Monitor
84406B,CREAM CUPID HEARTS COAT HANGER,3.4208059210526316,0.0,6.91,5173,15636.88,598,2.99,3.4,3.66,3.35,2.1, Competitive — Monitor
22865,HAND WARMER OWL DESIGN,2.3359513590844063,1.85,5.06,7009,15560.480000000001,640,2.0,2.43,2.66,2.36,-1.0, Competitive — Monitor
22752,SET 7 BABUSHKA NESTING BOXES,9.039292929292928,0.0,16.98,1889,15525.080000000002,384,7.95,8.5,9.54,8.66,4.4, Competitive — Monitor
22867,HAND WARMER BIRD DESIGN,2.341444099378882,1.85,5.06,6983,15401.430000000002,603,2.03,2.23,2.63,2.3,1.8, Competitive — Monitor
85014A,BLACK/BLUE DOTS RUFFLED UMBRELLA,6.214093023255814,3.0,13.0,3499,15357.68,424,5.86,6.66,6.67,6.4,-2.9, Competitive — Monitor
22385,JUMBO BAG SPACEBOY DESIGN,2.17991568296796,1.3,5.06,8248,15157.21,586,2.03,2.07,2.35,2.15,1.4, Competitive — Monitor
20711,JUMBO BAG TOYS ,2.327686703096539,0.0,5.06,7821,15142.28,546,2.13,2.35,2.57,2.35,-0.9, Competitive — Monitor
22585,PACK OF 6 BIRDY GIFT TAGS,1.3241331658291458,0.0,2.95,11753,14955.62,736,1.24,1.34,1.48,1.35,-1.9, Competitive — Monitor
35004C,SET OF 3 COLOURED  FLYING DUCKS,7.738366197183099,1.0,13.0,2836,14895.43,351,7.2,7.73,8.85,7.93,-2.4, Competitive — Monitor
22077,6 RIBBONS RUSTIC CHARM,1.9875344036697247,0.0,4.21,8194,14859.72,848,1.73,2.03,2.11,1.96,1.4, Competitive — Monitor
20750, RED/WHITE DOT MINI CASES,8.133989266547406,6.09,17.35,2015,14823.039999999999,552,7.64,7.78,9.16,8.19,-0.7, Competitive — Monitor
84755,COLOUR GLASS T-LIGHT HOLDER HANGING,0.909913043478261,0.55,5.17,23730,14586.300000000001,666,0.82,0.92,0.98,0.91,-0.0, Competitive — Monitor
82483,WOOD 2 DRAWER CABINET WHITE FINISH,6.054304733727811,4.95,13.0,2619,14509.87,661,5.64,5.93,6.88,6.15,-1.6, Competitive — Monitor
20972,PINK CREAM FELT CRAFT TRINKET BOX ,1.3916071428571428,0.19,2.57,11926,14469.14,823,1.31,1.43,1.59,1.44,-3.4, Competitive — Monitor
22149,FELTCRAFT 6 FLOWER FRIENDS,2.3439285714285716,1.66,5.06,6803,14395.28,884,2.07,2.21,2.66,2.31,1.5, Competitive — Monitor
84970S,HANGING HEART ZINC T-LIGHT HOLDER,1.0629860365198711,0.64,2.17,17839,14374.769999999999,916,0.92,1.08,1.23,1.08,-1.6, Competitive — Monitor
15036,ASSORTED COLOURS SILK FAN,0.9061290322580645,0.0,1.3,20004,14333.36,496,0.79,0.86,1.0,0.88,3.0, Competitive — Monitor
21080,SET/20 RED SPOTTY PAPER NAPKINS ,0.9736559139784945,0.64,2.51,17977,14293.39,1187,0.87,0.94,1.13,0.98,-0.6, Competitive — Monitor
22294,HEART FILIGREE DOVE  SMALL,1.45776,1.06,2.57,11520,14224.44,589,1.36,1.39,1.63,1.46,-0.2, Competitive — Monitor
22061,LARGE CAKE STAND  HANGING STRAWBERY,11.340323325635103,7.26,21.7,1507,14152.66,428,10.62,10.76,12.73,11.37,-0.3, Competitive — Monitor
21479,WHITE SKULL HOT WATER BOTTLE ,4.342280373831776,0.0,8.47,2854,13982.23,515,3.69,4.57,4.98,4.41,-1.5, Competitive — Monitor
47566B,TEA TIME PARTY BUNTING,4.9798823529411775,0.0,8.65,2625,13900.23,415,4.49,4.81,5.24,4.85,2.7, Competitive — Monitor
21930,JUMBO STORAGE BAG SKULLS,2.2242290076335878,1.3,5.06,7204,13887.16,645,1.98,2.38,2.55,2.3,-3.3, Competitive — Monitor
85232B,SET/3 RUSSIAN DOLL STACKING TINS,5.708362676056338,0.0,10.39,2574,13860.230000000001,561,4.98,6.14,6.52,5.88,-2.9, Competitive — Monitor
20971,PINK BLUE FELT CRAFT TRINKET BOX,1.400014684287812,1.06,2.95,10378,13855.050000000001,664,1.21,1.42,1.54,1.39,0.7, Competitive — Monitor
48129,DOOR MAT TOPIARY,7.879801699716714,0.0,14.43,2249,13780.300000000001,346,6.96,7.43,8.38,7.59,3.8, Competitive — Monitor
20724,RED SPOTTY CHARLOTTE BAG,1.054626168224299,0.0,2.51,14628,13736.32,1054,1.0,1.03,1.12,1.05,0.4, Competitive — Monitor
21481,FAWN BLUE HOT WATER BOTTLE,3.473082942097027,2.55,6.77,4530,13696.310000000001,624,3.06,3.64,4.13,3.61,-3.8, Competitive — Monitor
20748,KENSINGTON COFFEE SET,12.072792207792208,0.0,26.04,1427,13566.810000000001,154,10.89,11.82,13.92,12.21,-1.1, Competitive — Monitor
21210,SET OF 72 RETRO SPOT PAPER  DOILIES,1.7592567567567565,1.25,3.83,9407,13541.769999999999,734,1.62,1.64,1.88,1.71,2.9, Competitive — Monitor
21314,SMALL GLASS HEART TRINKET POT,2.6837842465753425,0.0,6.95,7460,13432.42,575,2.38,2.71,2.96,2.68,0.1, Competitive — Monitor
22087,PAPER BUNTING WHITE LACE,3.4784574468085108,0.0,6.95,4304,13428.34,540,3.29,3.67,3.96,3.64,-4.4, Competitive — Monitor
22632,HAND WARMER RED POLKA DOT,2.1963209393346377,1.85,4.21,6709,13374.990000000002,478,2.08,2.3,2.58,2.32,-5.3, Competitive — Monitor
82600,NO SINGING METAL SIGN,2.3011671469740635,1.69,4.3,6889,13367.080000000002,684,2.01,2.18,2.43,2.21,4.1, Competitive — Monitor
35400,WOODEN BOX ADVENT CALENDAR ,10.237231759656654,0.0,17.35,1200,13310.1,457,9.21,10.52,11.11,10.28,-0.4, Competitive — Monitor
48173C,DOOR MAT BLACK FLOCK ,7.662317073170732,0.0,14.43,2305,13295.16,325,6.74,7.32,9.07,7.71,-0.6, Competitive — Monitor
21213,PACK OF 72 SKULL CAKE CASES,0.696987399770905,0.38,2.13,25516,13293.86,841,0.61,0.67,0.73,0.67,4.0, Competitive — Monitor
47590A,BLUE HAPPY BIRTHDAY BUNTING,5.684349206349207,3.2,11.26,2673,13283.580000000002,313,4.85,6.02,6.14,5.67,0.3, Competitive — Monitor
22837,HOT WATER BOTTLE BABUSHKA ,5.141538461538461,4.25,9.32,2841,13112.140000000001,340,4.68,4.94,6.14,5.25,-2.1, Competitive — Monitor
22444,GROW YOUR OWN PLANT IN A CAN ,1.5444680851063828,0.0,2.95,9499,13022.03,421,1.39,1.49,1.76,1.55,-0.4, Competitive — Monitor
22629,SPACEBOY LUNCH BOX ,2.1458095238095236,1.65,4.95,6946,12976.58,510,1.83,1.97,2.34,2.05,4.7, Competitive — Monitor
22556,PLASTERS IN TIN CIRCUS PARADE ,1.7637106017191977,1.45,4.21,7626,12536.569999999998,662,1.55,1.87,1.87,1.76,0.2, Competitive — Monitor
22381,TOY TIDY PINK RETROSPOT  ,2.508170731707317,1.49,5.06,6005,12530.53,644,2.36,2.63,2.64,2.54,-1.3, Competitive — Monitor
72760B,VINTAGE CREAM 3 BASKET CAKE STAND,10.624022038567492,0.0,21.7,1255,12483.859999999999,353,9.28,10.84,11.55,10.56,0.6, Competitive — Monitor
22551,PLASTERS IN TIN SPACEBOY,1.7585470085470085,1.45,4.21,7439,12482.489999999998,677,1.52,1.83,2.08,1.81,-2.8, Competitive — Monitor
22605,WOODEN CROQUET GARDEN SET,13.606805555555555,0.0,25.49,1059,12394.26,359,12.23,12.85,15.14,13.41,1.5, Competitive — Monitor
22507,MEMO BOARD RETROSPOT  DESIGN,5.6321888412017165,3.86,11.02,2717,12349.06,464,5.34,5.59,6.52,5.82,-3.2, Competitive — Monitor
21791,VINTAGE HEADS AND TAILS CARD GAME ,1.4724935732647815,0.0,2.95,9659,12346.33,753,1.29,1.44,1.75,1.49,-1.2, Competitive — Monitor
22297,HEART IVORY TRELLIS SMALL,1.5856811145510834,1.06,2.57,9535,12251.69,622,1.45,1.48,1.76,1.56,1.6, Competitive — Monitor
22630,DOLLY GIRL LUNCH BOX,2.248022181146026,0.0,4.95,6571,12222.31,528,2.08,2.24,2.42,2.25,-0.1, Competitive — Monitor
22456,NATURAL SLATE CHALKBOARD LARGE ,5.812518891687658,0.0,11.95,2827,12154.81,395,5.08,6.2,6.55,5.94,-2.1, Competitive — Monitor
22492,MINI PAINT SET VINTAGE ,0.7526541554959786,0.55,1.66,18947,12053.12,371,0.69,0.7,0.89,0.76,-1.0, Competitive — Monitor
84978,HANGING HEART JAR T-LIGHT HOLDER,1.5255925432756325,0.0,2.95,8805,12046.16,729,1.35,1.47,1.79,1.54,-0.9, Competitive — Monitor
15044A,PINK PAPER PARASOL ,3.540671140939598,2.55,6.04,4504,11766.730000000001,149,3.23,3.37,3.75,3.45,2.6, Competitive — Monitor
21908,CHOCOLATE THIS WAY METAL SIGN,2.4040515653775323,1.49,4.3,6086,11765.090000000002,528,2.2,2.3,2.77,2.42,-0.7, Competitive — Monitor
48116,DOOR MAT MULTICOLOUR STRIPE,8.158980263157895,0.0,14.43,1955,11714.53,303,7.37,8.69,9.27,8.44,-3.3, Competitive — Monitor
79323W, WHITE CHERRY LIGHTS,6.821743697478992,0.0,13.87,1788,11681.62,473,5.86,6.79,8.09,6.91,-1.3, Competitive — Monitor
21164,HOME SWEET HOME METAL SIGN ,3.272934782608696,2.0,6.04,4274,11656.320000000002,456,3.06,3.26,3.5,3.27,0.1, Competitive — Monitor
22624,IVORY KITCHEN SCALES,9.140663082437275,0.0,16.98,1357,11622.960000000001,547,8.06,9.52,10.33,9.3,-1.7, Competitive — Monitor
47591D,PINK FAIRY CAKE CHILD'S APRON,2.0989566395663957,1.19,4.3,6299,11619.119999999999,725,1.82,1.98,2.48,2.09,0.4, Competitive — Monitor
84949,SILVER HANGING T-LIGHT HOLDER,1.795872340425532,1.45,3.43,7223,11523.119999999999,455,1.53,1.79,2.0,1.77,1.5, Competitive — Monitor
20719,WOODLAND CHARLOTTE BAG,1.0863473818646232,0.0,2.51,11615,11508.15,773,0.99,1.07,1.22,1.09,-0.3, Competitive — Monitor
85042,ANTIQUE LILY FAIRY LIGHTS,4.864083333333333,0.0,11.26,2365,11496.960000000001,354,4.46,4.94,5.16,4.85,0.3, Competitive — Monitor
21790,VINTAGE SNAP CARDS,0.9998850574712642,0.72,1.95,13296,11489.22,1010,0.85,1.08,1.09,1.01,-1.0, Competitive — Monitor
22198,"POPCORN HOLDER , LARGE",2.0120763358778624,1.45,3.95,6609,11452.17,645,1.81,2.1,2.21,2.04,-1.4, Competitive — Monitor
22366,DOORMAT AIRMAIL ,8.503397260273973,0.0,14.43,1770,11394.84,363,7.42,8.36,10.13,8.64,-1.6, Competitive — Monitor
82583,HOT BATHS METAL SIGN,2.565626016260163,0.0,4.3,5123,11379.12,599,2.35,2.7,2.8,2.62,-2.1, Competitive — Monitor
21156,RED SPOTTY CHILDS APRON,2.1576058631921824,1.2,4.3,6194,11343.61,603,1.87,2.04,2.41,2.11,2.3, Competitive — Monitor
84077,WORLD WAR 2 GLIDERS ASSTD DESIGNS,0.24278210116731516,0.0,0.43,54698,11310.289999999999,509,0.22,0.22,0.28,0.24,1.2, Competitive — Monitor
85150,LADIES & GENTLEMEN METAL SIGN,2.9395007342143904,0.0,5.17,4069,11227.05,672,2.61,2.8,3.16,2.86,2.8, Competitive — Monitor
22501,mailout,12.249862637362638,0.0,21.23,1132,11192.48,360,11.56,11.94,13.76,12.42,-1.4, Competitive — Monitor
22505,MEMO BOARD COTTAGE DESIGN,5.366802575107296,3.86,12.95,2351,11184.16,458,4.64,5.38,6.23,5.42,-1.0, Competitive — Monitor
22296,HEART IVORY TRELLIS LARGE,1.7763101604278075,0.0,3.95,6791,11171.189999999999,536,1.57,1.81,2.1,1.83,-2.9, Competitive — Monitor
71053,WHITE METAL LANTERN,4.238344370860927,3.39,8.65,3014,11168.04,438,3.65,4.52,4.85,4.34,-2.3, Competitive — Monitor
20718,RED SPOTTY SHOPPER BAG,1.5473780487804878,1.06,3.36,8690,11098.21,653,1.46,1.55,1.78,1.6,-3.3, Competitive — Monitor
84970L,SINGLE HEART ZINC T-LIGHT HOLDER,1.20103186646434,0.0,2.17,11516,10996.42,646,1.13,1.2,1.28,1.2,0.1, Competitive — Monitor
21936,RED/WHITE SPOT PICNIC BAG,3.549836065573771,2.55,6.04,3759,10941.85,537,3.11,3.29,4.23,3.54,0.3, Competitive — Monitor
84992,72 SWEETHEART FAIRY CAKE CASES,0.6862147505422994,0.4,2.13,21798,10916.64,874,0.63,0.64,0.73,0.67,2.4, Competitive — Monitor
21559,STRAWBERRY LUNCHBOX WITH CUTLERY,2.9743342776203963,0.0,5.17,4386,10884.789999999999,683,2.77,3.0,3.47,3.08,-3.4, Competitive — Monitor
21218,RED SPOTTY BISCUIT TIN,4.784084249084249,3.25,8.65,2839,10862.32,538,4.33,4.74,5.21,4.76,0.5, Competitive — Monitor
21121,SET/10 RED SPOTTY PARTY CANDLES,1.342015065913371,0.0,2.57,9138,10822.98,515,1.21,1.41,1.6,1.41,-4.8, Competitive — Monitor
21535,RETRO SPOT SMALL MILK JUG,2.877957244655582,0.0,5.17,4071,10757.09,805,2.52,2.72,3.33,2.86,0.6, Competitive — Monitor
84050,PINK HEART SHAPE EGG FRYING PAN,2.144,1.25,4.3,7242,10596.289999999999,492,1.84,1.98,2.49,2.1,2.1, Competitive — Monitor
22835,HOT WATER BOTTLE I AM SO POORLY,5.2451084337349405,4.25,11.02,2078,10539.77,406,4.93,5.2,5.68,5.27,-0.5, Competitive — Monitor
21484,CHICK GREY HOT WATER BOTTLE,4.056686046511628,2.95,8.47,2919,10525.880000000001,506,3.81,3.89,4.53,4.08,-0.6, Competitive — Monitor
85048,15CM CHRISTMAS GLASS BALL 20 LIGHTS,8.999310344827586,6.95,17.35,1339,10492.140000000001,310,8.22,8.35,10.28,8.95,0.6, Competitive — Monitor
22607,WOODEN ROUNDERS GARDEN SET ,9.279270072992702,0.0,16.98,1162,10471.28,403,8.2,9.61,10.81,9.54,-2.7, Competitive — Monitor
21174,POTTERING IN THE SHED METAL SIGN,2.375181102362205,1.4,4.3,5630,10442.699999999999,623,2.1,2.23,2.53,2.29,3.7, Competitive — Monitor
21035,SET/2 RED SPOTTY TEA TOWELS ,3.6789842381786344,2.55,6.04,3481,10417.87,561,3.39,3.74,4.39,3.84,-4.2, Competitive — Monitor
22113,GREY HEART HOT WATER BOTTLE,3.9387376725838266,0.0,8.47,2727,10349.94,486,3.7,3.8,4.66,4.05,-2.7, Competitive — Monitor
22659,LUNCHBOX I LOVE LONDON,2.34783908045977,1.65,4.95,5327,10348.77,421,2.2,2.23,2.56,2.33,0.8, Competitive — Monitor
21844,RETRO SPOT MUG,3.304821917808219,2.55,6.04,3567,10303.43,362,3.07,3.24,3.88,3.4,-2.8, Competitive — Monitor
22569,FELTCRAFT CUSHION BUTTERFLY,4.161761133603239,1.47,8.95,2815,10279.380000000001,480,3.8,4.36,4.69,4.28,-2.8, Competitive — Monitor
22952,72 CAKE CASES VINTAGE CHRISTMAS,0.6697381342062194,0.0,2.13,17467,10186.91,580,0.57,0.66,0.75,0.66,1.5, Competitive — Monitor
22084,PAPER CHAIN KIT EMPIRE,3.312962025316456,2.0,6.77,3620,10178.91,391,2.87,3.45,3.63,3.32,-0.2, Competitive — Monitor
20749,ASSORTED COLOUR MINI CASES,8.093509615384615,6.09,17.35,1381,10154.19,410,7.61,7.61,9.2,8.14,-0.6, Competitive — Monitor
22171,3 HOOK PHOTO SHELF ANTIQUE WHITE,9.437738853503184,0.0,17.35,1423,10151.1,312,8.59,9.85,10.94,9.79,-3.6, Competitive — Monitor
22352,LUNCHBOX WITH CUTLERY RETROSPOT ,2.9880351906158356,0.0,5.17,4051,10117.65,668,2.54,2.86,3.32,2.91,2.7, Competitive — Monitor
21533,RETRO SPOT LARGE MILK JUG,5.45561403508772,0.0,11.95,2023,10049.400000000001,651,4.69,5.61,6.24,5.51,-1.0, Competitive — Monitor
22502,mailout,5.769625984251969,0.0,8.47,2084,10032.880000000001,499,5.29,5.83,6.66,5.93,-2.7, Competitive — Monitor
22606,WOODEN SKITTLES GARDEN SET,16.229277108433735,10.66,34.0,739,10026.73,243,13.8,17.34,18.77,16.64,-2.5, Competitive — Monitor
22557,PLASTERS IN TIN VINTAGE PAISLEY ,1.7631753554502367,1.45,4.21,5846,9969.72,601,1.53,1.73,1.87,1.71,3.1, Competitive — Monitor
22467,GUMBALL COAT RACK,2.734586614173228,0.0,5.06,2443,9920.58,484,2.47,2.54,3.22,2.74,-0.2, Competitive — Monitor
22236,CAKE STAND 3 TIER MAGIC GARDEN,13.353856382978725,0.0,26.04,709,9885.519999999999,375,12.27,12.33,14.94,13.18,1.3, Competitive — Monitor
22699,ROSES REGENCY TEACUP AND SAUCER ,3.519277108433735,2.4,6.95,3401,9874.07,405,3.22,3.7,3.83,3.58,-1.7, Competitive — Monitor
84945,MULTI COLOUR SILVER T-LIGHT HOLDER,1.1871388101983003,0.0,11.36,12006,9818.9,348,1.04,1.19,1.29,1.17,1.5, Competitive — Monitor
22625,RED KITCHEN SCALES,9.720022172949003,0.0,16.98,1106,9802.18,445,8.95,10.15,10.91,10.0,-2.8, Competitive — Monitor
79323P,PINK CHERRY LIGHTS,7.029342857142857,0.0,13.87,1374,9793.58,349,6.14,6.73,8.32,7.06,-0.4, Competitive — Monitor
22554,PLASTERS IN TIN WOODLAND ANIMALS,1.817362637362637,0.0,4.21,5845,9789.289999999999,608,1.6,1.77,2.01,1.79,1.5, Competitive — Monitor
22561,WOODEN SCHOOL COLOURING SET,1.7078740157480312,0.0,4.21,5745,9775.769999999999,495,1.58,1.58,1.99,1.72,-0.7, Competitive — Monitor
22147,FELTCRAFT BUTTERFLY HEARTS,1.6153866666666665,1.18,4.21,6918,9759.46,695,1.48,1.73,1.72,1.64,-1.5, Competitive — Monitor
22365,DOORMAT RESPECTABLE HOUSE,8.256129032258064,0.0,14.43,1567,9749.9,278,7.72,8.48,9.26,8.49,-2.8, Competitive — Monitor
84997A,GREEN 3 PIECE MINI DOTS CUTLERY SET,3.866145251396648,0.0,7.78,2390,9721.94,351,3.54,4.13,4.63,4.1,-5.7, Competitive — Monitor
22570,FELTCRAFT CUSHION RABBIT,4.311257995735608,3.39,8.95,2527,9720.34,465,3.91,4.15,5.03,4.36,-1.1, Competitive — Monitor
21488,RED WHITE SCARF  HOT WATER BOTTLE,4.504565217391304,0.0,8.65,2337,9719.810000000001,358,3.87,4.58,4.87,4.44,1.5, Competitive — Monitor
22295,HEART FILIGREE DOVE LARGE,1.7786497064579256,0.0,3.95,5873,9703.779999999999,478,1.58,1.83,2.0,1.8,-1.2, Competitive — Monitor
22356,"CHARLOTTE BAG , PINK/WHITE SPOTS",1.0697048808172531,0.0,2.51,10206,9602.94,874,0.94,1.04,1.16,1.05,1.9, Competitive — Monitor
21136,PAINTED METAL PEARS ASSORTED,2.171611253196931,1.45,26.04,5727,9594.41,385,1.9,2.29,2.41,2.2,-1.3, Competitive — Monitor
22633,HAND WARMER UNION JACK,2.2099808429118775,1.85,4.21,4659,9522.61,472,2.09,2.37,2.58,2.35,-6.0, Competitive — Monitor
22617,BAKING SET SPACEBOY DESIGN,5.106455696202532,3.62,12.95,1965,9407.49,546,4.54,5.42,5.95,5.3,-3.7, Competitive — Monitor
22555,PLASTERS IN TIN STRONGMAN,1.7618421052631577,1.45,4.21,5863,9383.339999999998,480,1.65,1.83,1.91,1.8,-2.1, Competitive — Monitor
22635,CHILDS BREAKFAST SET DOLLY GIRL ,10.247009063444109,8.5,24.95,971,9325.109999999999,327,9.36,9.88,12.18,10.47,-2.1, Competitive — Monitor
21624,VINTAGE UNION JACK DOORSTOP,6.5825078369905965,4.95,12.13,1547,9281.99,316,6.12,6.35,7.5,6.66,-1.2, Competitive — Monitor
21975,PACK OF 60 DINOSAUR CAKE CASES,0.6336510067114095,0.4,1.3,19187,9237.64,716,0.57,0.68,0.7,0.65,-2.5, Competitive — Monitor
20747,PICCADILLY TEA SET,14.879322033898305,0.0,30.39,845,9184.47,117,13.51,13.71,16.74,14.65,1.6, Competitive — Monitor
21877,HOME SWEET HOME MUG,1.449107551487414,0.0,3.95,8545,9141.19,430,1.3,1.5,1.65,1.48,-2.1, Competitive — Monitor
22499,WOODEN UNION JACK BUNTING,6.40622691292876,0.0,13.57,1409,9100.54,376,5.57,6.62,7.26,6.48,-1.1, Competitive — Monitor
22169,FAMILY ALBUM WHITE PICTURE FRAME,9.316857923497269,0.0,17.35,1050,9093.74,364,8.59,9.5,10.46,9.52,-2.1, Competitive — Monitor
21216,"SET 3 RED SPOT TIN TEA,COFFEE,SUGAR",6.301534653465347,0.0,11.26,1802,9087.77,397,5.53,6.8,7.09,6.47,-2.6, Competitive — Monitor
21777,RECIPE BOX WITH METAL HEART,8.984909090909092,0.0,17.35,1084,9027.81,379,7.66,8.71,9.67,8.68,3.5, Competitive — Monitor
21122,SET/10 PINK SPOTTY PARTY CANDLES,1.3152525252525251,1.06,2.57,7386,8929.02,475,1.2,1.28,1.54,1.34,-1.8, Competitive — Monitor
84947,ANTIQUE SILVER TEA GLASS ENGRAVED,1.4078306878306877,0.0,2.57,7511,8918.27,353,1.22,1.31,1.59,1.37,2.8, Competitive — Monitor
21098,CHRISTMAS TOILET ROLL,1.5761390887290168,0.0,3.36,4959,8914.72,391,1.49,1.56,1.69,1.58,-0.2, Competitive — Monitor
17003,BROCADE RING PURSE ,0.239327731092437,0.0,0.43,47647,8879.82,234,0.23,0.23,0.28,0.25,-4.3, Competitive — Monitor
21539,RETRO SPOTS BUTTER DISH,5.79682745825603,0.0,10.39,1768,8869.48,521,5.46,5.65,6.9,6.0,-3.4, Competitive — Monitor
21704,BAG 250g SWIRLY MARBLES,0.967456647398844,0.72,1.7,11463,8800.109999999999,337,0.86,1.02,1.15,1.01,-4.2, Competitive — Monitor
84839,SWEETHEART KEY CABINET,7.154521531100479,0.0,13.0,1486,8775.25,404,6.09,7.65,7.91,7.22,-0.9, Competitive — Monitor
21390,FILIGRIS HEART WITH BUTTERFLY,1.449139240506329,1.06,2.95,7047,8721.09,381,1.37,1.38,1.55,1.43,1.3, Competitive — Monitor
22424,ENAMEL BREAD BIN CREAM,14.459774919614148,0.0,25.49,668,8694.28,309,12.91,14.16,16.31,14.46,-0.0, Competitive — Monitor
22636,CHILDS BREAKFAST SET CIRCUS PARADE,8.7036,6.68,20.15,1049,8641.67,315,8.24,9.3,9.29,8.94,-2.6, Competitive — Monitor
22941,CHRISTMAS LIGHTS 10 REINDEER,9.400645161290322,7.65,19.95,1013,8634.35,215,8.9,8.74,11.19,9.61,-2.2, Competitive — Monitor
21889,WOODEN BOX OF DOMINOES,1.5352253756260434,1.06,3.36,6700,8612.78,584,1.44,1.44,1.65,1.51,1.7, Competitive — Monitor
22413,METAL SIGN TAKE IT OR LEAVE IT ,3.27052,0.0,5.91,3120,8578.0,489,2.88,3.09,3.56,3.18,2.8, Competitive — Monitor
22634,CHILDS BREAKFAST SET SPACEBOY ,10.013738601823707,8.5,24.95,905,8577.55,323,8.9,10.17,11.13,10.07,-0.6, Competitive — Monitor
22652,TRAVEL SEWING KIT,1.8269377990430622,0.0,4.21,5027,8577.31,397,1.71,1.72,2.02,1.82,0.4, Competitive — Monitor
22697,GREEN REGENCY TEACUP AND SAUCER,3.6154679802955667,0.0,6.95,2764,8571.27,398,3.19,3.89,4.23,3.77,-4.1, Competitive — Monitor
21906,PHARMACIE FIRST AID TIN,7.672783882783883,5.95,13.57,1215,8557.99,268,6.65,7.61,8.58,7.61,0.8, Competitive — Monitor
22367,CHILDS APRON SPACEBOY DESIGN,2.1114641744548286,0.0,5.06,4401,8542.58,633,1.91,2.11,2.27,2.1,0.5, Competitive — Monitor
22560,TRADITIONAL MODELLING CLAY,1.3262626262626265,1.06,2.95,6884,8520.59,378,1.25,1.27,1.45,1.32,0.5, Competitive — Monitor
21186,WHITE DOVE HONEYCOMB PAPER GARLAND,2.009764397905759,0.0,3.43,5290,8519.199999999999,371,1.85,2.0,2.26,2.04,-1.5, Competitive — Monitor
22130,PARTY CONE CHRISTMAS DECORATION ,1.8529329608938547,0.0,8.65,6713,8489.539999999999,344,1.68,1.9,1.99,1.86,-0.4, Competitive — Monitor
22170,PICTURE FRAME WOOD TRIPLE PORTRAIT,7.106069364161849,0.0,13.87,1247,8467.81,342,6.11,7.39,8.11,7.2,-1.3, Competitive — Monitor
22568,FELTCRAFT CUSHION OWL,4.159090909090909,3.39,7.62,2258,8431.86,448,3.79,4.33,4.72,4.28,-2.8, Competitive — Monitor
47567B,TEA TIME KITCHEN APRON,6.096443514644351,0.0,12.72,1537,8400.49,231,5.79,6.17,7.05,6.34,-3.8, Competitive — Monitor
22271,FELTCRAFT DOLL ROSIE,3.2068560606060608,0.0,6.04,2932,8380.550000000001,507,2.77,3.41,3.82,3.33,-3.7, Competitive — Monitor
21165,BEWARE OF THE CAT METAL SIGN ,2.112821428571429,0.0,4.3,5100,8358.41,545,1.91,2.22,2.51,2.21,-4.4, Competitive — Monitor
21429,RED GINGHAM ROSE JEWELLERY BOX,2.0166537467700256,0.0,3.43,4751,8340.83,752,1.89,2.1,2.4,2.13,-5.3, Competitive — Monitor
21094,SET/6 RED SPOTTY PAPER PLATES,0.9839166666666667,0.64,2.51,10641,8295.47,478,0.91,0.91,1.07,0.96,2.5, Competitive — Monitor
22946,WOODEN ADVENT CALENDAR CREAM,19.07516129032258,12.75,34.0,529,8285.5,154,17.54,17.57,20.41,18.51,3.1, Competitive — Monitor
21982,PACK OF 12 SUKI TISSUES ,0.4287185929648241,0.0,1.0,24584,8274.77,387,0.39,0.41,0.47,0.42,2.1, Competitive — Monitor
22273,FELTCRAFT DOLL MOLLY,3.323571428571429,0.0,6.04,2843,8270.43,499,2.94,3.41,3.94,3.43,-3.1, Competitive — Monitor
84880,WHITE WIRE EGG HOLDER,6.45423076923077,4.95,12.13,1489,8256.57,308,5.68,6.36,7.72,6.59,-2.1, Competitive — Monitor
22487,WHITE WOOD GARDEN PLANT LADDER,10.525396825396824,0.0,20.38,802,8237.32,500,9.8,10.36,12.41,10.86,-3.1, Competitive — Monitor
22654,DELUXE SEWING KIT ,6.958190476190476,4.95,13.95,1256,8154.67,307,6.48,7.39,7.42,7.1,-2.0, Competitive — Monitor
22940,FELTCRAFT CHRISTMAS FAIRY,4.541823899371069,3.75,9.95,1731,8089.29,307,4.25,4.83,5.41,4.83,-6.0, Competitive — Monitor
22064,PINK DOUGHNUT TRINKET POT ,2.1161023622047246,1.45,3.43,4875,8070.259999999999,489,1.99,2.25,2.36,2.2,-3.8, Competitive — Monitor
21260,FIRST AID TIN,3.8738790931989926,2.75,6.91,2412,8041.45,386,3.49,3.76,4.07,3.77,2.8, Competitive — Monitor
20723,STRAWBERRY CHARLOTTE BAG,1.067703281027104,0.64,2.51,8575,8030.15,689,0.96,1.1,1.19,1.08,-1.1, Competitive — Monitor
85067,CREAM SWEETHEART WALL CABINET,20.10074074074074,0.0,39.09,480,8018.49,186,18.69,19.37,21.24,19.77,1.7, Competitive — Monitor
22666,RECIPE BOX PANTRY YELLOW DESIGN,3.400047619047619,0.0,6.95,2590,8013.950000000001,610,3.11,3.23,3.85,3.4,0.0, Competitive — Monitor
22041,"RECORD FRAME 7"" SINGLE SIZE ",3.3033333333333332,2.1,5.17,3483,8006.700000000001,212,3.04,3.14,3.64,3.27,1.0, Competitive — Monitor
21868,POTTING SHED TEA MUG,1.5527619047619048,0.8,3.43,6654,7995.49,618,1.44,1.51,1.74,1.56,-0.5, Competitive — Monitor
48189,DOOR MAT FRIENDSHIP ,8.46467680608365,0.0,16.98,1289,7975.400000000001,262,7.95,8.37,9.67,8.66,-2.3, Competitive — Monitor
22082,RIBBON REEL STRIPES DESIGN ,1.835405844155844,0.0,4.21,4784,7948.49,581,1.62,1.93,2.17,1.91,-3.9, Competitive — Monitor
20828,GLITTER BUTTERFLY CLIPS,2.7892481203007513,2.1,5.17,3321,7939.53,383,2.48,2.62,3.21,2.77,0.7, Competitive — Monitor
47570B,TEA TIME TABLE CLOTH,11.829452736318409,8.45,21.7,792,7937.64,197,10.17,12.27,13.19,11.88,-0.4, Competitive — Monitor
22173,METAL 4 HOOK HANGER FRENCH CHATEAU,3.6130811808118084,0.0,6.04,2630,7890.05,535,3.28,3.63,4.24,3.72,-2.9, Competitive — Monitor
22468,BABUSHKA LIGHTS STRING OF 10,7.628586572438162,4.95,13.57,1206,7887.360000000001,282,6.51,7.37,9.05,7.64,-0.1, Competitive — Monitor
22275,WEEKEND BAG VINTAGE ROSE PAISLEY,8.823231707317072,0.0,17.35,912,7866.83,319,7.91,8.81,9.42,8.71,1.3, Competitive — Monitor
22207,FRYING PAN UNION FLAG,5.16848275862069,3.75,8.65,1843,7844.07,289,4.67,5.0,5.84,5.17,-0.0, Competitive — Monitor
21340,CLASSIC METAL BIRDCAGE PLANT HOLDER,12.045714285714286,0.0,26.04,764,7831.29,151,10.58,12.23,13.16,11.99,0.5, Competitive — Monitor
21108,FAIRY CAKE FLANNEL ASSORTED COLOUR,3.5205835543766577,2.1,5.17,2843,7795.12,371,3.2,3.48,3.72,3.47,1.5, Competitive — Monitor
22353,LUNCHBOX WITH CUTLERY FAIRY CAKES ,3.156872427983539,0.0,5.95,2965,7726.639999999999,476,2.69,2.99,3.63,3.1,1.8, Competitive — Monitor
21914,BLUE HARMONICA IN BOX ,1.4712128712871286,0.0,6.04,5267,7719.54,398,1.26,1.38,1.74,1.46,0.8, Competitive — Monitor
21672,WHITE SPOT RED CERAMIC DRAWER KNOB,1.4967612293144208,0.0,3.36,6105,7710.16,415,1.4,1.51,1.61,1.51,-0.9, Competitive — Monitor
37370,RETRO COFFEE MUGS ASSORTED,5.426397058823529,1.06,16.48,4895,7690.43,389,4.81,5.78,6.36,5.65,-4.0, Competitive — Monitor
22179,SET 10 LIGHTS NIGHT OWL,7.931661129568106,5.95,13.87,1120,7681.900000000001,300,6.84,7.73,9.34,7.97,-0.5, Competitive — Monitor
22150, 3 STRIPEY MICE FELTCRAFT,2.1362759924385633,1.33,5.06,4186,7672.66,504,1.93,2.22,2.54,2.23,-4.2, Competitive — Monitor
21769,VINTAGE POST OFFICE CABINET,77.80538461538461,52.77,79.95,119,7635.07,52,72.13,79.78,84.79,78.9,-1.4, Competitive — Monitor
21912,VINTAGE SNAKES & LADDERS,4.456753246753247,0.0,7.78,1935,7620.79,455,3.88,4.76,5.28,4.64,-3.9, Competitive — Monitor
22909,SET OF 20 VINTAGE CHRISTMAS NAPKINS,0.9545648312611011,0.0,1.95,8508,7589.969999999999,538,0.87,1.0,1.05,0.97,-1.6, Competitive — Monitor
22528,GARDENERS KNEELING PAD,1.4717975567190227,0.0,3.36,5816,7574.66,565,1.26,1.49,1.67,1.47,0.1, Competitive — Monitor
22464,HANGING METAL HEART LANTERN,1.8728512396694212,0.0,3.95,4463,7565.799999999999,461,1.6,1.92,1.98,1.83,2.3, Competitive — Monitor
22812,PACK 3 BOXES CHRISTMAS PANNETONE,2.4011692307692307,1.65,5.06,3305,7520.33,313,2.17,2.55,2.54,2.42,-0.8, Competitive — Monitor
22485,SET OF 2 WOODEN MARKET CRATES,14.46296803652968,10.95,25.49,576,7500.24,218,13.08,14.23,16.75,14.69,-1.5, Competitive — Monitor
21673,WHITE SPOT BLUE CERAMIC DRAWER KNOB,1.5829425837320574,1.06,3.36,5881,7496.31,411,1.45,1.54,1.77,1.59,-0.4, Competitive — Monitor
21257,VICTORIAN SEWING BOX MEDIUM,9.827491749174918,6.6,16.48,892,7479.46,299,9.07,9.06,10.7,9.61,2.3, Competitive — Monitor
22649,STRAWBERRY FAIRY CAKE TEAPOT,5.541402985074627,0.0,11.02,1513,7466.9400000000005,320,5.25,5.83,5.98,5.69,-2.6, Competitive — Monitor
22380,TOY TIDY SPACEBOY  ,2.31349765258216,0.0,5.06,3675,7461.06,417,2.09,2.42,2.66,2.39,-3.2, Competitive — Monitor
20754,RETRO RED SPOTTY WASHING UP GLOVES,2.4843275862068968,1.6,4.3,3669,7453.59,576,2.19,2.33,2.61,2.38,4.4, Competitive — Monitor
22646,CERAMIC STRAWBERRY CAKE MONEY BANK,1.7274645390070922,0.0,4.21,5066,7423.54,542,1.61,1.75,2.02,1.79,-3.5, Competitive — Monitor
21737,SET 3 WICKER LOG BASKETS,19.75005988023952,0.0,42.51,397,7402.5599999999995,165,17.32,19.64,20.97,19.31,2.3, Competitive — Monitor
22088,PAPER BUNTING COLOURED LACE,3.4705808080808085,2.0,6.77,2497,7399.4400000000005,389,3.1,3.26,3.74,3.37,3.0, Competitive — Monitor
21259,VICTORIAN SEWING BOX SMALL ,6.863975609756098,4.95,13.0,1218,7393.68,403,5.89,7.39,7.6,6.96,-1.4, Competitive — Monitor
21124,SET/10 BLUE SPOTTY PARTY CANDLES,1.299294403892944,1.06,2.57,6078,7386.0,396,1.11,1.24,1.46,1.27,2.3, Competitive — Monitor
21781,MA CAMPAGNE CUTLERY BOX,16.300924657534246,12.75,30.39,478,7355.7699999999995,279,15.42,15.17,17.98,16.19,0.7, Competitive — Monitor
22301,COFFEE MUG CAT + BIRD DESIGN,3.1486498855835237,0.0,5.17,2674,7355.08,429,2.94,3.2,3.46,3.2,-1.6, Competitive — Monitor
84987,SET OF 36 TEATIME PAPER DOILIES,1.6950604838709677,1.25,3.83,5046,7346.679999999999,490,1.56,1.76,2.02,1.78,-4.8, Competitive — Monitor
85064,CREAM SWEETHEART LETTER RACK,6.066185185185185,0.0,11.26,1485,7339.860000000001,268,5.4,5.61,6.95,5.99,1.3, Competitive — Monitor
22121,NOEL WOODEN BLOCK LETTERS ,6.572215743440233,0.0,12.13,1179,7328.9800000000005,329,5.7,6.74,6.92,6.45,1.9, Competitive — Monitor
47556B,TEA TIME TEA TOWELS ,3.185504385964913,0.0,6.04,2365,7246.370000000001,452,2.76,3.2,3.55,3.17,0.5, Competitive — Monitor
85065,CREAM SWEETHEART TRAYS,13.252518248175182,0.0,26.04,591,7210.39,270,11.6,12.41,15.65,13.22,0.2, Competitive — Monitor
22727,ALARM CLOCK BAKELIKE RED ,4.269556135770235,3.39,8.95,1759,7190.24,361,3.86,4.05,4.68,4.2,1.7, Competitive — Monitor
21888,BINGO SET,4.513154639175258,0.0,7.78,1812,7182.05,480,4.16,4.56,4.8,4.51,0.1, Competitive — Monitor
22073,RETRO SPOT STORAGE JAR,4.4435421166306694,0.0,7.78,1811,7176.71,439,4.07,4.3,5.17,4.51,-1.5, Competitive — Monitor
22623,BOX OF VINTAGE JIGSAW BLOCKS ,5.306242424242424,4.25,12.95,1355,7169.320000000001,326,4.66,5.68,6.05,5.46,-2.8, Competitive — Monitor
22759,SET OF 3 NOTEBOOKS IN PARCEL,1.8989448441247003,0.0,3.95,4094,7158.499999999999,401,1.8,2.0,2.16,1.99,-4.6, Competitive — Monitor
22357,KINGS CHOICE BISCUIT TIN,4.959639344262295,0.0,8.47,1597,7153.53,303,4.58,5.34,5.25,5.06,-2.0, Competitive — Monitor
21155,RED SPOTTY PEG BAG,2.525864077669903,0.0,4.3,3471,7139.620000000001,509,2.29,2.43,2.71,2.48,1.8, Competitive — Monitor
22584,PACK OF 6 PANNETONE GIFT BOXES,2.754306220095694,2.1,5.95,2776,7136.58,407,2.51,2.96,3.15,2.87,-4.0, Competitive — Monitor
22109,FULL ENGLISH BREAKFAST PLATE,4.819742268041237,0.0,7.78,1750,7130.91,381,4.3,4.77,5.21,4.76,1.3, Competitive — Monitor
21871,SAVE THE PLANET MUG,1.6403138075313808,0.0,3.95,6053,7122.2,467,1.43,1.6,1.85,1.63,0.6, Competitive — Monitor
20975,12 PENCILS SMALL TUBE RED SPOTTY,0.7425162337662339,0.0,1.3,10730,7098.610000000001,585,0.66,0.69,0.84,0.73,1.7, Competitive — Monitor
15056P,EDWARDIAN PARASOL PINK,6.078483412322274,0.0,13.0,1473,7097.650000000001,209,5.63,5.64,6.64,5.97,1.8, Competitive — Monitor
21937,STRAWBERRY   PICNIC BAG,3.7112268518518516,2.55,6.04,2373,7094.81,422,3.16,3.83,4.42,3.8,-2.3, Competitive — Monitor
22243,"HOOK, 5 HANGER ,MAGIC TOADSTOOL RED",1.8711418685121106,0.0,3.43,4549,7083.919999999999,276,1.61,1.86,2.2,1.89,-1.0, Competitive — Monitor
21169,YOU'RE CONFUSING ME METAL SIGN ,1.9601098901098901,0.0,4.3,4448,7080.71,353,1.68,1.87,2.27,1.94,1.0, Competitive — Monitor
22694,WICKER STAR ,2.292923076923077,1.85,5.06,3162,7077.18,500,1.96,2.33,2.43,2.24,2.4, Competitive — Monitor
22348,TEA BAG PLATE RED SPOTTY ,1.0617214397496086,0.0,1.95,8382,7055.339999999999,628,0.99,1.02,1.13,1.05,1.1, Competitive — Monitor
72351B,SET/6 PINK  BUTTERFLY T-LIGHTS,2.3632934131736527,1.69,4.3,3599,7043.6900000000005,325,2.18,2.39,2.66,2.41,-1.9, Competitive — Monitor
35961,FOLKART ZINC HEART CHRISTMAS DEC,1.1538516746411482,0.72,1.7,8564,7027.469999999999,409,1.04,1.13,1.24,1.14,1.2, Competitive — Monitor
22333,RETRO SPORT PARTY BAG + STICKER SET,1.839221411192214,1.45,3.43,4432,7014.23,405,1.58,1.93,2.2,1.9,-3.2, Competitive — Monitor
84378,SET OF 3 HEART COOKIE CUTTERS,1.5572085385878487,1.06,3.36,5401,7014.17,597,1.4,1.64,1.67,1.57,-0.8, Competitive — Monitor
84375,SET OF 20 KIDS COOKIE CUTTERS,2.4857621951219513,0.0,4.3,3459,7006.57,316,2.23,2.48,2.79,2.5,-0.6, Competitive — Monitor
21974,SET OF 36 PAISLEY FLOWER DOILIES,1.868524945770065,1.25,3.83,4761,6997.7,459,1.62,1.82,2.06,1.83,2.1, Competitive — Monitor
84212,"ASSORTED FLOWER COLOUR ""LEIS""",0.807235294117647,0.42,5.06,14414,6984.37,168,0.72,0.79,0.93,0.81,-0.3, Competitive — Monitor
21890,S/6 WOODEN SKITTLES IN COTTON BAG,3.6369034090909094,0.0,6.04,2392,6951.64,342,3.24,3.81,3.89,3.65,-0.4, Competitive — Monitor
21669,BLUE STRIPE CERAMIC DRAWER KNOB,1.5245985401459854,0.0,3.36,5421,6923.86,395,1.39,1.48,1.7,1.52,0.3, Competitive — Monitor
21768,WALL MOUNTED VINTAGE ORGANISER,17.225771428571427,0.0,30.39,500,6896.34,172,15.74,16.42,18.8,16.99,1.4, Competitive — Monitor
21935,SUKI  SHOULDER BAG,2.321377672209026,0.0,4.21,3692,6860.7,421,1.98,2.17,2.75,2.3,0.9, Competitive — Monitor
22627,MINT KITCHEN SCALES,9.405856697819315,0.0,16.98,787,6860.29,315,8.35,9.36,9.93,9.21,2.1, Competitive — Monitor
ADJUST,Adjustment by john on 26/01/2010 16,163.5913432835821,4.57,5117.03,5,6835.24,67,149.29,163.12,194.19,168.87,-3.1, Competitive — Monitor
22274,FELTCRAFT DOLL EMILY,3.2497196261682246,1.92,6.04,2420,6821.120000000001,414,2.93,3.43,3.82,3.39,-4.1, Competitive — Monitor
22427,ENAMEL FLOWER JUG CREAM,6.375692307692307,0.0,11.87,1122,6798.450000000001,319,5.97,6.09,6.98,6.35,0.4, Competitive — Monitor
21428,SET3 BOOK BOX GREEN GINGHAM FLOWER ,4.527522522522522,0.0,8.65,1672,6795.3,218,4.15,4.44,5.29,4.63,-2.2, Competitive — Monitor
21735,TWO DOOR CURIO CABINET,15.869764150943396,0.0,26.04,288,6773.049999999999,211,13.75,16.65,16.74,15.71,1.0, Competitive — Monitor
20676,RED SPOTTY BOWL,1.475456204379562,0.0,3.36,5476,6766.29,544,1.26,1.55,1.76,1.52,-2.9, Competitive — Monitor
21380,WOODEN HAPPY BIRTHDAY GARLAND,3.329791122715405,2.55,6.04,2308,6757.870000000001,373,3.04,3.27,3.76,3.36,-0.9, Competitive — Monitor
22558,CLOTHES PEGS RETROSPOT PACK 24 ,1.3837474120082816,0.0,2.51,5471,6752.900000000001,471,1.18,1.37,1.52,1.36,1.7, Competitive — Monitor
62018,SOMBRERO ,1.7876811594202897,1.25,1.95,5155,6739.85,69,1.62,1.73,1.97,1.77,1.0, Competitive — Monitor
21770,OPEN CLOSED METAL SIGN,5.198168498168498,0.0,10.39,1278,6710.570000000001,271,4.91,5.56,5.51,5.33,-2.5, Competitive — Monitor
22698,PINK REGENCY TEACUP AND SAUCER,3.5869791666666666,0.0,6.95,2269,6699.76,283,3.26,3.37,4.3,3.64,-1.5, Competitive — Monitor
21498,RED SPOTS  WRAP ,0.4150730688935282,0.0,0.42,16266,6688.0,477,0.37,0.44,0.44,0.42,-1.2, Competitive — Monitor
85014D,PINK/BROWN DOTS RUFFLED UMBRELLA,5.932795698924731,0.0,13.0,1891,6670.4,92,5.42,6.11,6.81,6.11,-2.9, Competitive — Monitor
22417,PACK OF 60 SPACEBOY CAKE CASES,0.6624237560192616,0.42,2.13,13147,6654.95,599,0.59,0.67,0.74,0.67,-1.1, Competitive — Monitor
22242,"HOOK, 5 HANGER , MAGIC TOADSTOOL",1.9011911357340718,1.45,3.43,4167,6652.409999999999,348,1.72,1.76,2.27,1.92,-1.0, Competitive — Monitor
21042,RED SPOTTY APRON ,6.714620689655172,4.65,13.0,1158,6637.610000000001,285,6.34,6.69,7.3,6.78,-1.0, Competitive — Monitor
85068,CREAM SWEETHEART SHELF + HOOKS,8.625490196078431,5.37,16.13,957,6625.39,201,7.66,8.5,9.75,8.64,-0.2, Competitive — Monitor
22300,COFFEE MUG DOG + BALL DESIGN,2.9298102981029808,0.0,5.17,2437,6619.69,361,2.77,2.77,3.29,2.94,-0.3, Competitive — Monitor
21531,RETRO SPOT SUGAR JAM BOWL,3.055379188712522,0.0,5.17,2606,6592.599999999999,553,2.87,3.13,3.53,3.18,-3.9, Competitive — Monitor
22180,RETRO SPOT LAMP,10.972412587412586,0.0,21.7,627,6583.17,286,9.54,11.8,11.63,10.99,-0.2, Competitive — Monitor
21980,PACK OF 12 RED SPOTTY TISSUES ,0.37153846153846154,0.2,0.85,24780,6568.32,397,0.32,0.38,0.4,0.37,0.4, Competitive — Monitor
22072,TEA CUP AND SAUCER RETRO SPOT,4.552075949367088,3.39,7.78,1593,6554.84,376,3.92,4.71,4.93,4.52,0.7, Competitive — Monitor
22749,FELTCRAFT PRINCESS CHARLOTTE DOLL,4.006436363636364,3.39,8.95,1500,6539.92,261,3.41,3.73,4.65,3.93,1.9, Competitive — Monitor
21430,SET/3 RED GINGHAM ROSE STORAGE BOX,4.455579514824798,0.0,7.78,1598,6537.0,366,3.83,4.4,4.8,4.34,2.7, Competitive — Monitor
21668,RED STRIPE CERAMIC DRAWER KNOB,1.595770171149144,0.0,3.36,4885,6521.88,398,1.47,1.5,1.81,1.59,0.4, Competitive — Monitor
47502,POLKADOT CUTLERY 24 PCS IN TRAY,14.355977011494254,0.0,26.04,572,6467.8,87,12.3,14.62,15.54,14.15,1.5, Competitive — Monitor
47599A,PINK PARTY BAGS,2.2691743119266055,0.0,4.3,3332,6464.320000000001,213,2.0,2.43,2.68,2.37,-4.3, Competitive — Monitor
79000,MOROCCAN TEA GLASS,1.4637278106508875,0.0,5.17,5078,6456.88,331,1.37,1.5,1.74,1.54,-5.0, Competitive — Monitor
22726,ALARM CLOCK BAKELIKE GREEN,4.26375,3.39,8.95,1498,6443.56,350,3.63,3.98,4.81,4.14,3.0, Competitive — Monitor
51008,AFGHAN SLIPPER SOCK PAIR,3.143661971830986,0.0,3.45,1988,6441.55,71,2.93,3.07,3.47,3.16,-0.5, Competitive — Monitor
C2,CARRIAGE,49.63768115942029,0.0,110.0,426,6400.0,138,43.59,50.04,53.86,49.16,1.0, Competitive — Monitor
82582,AREA PATROLLED METAL SIGN,2.299949494949495,0.0,4.3,1895,6397.3,388,1.98,2.26,2.43,2.22,3.6, Competitive — Monitor
21833,CAMOUFLAGE LED TORCH,2.0308,1.45,3.43,3677,6377.26,298,1.87,2.14,2.21,2.07,-1.9, Competitive — Monitor
21671,RED SPOT CERAMIC DRAWER KNOB,1.488842105263158,0.0,3.36,5007,6373.34,374,1.36,1.56,1.71,1.54,-3.3, Competitive — Monitor
84988,SET OF 72 PINK HEART PAPER DOILIES,2.0429622641509435,1.25,3.83,4041,6330.03,523,1.92,2.08,2.31,2.1,-2.7, Competitive — Monitor
22619,SET OF 6 SOLDIER SKITTLES,4.164752475247525,0.0,7.62,1675,6317.28,292,3.85,4.08,4.96,4.3,-3.1, Competitive — Monitor
22553,PLASTERS IN TIN SKULLS,1.841887417218543,1.45,4.21,3779,6293.19,573,1.71,1.77,2.04,1.84,0.1, Competitive — Monitor
22488,NATURAL SLATE RECTANGLE CHALKBOARD,1.8487710843373495,1.45,3.95,3744,6280.739999999999,412,1.62,1.73,2.13,1.83,1.0, Competitive — Monitor
21985,PACK OF 12 HEARTS DESIGN TISSUES ,0.40198501872659176,0.2,0.85,16797,6264.009999999999,514,0.35,0.39,0.45,0.4,0.5, Competitive — Monitor
21242,RED SPOTTY PLATE ,1.9157260273972603,1.45,4.21,3732,6254.34,364,1.77,1.89,2.16,1.94,-1.3, Competitive — Monitor
22580,ADVENT CALENDAR GINGHAM SACK,6.598265682656827,4.95,13.95,986,6234.58,266,6.14,6.78,7.19,6.7,-1.5, Competitive — Monitor
22303,COFFEE MUG APPLES DESIGN,2.6657999999999995,0.0,5.17,2338,6215.93,298,2.53,2.73,2.98,2.75,-3.1, Competitive — Monitor
85047,WHITE BEADED GARLAND STRING 20LIGHT,6.833031358885017,0.0,13.0,853,6213.629999999999,280,6.09,6.36,7.66,6.7,2.0, Competitive — Monitor
21670,BLUE SPOT CERAMIC DRAWER KNOB,1.5627817745803356,0.0,3.36,4591,6142.3,406,1.39,1.54,1.81,1.58,-1.1, Competitive — Monitor
84792,ENCHANTED BIRD COATHANGER 5 HOOK,5.024305084745763,2.8,9.52,1451,6124.320000000001,294,4.66,4.77,5.98,5.14,-2.3, Competitive — Monitor
20682,RED SPOTTY CHILDS UMBRELLA,3.772701298701299,0.0,6.91,1855,6110.2,380,3.34,3.57,4.15,3.69,2.2, Competitive — Monitor
21361,LOVE LARGE WOOD LETTERS ,13.899262295081968,10.95,25.49,469,6092.91,235,13.11,14.63,14.68,14.14,-1.7, Competitive — Monitor
22131,FOOD CONTAINER SET 3 LOVE HEART ,2.364655963302752,1.65,4.3,3263,6091.15,418,2.21,2.19,2.66,2.35,0.6, Competitive — Monitor
22055,MINI CAKE STAND  HANGING STRAWBERY,2.1704744525547444,1.45,3.43,3540,6080.5,516,1.94,2.14,2.46,2.18,-0.4, Competitive — Monitor
21870,I CAN ONLY PLEASE ONE PERSON MUG,1.5373694390715669,1.06,3.43,4912,6075.32,509,1.42,1.46,1.65,1.51,1.8, Competitive — Monitor
21385,IVORY HANGING DECORATION  HEART,0.9968656716417911,0.0,1.95,7020,6058.0,387,0.92,1.06,1.16,1.05,-5.1, Competitive — Monitor
21172,PARTY METAL SIGN ,1.7968715083798883,0.0,4.3,4125,6054.34,517,1.55,1.81,2.15,1.84,-2.3, Competitive — Monitor
21907,I'M ON HOLIDAY METAL SIGN,2.264385150812065,1.85,4.21,2883,6020.250000000001,418,2.13,2.17,2.7,2.33,-2.8, Competitive — Monitor
84380,SET OF 3 BUTTERFLY COOKIE CUTTERS,1.6027032967032968,1.06,3.36,4579,6009.08,451,1.44,1.6,1.73,1.59,0.8, Competitive — Monitor
84032A,CHARLIE+LOLA PINK HOT WATER BOTTLE,3.182552083333334,1.25,6.04,2412,6007.24,376,2.97,3.3,3.76,3.34,-4.7, Competitive — Monitor
21892,TRADITIONAL WOODEN CATCH CUP GAME ,1.5306808510638297,0.0,2.57,4655,5996.91,442,1.35,1.64,1.77,1.59,-3.7, Competitive — Monitor
22690,DOORMAT HOME SWEET HOME BLUE ,7.850061728395062,0.0,16.72,935,5986.12,161,7.38,7.5,8.78,7.89,-0.5, Competitive — Monitor
22943,CHRISTMAS LIGHTS 10 VINTAGE BAUBLES,5.608602150537634,4.25,12.95,1235,5973.900000000001,184,4.99,5.96,6.34,5.76,-2.6, Competitive — Monitor
22215,CAKE STAND WHITE TWO TIER LACE,9.13457337883959,7.65,17.35,695,5956.04,290,7.77,9.77,10.76,9.43,-3.1, Competitive — Monitor
21984,PACK OF 12 PINK PAISLEY TISSUES ,0.3586454183266932,0.0,0.85,21960,5929.26,241,0.34,0.38,0.4,0.37,-3.1, Competitive — Monitor
22740,POLKA DOT PEN,1.0515172413793104,0.72,1.95,6834,5917.87,143,0.9,1.07,1.16,1.04,1.1, Competitive — Monitor
48197,DOOR MAT BIRD ON THE WIRE,9.484517543859647,0.0,14.43,897,5905.64,228,8.36,9.68,10.66,9.57,-0.9, Competitive — Monitor
22244,"HOOK, 3 HANGER ,MAGIC GARDEN",2.595938566552901,0.0,4.3,3040,5878.3099999999995,290,2.45,2.56,2.95,2.65,-2.0, Competitive — Monitor
84520B,PACK 20 ENGLISH ROSE PAPER NAPKINS,1.0292581602373887,0.64,1.7,6899,5870.849999999999,654,0.97,1.07,1.11,1.05,-2.0, Competitive — Monitor
22358,KINGS CHOICE TEA CADDY ,3.5751697127937336,2.55,5.91,1941,5858.030000000001,375,3.24,3.59,4.24,3.69,-3.1, Competitive — Monitor
22283,6 EGG HOUSE PAINTED WOOD,9.362833333333333,5.85,18.95,735,5838.92,237,8.55,9.63,10.78,9.65,-3.0, Competitive — Monitor
22667,RECIPE BOX RETRO SPOT DESIGN,2.936332574031891,2.55,2.95,2055,5812.650000000001,432,2.63,2.9,3.36,2.96,-0.8, Competitive — Monitor
79067,CORONA MEXICAN TRAY,4.845090909090909,0.0,8.65,1473,5811.4400000000005,382,4.26,5.02,5.16,4.81,0.7, Competitive — Monitor
21745,GAOLERS KEYS DECORATIVE GARDEN ,3.951223776223776,2.0,8.65,1784,5796.84,279,3.49,4.16,4.51,4.05,-2.4, Competitive — Monitor
22645,CERAMIC HEART FAIRY CAKE MONEY BANK,1.8022850678733031,1.25,4.21,3450,5783.849999999999,427,1.65,1.7,1.93,1.76,2.4, Competitive — Monitor
79323LP,LIGHT PINK CHERRY LIGHTS,6.697835497835498,0.0,13.87,967,5778.39,230,6.2,7.05,7.11,6.79,-1.4, Competitive — Monitor
22329,ROUND CONTAINER SET OF 5 RETROSPOT,2.0881958762886597,1.45,3.36,3554,5773.8099999999995,379,1.94,2.1,2.36,2.13,-2.0, Competitive — Monitor
21154,RED SPOTTY OVEN GLOVE ,1.61202,0.0,3.36,4136,5772.21,482,1.5,1.7,1.79,1.66,-2.9, Competitive — Monitor
84032B,CHARLIE + LOLA RED HOT WATER BOTTLE,3.0801072386058985,1.25,6.04,2479,5762.25,370,2.65,3.05,3.51,3.07,0.3, Competitive — Monitor
21749,LARGE RED SPOT WINDMILL,2.5258709677419353,0.0,4.3,3015,5755.630000000001,155,2.27,2.48,2.69,2.48,1.8, Competitive — Monitor
75049L,LARGE CIRCULAR MIRROR MOBILE,1.2873770491803278,0.0,2.57,6207,5753.78,175,1.1,1.37,1.43,1.3,-1.0, Competitive — Monitor
21667,GLASS CAKE COVER AND PLATE,18.710747126436782,0.0,34.74,294,5732.5,174,16.93,17.97,20.14,18.35,2.0, Competitive — Monitor
22327,ROUND SNACK BOXES SET OF 4 SKULLS,3.363467336683417,0.0,6.77,1928,5727.04,383,3.01,3.55,4.03,3.53,-4.7, Competitive — Monitor
35970,ZINC FOLKART SLEIGH BELLS,1.9237451737451738,0.0,4.21,3509,5709.04,245,1.81,1.92,2.18,1.97,-2.3, Competitive — Monitor
22195,HEART MEASURING SPOONS LARGE,2.1547916666666667,1.45,3.43,3282,5704.289999999999,466,1.91,2.16,2.48,2.18,-1.2, Competitive — Monitor
22089,PAPER BUNTING VINTAGE PAISLEY,3.272491467576792,2.0,6.77,2031,5701.530000000001,285,2.82,3.17,3.6,3.2,2.3, Competitive — Monitor
84968B,S/16 VINTAGE IVORY CUTLERY,14.621798561151078,0.0,26.04,152,5694.16,136,12.64,14.79,15.56,14.33,2.0, Competitive — Monitor
21086,SET/6 RED SPOTTY PAPER CUPS,0.8210000000000001,0.0,1.7,8737,5665.610000000001,436,0.76,0.8,0.98,0.85,-3.4, Competitive — Monitor
22354,RETRO SPOT PADDED SEAT CUSHION,4.108585365853658,3.39,7.78,1490,5638.58,203,3.75,3.81,4.49,4.02,2.2, Competitive — Monitor
21716,BOYS VINTAGE TIN SEASIDE BUCKET,3.309160305343511,1.59,6.95,2307,5612.92,259,2.85,3.19,3.68,3.24,2.1, Competitive — Monitor
22834,HAND WARMER BABUSHKA DESIGN,2.400651465798046,1.85,5.06,2622,5610.620000000001,288,2.06,2.21,2.75,2.34,2.6, Competitive — Monitor
21114,LAVENDER SCENTED FABRIC HEART,1.7565104166666667,1.06,11.26,4367,5590.33,369,1.62,1.89,1.85,1.79,-1.9, Competitive — Monitor
20829,GLITTER HANGING BUTTERFLY STRING,2.387101910828026,0.41,4.3,2560,5568.39,305,2.05,2.56,2.8,2.47,-3.4, Competitive — Monitor
22900, SET 2 TEA TOWELS I LOVE LONDON ,3.4845525291828796,0.0,6.95,1458,5568.28,233,3.25,3.43,3.94,3.54,-1.6, Competitive — Monitor
22078,RIBBON REEL LACE DESIGN ,2.4047058823529412,1.85,4.81,2625,5551.95,299,2.21,2.49,2.63,2.44,-1.4, Competitive — Monitor
21981,PACK OF 12 WOODLAND TISSUES ,0.44490625,0.0,0.85,20846,5551.54,302,0.38,0.43,0.47,0.43,3.5, Competitive — Monitor
21411,GINGHAM HEART  DOORSTOP RED,4.866608910891089,2.5,8.65,1336,5543.96,397,4.18,5.0,5.23,4.8,1.4, Competitive — Monitor
22221,CAKE STAND LOVEBIRD 2 TIER PINK,10.602782608695652,5.95,20.83,766,5528.62,113,10.06,11.12,12.56,11.25,-5.8, Competitive — Monitor
22748,POPPY'S PLAYHOUSE KITCHEN,2.32175,1.85,5.06,2134,5528.46,343,2.06,2.49,2.68,2.41,-3.7, Competitive — Monitor
21658,GLASS  BEURRE DISH,5.0330747922437675,0.0,8.65,1305,5505.71,350,4.46,4.95,5.47,4.96,1.5, Competitive — Monitor
16014,SMALL CHINESE STYLE SCISSOR,0.3874418604651163,0.32,0.42,17042,5503.64,43,0.36,0.41,0.41,0.39,-0.7, Competitive — Monitor
22588,CARDHOLDER GINGHAM HEART,2.9213772455089817,2.1,5.96,2050,5501.46,324,2.76,2.81,3.37,2.98,-2.0, Competitive — Monitor
22618,COOKING SET RETROSPOT,10.332706766917294,8.49,20.38,562,5499.73,263,9.8,11.14,11.74,10.89,-5.1, Competitive — Monitor
22575,METAL MERRY CHRISTMAS WREATH,2.064565217391304,1.65,4.95,2466,5493.88,258,1.91,1.91,2.29,2.04,1.2, Competitive — Monitor
21243,PINK  SPOTTY PLATE ,1.9151324503311258,0.0,4.21,3375,5487.58,300,1.7,1.95,2.12,1.92,-0.3, Competitive — Monitor
22804,CANDLEHOLDER PINK HANGING HEART,3.1053246753246757,2.55,5.91,1923,5486.28,220,2.67,3.18,3.36,3.07,1.2, Competitive — Monitor
21875,KINGS CHOICE MUG,1.6434375,0.85,3.43,4762,5477.66,282,1.52,1.69,1.89,1.7,-3.3, Competitive — Monitor
72807C,SET/3 VANILLA SCENTED CANDLE IN BOX,5.387725118483412,3.81,8.65,1285,5468.51,207,4.88,5.06,6.44,5.46,-1.3, Competitive — Monitor
21135,VICTORIAN  METAL POSTCARD SPRING,2.0738709677419354,1.69,25.49,3178,5466.0199999999995,237,1.85,2.22,2.23,2.1,-1.2, Competitive — Monitor
10002,INFLATABLE POLITICAL GLOBE ,0.9618042813455657,0.72,1.7,6753,5454.46,317,0.9,0.91,1.1,0.97,-0.8, Competitive — Monitor
79029,GLASS HONEYPOT WASP CATCHER,2.2248541114058353,0.0,4.3,2727,5451.7699999999995,358,1.92,2.27,2.48,2.22,0.2, Competitive — Monitor
21715,GIRLS VINTAGE TIN SEASIDE BUCKET,3.248712121212121,1.74,6.95,2201,5440.88,261,2.92,3.1,3.63,3.22,0.9, Competitive — Monitor
72756,FAIRY CAKE CANDLES,1.426764705882353,0.0,1.49,3782,5435.64,135,1.21,1.38,1.55,1.38,3.4, Competitive — Monitor
22151,PLACE SETTING WHITE HEART,0.500047619047619,0.36,2.51,12722,5412.0599999999995,398,0.45,0.5,0.59,0.51,-2.0, Competitive — Monitor
20970,PINK FLORAL FELTCRAFT SHOULDER BAG,4.142094395280236,2.66,7.78,1430,5396.12,334,3.54,4.09,4.65,4.09,1.3, Competitive — Monitor
21033,JUMBO BAG CHARLIE AND LOLA TOYS,3.4952941176470587,1.25,6.04,2689,5382.41,284,3.01,3.31,3.95,3.42,2.2, Competitive — Monitor
22745,POPPY'S PLAYHOUSE BEDROOM ,2.3940117994100296,1.85,5.06,2068,5365.47,318,2.06,2.27,2.62,2.32,3.2, Competitive — Monitor
21041,RED SPOTTY OVEN GLOVE DOUBLE,3.7919205298013248,0.0,6.04,1620,5364.06,298,3.47,3.74,4.08,3.76,0.8, Competitive — Monitor
84937,KASHMIR FOLKART TUMBLERS,4.771603053435114,0.0,11.26,1781,5358.84,130,4.41,4.97,5.07,4.82,-1.0, Competitive — Monitor
20979,36 PENCILS TUBE RED SPOTTY,1.5386666666666666,1.06,2.57,4250,5357.4,402,1.4,1.64,1.78,1.61,-4.4, Competitive — Monitor
35832,WOOLLY HAT SOCK GLOVE ADVENT STRING,3.677448979591837,0.0,13.0,1533,5337.150000000001,192,3.48,3.43,3.97,3.63,1.3, Competitive — Monitor
22219,LOVEBIRD HANGING DECORATION WHITE ,1.0932248062015504,0.72,1.7,5699,5317.889999999999,628,0.97,1.07,1.26,1.1,-0.6, Competitive — Monitor
21432,SET OF 3 CASES WOODLAND DESIGN,5.992332015810277,0.0,13.0,874,5312.51,250,5.26,5.61,6.64,5.84,2.6, Competitive — Monitor
22302,COFFEE MUG PEARS  DESIGN,2.644271356783919,0.0,5.17,2305,5309.71,196,2.48,2.44,2.94,2.62,0.9, Competitive — Monitor
21491,SET OF THREE VINTAGE GIFT WRAPS,2.1091954022988504,0.0,4.3,2830,5302.66,253,1.84,2.16,2.36,2.12,-0.5, Competitive — Monitor
22662,LUNCH BAG DOLLY GIRL DESIGN,1.8913569321533923,1.19,4.21,3294,5246.38,331,1.79,1.92,2.09,1.93,-2.0, Competitive — Monitor
22508,DOORSTOP RETROSPOT HEART,4.266512702078522,3.39,7.62,1326,5213.16,421,3.63,4.04,4.54,4.07,4.8, Competitive — Monitor
22414,DOORMAT NEIGHBOURHOOD WITCH ,8.834580152671755,0.0,14.43,915,5210.95,130,8.37,8.46,9.69,8.84,-0.1, Competitive — Monitor
21756,BATH BUILDING BLOCK WORD,6.52005988023952,0.0,12.13,842,5204.0,330,5.57,6.02,7.5,6.36,2.5, Competitive — Monitor
20677,PINK SPOTTY BOWL,1.5294196428571427,0.0,3.36,4223,5198.99,440,1.44,1.61,1.76,1.6,-4.4, Competitive — Monitor
21558,SKULL LUNCHBOX WITH CUTLERY ,3.127208121827411,0.0,5.17,1855,5195.15,383,2.82,3.36,3.42,3.2,-2.3, Competitive — Monitor
22549,PICTURE DOMINOES,1.7497698209718668,1.25,3.95,3498,5178.38,379,1.66,1.65,1.96,1.76,-0.6, Competitive — Monitor
21891,TRADITIONAL WOODEN SKIPPING ROPE,1.4692993630573248,0.0,2.57,3984,5168.15,446,1.26,1.41,1.59,1.42,3.5, Competitive — Monitor
22631,CIRCUS PARADE LUNCHBOX ,2.3370790378006876,1.65,4.95,2649,5166.49,284,2.12,2.47,2.53,2.37,-1.4, Competitive — Monitor
22466,FAIRY TALE COTTAGE NIGHTLIGHT,2.2562135922330095,1.45,4.95,2788,5163.679999999999,203,2.14,2.41,2.38,2.31,-2.3, Competitive — Monitor
22418,10 COLOUR SPACEBOY PEN,0.9782,0.72,2.51,6114,5160.67,296,0.88,0.97,1.16,1.0,-2.2, Competitive — Monitor
22079,RIBBON REEL HEARTS DESIGN ,1.850815789473684,1.45,4.21,3138,5153.5,371,1.69,1.72,2.0,1.8,2.8, Competitive — Monitor
22349,"DOG BOWL , CHASING BALL DESIGN",4.120557768924303,0.0,8.95,1201,5146.9,249,3.79,3.82,4.47,4.03,2.2, Competitive — Monitor
22595,CHRISTMAS GINGHAM HEART,0.9735911602209945,0.72,1.66,6079,5142.759999999999,358,0.87,0.99,1.06,0.97,0.4, Competitive — Monitor
84692,BOX OF 24 COCKTAIL PARASOLS,0.5725210084033613,0.0,1.66,11403,5127.08,577,0.52,0.56,0.61,0.56,2.2, Competitive — Monitor
22218,CAKE STAND LACE WHITE,5.282035714285715,0.0,8.65,1171,5123.41,278,4.8,4.88,6.05,5.24,0.8, Competitive — Monitor
22212,FOUR HOOK  WHITE LOVEBIRDS,2.436752136752137,0.79,4.3,2483,5122.14,454,2.29,2.47,2.59,2.45,-0.5, Competitive — Monitor
84884A,ANT WHITE WIRE HEART SPIRAL,4.456371308016878,2.32,8.65,1421,5110.71,237,3.81,4.11,4.77,4.23,5.4, Competitive — Monitor
22120,WELCOME  WOODEN BLOCK LETTERS,11.54883597883598,8.5,20.83,497,5098.88,188,10.14,12.08,13.24,11.82,-2.3, Competitive — Monitor
20969,RED FLORAL FELTCRAFT SHOULDER BAG,4.2687387387387385,2.66,7.78,1332,5078.17,330,4.03,4.14,4.7,4.29,-0.5, Competitive — Monitor
22942,CHRISTMAS LIGHTS 10 SANTAS ,8.872051282051283,7.65,19.95,615,5071.9400000000005,116,8.33,8.22,10.26,8.94,-0.8, Competitive — Monitor
21976,PACK OF 60 MUSHROOM CAKE CASES,0.7201003344481606,0.42,2.13,9562,5044.780000000001,572,0.64,0.73,0.82,0.73,-1.4, Competitive — Monitor
21326,AGED GLASS SILVER T-LIGHT HOLDER,0.7903225806451613,0.55,1.7,7692,5029.360000000001,330,0.72,0.78,0.86,0.79,0.0, Competitive — Monitor
22592,CARDHOLDER HOLLY WREATH METAL,3.9527472527472525,3.39,7.62,1343,5022.21,178,3.47,4.25,4.54,4.09,-3.4, Competitive — Monitor
22282,12 EGG HOUSE PAINTED WOOD,16.71173553719008,8.0,26.04,415,5015.38,121,14.52,16.83,17.84,16.4,1.9, Competitive — Monitor
21587,COSY HOUR GIANT TUBE MATCHES,2.5415413533834585,2.1,2.55,2008,5012.4,250,2.28,2.45,2.87,2.53,0.5, Competitive — Monitor
22063,CERAMIC BOWL WITH STRAWBERRY DESIGN,3.605296442687747,2.55,6.04,1727,5009.66,242,3.19,3.73,4.02,3.65,-1.2, Competitive — Monitor
82552,WASHROOM METAL SIGN,1.4463134657836643,0.0,2.57,3657,4970.19,446,1.31,1.39,1.58,1.43,1.1, Competitive — Monitor
84568,GIRLS ALPHABET IRON ON PATCHES ,0.3589411764705882,0.17,0.43,23827,4957.93,170,0.31,0.38,0.41,0.37,-3.0, Competitive — Monitor
47568,ENGLISH ROSE DESIGN PEG BAG,2.5179952830188683,0.0,4.3,2065,4948.55,418,2.39,2.47,2.97,2.61,-3.5, Competitive — Monitor
22174,PHOTO CUBE,2.372210144927536,0.0,4.21,2118,4943.67,269,2.25,2.39,2.85,2.5,-5.1, Competitive — Monitor
85049E,SCANDINAVIAN REDS RIBBONS,1.469409282700422,1.06,3.25,3645,4942.65,455,1.35,1.36,1.68,1.46,0.6, Competitive — Monitor
22526,WHEELBARROW FOR CHILDREN ,13.16088888888889,7.98,25.49,415,4931.15,133,11.89,13.01,14.62,13.17,-0.1, Competitive — Monitor
37450,CERAMIC CAKE BOWL + HANGING CAKES,3.303137931034483,0.0,6.04,1506,4906.0,280,2.91,3.48,3.58,3.32,-0.5, Competitive — Monitor
21115,ROSE CARAVAN DOORSTOP,7.924229390681004,5.95,14.74,695,4884.14,277,7.38,8.31,8.63,8.11,-2.3, Competitive — Monitor
82001S,VINYL RECORD FRAME SILVER,4.132363636363636,3.39,7.78,1370,4881.66,109,3.8,3.95,4.64,4.13,0.1, Competitive — Monitor
22498,WOODEN REGATTA BUNTING,6.798410041841005,0.0,13.57,819,4847.450000000001,233,5.89,6.5,7.51,6.63,2.5, Competitive — Monitor
72351A,SET/6 TURQUOISE BUTTERFLY T-LIGHTS,2.30011583011583,1.69,4.3,2450,4847.01,256,2.16,2.42,2.73,2.44,-5.7, Competitive — Monitor
21787,RAIN PONCHO WITH RED SPOTS,1.0237037037037036,0.0,1.95,6317,4829.51,236,0.95,1.09,1.13,1.06,-3.4, Competitive — Monitor
22224,WHITE LOVEBIRD LANTERN,3.5570078740157482,2.55,6.04,1551,4817.040000000001,252,3.36,3.33,3.93,3.54,0.5, Competitive — Monitor
21700,BIG DOUGHNUT FRIDGE MAGNETS,2.843011363636364,0.72,8.65,4659,4812.2699999999995,347,2.62,2.82,3.15,2.86,-0.6, Competitive — Monitor
22616,PACK OF 12 LONDON TISSUES ,0.3891036414565826,0.25,1.0,13980,4769.219999999999,343,0.35,0.38,0.46,0.4,-2.7, Competitive — Monitor
22220,CAKE STAND LOVEBIRD 2 TIER WHITE,10.489754901960783,8.5,20.83,485,4751.99,204,9.36,11.11,12.04,10.84,-3.2, Competitive — Monitor
22637,PIGGY BANK RETROSPOT ,2.903737704918033,2.1,5.91,1840,4743.099999999999,301,2.74,2.71,3.32,2.92,-0.6, Competitive — Monitor
37448,CERAMIC CAKE DESIGN SPOTTED MUG,1.7719794344473005,0.0,3.43,3084,4717.91,363,1.66,1.69,1.95,1.77,0.1, Competitive — Monitor
15060B,FAIRY CAKE DESIGN UMBRELLA,5.73813056379822,2.95,8.65,978,4712.56,336,4.9,5.97,6.73,5.87,-2.2, Competitive — Monitor
22945,CHRISTMAS METAL TAGS ASSORTED ,2.3927918781725888,0.72,11.02,4842,4692.87,188,2.04,2.22,2.53,2.26,5.9, Competitive — Monitor
22059,CERAMIC STRWBERRY DESIGN MUG,1.8359183673469388,1.25,3.43,3253,4692.0199999999995,307,1.63,1.83,2.17,1.88,-2.3, Competitive — Monitor
21238,RED SPOTTY CUP,0.9825179856115107,0.72,2.51,5514,4688.12,546,0.91,0.97,1.11,1.0,-1.7, Competitive — Monitor
22199,FRYING PAN RED POLKADOT ,5.123873517786562,0.0,8.65,1121,4683.08,251,4.86,4.99,5.69,5.18,-1.1, Competitive — Monitor
22377,BOTTLE BAG RETROSPOT ,2.5244725738396627,1.85,5.06,2242,4665.8,234,2.18,2.48,2.84,2.5,1.0, Competitive — Monitor
22904,CALENDAR PAPER CUT DESIGN,3.3705504587155968,2.55,6.95,1374,4643.9800000000005,210,3.07,3.39,3.88,3.45,-2.3, Competitive — Monitor
21244,BLUE  SPOTTY PLATE ,1.8475471698113206,0.0,4.21,2826,4635.71,261,1.64,1.75,1.94,1.78,3.8, Competitive — Monitor
84508A,CAMOFLAGE DESIGN TEDDY,2.5215384615384613,0.0,5.06,2123,4629.18,77,2.39,2.55,2.98,2.64,-4.5, Competitive — Monitor
22776,SWEETHEART CAKESTAND 3 TIER,10.290967741935484,8.5,20.38,476,4618.599999999999,186,9.61,10.79,11.5,10.63,-3.2, Competitive — Monitor
22080,RIBBON REEL SPOTS DESIGN ,1.8939230769230768,0.0,4.21,2732,4605.75,378,1.77,1.97,2.09,1.94,-2.4, Competitive — Monitor
21381,MINI WOODEN HAPPY BIRTHDAY GARLAND,2.0546987951807227,1.45,4.21,2756,4604.45,318,1.84,1.94,2.2,1.99,3.3, Competitive — Monitor
21407,BROWN CHECK CAT DOORSTOP ,5.183033033033033,3.75,8.65,1026,4589.4800000000005,328,4.62,4.89,5.78,5.1,1.6, Competitive — Monitor
22665,RECIPE BOX BLUE SKETCHBOOK DESIGN,3.5075064935064937,0.0,5.91,1486,4586.75,379,3.08,3.38,3.94,3.47,1.1, Competitive — Monitor
21107,CREAM SLICE FLANNEL PINK SPOT ,3.5840000000000005,2.55,6.04,1559,4573.84,231,3.07,3.5,3.98,3.52,1.8, Competitive — Monitor
84270,ASSTD DESIGN BUBBLE GUM RING,0.24551229508196723,0.0,0.43,17852,4543.5,486,0.23,0.24,0.28,0.25,-1.8, Competitive — Monitor
22750,FELTCRAFT PRINCESS LOLA DOLL,3.951161048689139,3.39,8.95,1213,4543.39,261,3.68,4.06,4.4,4.05,-2.4, Competitive — Monitor
22620,4 TRADITIONAL SPINNING TOPS,1.4616336633663367,0.0,2.51,3454,4536.59,386,1.39,1.36,1.75,1.5,-2.6, Competitive — Monitor
22429,ENAMEL MEASURING JUG CREAM,4.671923076923077,0.0,8.47,1063,4527.96,279,4.44,4.32,5.33,4.7,-0.6, Competitive — Monitor
21903,MAN FLU METAL SIGN,2.4302400000000004,1.4,4.3,2311,4518.06,245,2.2,2.39,2.85,2.48,-2.0, Competitive — Monitor
22738,RIBBON REEL SNOWY VILLAGE,2.04546875,1.45,4.21,2437,4509.97,255,1.9,2.11,2.18,2.06,-0.7, Competitive — Monitor
21592,RETRO SPOT  CIGAR BOX MATCHES ,1.2446666666666668,1.06,1.25,3805,4500.89,274,1.18,1.18,1.38,1.25,-0.4, Competitive — Monitor
22060,LARGE CAKE STAND HANGING HEARTS,11.079097744360903,7.26,21.7,494,4500.76,131,10.36,11.33,12.19,11.29,-1.9, Competitive — Monitor
22191,EAU DE NIL DINER WALL CLOCK,8.390929203539823,0.0,8.5,533,4500.75,225,7.34,8.07,9.53,8.31,1.0, Competitive — Monitor
82599,FANNY'S REST STOPMETAL SIGN,2.6696231155778896,1.69,4.3,2073,4482.030000000001,392,2.39,2.83,3.15,2.79,-4.3, Competitive — Monitor
85049A,TRADITIONAL CHRISTMAS RIBBONS,1.422171717171717,1.06,2.95,3293,4466.29,383,1.23,1.51,1.51,1.42,0.2, Competitive — Monitor
21584,RETRO SPOT SMALL TUBE MATCHES,1.6474576271186439,1.45,1.65,2784,4448.8,218,1.56,1.59,1.75,1.63,1.1, Competitive — Monitor
85063,CREAM SWEETHEART MAGAZINE RACK,18.401552511415524,0.0,31.26,231,4446.79,217,16.76,17.61,21.67,18.68,-1.5, Competitive — Monitor
22165,"DIAMANTE HEART SHAPED WALL MIRROR, ",13.64418439716312,0.0,26.04,557,4439.52,138,11.91,13.45,14.76,13.37,2.1, Competitive — Monitor
22663,JUMBO BAG DOLLY GIRL DESIGN,2.1912749003984064,1.65,5.06,2350,4433.73,248,2.01,2.1,2.52,2.21,-0.8, Competitive — Monitor
22655,VINTAGE RED KITCHEN CABINET,241.36363636363637,0.0,295.0,32,4425.0,22,220.08,248.02,273.09,247.06,-2.3, Competitive — Monitor
37500,TEA TIME TEAPOT IN GIFT BOX,10.67447204968944,5.43,21.7,497,4413.92,160,9.46,11.23,12.54,11.08,-3.7, Competitive — Monitor
22364,GLASS JAR DIGESTIVE BISCUITS,3.583446601941748,0.0,6.95,1507,4411.23,202,3.09,3.68,3.83,3.53,1.5, Competitive — Monitor
21586,KINGS CHOICE GIANT TUBE MATCHES,2.52,2.1,2.55,1885,4390.05,182,2.31,2.65,2.7,2.55,-1.2, Competitive — Monitor
21588,RETRO SPOT GIANT  TUBE MATCHES,2.523529411764706,2.1,2.55,1877,4357.05,163,2.28,2.48,2.86,2.54,-0.6, Competitive — Monitor
22110,BIRD HOUSE HOT WATER BOTTLE,3.637462121212121,1.25,7.78,1573,4344.08,257,3.37,3.44,4.34,3.72,-2.2, Competitive — Monitor
20974,12 PENCILS SMALL TUBE SKULL,0.7436432637571159,0.0,1.3,6530,4333.360000000001,498,0.67,0.77,0.83,0.76,-2.2, Competitive — Monitor
21625,VINTAGE UNION JACK APRON,8.298695652173913,0.0,14.74,414,4330.110000000001,178,7.76,8.11,9.12,8.33,-0.4, Competitive — Monitor
22193,RED DINER WALL CLOCK,8.942956989247312,0.0,17.35,514,4329.76,182,8.1,9.19,10.2,9.16,-2.4, Competitive — Monitor
85175,CACTI T-LIGHT CANDLES,1.1535514018691588,0.27,13.87,10036,4307.54,317,1.05,1.11,1.37,1.18,-2.2, Competitive — Monitor
21874,GIN AND TONIC MUG,1.6841853932584272,1.06,3.43,3501,4293.16,352,1.58,1.57,1.98,1.71,-1.5, Competitive — Monitor
79320, FLAMINGO LIGHTS,5.710246913580248,0.0,11.26,998,4285.2300000000005,162,5.08,6.16,6.85,6.03,-5.3, Competitive — Monitor
20681,PINK SPOTTY CHILDS UMBRELLA,3.804267912772586,2.75,6.91,1267,4282.33,318,3.28,3.6,4.01,3.63,4.8, Competitive — Monitor
21153,RED SPOTTY TABLECLOTH ,11.61874125874126,0.0,21.7,315,4273.39,143,9.91,12.53,12.4,11.61,0.1, Competitive — Monitor
22669,RED BABY BUNTING ,3.5563716814159294,2.55,6.95,1306,4264.62,222,3.29,3.83,4.06,3.73,-4.7, Competitive — Monitor
22847,"BREAD BIN, DINER STYLE, IVORY",16.4304,14.95,34.0,271,4264.5,125,14.99,17.2,19.27,17.15,-4.2, Competitive — Monitor
11001,ASSTD DESIGN RACING CAR PEN,1.8578343949044587,0.5,3.43,2643,4262.5,151,1.71,1.91,2.03,1.88,-1.2, Competitive — Monitor
22465,HANGING METAL STAR LANTERN,1.839935275080906,0.0,3.36,2513,4253.3099999999995,289,1.6,1.86,2.0,1.82,1.1, Competitive — Monitor
22947,WOODEN ADVENT CALENDAR RED,19.275978260869564,12.75,34.0,271,4249.26,91,16.65,20.41,22.52,19.86,-2.9, Competitive — Monitor
22276,WASH BAG VINTAGE ROSE PAISLEY,2.9833762057877813,2.1,6.04,1656,4248.92,304,2.54,2.88,3.16,2.86,4.3, Competitive — Monitor
22332,SKULLS PARTY BAG + STICKER SET,1.83198347107438,1.45,3.43,2711,4244.2,239,1.62,1.82,2.03,1.82,0.7, Competitive — Monitor
22668,PINK BABY BUNTING,3.6588065843621402,2.55,5.91,1407,4234.89,243,3.33,3.73,4.12,3.73,-1.9, Competitive — Monitor
21561,DINOSAUR LUNCHBOX WITH CUTLERY,2.805295950155763,2.1,5.17,1706,4224.94,313,2.49,2.77,3.18,2.81,-0.2, Competitive — Monitor
22644,CERAMIC CHERRY CAKE MONEY BANK,1.8741994750656166,1.25,18.0,2774,4210.32,370,1.68,1.85,2.17,1.9,-1.4, Competitive — Monitor
22360,"GLASS JAR, ENGLISH CONFECTIONERY",3.520238095238095,0.0,6.95,1541,4209.4800000000005,247,3.31,3.42,3.88,3.54,-0.6, Competitive — Monitor
16156S,WRAP PINK FAIRY CAKES ,0.4144401544401545,0.34,0.42,10815,4208.3,259,0.37,0.42,0.47,0.42,-1.3, Competitive — Monitor
21832,CHOCOLATE CALCULATOR,2.214320557491289,1.45,3.43,2462,4206.139999999999,281,2.0,2.34,2.52,2.29,-3.3, Competitive — Monitor
21933,PINK VINTAGE PAISLEY PICNIC BAG,3.1652173913043478,2.55,6.95,1467,4203.97,226,2.94,3.01,3.58,3.18,-0.5, Competitive — Monitor
21591,COSY HOUR CIGAR BOX MATCHES ,1.262687747035573,1.06,2.95,2746,4184.4400000000005,232,1.12,1.35,1.45,1.31,-3.6, Competitive — Monitor
85062,PEARL CRYSTAL PUMPKIN T-LIGHT HLDR,1.7954854368932038,1.36,2.57,2570,4181.28,192,1.64,1.85,1.96,1.82,-1.3, Competitive — Monitor
21989,PACK OF 20 SKULL PAPER NAPKINS,1.0025970149253731,0.64,2.51,5548,4177.79,326,0.94,1.05,1.07,1.02,-1.7, Competitive — Monitor
22443,GROW YOUR OWN HERBS SET OF 3,8.371709844559586,5.36,16.13,537,4177.51,186,7.91,8.45,8.94,8.43,-0.7, Competitive — Monitor
20717,STRAWBERRY SHOPPER BAG,1.5102732240437158,1.06,3.36,3382,4166.75,360,1.31,1.58,1.64,1.51,0.0, Competitive — Monitor
20675,BLUE SPOTTY BOWL,1.4323333333333335,1.06,3.36,3416,4161.2300000000005,386,1.35,1.32,1.61,1.43,0.2, Competitive — Monitor
21922,UNION STRIPE WITH FRINGE  HAMMOCK,8.484114583333334,0.0,16.98,527,4154.860000000001,190,7.63,8.92,9.98,8.84,-4.0, Competitive — Monitor
84968C,S/16 VINTAGE PISTACHIO CUTLERY,15.012282608695651,5.91,26.04,327,4145.25,91,13.15,13.91,17.34,14.8,1.4, Competitive — Monitor
21577,SAVE THE PLANET COTTON TOTE BAG,2.739383116883117,1.75,5.17,1864,4142.72,305,2.45,2.91,3.2,2.85,-3.9, Competitive — Monitor
22350,CAT BOWL ,3.0588938053097343,0.0,5.95,1451,4129.89,223,2.9,3.3,3.37,3.19,-4.1, Competitive — Monitor
20751,FUNKY WASHING UP GLOVES ASSORTED,2.2739465875370923,1.69,4.3,1936,4128.76,289,2.04,2.2,2.53,2.26,0.6, Competitive — Monitor
21590,KINGS CHOICE CIGAR BOX MATCHES ,1.2421639344262296,0.0,1.25,3439,4118.78,289,1.1,1.18,1.38,1.22,1.8, Competitive — Monitor
22728,ALARM CLOCK BAKELIKE PINK,4.341255411255411,3.39,8.95,986,4115.12,221,3.97,4.53,4.68,4.39,-1.1, Competitive — Monitor
22371,AIRLINE BAG VINTAGE TOKYO 78,5.512935779816514,0.0,12.72,789,4104.09,322,4.82,5.3,5.84,5.32,3.6, Competitive — Monitor
22168,"ORGANISER WOOD, ANTIQUE WHITE ",8.474375,0.0,16.98,251,4084.48,270,7.27,8.97,9.65,8.63,-1.8, Competitive — Monitor
82580,BATHROOM METAL SIGN,0.7113095238095238,0.42,1.3,7512,4081.5600000000004,736,0.61,0.67,0.85,0.71,0.2, Competitive — Monitor
22809,SET OF 6 T-LIGHTS SANTA,3.215742574257426,2.55,5.91,1390,4080.1000000000004,195,2.77,3.02,3.46,3.08,4.4, Competitive — Monitor
21563,RED HEART SHAPE LOVE BUCKET ,3.3942792792792797,2.55,6.04,1388,4076.61,218,2.94,3.65,3.59,3.39,0.1, Competitive — Monitor
21363,HOME SMALL WOOD LETTERS,5.735264900662251,0.0,11.02,771,4067.84,293,4.95,5.89,6.69,5.84,-1.8, Competitive — Monitor
21528,DAIRY MAID TRADITIONAL TEAPOT ,7.563313253012048,4.0,13.87,674,4064.7000000000003,163,6.91,7.98,8.23,7.71,-1.9, Competitive — Monitor
84971S,SMALL HEART FLOWERS HOOK ,1.0534754098360657,0.0,1.7,4345,4064.62,298,0.91,1.02,1.24,1.06,-0.6, Competitive — Monitor
22968,ROSE COTTAGE KEEPSAKE BOX ,11.4541059602649,8.5,20.38,396,4060.48,147,10.13,11.78,13.24,11.72,-2.3, Competitive — Monitor
22730,ALARM CLOCK BAKELIKE IVORY,4.362196261682243,3.39,8.95,976,4054.39,211,4.1,4.43,5.2,4.58,-4.8, Competitive — Monitor
21614,SET OF 12 ROSE BOTANICAL T-LIGHTS,2.9861224489795917,0.0,5.91,1372,4051.78,192,2.68,3.04,3.32,3.01,-0.8, Competitive — Monitor
21474,SWEETHEART CREAM STEEL FOLDIN BENCH,19.95,19.95,19.95,203,4049.85,99,18.29,20.53,22.93,20.58,-3.1, Competitive — Monitor
22200,FRYING PAN PINK POLKADOT ,5.376347826086956,0.0,8.65,914,4043.88,230,4.66,5.44,6.02,5.37,0.1, Competitive — Monitor
21116,OWL DOORSTOP,6.631229773462784,0.0,8.65,706,4042.4800000000005,308,5.76,6.56,7.59,6.64,-0.1, Competitive — Monitor
22185,SLATE TILE NATURAL HANGING,1.9069745222929935,1.45,3.43,2454,4039.99,310,1.63,1.84,2.13,1.87,2.0, Competitive — Monitor
22656,VINTAGE BLUE KITCHEN CABINET,238.27777777777777,0.0,295.0,17,4036.5,27,206.56,248.52,256.93,237.34,0.4, Competitive — Monitor
22119, PEACE WOODEN BLOCK LETTERS,7.025381679389313,6.35,14.74,581,4017.5,248,6.17,6.72,7.91,6.93,1.4, Competitive — Monitor
22810,SET OF 6 T-LIGHTS SNOWMEN,3.282929292929293,2.55,5.91,1350,4016.9,191,2.85,3.38,3.71,3.31,-0.8, Competitive — Monitor
85174,S/4 CACTI CANDLES,6.25521186440678,4.25,11.26,779,4015.01,220,5.37,5.99,7.33,6.23,0.4, Competitive — Monitor
22203,MILK PAN RED RETROSPOT,4.694436090225564,0.0,7.78,1001,4005.61,263,4.05,4.79,5.45,4.76,-1.4, Competitive — Monitor
22567,20 DOLLY PEGS RETROSPOT,1.3806089743589745,1.06,2.51,3317,4001.77,306,1.24,1.44,1.59,1.42,-2.8, Competitive — Monitor
22192,BLUE DINER WALL CLOCK,8.55131067961165,0.0,17.35,476,4001.32,203,7.45,8.17,9.12,8.25,3.7, Competitive — Monitor
22890,NOVELTY BISCUITS CAKE STAND 3 TIER,10.632231404958677,8.5,20.38,426,4000.7999999999997,120,9.42,9.88,12.31,10.54,0.9, Competitive — Monitor
21463,MIRRORED DISCO BALL ,6.880555555555556,0.0,21.7,622,3996.11,194,6.19,6.47,7.74,6.8,1.2, Competitive — Monitor
22029,SPACE BOY BIRTHDAY CARD,0.4930485762144053,0.36,1.0,9662,3988.16,590,0.45,0.5,0.58,0.51,-3.3, Competitive — Monitor
22739,"RIBBON REEL, XMAS SOCK/BAUBLE",2.0435975609756096,1.45,4.21,2244,3985.24,319,1.75,2.16,2.43,2.11,-3.1, Competitive — Monitor
22202,MILK PAN PINK RETROSPOT,4.983134920634921,0.0,7.78,1009,3983.27,247,4.63,4.62,5.27,4.84,3.0, Competitive — Monitor
21110,LARGE CAKE TOWEL PINK SPOTS,8.210386473429951,5.95,13.87,542,3982.98,204,7.49,8.52,9.63,8.55,-4.0, Competitive — Monitor
22612,TEA COSY VINTAGE UNION JACK,4.1593805309734515,0.0,7.62,994,3969.99,111,3.57,4.05,4.39,4.0,4.0, Competitive — Monitor
22833,HALL CABINET WITH 3 DRAWERS,38.730000000000004,0.0,49.95,116,3963.64,11,36.3,38.6,42.8,39.23,-1.3, Competitive — Monitor
22950,36 DOILIES VINTAGE CHRISTMAS,1.4646153846153847,0.0,2.98,2792,3961.0899999999997,178,1.38,1.57,1.66,1.54,-4.9, Competitive — Monitor
21349,IVY HEART WREATH,8.354593023255815,0.0,13.87,497,3929.73,169,7.15,8.13,8.96,8.08,3.4, Competitive — Monitor
21500,PINK SPOTS  WRAP ,0.41578947368421054,0.34,0.42,9800,3928.0,284,0.36,0.41,0.48,0.42,-1.0, Competitive — Monitor
21911,GARDEN METAL SIGN ,2.0421779141104293,1.0,3.95,2455,3922.43,322,1.9,1.88,2.15,1.98,3.1, Competitive — Monitor
22451,SILK PURSE RUSSIAN DOLL RED,3.784082568807339,0.0,6.77,1076,3919.54,210,3.5,3.53,4.07,3.7,2.3, Competitive — Monitor
37495,FAIRY CAKE BIRTHDAY CANDLE SET,4.133045112781955,1.25,7.78,1048,3879.66,264,3.59,3.97,4.7,4.09,1.1, Competitive — Monitor
85038,6 CHOCOLATE LOVE HEART T-LIGHTS,2.478939393939394,1.69,4.3,1840,3877.9800000000005,254,2.16,2.29,2.87,2.44,1.6, Competitive — Monitor
21071,VINTAGE BILLBOARD DRINK ME MUG,1.5704166666666666,0.8,2.57,3474,3860.11,328,1.39,1.6,1.86,1.62,-3.1, Competitive — Monitor
47559B,TEA TIME OVEN GLOVE,1.3772222222222221,1.06,2.51,3128,3850.64,436,1.24,1.36,1.59,1.4,-1.6, Competitive — Monitor
22692,DOORMAT WELCOME TO OUR HOME,9.051058823529413,0.0,16.98,491,3844.58,170,8.25,9.12,10.42,9.26,-2.3, Competitive — Monitor
22085,PAPER CHAIN KIT SKULLS ,3.1795,2.3,6.77,1413,3838.73,139,2.82,3.01,3.53,3.12,1.9, Competitive — Monitor
21934,SKULL SHOULDER BAG,2.2890332326283986,1.45,4.21,2176,3838.54,327,2.05,2.21,2.4,2.22,3.1, Competitive — Monitor
21239,PINK  SPOTTY CUP,1.0132622601279317,0.72,2.51,4408,3785.38,463,0.94,1.04,1.08,1.02,-0.7, Competitive — Monitor
21143,ANTIQUE GLASS HEART DECORATION ,2.2046629213483144,0.0,4.3,1921,3782.4999999999995,165,1.88,2.37,2.49,2.25,-2.0, Competitive — Monitor
22628,PICNIC BOXES SET OF 3 RETROSPOT ,5.639704142011834,4.25,10.17,780,3772.7200000000003,166,4.94,5.23,6.49,5.55,1.6, Competitive — Monitor
22493,PAINT YOUR OWN CANVAS SET,1.7736771300448428,1.45,3.36,2358,3767.0999999999995,207,1.63,1.88,1.97,1.83,-3.1, Competitive — Monitor
47599B,BLUE PARTY BAGS ,2.2402234636871508,1.52,4.21,1934,3765.0600000000004,175,2.1,2.27,2.6,2.32,-3.4, Competitive — Monitor
22115,METAL SIGN EMPIRE TEA,4.05140350877193,1.49,6.04,1363,3762.76,281,3.65,4.09,4.57,4.1,-1.2, Competitive — Monitor
84968D,S/16 VINTAGE RED CUTLERY,13.954363636363636,0.0,26.04,531,3757.74,55,12.6,13.95,14.81,13.79,1.2, Competitive — Monitor
22621,TRADITIONAL KNITTING NANCY,1.6402999999999999,0.0,3.36,2577,3757.16,284,1.41,1.53,1.77,1.57,4.5, Competitive — Monitor
84598,BOYS ALPHABET IRON ON PATCHES,0.36073170731707316,0.17,0.43,18536,3753.94,123,0.32,0.34,0.42,0.36,0.2, Competitive — Monitor
22335,HEART DECORATION PAINTED ZINC ,0.7954716981132076,0.55,1.3,5875,3752.02,307,0.72,0.81,0.92,0.82,-3.0, Competitive — Monitor
35004B,SET OF 3 BLACK FLYING DUCKS,6.647978723404256,0.0,13.0,624,3744.29,187,5.81,6.48,7.87,6.72,-1.1, Competitive — Monitor
21872,GLAMOROUS  MUG,1.4518905472636816,0.85,3.43,3810,3729.76,197,1.27,1.55,1.55,1.46,-0.6, Competitive — Monitor
84016,FLAG OF ST GEORGE CAR FLAG,43.73947368421053,0.0,1157.15,-1986,3729.21,70,38.83,43.09,52.42,44.78,-2.3, Competitive — Monitor
22472,TV DINNER TRAY DOLLY GIRL,5.669096774193549,0.0,11.02,800,3724.1800000000003,153,4.83,5.35,6.13,5.44,4.2, Competitive — Monitor
21795,SET OF 3 BLUE STRIPE BASKET,12.988780487804878,0.0,25.49,446,3722.1900000000005,82,11.46,13.44,13.66,12.85,1.1, Competitive — Monitor
22830,UTILTY CABINET WITH HOOKS,27.20625,19.84,55.28,178,3713.76,16,23.7,26.31,32.64,27.55,-1.2, Competitive — Monitor
20973,12 PENCIL SMALL TUBE WOODLAND,0.7754441260744985,0.0,1.28,5556,3711.1000000000004,329,0.68,0.78,0.85,0.77,0.7, Competitive — Monitor
15044B,BLUE PAPER PARASOL ,3.5759848484848487,2.55,6.04,1352,3709.11,132,3.08,3.69,4.11,3.63,-1.5, Competitive — Monitor
85132A,CHARLIE + LOLA BISCUITS TINS,7.904736842105263,1.95,21.7,815,3697.86,150,7.42,8.41,8.51,8.11,-2.5, Competitive — Monitor
22534,MAGIC DRAWING SLATE SPACEBOY ,0.48684065934065934,0.0,1.0,8399,3696.5,348,0.44,0.51,0.55,0.5,-2.6, Competitive — Monitor
20692,FLORAL ELEPHANT SOFT TOY,4.804324324324324,0.0,8.65,847,3691.26,143,4.41,4.94,5.7,5.02,-4.3, Competitive — Monitor
22187,GREEN CHRISTMAS TREE CARD HOLDER,4.882019230769231,0.0,8.65,799,3691.07,207,4.53,5.02,5.36,4.97,-1.8, Competitive — Monitor
21078,SET/20 STRAWBERRY PAPER NAPKINS ,1.007139689578714,0.0,2.51,4367,3671.2999999999997,436,0.91,1.08,1.16,1.05,-4.1, Competitive — Monitor
22969,HOMEMADE JAM SCENTED CANDLES,1.6370093457943924,1.25,3.36,2555,3670.7,107,1.41,1.58,1.76,1.58,3.6, Competitive — Monitor
22838,3 TIER CAKE TIN RED AND CREAM,16.43736,12.75,29.95,241,3668.95,120,14.85,15.13,18.8,16.26,1.1, Competitive — Monitor
22125,UNION JACK HOT WATER BOTTLE ,6.675969387755102,0.0,13.0,615,3664.13,185,6.07,6.43,7.35,6.62,0.8, Competitive — Monitor
21746,SMALL RED SPOT  WINDMILL,1.5424100719424458,1.06,2.95,2852,3657.69,271,1.43,1.47,1.67,1.52,1.5, Competitive — Monitor
21100,CHARLIE AND LOLA CHARLOTTE BAG,2.088339768339768,0.0,4.21,2248,3655.3199999999997,253,1.87,2.14,2.29,2.1,-0.6, Competitive — Monitor
85061W,WHITE JEWELLED HEART DECORATION,1.0616363636363635,0.64,1.7,4258,3654.2599999999998,312,0.92,1.08,1.14,1.05,1.1, Competitive — Monitor
22563,HAPPY STENCIL CRAFT,1.285373665480427,1.06,2.51,3179,3651.9300000000003,265,1.13,1.3,1.52,1.32,-2.6, Competitive — Monitor
21486,PINK HEART DOTS HOT WATER BOTTLE,3.8892358803986715,0.0,7.78,1040,3642.42,296,3.45,3.59,4.32,3.79,2.6, Competitive — Monitor
21472,LADYBIRD + BEE RAFFIA FOOD COVER,4.416509803921569,2.95,7.78,943,3638.91,252,4.04,4.58,4.8,4.47,-1.2, Competitive — Monitor
21730,GLASS STAR FROSTED T-LIGHT HOLDER,5.313963133640553,0.0,10.39,728,3635.26,206,4.82,5.16,5.94,5.31,0.1, Competitive — Monitor
82551,LAUNDRY 15C METAL SIGN,1.588080568720379,0.0,2.57,2542,3618.46,419,1.41,1.63,1.74,1.59,-0.1, Competitive — Monitor
21988,PACK OF 6 SKULL PAPER PLATES,0.8955555555555555,0.64,1.7,4958,3617.29,227,0.85,0.9,1.04,0.93,-3.7, Competitive — Monitor
22746,POPPY'S PLAYHOUSE LIVINGROOM ,2.3219202898550724,1.85,5.06,1528,3613.98,261,2.11,2.26,2.78,2.38,-2.4, Competitive — Monitor
21986,PACK OF 12 PINK SPOT TISSUES ,0.4069023569023569,0.2,1.0,9445,3603.88,290,0.36,0.38,0.45,0.4,1.7, Competitive — Monitor
21497,FANCY FONTS BIRTHDAY WRAP,0.4172093023255814,0.34,0.42,9025,3600.5,258,0.36,0.39,0.49,0.41,1.8, Competitive — Monitor
22441,GROW YOUR OWN BASIL IN ENAMEL MUG,2.317758007117438,0.0,4.95,1669,3594.2000000000003,273,2.01,2.44,2.63,2.36,-1.8, Competitive — Monitor
22602,CHRISTMAS RETROSPOT HEART WOOD,0.9486458333333333,0.72,1.66,4414,3593.4399999999996,278,0.83,1.01,1.02,0.95,-0.1, Competitive — Monitor
22582,PACK OF 6 SWEETIE GIFT BOXES,2.759107981220657,2.1,5.06,1417,3588.56,205,2.39,2.83,3.18,2.8,-1.5, Competitive — Monitor
22127,PARTY CONES CARNIVAL ASSORTED,1.7173611111111111,1.06,12.72,2996,3563.42,140,1.49,1.61,1.94,1.68,2.2, Competitive — Monitor
22442,GROW YOUR OWN FLOWERS SET OF 3,8.005779816513762,5.06,16.13,574,3557.02,106,7.03,7.88,9.19,8.03,-0.3, Competitive — Monitor
72802C,VANILLA SCENT CANDLE JEWELLED BOX,4.615444444444444,3.81,8.65,831,3554.75,178,4.0,4.78,5.46,4.75,-2.8, Competitive — Monitor
22167,"WALL MIRROR , DIAMANTE OVAL SHAPE",11.718795180722891,0.0,20.83,427,3554.24,165,11.01,12.24,13.08,12.11,-3.2, Competitive — Monitor
21932,SCANDINAVIAN PAISLEY PICNIC BAG,3.224976303317536,2.55,6.95,1164,3544.54,210,2.77,3.03,3.82,3.21,0.5, Competitive — Monitor
85040B,SET/4 BLUE FLOWER CANDLES IN BOWL,1.7394117647058822,0.0,3.43,2485,3544.5299999999997,225,1.57,1.6,2.02,1.73,0.5, Competitive — Monitor
21201,TROPICAL  HONEYCOMB PAPER GARLAND ,2.8474825174825176,2.1,5.17,1505,3542.05,138,2.54,2.94,3.2,2.89,-1.5, Competitive — Monitor
22318,FIVE HEART HANGING DECORATION,3.484703703703704,2.55,6.04,1151,3539.7400000000002,261,3.3,3.4,3.97,3.56,-2.1, Competitive — Monitor
20784,RED RETRO BAR STOOL,33.04095238095238,0.0,78.22,89,3530.92,42,28.45,31.74,36.31,32.17,2.7, Competitive — Monitor
84832,ZINC WILLIE WINKIE  CANDLE STICK,1.0723979591836734,0.0,1.7,3965,3519.68,381,0.95,0.99,1.28,1.07,0.2, Competitive — Monitor
22430,ENAMEL WATERING CAN CREAM,5.391186440677966,0.0,10.17,776,3517.2000000000003,175,5.11,5.43,6.2,5.58,-3.4, Competitive — Monitor
22196,SMALL HEART MEASURING SPOONS,1.1355497382198951,0.72,1.7,3841,3496.4799999999996,543,1.06,1.2,1.2,1.15,-1.3, Competitive — Monitor
22278,OVERNIGHT BAG VINTAGE ROSE PAISLEY,6.3381545064377685,4.25,12.95,645,3495.09,230,5.91,6.8,6.97,6.56,-3.4, Competitive — Monitor
20966,SANDWICH BATH SPONGE,1.7441944444444444,0.0,2.57,2295,3494.13,352,1.53,1.76,1.99,1.76,-0.9, Competitive — Monitor
22765,NEWSPAPER STAND,17.051111111111112,9.38,29.79,310,3493.35,54,14.78,17.09,18.05,16.64,2.5, Competitive — Monitor
22311,OFFICE MUG WARMER BLACK+SILVER ,4.914719101123596,2.55,8.65,1014,3492.54,174,4.51,4.59,5.18,4.76,3.3, Competitive — Monitor
21992,VINTAGE PAISLEY STATIONERY SET,3.1133609958506225,1.25,6.04,1518,3492.45,239,2.94,3.14,3.48,3.19,-2.4, Competitive — Monitor
37446,MINI CAKE STAND WITH HANGING CAKES,1.8709961685823755,0.0,3.43,1943,3482.99,257,1.69,1.84,2.06,1.86,0.6, Competitive — Monitor
22156,HEART DECORATION WITH PEARLS ,0.9946900269541779,0.72,1.7,4016,3476.8999999999996,351,0.9,1.01,1.11,1.01,-1.5, Competitive — Monitor
21240,BLUE  SPOTTY CUP,1.0097173913043478,0.72,2.51,4053,3473.61,456,0.89,0.99,1.1,0.99,2.0, Competitive — Monitor
40016,CHINESE DRAGON PAPER LANTERNS,1.654516129032258,0.25,8.65,10138,3467.8,153,1.53,1.59,1.78,1.63,1.5, Competitive — Monitor
20786,BLACK RETRO BAR STOOL,33.15684210526316,0.0,76.55,83,3454.0,37,28.8,31.01,38.24,32.68,1.5, Competitive — Monitor
22399,MAGNETS PACK OF 4 CHILDHOOD MEMORY,1.2858510638297873,0.0,2.51,2942,3452.52,184,1.13,1.25,1.45,1.28,0.5, Competitive — Monitor
21707,"FOLDING UMBRELLA , BLACK/BLUE  SPOT",5.007821782178218,1.95,10.39,850,3446.04,98,4.47,4.68,5.41,4.85,3.3, Competitive — Monitor
47505,MINATURE COLOURED GARDENING SET,5.1781250000000005,0.0,11.26,286,3445.32,189,4.66,4.91,5.69,5.09,1.7, Competitive — Monitor
22454,MEASURING TAPE RUSSIAN DOLL RED,3.1433116883116887,0.0,5.91,1216,3441.7200000000003,151,2.75,3.39,3.58,3.24,-3.0, Competitive — Monitor
22737,RIBBON REEL CHRISTMAS PRESENT ,1.949375,1.45,4.21,2023,3435.92,260,1.68,1.93,2.07,1.89,3.1, Competitive — Monitor
22432,WATERING CAN PINK BUNNY,2.274387351778656,0.0,4.95,6040,3433.6899999999996,253,2.07,2.29,2.44,2.27,0.2, Competitive — Monitor
21900,"KEY FOB , SHED",0.7930722891566265,0.0,1.7,3719,3430.98,481,0.7,0.84,0.84,0.79,0.4, Competitive — Monitor
21578,WOODLAND DESIGN  COTTON TOTE BAG,2.612962962962963,1.75,5.17,1467,3425.91,261,2.37,2.82,3.06,2.75,-5.0, Competitive — Monitor
22172,METAL SHELF WITH RAIL ,9.506544502617801,0.0,17.35,369,3417.82,190,8.23,9.63,11.05,9.64,-1.4, Competitive — Monitor
22489,PACK OF 12 TRADITIONAL CRAYONS,0.4755013550135502,0.0,1.66,8019,3417.0099999999998,361,0.43,0.5,0.55,0.49,-3.0, Competitive — Monitor
21544,SKULLS  WATER TRANSFER TATTOOS ,1.0167908309455589,0.65,1.7,4132,3409.06,345,0.92,0.99,1.18,1.03,-1.3, Competitive — Monitor
22359,temp,3.494620689655173,0.0,5.91,1179,3405.1499999999996,142,2.99,3.39,4.02,3.47,0.7, Competitive — Monitor
22304,COFFEE MUG BLUE PAISLEY DESIGN,2.7023140495867763,0.0,5.17,1443,3404.25,121,2.39,2.66,3.03,2.69,0.5, Competitive — Monitor
22186,RED STAR CARD HOLDER,3.4464976958525346,2.55,6.04,1128,3403.0800000000004,216,2.98,3.54,3.95,3.49,-1.2, Competitive — Monitor
21452,TOADSTOOL MONEY BOX,3.2916858237547895,2.55,6.95,1120,3391.4000000000005,245,2.82,3.39,3.48,3.23,1.9, Competitive — Monitor
21499,BLUE SPOTS  WRAP,0.4138645418326693,0.0,0.42,8241,3388.0,250,0.39,0.4,0.47,0.42,-1.5, Competitive — Monitor
22763,KEY CABINET MA CAMPAGNE,10.428108108108107,6.78,20.38,468,3384.1000000000004,35,9.2,9.82,12.17,10.4,0.3, Competitive — Monitor
85178,VICTORIAN SEWING KIT,1.355463917525773,0.85,2.57,3097,3379.49,186,1.26,1.38,1.52,1.39,-2.5, Competitive — Monitor
21067,VINTAGE RED TEATIME MUG,1.3968316831683167,0.38,2.57,4472,3366.19,196,1.22,1.31,1.54,1.36,2.7, Competitive — Monitor
22272,FELTCRAFT DOLL MARIA,3.189626865671642,1.92,6.04,1201,3366.0400000000004,264,2.93,3.23,3.48,3.21,-0.6, Competitive — Monitor
84797A,PINK HAWAIIAN PICNIC HAMPER FOR 4,10.848666666666666,0.0,34.08,466,3361.25,45,10.05,11.18,12.44,11.22,-3.3, Competitive — Monitor
22504,CABIN BAG VINTAGE RETROSPOT,29.976111111111113,10.0,59.53,120,3360.31,54,27.27,30.94,34.59,30.93,-3.1, Competitive — Monitor
22906,12 MESSAGE CARDS WITH ENVELOPES,1.944262295081967,1.45,3.95,1669,3359.12,214,1.74,2.02,2.3,2.02,-3.7, Competitive — Monitor
21706,"FOLDING UMBRELLA , RED/WHITE SPOT",5.436394557823129,1.95,10.39,983,3341.4500000000003,144,4.84,5.76,5.99,5.53,-1.7, Competitive — Monitor
22550,HOLIDAY FUN LUDO,4.352077922077922,0.0,7.62,850,3341.07,229,3.85,4.35,5.07,4.42,-1.5, Competitive — Monitor
22045,SPACE BOY GIFT WRAP,0.4191143911439114,0.34,0.42,8085,3337.7,271,0.4,0.43,0.48,0.44,-4.7, Competitive — Monitor
22144,CHRISTMAS CRAFT LITTLE FRIENDS,2.6530941704035875,0.0,4.95,1320,3336.61,214,2.48,2.7,3.14,2.77,-4.2, Competitive — Monitor
22766,PHOTO FRAME CORNICE,3.14239263803681,2.55,5.91,1168,3336.4,158,2.97,2.98,3.55,3.17,-0.9, Competitive — Monitor
22057,CERAMIC PLATE STRAWBERRY DESIGN,2.1904265402843603,0.0,3.43,2440,3324.44,209,1.89,2.02,2.47,2.13,2.8, Competitive — Monitor
22840,ROUND CAKE TIN VINTAGE RED,8.25038961038961,6.95,16.13,428,3303.86,151,7.62,7.97,9.38,8.32,-0.8, Competitive — Monitor
44230,SQUARE MIRROR CURTAIN,8.888965517241381,0.0,19.96,175,3303.71,58,8.39,8.81,10.33,9.18,-3.2, Competitive — Monitor
22122,SET OF 2 FANCY FONT TEA TOWELS,3.4308000000000005,0.0,6.04,1160,3295.9800000000005,193,2.98,3.5,4.1,3.53,-2.8, Competitive — Monitor
22361,temp,3.8632830188679246,0.0,6.95,1166,3293.34,261,3.31,4.08,4.1,3.83,0.9, Competitive — Monitor
84975,HEART SHAPED MIRROR,1.9992444444444444,0.0,3.43,2191,3284.99,218,1.85,1.9,2.12,1.96,2.0, Competitive — Monitor
37410,BLACK AND WHITE PAISLEY FLOWER MUG,6.7737837837837835,0.0,16.48,25327,3281.15,37,6.15,6.37,8.07,6.86,-1.3, Competitive — Monitor
84472,PINK AND LILAC QUILTED THROW ,43.38914285714286,0.0,86.91,79,3276.42,35,40.53,46.61,49.01,45.38,-4.4, Competitive — Monitor
22070,SMALL RETRO SPOT MUG IN BOX  RED,3.9180180180180177,2.75,7.78,861,3272.59,215,3.39,3.67,4.48,3.85,1.8, Competitive — Monitor
22611,VINTAGE UNION JACK SHOPPING BAG,5.078980891719745,4.0,10.17,680,3256.92,152,4.72,5.06,5.7,5.16,-1.6, Competitive — Monitor
21355,TOAST ITS - I LOVE YOU ,1.5066244725738396,1.05,2.57,2685,3256.75,234,1.31,1.53,1.6,1.48,1.8, Competitive — Monitor
22571,ROCKING HORSE RED CHRISTMAS ,1.0209965635738831,0.72,1.95,3649,3253.15,282,0.88,1.03,1.19,1.03,-0.9, Competitive — Monitor
22378,WALL TIDY RETROSPOT ,2.7047037037037036,1.85,5.06,1481,3246.05,268,2.34,2.53,3.14,2.67,1.3, Competitive — Monitor
22412,METAL SIGN NEIGHBOURHOOD WITCH ,2.580671641791045,1.85,4.21,1503,3244.7100000000005,260,2.4,2.4,2.83,2.54,1.6, Competitive — Monitor
22241,"GARLAND , WOODEN  "" HAPPY EASTER""",1.555432098765432,0.7,2.95,2387,3240.4900000000002,238,1.43,1.46,1.7,1.53,1.7, Competitive — Monitor
22813,PACK 3 BOXES BIRD PANNETONE ,2.230736842105263,1.65,4.21,1666,3238.2999999999997,177,2.01,2.26,2.62,2.3,-3.0, Competitive — Monitor
84837,WHITE SWEETHEARTS CABINET 4 DRAWERS,13.149395973154363,0.0,26.04,214,3235.54,146,11.65,13.24,13.95,12.95,1.5, Competitive — Monitor
21732,RED HANGING METAL STAR TLIGHT HLDR,3.8059375,3.39,7.78,930,3234.04,60,3.57,3.64,4.5,3.9,-2.4, Competitive — Monitor
21207,SKULL AND CROSSBONES  GARLAND ,1.84,1.45,3.43,2061,3233.14,157,1.64,1.88,2.0,1.84,0.0, Competitive — Monitor
20967,GREY FLORAL FELTCRAFT SHOULDER BAG,3.9523577235772356,2.66,7.78,858,3232.14,239,3.68,4.15,4.5,4.11,-3.8, Competitive — Monitor
21364,PEACE SMALL WOOD LETTERS,7.577880794701986,0.0,13.87,406,3232.01,148,6.77,7.02,9.02,7.6,-0.3, Competitive — Monitor
22434,BALLOON PUMP WITH 10 BALLOONS,1.9721052631578948,1.65,4.21,1789,3231.33,162,1.75,1.97,2.27,2.0,-1.4, Competitive — Monitor
47580,TEA TIME DES TEA COSY,3.0743921568627446,2.1,5.91,1286,3230.0899999999997,250,2.76,3.17,3.42,3.12,-1.5, Competitive — Monitor
37447,CERAMIC CAKE DESIGN SPOTTED PLATE,1.9088297872340425,0.88,3.43,2055,3226.94,279,1.68,1.83,2.2,1.9,0.5, Competitive — Monitor
21064,BOOM BOX SPEAKER BOYS,6.449259259259259,1.95,12.13,599,3223.09,80,5.96,6.25,7.1,6.44,0.1, Competitive — Monitor
22764,"RUSTIC WOODEN CABINET, GLASS DOORS",23.4025,16.88,24.95,175,3218.87,24,21.07,23.83,25.55,23.48,-0.3, Competitive — Monitor
21713,CITRONELLA CANDLE FLOWERPOT,2.2773863636363636,0.85,4.3,1876,3217.37,251,1.99,2.42,2.73,2.38,-4.3, Competitive — Monitor
22474,SPACEBOY TV DINNER TRAY,5.578623188405797,0.0,11.02,685,3208.79,133,5.24,5.86,6.49,5.86,-4.8, Competitive — Monitor
22577,WOODEN HEART CHRISTMAS SCANDINAVIAN,0.9283231707317073,0.85,1.95,3555,3207.08,313,0.82,0.94,1.06,0.94,-1.2, Competitive — Monitor
21069,VINTAGE BILLBOARD TEA MUG,1.6695283018867924,0.8,2.57,3182,3206.08,206,1.51,1.73,1.84,1.69,-1.2, Competitive — Monitor
22583,PACK OF 6 HANDBAG GIFT BOXES,2.8615867158671584,2.1,5.06,1220,3204.1,251,2.69,2.8,3.03,2.84,0.8, Competitive — Monitor
22660,DOORMAT I LOVE LONDON,8.24813725490196,4.58,14.43,521,3198.27,99,7.53,8.43,8.7,8.22,0.3, Competitive — Monitor
22768,FAMILY PHOTO FRAME CORNICE,10.20191304347826,3.0,20.38,327,3195.62,113,8.79,10.15,11.56,10.17,0.3, Competitive — Monitor
21351,CINAMMON & ORANGE WREATH,5.2425,1.95,13.87,1010,3193.52,151,4.95,4.98,6.1,5.34,-1.8, Competitive — Monitor
84968A,S/16 VINTAGE ROSE CUTLERY,14.319818181818182,3.24,26.04,242,3186.98,110,13.07,14.78,16.19,14.68,-2.5, Competitive — Monitor
22497,SET OF 2 TINS VINTAGE BATHROOM ,4.992083333333333,3.75,8.47,717,3182.93,191,4.41,5.04,5.87,5.11,-2.3, Competitive — Monitor
22729,ALARM CLOCK BAKELIKE ORANGE,4.41045,3.39,8.95,768,3177.43,196,3.81,4.31,4.65,4.26,3.5, Competitive — Monitor
21714,CITRONELLA CANDLE GARDEN POT,1.636996805111821,0.65,2.57,2617,3172.91,305,1.52,1.74,1.81,1.69,-3.1, Competitive — Monitor
21743,STAR PORTABLE TABLE LIGHT ,3.4264968152866246,0.0,6.04,1017,3171.4700000000003,151,3.12,3.16,3.72,3.33,2.9, Competitive — Monitor
22483,RED GINGHAM TEDDY BEAR ,3.0990816326530615,0.0,6.95,1117,3167.13,194,2.8,3.01,3.46,3.09,0.3, Competitive — Monitor
22305,COFFEE MUG PINK PAISLEY DESIGN,2.644313725490196,0.0,5.17,1390,3147.75,101,2.48,2.46,2.81,2.58,2.5, Competitive — Monitor
84030E,ENGLISH ROSE HOT WATER BOTTLE,4.710425531914894,0.0,8.47,734,3130.07,181,4.38,4.91,5.62,4.97,-5.2, Competitive — Monitor
22347,PIZZA SLICE DISH,1.6171428571428572,0.0,2.57,2700,3126.68,118,1.4,1.67,1.75,1.61,0.4, Competitive — Monitor
20961,STRAWBERRY BATH SPONGE ,1.6380877742946707,1.06,2.57,2428,3126.14,307,1.44,1.59,1.95,1.66,-1.3, Competitive — Monitor
21918,SET 12 KIDS COLOUR  CHALK STICKS,0.5258590308370045,0.36,0.85,7520,3122.23,445,0.46,0.54,0.59,0.53,-0.8, Competitive — Monitor
20983,12 PENCILS TALL TUBE RED SPOTTY,0.9679746835443037,0.72,1.7,3572,3118.9199999999996,383,0.89,0.95,1.16,1.0,-3.2, Competitive — Monitor
21537,RETRO SPOTS PUDDING BOWL,4.745,0.0,8.65,713,3117.38,207,4.05,4.94,5.38,4.79,-0.9, Competitive — Monitor
22331,WOODLAND PARTY BAG + STICKER SET,1.950509090909091,0.0,3.95,1866,3115.81,271,1.77,1.94,2.32,2.01,-3.0, Competitive — Monitor
22795,SWEETHEART RECIPE BOOK STAND,7.625853658536586,5.95,13.57,448,3112.56,159,7.06,7.52,8.01,7.53,1.3, Competitive — Monitor
20785,FUSCHIA RETRO BAR STOOL,35.254285714285714,0.0,76.55,125,3109.1,34,33.06,37.71,40.97,37.25,-5.4, Competitive — Monitor
22299,PIG KEYRING WITH LIGHT & SOUND ,1.5815151515151515,1.06,2.57,2579,3108.91,131,1.4,1.52,1.87,1.6,-1.2, Competitive — Monitor
21718,RED METAL BEACH SPADE ,1.6248995983935741,0.85,2.57,2502,3095.68,245,1.51,1.53,1.74,1.59,2.2, Competitive — Monitor
20978,36 PENCILS TUBE SKULLS,1.54623417721519,1.06,2.57,2362,3094.7799999999997,304,1.33,1.57,1.65,1.52,1.7, Competitive — Monitor
21717,EASTER TIN BUCKET,2.9995035460992905,2.1,5.17,1145,3092.66,138,2.8,3.22,3.34,3.12,-3.9, Competitive — Monitor
21494,ROTATING LEAVES T-LIGHT HOLDER,2.6683098591549297,0.85,5.91,1996,3089.25,210,2.3,2.62,3.18,2.7,-1.2, Competitive — Monitor
21765,HANGING METAL BIRD BATH,8.843354430379748,0.0,17.35,377,3089.14,147,7.87,8.22,10.0,8.7,1.6, Competitive — Monitor
22437,SET OF 9 BLACK SKULL BALLOONS,0.9475105485232067,0.0,1.66,3732,3081.37,228,0.88,0.92,1.07,0.96,-1.3, Competitive — Monitor
22769,CHALKBOARD KITCHEN ORGANISER,27.216521739130435,16.86,51.02,153,3078.7,46,23.54,27.24,29.15,26.64,2.2, Competitive — Monitor
22460,EMBOSSED GLASS TEALIGHT HOLDER,1.494090909090909,1.06,2.51,2268,3074.58,174,1.3,1.41,1.57,1.43,4.5, Competitive — Monitor
22118,JOY WOODEN BLOCK LETTERS,5.561078431372549,4.25,12.13,589,3073.4900000000002,194,5.13,5.7,6.51,5.78,-3.8, Competitive — Monitor
22846,BREAD BIN DINER STYLE RED ,17.221951219512196,0.0,34.0,190,3056.7999999999997,80,15.88,18.59,18.31,17.59,-2.1, Competitive — Monitor
84352,SILVER CHRISTMAS TREE BAUBLE STAND ,17.95778761061947,14.95,34.74,179,3055.93,113,16.42,17.82,20.56,18.27,-1.7, Competitive — Monitor
22341,LOVE GARLAND PAINTED ZINC ,2.2734831460674156,1.45,3.43,1834,3042.8799999999997,174,2.09,2.22,2.7,2.34,-2.8, Competitive — Monitor
21333,CLASSIC WHITE FRAME,3.2233482142857146,0.0,6.04,977,3041.6200000000003,223,2.91,3.17,3.49,3.19,1.0, Competitive — Monitor
22030,SWALLOWS GREETING CARD,0.4628733031674208,0.36,0.86,7388,3035.55,421,0.41,0.43,0.53,0.46,0.6, Competitive — Monitor
22509,SEWING BOX RETROSPOT DESIGN ,17.947383177570092,14.95,34.04,180,3033.72,106,15.88,19.05,19.06,18.0,-0.3, Competitive — Monitor
22162,HEART GARLAND RUSTIC PADDED,3.4233862433862434,0.0,6.04,956,3033.27,182,2.97,3.38,3.9,3.42,0.1, Competitive — Monitor
20963,APPLE BATH SPONGE,1.7082315112540192,1.06,2.57,2298,3011.45,304,1.61,1.68,1.84,1.71,-0.1, Competitive — Monitor
22065,CHRISTMAS PUDDING TRINKET POT ,1.8215953307392996,0.0,3.43,2012,2999.41,240,1.65,1.87,2.11,1.88,-3.1, Competitive — Monitor
21054,NURSE'S BAG SOFT TOY,9.592269938650306,0.0,17.35,292,2992.97,158,8.54,9.5,10.51,9.52,0.8, Competitive — Monitor
21477,STRING OF 20 ROSE LIGHTS,13.611964285714285,0.0,26.04,265,2991.69,56,12.2,13.93,15.24,13.79,-1.3, Competitive — Monitor
84950,ASSORTED COLOUR T-LIGHT HOLDER,0.957816091954023,0.0,10.39,4300,2988.42,166,0.9,0.89,1.09,0.96,-0.2, Competitive — Monitor
22071,SMALL RETRO SPOT MUG IN BOX  WHITE,3.8635449735449736,2.75,7.78,799,2985.95,182,3.34,4.06,4.16,3.85,0.4, Competitive — Monitor
22593,CHRISTMAS GINGHAM STAR,1.0220746887966805,0.72,1.66,3403,2978.14,237,0.93,1.09,1.19,1.07,-4.5, Competitive — Monitor
21784,SHOE SHINE BOX ,12.73108108108108,0.0,21.7,235,2974.8599999999997,145,11.47,13.03,13.95,12.82,-0.7, Competitive — Monitor
22855,FINE WICKER HEART ,1.4127570093457944,1.06,2.51,2376,2969.82,206,1.29,1.52,1.62,1.48,-4.5, Competitive — Monitor
22626,BLACK KITCHEN SCALES,9.2578125,7.65,16.98,343,2969.6,157,7.89,8.74,9.94,8.86,4.5, Competitive — Monitor
22245,"HOOK, 1 HANGER ,MAGIC GARDEN",1.0822485207100592,0.36,1.7,3426,2968.8399999999997,328,1.01,1.08,1.25,1.11,-2.5, Competitive — Monitor
22027,TEA PARTY BIRTHDAY CARD,0.5139442231075697,0.36,1.0,7007,2968.12,498,0.48,0.52,0.55,0.52,-1.2, Competitive — Monitor
22562,MONSTERS STENCIL CRAFT,1.2725641025641026,1.06,2.51,2592,2952.6800000000003,191,1.15,1.29,1.42,1.29,-1.4, Competitive — Monitor
22732,3D VINTAGE CHRISTMAS STICKERS ,1.5350588235294116,1.06,3.36,2211,2952.51,165,1.41,1.51,1.67,1.53,0.3, Competitive — Monitor
79072,TEATIME CAKE TIN WITH HANDLE,12.288135593220339,0.0,17.35,226,2943.9,117,11.58,11.97,14.28,12.61,-2.6, Competitive — Monitor
22449,SILK PURSE RUSSIAN DOLL PINK,3.643423913043478,0.0,6.77,876,2941.3900000000003,180,3.35,3.43,3.97,3.58,1.8, Competitive — Monitor
21313,GLASS HEART T-LIGHT HOLDER ,1.1189592760180995,0.64,1.7,3426,2933.5,218,0.97,1.1,1.32,1.13,-1.0, Competitive — Monitor
21214,SET OF 72 IVORY PAPER DOILIES,1.958647342995169,0.0,3.04,1857,2920.8199999999997,203,1.78,1.85,2.32,1.98,-1.1, Competitive — Monitor
84968E,S/16 VINTAGE BLACK CUTLERY,12.37142857142857,0.0,26.04,216,2916.95,56,11.27,12.84,13.35,12.49,-0.9, Competitive — Monitor
21471,STRAWBERRY RAFFIA FOOD COVER,4.171739130434783,2.95,7.78,778,2916.29,159,3.72,3.98,4.76,4.15,0.5, Competitive — Monitor
21967,PACK OF 12 SKULL TISSUES,0.39584229390681,0.0,0.85,10135,2901.1,273,0.37,0.37,0.42,0.39,1.5, Competitive — Monitor
21534,DAIRY MAID LARGE MILK JUG,5.275879629629629,0.0,10.39,568,2889.73,203,4.98,5.32,5.85,5.38,-1.9, Competitive — Monitor
22751,FELTCRAFT PRINCESS OLIVIA DOLL,4.015970149253731,3.39,7.62,762,2888.73,194,3.79,4.08,4.65,4.17,-3.7, Competitive — Monitor
85184D,S/4 BLUE ROUND DECOUPAGE BOXES,3.3395774647887326,0.0,6.04,4098,2884.81,70,2.99,3.54,3.84,3.46,-3.5, Competitive — Monitor
22177,5 HOOK BLACKBOARD ORGANISER ,11.62912408759124,0.0,21.7,293,2884.41,136,10.02,11.77,13.3,11.7,-0.6, Competitive — Monitor
22689,DOORMAT MERRY CHRISTMAS RED ,7.941507936507937,0.0,16.98,344,2868.87,126,7.53,7.75,8.68,7.99,-0.6, Competitive — Monitor
72807B,SET/3 OCEAN SCENT CANDLE JEWEL BOX,5.115942028985507,3.81,8.65,671,2866.07,135,4.78,5.36,5.66,5.27,-2.9, Competitive — Monitor
21913,VINTAGE SEASIDE JIGSAW PUZZLES,4.400487804878049,3.39,7.78,758,2861.12,161,3.8,4.43,4.69,4.31,2.1, Competitive — Monitor
84279P, CHERRY BLOSSOM  DECORATIVE FLASK,4.453455497382199,3.39,8.65,749,2860.03,190,4.2,4.15,5.16,4.5,-1.0, Competitive — Monitor
85114B,IVORY ENCHANTED FOREST PLACEMAT,2.0963694267515924,1.45,3.43,1598,2843.75,153,1.96,2.12,2.36,2.15,-2.5, Competitive — Monitor
22431,WATERING CAN BLUE ELEPHANT,2.3881848184818484,0.0,4.95,1344,2842.92,301,2.15,2.54,2.76,2.48,-3.7, Competitive — Monitor
20977,36 PENCILS TUBE WOODLAND,1.588132911392405,1.06,2.57,2114,2817.6,307,1.44,1.56,1.73,1.58,0.5, Competitive — Monitor
22530,MAGIC DRAWING SLATE DOLLY GIRL ,0.4950387596899225,0.36,1.0,6619,2817.04,253,0.44,0.48,0.54,0.49,1.0, Competitive — Monitor
84849B,FAIRY SOAP SOAP HOLDER,2.0172566371681415,1.45,3.43,1694,2810.88,225,1.73,1.9,2.22,1.95,3.4, Competitive — Monitor
84909A,PINK PAISLEY QUILT ,15.615151515151513,0.0,45.95,194,2797.55,33,13.8,14.74,16.46,15.0,4.1, Competitive — Monitor
22285,"DECORATION HEN ON NEST, HANGING",1.8177215189873417,0.0,3.43,1777,2792.83,148,1.69,1.8,2.0,1.83,-0.7, Competitive — Monitor
21648,ASSORTED TUTTI FRUTTI SMALL PURSE,1.8007027027027027,0.0,2.57,1875,2790.77,181,1.53,1.83,2.11,1.82,-1.1, Competitive — Monitor
21901,"KEY FOB , BACK DOOR ",0.7457517899761337,0.53,1.7,4324,2784.77,397,0.66,0.7,0.88,0.75,-0.6, Competitive — Monitor
21495,SKULLS WRAP,0.41849765258215965,0.34,0.42,6715,2784.3,213,0.37,0.45,0.47,0.43,-2.7, Competitive — Monitor
21796,SET OF 3 RED STRIPE BASKETS,12.475882352941177,0.0,12.75,352,2782.19,68,11.27,12.99,13.95,12.74,-2.1, Competitive — Monitor
21470,FLOWER VINE RAFFIA FOOD COVER,4.2833854166666665,2.95,7.78,734,2777.1,188,4.03,4.34,4.52,4.3,-0.4, Competitive — Monitor
22600,CHRISTMAS RETROSPOT STAR WOOD,0.974,0.72,1.66,3261,2775.12,250,0.86,1.03,1.15,1.01,-3.6, Competitive — Monitor
21728,METAL MEDINA LANTERN ,13.030652173913042,0.0,26.04,290,2773.11,44,11.53,12.16,13.71,12.47,4.5, Competitive — Monitor
85049G,CHOCOLATE BOX RIBBONS ,1.334963768115942,0.0,2.57,1996,2766.96,269,1.23,1.33,1.59,1.38,-3.3, Competitive — Monitor
22141,CHRISTMAS CRAFT TREE TOP ANGEL,2.621437125748503,0.0,4.95,1002,2763.6200000000003,159,2.35,2.68,2.94,2.66,-1.4, Competitive — Monitor
20702,PINK PADDED MOBILE,4.291636363636363,3.75,8.47,657,2761.41,211,3.74,4.52,4.73,4.33,-0.9, Competitive — Monitor
46000S,POLYESTER FILLER PAD 40x40cm,1.4009661835748792,0.0,1.45,2504,2760.7999999999997,207,1.25,1.46,1.67,1.46,-4.0, Competitive — Monitor
21916,SET 12 RETRO WHITE CHALK STICKS,0.4892487046632124,0.36,1.0,6353,2757.44,374,0.42,0.47,0.52,0.47,4.1, Competitive — Monitor
84558A,3D DOG PICTURE PLAYING CARDS,3.157832167832168,2.55,6.04,963,2755.7700000000004,129,2.74,3.38,3.59,3.24,-2.5, Competitive — Monitor
22175,PINK OWL SOFT TOY,3.417380952380953,1.98,6.04,964,2751.9900000000002,205,3.08,3.21,3.87,3.39,0.8, Competitive — Monitor
22374,AIRLINE BAG VINTAGE JET SET RED,5.927181818181818,3.95,12.72,492,2750.85,218,5.29,6.28,6.42,6.0,-1.2, Competitive — Monitor
22491,PACK OF 12 COLOURED PENCILS,0.8910270270270271,0.72,2.51,3427,2749.96,181,0.84,0.96,0.99,0.93,-4.2, Competitive — Monitor
22145,CHRISTMAS CRAFT HEART STOCKING ,2.3160663507109005,0.0,4.3,1256,2748.46,203,2.05,2.2,2.66,2.3,0.7, Competitive — Monitor
35001W,HAND OPEN SHAPE DECO.WHITE,4.028855721393035,0.0,8.65,810,2745.33,195,3.66,4.17,4.67,4.17,-3.4, Competitive — Monitor
22128,PARTY CONES CANDY ASSORTED,1.608095238095238,1.06,12.72,2251,2744.56,123,1.47,1.49,1.69,1.55,3.7, Competitive — Monitor
22406,MONEY BOX KINGS CHOICE DESIGN,1.4264625850340136,1.06,2.95,2128,2737.74,140,1.21,1.4,1.7,1.44,-0.9, Competitive — Monitor
20665,RED SPOTTY PURSE ,3.6446948356807516,2.55,6.04,875,2736.7000000000003,210,3.34,3.65,3.92,3.64,0.1, Competitive — Monitor
22435,SET OF 9 HEART SHAPED BALLOONS,1.3856146179401994,1.06,2.51,2136,2733.74,285,1.2,1.4,1.5,1.37,1.1, Competitive — Monitor
84795C,OCEAN STRIPE HAMMOCK ,9.199191176470588,0.0,16.98,323,2728.7400000000002,135,8.7,9.84,10.02,9.52,-3.4, Competitive — Monitor
21564,PINK  HEART SHAPE LOVE BUCKET ,3.239065934065934,2.55,6.04,918,2725.3500000000004,180,2.8,3.33,3.42,3.18,1.9, Competitive — Monitor
15044D,RED PAPER PARASOL,3.5082432432432435,2.55,6.04,946,2725.15,146,3.13,3.5,3.75,3.46,1.4, Competitive — Monitor
85232D,SET/3 DECOUPAGE STACKING TINS,5.933352601156069,4.25,10.39,520,2719.2000000000003,165,5.09,6.23,7.11,6.14,-3.4, Competitive — Monitor
21896,POTTING SHED TWINE,2.5550520833333334,1.38,4.3,1420,2713.32,187,2.43,2.74,2.8,2.66,-3.9, Competitive — Monitor
84031A,CHARLIE+LOLA RED HOT WATER BOTTLE ,4.894,1.95,9.32,715,2712.81,167,4.41,4.52,5.22,4.72,3.7, Competitive — Monitor
22227,"DECORATION, HANGING HEART+MIRROR ",0.8872774869109947,0.55,1.3,3779,2708.6400000000003,369,0.81,0.96,0.95,0.91,-2.5, Competitive — Monitor
21846,PINK DIAMANTE PEN IN GIFT BOX,3.800057471264368,1.25,4.95,1210,2707.98,172,3.26,3.55,4.4,3.74,1.6, Competitive — Monitor
22594,CHRISTMAS GINGHAM TREE,1.053119658119658,0.72,1.66,3005,2694.2,233,0.97,1.11,1.24,1.11,-5.1, Competitive — Monitor
22862,LOVE HEART NAPKIN BOX ,4.732183908045977,3.75,8.47,611,2677.81,167,4.12,4.57,5.15,4.61,2.7, Competitive — Monitor
22136,LOVE HEART SOCK HANGER,2.013948717948718,1.45,3.43,1619,2664.89,189,1.89,1.9,2.12,1.97,2.2, Competitive — Monitor
21923,RED/CREAM STRIPE FRINGE HAMMOCK,8.430564516129033,0.0,17.35,378,2662.6400000000003,123,7.34,8.35,9.13,8.27,1.9, Competitive — Monitor
84580,MOUSE TOY WITH PINK T-SHIRT,3.8834113712374587,3.75,4.3,692,2662.27,291,3.37,3.97,4.11,3.82,1.7, Competitive — Monitor
21249,WOODLAND  HEIGHT CHART STICKERS ,3.5581045751633984,1.66,6.04,946,2655.6400000000003,151,3.04,3.49,3.79,3.44,3.4, Competitive — Monitor
18098C,PORCELAIN BUTTERFLY OIL BURNER,3.17943661971831,0.0,6.08,888,2646.21,200,2.85,2.95,3.54,3.11,2.2, Competitive — Monitor
21056,DOCTOR'S BAG SOFT TOY,9.422713178294574,7.95,17.35,295,2645.23,128,8.54,9.57,10.22,9.44,-0.2, Competitive — Monitor
21068,VINTAGE BILLBOARD LOVE/HATE MUG,1.4665533980582526,0.38,2.57,2713,2644.91,202,1.26,1.56,1.65,1.49,-1.6, Competitive — Monitor
22107,PIZZA PLATE IN BOX,5.048173515981735,3.39,7.78,612,2637.49,216,4.68,4.95,5.49,5.04,0.2, Competitive — Monitor
21899,"KEY FOB , GARAGE DESIGN",0.7613172043010752,0.53,1.7,4096,2634.9100000000003,359,0.68,0.73,0.91,0.77,-1.1, Competitive — Monitor
22578,WOODEN STAR CHRISTMAS SCANDINAVIAN,0.926360544217687,0.85,1.95,2931,2626.45,274,0.84,0.92,1.1,0.95,-2.5, Competitive — Monitor
22075,6 RIBBONS ELEGANT CHRISTMAS ,1.8886740331491711,1.45,4.21,1584,2619.6,176,1.69,1.75,2.14,1.86,1.5, Competitive — Monitor
82597,BOMBS AWAY METAL SIGN,2.518061674008811,0.0,4.3,1044,2618.3700000000003,221,2.24,2.65,2.78,2.56,-1.6, Competitive — Monitor
72349B,SET/6 PURPLE BUTTERFLY T-LIGHTS,2.4033879781420766,1.69,4.3,1282,2609.51,179,2.18,2.53,2.66,2.46,-2.3, Competitive — Monitor
37502,TEA TIME MUG IN GIFT BOX,3.248166666666667,0.0,6.04,1212,2608.6400000000003,175,2.81,3.29,3.61,3.24,0.3, Competitive — Monitor
21864,UNION JACK FLAG PASSPORT COVER ,2.658857142857143,1.69,4.95,1116,2606.29,238,2.31,2.6,3.08,2.66,-0.0, Competitive — Monitor
84796B,BLUE SAVANNAH PICNIC HAMPER FOR 2,9.056271186440679,0.0,25.49,304,2606.2000000000003,57,8.48,9.49,10.12,9.36,-3.2, Competitive — Monitor
20886,BOX OF 9 PEBBLE CANDLES,2.3828054298642534,1.65,4.3,1307,2601.3199999999997,212,2.25,2.4,2.81,2.49,-4.3, Competitive — Monitor
85049B,LUSH GREENS RIBBONS,1.31374251497006,0.0,2.57,2009,2598.3,328,1.17,1.38,1.57,1.37,-4.1, Competitive — Monitor
72807A,SET/3 ROSE CANDLE IN JEWELLED BOX,5.733100775193799,3.81,8.65,570,2592.8,128,5.03,5.85,6.31,5.73,0.1, Competitive — Monitor
22589,CARDHOLDER GINGHAM STAR,2.8717977528089884,2.1,5.06,992,2586.7999999999997,171,2.63,3.0,3.26,2.96,-3.0, Competitive — Monitor
22194,BLACK DINER WALL CLOCK,8.934227642276424,7.65,16.98,307,2586.41,123,7.96,9.08,9.51,8.85,1.0, Competitive — Monitor
21506,"FANCY FONT BIRTHDAY CARD, ",0.4686253369272237,0.36,1.0,6296,2586.21,363,0.4,0.46,0.51,0.46,1.9, Competitive — Monitor
21876,POTTERING MUG,1.8850312500000002,1.0,3.43,1889,2584.98,317,1.63,2.02,2.1,1.92,-1.8, Competitive — Monitor
22433,my error - connor,2.2570334928229663,0.0,4.21,-2788,2580.16,203,2.08,2.27,2.44,2.26,-0.1, Competitive — Monitor
22312,OFFICE MUG WARMER POLKADOT,4.842452830188679,2.55,8.65,671,2576.01,153,4.44,4.92,5.72,5.03,-3.7, Competitive — Monitor
22476,EMPIRE UNION JACK TV DINNER TRAY,6.451987577639751,0.0,11.02,476,2572.16,159,5.5,6.16,6.93,6.2,4.1, Competitive — Monitor
22693,GROW A FLYTRAP OR SUNFLOWER IN TIN,1.3102127659574467,1.06,2.95,1655,2571.63,46,1.14,1.34,1.47,1.32,-0.7, Competitive — Monitor
47503J,SET/3 FLORAL GARDEN TOOLS IN BAG,10.855384615384615,3.95,16.48,325,2568.33,77,9.48,10.98,12.38,10.95,-0.9, Competitive — Monitor
71038,WHITE HANGING BEADS CANDLE HOLDER,5.420093457943926,4.65,5.45,482,2566.1,105,4.97,5.15,6.25,5.46,-0.7, Competitive — Monitor
21360,JOY LARGE WOOD LETTERS,10.15494382022472,0.0,21.7,378,2564.19,88,8.65,9.44,11.25,9.78,3.8, Competitive — Monitor
22961,JAM MAKING SET PRINTED,1.633388429752066,0.0,3.36,1662,2563.06,119,1.41,1.66,1.93,1.67,-2.2, Competitive — Monitor
21653,GLASS ETCHED T-LIGHT HOLDER LARGE,2.2201612903225807,0.0,4.21,1108,2561.4700000000003,115,2.06,2.31,2.52,2.3,-3.5, Competitive — Monitor
22146,EASTER CRAFT IVY WREATH WITH CHICK,1.931025641025641,0.0,4.95,1382,2561.28,112,1.68,1.94,2.15,1.92,0.6, Competitive — Monitor
21589,SWALLOW GIANT TUBE MATCHES,2.4774725274725276,0.0,2.55,1084,2552.85,90,2.27,2.37,2.63,2.42,2.4, Competitive — Monitor
22610,PENS ASSORTED FUNNY FACE,1.0789333333333333,0.72,1.95,3113,2544.44,75,0.94,1.11,1.21,1.09,-1.0, Competitive — Monitor
35924,HANGING FAIRY CAKE DECORATION,2.832384615384615,1.69,4.3,1325,2538.85,125,2.44,2.64,3.32,2.8,1.2, Competitive — Monitor
22731,3D CHRISTMAS STAMPS STICKERS ,1.4881506849315067,1.06,3.36,1869,2538.17,142,1.3,1.47,1.7,1.49,-0.1, Competitive — Monitor
20787,BLUE RETRO BAR STOOL,32.01842105263158,0.0,76.55,-1,2535.1,35,29.53,30.29,37.62,32.48,-1.4, Competitive — Monitor
84509A,ENGLISH ROSE PLACEMATS,4.672209944751381,2.95,7.78,635,2529.86,180,4.37,4.44,5.25,4.69,-0.4, Competitive — Monitor
82581,TOILET METAL SIGN,0.6604990757855823,0.0,1.3,4074,2528.6600000000003,526,0.62,0.63,0.71,0.65,1.6, Competitive — Monitor
22960,mailout addition,4.615348837209303,0.0,8.47,587,2527.43,84,4.11,4.53,4.86,4.5,2.6, Competitive — Monitor
21987,PACK OF 6 SKULL PAPER CUPS,0.6959111111111111,0.35,1.66,4037,2525.46,218,0.64,0.65,0.76,0.68,2.3, Competitive — Monitor
22938,CUPCAKE LACE PAPER SET 6,2.0316326530612243,1.65,4.21,1379,2517.6699999999996,97,1.77,2.0,2.35,2.04,-0.4, Competitive — Monitor
21431,GREEN GINGHAM FLOWER JEWELLERY BOX,1.927027972027972,0.0,3.43,1376,2516.31,281,1.69,1.93,2.25,1.96,-1.7, Competitive — Monitor
79164,BLACK WINE GLASS,7.5465,0.48,21.7,1996,2516.24,79,7.09,7.53,8.26,7.63,-1.1, Competitive — Monitor
21473,SWEETHEART CREAM STEEL TABLE RECT,19.95,19.95,19.95,126,2513.7,72,16.98,19.58,22.43,19.66,1.5, Competitive — Monitor
21323,HANGING MEDINA LANTERN LARGE,5.369080459770115,0.0,8.65,726,2511.14,83,4.61,5.66,5.98,5.42,-0.9, Competitive — Monitor
22601,CHRISTMAS RETROSPOT ANGEL WOOD,0.9957261410788382,0.72,1.66,2943,2510.0099999999998,238,0.87,0.94,1.11,0.97,2.7, Competitive — Monitor
22574,HEART WOODEN CHRISTMAS DECORATION,1.027590909090909,0.72,1.95,2762,2508.0299999999997,216,0.88,1.03,1.11,1.01,1.7, Competitive — Monitor
21627,ELEPHANT CARNIVAL POUFFE,22.807066666666667,12.75,30.43,132,2507.2,74,19.8,21.21,24.41,21.81,4.6, Competitive — Monitor
21245,GREEN  SPOTTY PLATE ,1.8647849462365589,1.45,3.43,1507,2506.5099999999998,180,1.69,1.74,2.01,1.81,3.0, Competitive — Monitor
22747,POPPY'S PLAYHOUSE BATHROOM,2.2924120603015075,1.85,5.06,1125,2502.9700000000003,193,2.05,2.32,2.43,2.27,1.0, Competitive — Monitor
21324,HANGING MEDINA LANTERN SMALL,3.676441717791411,0.0,6.04,878,2499.05,154,3.45,3.72,3.97,3.71,-0.9, Competitive — Monitor
22148,EASTER CRAFT 4 CHICKS ,2.34504,0.0,4.95,1233,2498.4900000000002,119,2.18,2.49,2.47,2.38,-1.5, Competitive — Monitor
20960,WATERMELON BATH SPONGE,1.5952803738317756,0.0,2.57,1761,2498.43,211,1.41,1.61,1.83,1.62,-1.5, Competitive — Monitor
22661,CHARLOTTE BAG DOLLY GIRL DESIGN,0.927542372881356,0.72,1.66,3102,2496.05,230,0.81,1.0,1.02,0.94,-1.3, Competitive — Monitor
16161P,WRAP ENGLISH ROSE ,0.41411167512690356,0.0,0.42,5852,2486.48,195,0.37,0.38,0.5,0.42,-1.4, Competitive — Monitor
37501,TEA TIME TEA SET IN GIFT BOX,7.484366197183099,0.0,14.74,671,2481.48,139,6.8,7.0,8.08,7.29,2.7, Competitive — Monitor
51014A,"FEATHER PEN,HOT PINK",1.106986301369863,0.0,1.7,2745,2480.5899999999997,146,0.97,1.03,1.22,1.07,3.5, Competitive — Monitor
85041,SET/4 PINK ORCHID CANDLES IN BOWL,1.75875,0.0,3.43,1856,2475.02,96,1.6,1.67,1.94,1.74,1.1, Competitive — Monitor
22291,"SPRING DEC , HANGING CHICK CREAM",1.6485999999999998,0.85,2.98,1882,2475.0099999999998,145,1.47,1.66,1.73,1.62,1.8, Competitive — Monitor
22895,SET OF 2 TEA TOWELS APPLE AND PEARS,3.1252,0.0,5.91,835,2473.57,143,2.83,3.2,3.67,3.23,-3.2, Competitive — Monitor
18097C,WHITE TALL PORCELAIN T-LIGHT HOLDER,2.695424836601307,1.25,5.06,1119,2466.47,149,2.41,2.5,2.84,2.58,4.5, Competitive — Monitor
21203,BUTTERFLIES  HONEYCOMB GARLAND,2.0188815789473686,0.0,3.43,1434,2459.0499999999997,148,1.78,2.16,2.4,2.11,-4.3, Competitive — Monitor
84509F,NEW ENGLAND PLACEMATS,3.853404255319149,0.0,7.62,2758,2456.1,47,3.64,4.06,4.56,4.09,-5.8, Competitive — Monitor
84912A,PINK ROSE WASHBAG,3.6659006211180127,2.0,7.78,941,2447.07,160,3.4,3.55,4.14,3.7,-0.9, Competitive — Monitor
21330,WOODLAND ANIMAL  WRITING SET ,2.2416666666666667,0.0,3.43,1335,2445.8199999999997,204,1.94,2.09,2.54,2.19,2.4, Competitive — Monitor
85206A,CREAM FELT EASTER EGG BASKET,1.83,1.45,3.95,1372,2445.33,209,1.71,1.73,2.1,1.85,-1.1, Competitive — Monitor
22415,WHITE TISSUE REAM,7.95,7.95,7.95,307,2440.65,197,7.15,7.48,8.81,7.81,1.8, Competitive — Monitor
85206B,PINK FELT EASTER EGG BASKET,1.794627659574468,0.0,3.36,1485,2439.35,184,1.69,1.69,2.06,1.81,-0.8, Competitive — Monitor
22067,CHOC TRUFFLE GOLD TRINKET POT ,2.0804455445544554,1.45,3.43,1479,2436.9199999999996,195,1.93,2.09,2.2,2.07,0.5, Competitive — Monitor
21274,EMBOSSED HEART 3 DRAWER SHELF,14.470818181818181,0.0,25.49,164,2433.44,107,12.92,13.88,15.31,14.04,3.1, Competitive — Monitor
22687,DOORMAT CHRISTMAS VILLAGE,8.82939393939394,0.0,16.98,311,2430.45,99,7.52,8.63,9.88,8.68,1.7, Competitive — Monitor
21679,SKULLS  STICKERS,1.0115725806451612,0.72,1.7,2915,2427.89,243,0.89,1.09,1.15,1.04,-2.7, Competitive — Monitor
22445,PENCIL CASE LIFE IS BEAUTIFUL,3.4046583850931675,2.55,5.91,784,2427.36,152,3.08,3.51,4.03,3.54,-3.8, Competitive — Monitor
22284,HEN HOUSE DECORATION,1.9682777777777776,1.0,3.36,1541,2427.33,173,1.8,2.11,2.1,2.0,-1.6, Competitive — Monitor
22767,TRIPLE PHOTO FRAME CORNICE ,10.48532608695652,8.5,20.38,241,2424.56,90,9.18,9.89,12.3,10.46,0.2, Competitive — Monitor
22733,3D STICKERS TRADITIONAL CHRISTMAS ,1.5038787878787878,1.06,3.36,1923,2423.44,160,1.3,1.48,1.63,1.47,2.3, Competitive — Monitor
72802A,ROSE SCENT CANDLE IN JEWELLED BOX,4.352985074626865,3.81,8.47,581,2422.77,131,4.06,4.39,4.83,4.43,-1.7, Competitive — Monitor
10135,COLOURING PENCILS BROWN TUBE,1.4196273291925465,1.06,2.57,2032,2422.71,160,1.35,1.32,1.56,1.41,0.7, Competitive — Monitor
22459,CAST IRON HOOK GARDEN TROWEL,2.8135443037974683,0.0,5.95,1016,2422.39,155,2.54,2.59,3.12,2.75,2.3, Competitive — Monitor
22725,ALARM CLOCK BAKELIKE CHOCOLATE,4.577162162162162,3.39,8.95,594,2417.85,142,3.97,4.7,4.91,4.53,1.0, Competitive — Monitor
21328,BALLOONS  WRITING SET ,2.2708734939759037,1.25,3.43,1193,2417.45,320,1.99,2.32,2.56,2.29,-0.8, Competitive — Monitor
22736,"RIBBON REEL, MAKING SNOWMEN ",2.0428110599078337,1.45,4.21,1390,2410.48,211,1.74,2.01,2.39,2.05,-0.4, Competitive — Monitor
21924,BLUE/CREAM STRIPE FRINGE HAMMOCK,8.400461538461538,0.0,17.35,334,2407.1600000000003,129,7.91,8.39,9.38,8.56,-1.9, Competitive — Monitor
20982,12 PENCILS TALL TUBE SKULLS,0.9574425287356322,0.72,1.7,2747,2403.08,334,0.83,0.94,1.08,0.95,0.8, Competitive — Monitor
21466,RED FLOWER CROCHET FOOD COVER,4.0389880952380945,2.95,7.78,633,2400.4,167,3.67,3.73,4.76,4.05,-0.3, Competitive — Monitor
22458,CAST IRON HOOK GARDEN FORK,2.780314465408805,0.0,5.95,1017,2399.12,157,2.44,2.71,3.21,2.79,-0.3, Competitive — Monitor
22184,CAKE STAND VICTORIAN FILIGREE LARGE,9.234,3.95,17.35,329,2399.05,129,8.36,8.76,10.38,9.17,0.7, Competitive — Monitor
22603,CHRISTMAS RETROSPOT TREE WOOD,1.013347280334728,0.72,1.66,2836,2398.48,235,0.93,0.95,1.1,0.99,2.4, Competitive — Monitor
16161U,"WRAP,SUKI AND FRIENDS",0.4170212765957446,0.34,0.42,5951,2397.42,188,0.39,0.45,0.49,0.44,-5.2, Competitive — Monitor
84840,SWEETHEART CARRY-ALL BASKET,8.875845070422535,0.0,16.98,229,2396.82,141,7.73,9.02,10.09,8.95,-0.8, Competitive — Monitor
21447,12 IVORY ROSE PEG PLACE SETTINGS,1.5500999999999998,1.06,2.57,1830,2394.54,193,1.32,1.61,1.68,1.54,0.7, Competitive — Monitor
22334,DINOSAUR PARTY BAG + STICKER SET,1.6964161849710981,0.0,4.38,1524,2390.0,169,1.47,1.65,1.85,1.66,2.2, Competitive — Monitor
72802B,OCEAN SCENT CANDLE IN JEWELLED BOX,4.562307692307692,3.81,8.47,558,2384.46,141,4.29,4.48,5.34,4.7,-2.9, Competitive — Monitor
15039,SANDALWOOD FAN,1.0567857142857142,0.53,1.7,3027,2381.39,165,0.99,1.01,1.12,1.04,1.6, Competitive — Monitor
22796,PHOTO FRAME 3 CLASSIC HANGING,10.631894736842105,8.5,21.23,235,2376.29,94,9.67,9.95,12.75,10.79,-1.5, Competitive — Monitor
21866,UNION JACK FLAG LUGGAGE TAG,1.6239310344827587,1.06,3.36,1452,2376.2599999999998,274,1.48,1.54,1.74,1.59,2.1, Competitive — Monitor
47570,ENGLISH ROSE TABLE CLOTH,11.788048780487806,0.0,21.7,99,2373.01,81,10.8,12.35,13.79,12.31,-4.2, Competitive — Monitor
70006,LOVE HEART POCKET WARMER,2.156701030927835,0.79,3.43,1777,2371.45,184,1.87,2.22,2.39,2.16,-0.2, Competitive — Monitor
20674,GREEN SPOTTY BOWL,1.4617777777777778,1.06,2.57,1877,2371.26,266,1.38,1.47,1.64,1.5,-2.5, Competitive — Monitor
22596,CHRISTMAS STAR WISH LIST CHALKBOARD,0.8463829787234043,0.0,1.66,2854,2369.2799999999997,182,0.75,0.84,1.0,0.86,-1.6, Competitive — Monitor
21469,POLKA DOT RAFFIA FOOD COVER,4.0396,1.25,7.78,835,2366.69,125,3.59,4.31,4.49,4.13,-2.2, Competitive — Monitor
21272,SALLE DE BAIN HOOK,1.6018823529411763,1.06,2.57,1820,2366.08,248,1.44,1.49,1.81,1.58,1.4, Competitive — Monitor
22309,TEA COSY RED  STRIPE,3.274522292993631,2.1,5.17,948,2357.43,155,2.8,3.16,3.46,3.14,4.3, Competitive — Monitor
22791,T-LIGHT GLASS FLUTED ANTIQUE,1.4987394957983193,1.06,2.51,1906,2356.58,115,1.3,1.46,1.57,1.44,4.1, Competitive — Monitor
22320,BIRDS MOBILE VINTAGE DESIGN,6.147391304347827,5.45,12.13,399,2338.25,114,5.68,6.43,6.68,6.26,-1.8, Competitive — Monitor
21437,24 HANGING EASTER EGGS FLORAL TUB,3.9011764705882355,0.0,7.62,623,2335.92,113,3.35,4.21,4.49,4.02,-3.0, Competitive — Monitor
20981,12 PENCILS TALL TUBE WOODLAND,0.9636971830985915,0.72,1.7,2746,2332.72,279,0.88,0.92,1.03,0.94,2.5, Competitive — Monitor
21246,RED SPOTTY BIG BOWL,5.527844827586207,4.25,11.26,459,2329.05,116,4.83,5.86,5.9,5.53,-0.0, Competitive — Monitor
21540,DAIRY MAID CERAMIC BUTTER DISH,4.6253,0.0,8.65,1277,2321.95,98,4.11,4.87,5.14,4.71,-1.8, Competitive — Monitor
22839,"CAKE TIN, 3 TIER MINT/IVORY",17.3125974025974,12.75,29.79,148,2319.72,76,15.22,16.55,19.86,17.21,0.6, Competitive — Monitor
46000M,POLYESTER FILLER PAD 45x45cm,1.4701716738197426,0.0,1.55,2135,2318.8,233,1.3,1.45,1.7,1.48,-0.7, Competitive — Monitor
22314,OFFICE MUG WARMER CHOC+BLUE,4.772941176470589,2.55,8.65,590,2316.86,133,4.4,4.7,5.14,4.75,0.5, Competitive — Monitor
22222,CAKE PLATE LOVEBIRD WHITE,5.820210526315789,4.25,10.39,437,2305.3900000000003,189,5.12,6.27,6.18,5.86,-0.7, Competitive — Monitor
22475,SKULL DESIGN TV DINNER TRAY,6.157109375,3.74,11.02,459,2305.11,126,5.58,5.84,7.33,6.25,-1.5, Competitive — Monitor
21482,MUSHROOM BLUE HOT WATER BOTTLE,3.5554922279792747,0.0,6.04,606,2290.86,188,3.19,3.73,3.87,3.6,-1.2, Competitive — Monitor
21709,FOLDING UMBRELLA  CHOC/WHITE  SPOT,5.604754098360655,1.95,10.39,567,2289.29,60,5.14,5.46,6.6,5.73,-2.2, Competitive — Monitor
85049D,BRIGHT BLUES RIBBONS ,1.3277524429967427,1.06,2.57,1829,2285.47,298,1.25,1.38,1.57,1.4,-5.2, Competitive — Monitor
21812,GARLAND WITH HEARTS AND BELLS,6.072905982905983,4.95,10.39,429,2276.25,114,5.61,6.0,7.08,6.23,-2.5, Competitive — Monitor
22281,EASTER TREE YELLOW BIRDS,8.008351648351649,0.0,13.0,364,2273.12,90,6.98,8.11,8.61,7.9,1.4, Competitive — Monitor
21467,CHERRY CROCHET FOOD COVER,4.046459627329193,1.25,7.78,764,2270.61,157,3.45,4.26,4.75,4.15,-2.5, Competitive — Monitor
22494,EMERGENCY FIRST AID TIN ,1.5155691056910567,1.06,2.51,1760,2269.96,243,1.33,1.59,1.77,1.56,-2.8, Competitive — Monitor
22653,BUTTON BOX ,2.2400680272108846,1.65,4.21,1167,2269.89,146,2.04,2.37,2.55,2.32,-3.4, Competitive — Monitor
85049C,ROMANTIC PINKS RIBBONS ,1.3219127516778524,0.0,2.57,1655,2268.11,289,1.13,1.23,1.45,1.27,4.1, Competitive — Monitor
21055,TOOL BOX SOFT TOY ,10.544374999999999,8.95,17.35,226,2267.67,126,9.49,10.87,11.49,10.62,-0.7, Competitive — Monitor
84279B,CHERRY BLOSSOM DECORATIVE FLASK,4.112857142857143,0.0,8.65,548,2264.7200000000003,154,3.74,3.88,4.39,4.0,2.8, Competitive — Monitor
22743,MAKE YOUR OWN FLOWERPOWER CARD KIT,3.526190476190476,2.95,6.95,605,2263.8700000000003,158,3.12,3.48,3.97,3.52,0.2, Competitive — Monitor
22672,FRENCH BATHROOM SIGN BLUE METAL,1.7722085889570554,1.45,3.36,1393,2263.08,158,1.64,1.79,2.02,1.82,-2.6, Competitive — Monitor
21179,NO JUNK MAIL METAL SIGN,1.4791372549019608,0.38,3.43,2380,2255.44,245,1.27,1.46,1.63,1.45,2.0, Competitive — Monitor
22426,ENAMEL WASH BOWL CREAM,4.327765363128491,0.0,8.47,604,2255.33,179,3.71,4.34,4.85,4.3,0.6, Competitive — Monitor
21786,RAIN HAT WITH RED SPOTS,0.5756538461538461,0.32,0.85,5813,2255.18,242,0.53,0.62,0.64,0.6,-4.1, Competitive — Monitor
84469,ROSE DES PADDED FLOOR CUSHION,5.274130434782609,0.0,14.43,602,2249.41,46,4.74,4.97,6.04,5.25,0.5, Competitive — Monitor
85132C,CHARLIE AND LOLA FIGURES TINS,7.4113,1.95,9.95,542,2249.22,100,6.81,7.62,8.78,7.74,-4.2, Competitive — Monitor
22450,SILK PURSE RUSSIAN DOLL BLUE,3.5117123287671235,0.0,6.77,578,2241.1600000000003,141,3.14,3.45,3.77,3.45,1.8, Competitive — Monitor
22482,BLUE TEA TOWEL CLASSIC DESIGN,1.2425698324022345,1.06,1.25,1894,2239.82,171,1.09,1.17,1.38,1.21,2.7, Competitive — Monitor
21681,GIANT MEDINA STAMPED METAL BOWL ,10.03,0.0,20.38,223,2204.96,80,9.35,9.48,10.74,9.86,1.7, Competitive — Monitor
22398,MAGNETS PACK OF 4 SWALLOWS,1.34895,0.0,2.51,1747,2204.64,194,1.25,1.45,1.54,1.41,-4.3, Competitive — Monitor
22573,STAR WOODEN CHRISTMAS DECORATION,1.0664928909952607,0.72,1.95,2438,2204.08,208,0.98,1.13,1.24,1.12,-4.8, Competitive — Monitor
22591,CARDHOLDER GINGHAM CHRISTMAS TREE,2.728962962962963,0.0,5.06,853,2189.19,132,2.39,2.91,3.25,2.85,-4.2, Competitive — Monitor
22894,TABLECLOTH RED APPLES DESIGN ,8.803846153846154,0.0,16.98,262,2184.4,76,8.0,9.5,9.61,9.04,-2.6, Competitive — Monitor
22744,MAKE YOUR OWN MONSOON CARD KIT,3.3478666666666665,2.55,6.95,641,2182.55,144,2.97,3.19,3.99,3.38,-1.0, Competitive — Monitor
21973,SET OF 36 MUSHROOM PAPER DOILIES,1.838688524590164,0.0,3.04,1327,2180.7799999999997,183,1.58,1.8,1.95,1.78,3.3, Competitive — Monitor
22480,RED TEA TOWEL CLASSIC DESIGN,1.2700938967136148,1.06,2.51,1794,2179.62,203,1.2,1.3,1.45,1.32,-3.8, Competitive — Monitor
21034,REX CASH+CARRY JUMBO SHOPPER,0.9492288961038962,0.0,0.95,2296,2179.2999999999997,1081,0.82,0.95,1.0,0.92,3.2, Competitive — Monitor
22531,MAGIC DRAWING SLATE CIRCUS PARADE  ,0.48775862068965514,0.36,1.0,4930,2178.73,225,0.46,0.48,0.58,0.51,-4.4, Competitive — Monitor
21703,BAG 125g SWIRLY MARBLES,0.5003767123287671,0.36,0.85,5323,2178.14,278,0.45,0.49,0.57,0.5,0.1, Competitive — Monitor
21611,SET OF 12 LILY BOTANICAL T-LIGHTS,3.096455696202532,0.0,6.04,706,2176.2900000000004,151,2.69,3.14,3.56,3.13,-1.1, Competitive — Monitor
22518,CHILDS GARDEN BRUSH BLUE,2.4916751269035533,0.0,4.95,1058,2170.9100000000003,194,2.25,2.52,2.93,2.57,-3.0, Competitive — Monitor
21902,"KEY FOB , FRONT  DOOR ",0.6962413793103448,0.0,1.7,3073,2170.7200000000003,276,0.65,0.66,0.75,0.69,0.9, Competitive — Monitor
22536,MAGIC DRAWING SLATE PURDEY,0.465,0.0,0.85,5451,2170.46,225,0.43,0.46,0.49,0.46,1.1, Competitive — Monitor
85049F,BABY BOOM RIBBONS ,1.318529411764706,1.06,2.57,1737,2162.91,233,1.23,1.33,1.56,1.37,-3.8, Competitive — Monitor
21949,SET OF 6 STRAWBERRY CHOPSTICKS,1.7435766423357661,1.06,2.57,1829,2162.34,137,1.6,1.76,1.91,1.76,-0.9, Competitive — Monitor
21191,LARGE WHITE HONEYCOMB PAPER BELL  ,2.8045,1.69,4.3,982,2158.7000000000003,119,2.58,2.67,3.0,2.75,2.0, Competitive — Monitor
22292,"SPRING DEC , HANGING CHICK  YELLOW",1.6077685950413223,0.85,2.98,1631,2153.3599999999997,115,1.5,1.67,1.8,1.66,-3.1, Competitive — Monitor
22798,ANTIQUE GLASS DRESSING TABLE POT,3.612666666666667,2.55,5.91,680,2152.56,119,3.16,3.34,4.12,3.54,2.1, Competitive — Monitor
21609,SET 12 LAVENDER  BOTANICAL T-LIGHTS,3.047066666666667,2.55,5.91,752,2149.76,148,2.74,2.98,3.21,2.98,2.3, Competitive — Monitor
22639,SET OF 4 NAPKIN CHARMS HEARTS,2.6000689655172415,0.0,5.06,867,2144.5299999999997,138,2.27,2.72,2.84,2.61,-0.4, Competitive — Monitor
22525,CHILDRENS GARDEN GLOVES PINK,1.638021978021978,0.0,3.36,1471,2139.69,269,1.55,1.65,1.73,1.64,-0.1, Competitive — Monitor
21112,"SWISS ROLL TOWEL, PINK  SPOTS",3.616923076923077,2.55,6.04,677,2139.07,116,3.42,3.48,4.03,3.64,-0.6, Competitive — Monitor
22844,VINTAGE CREAM DOG FOOD CONTAINER,9.424639175257733,7.65,16.98,245,2135.9,93,8.05,9.72,11.16,9.64,-2.2, Competitive — Monitor
22548,HEADS AND TAILS SPORTING FUN,1.3767469879518073,1.06,2.95,1608,2131.66,237,1.27,1.39,1.65,1.44,-4.4, Competitive — Monitor
21878,PACK OF 6 SANDCASTLE FLAGS ASSORTED,1.0150526315789472,0.72,1.66,2664,2128.98,183,0.96,1.06,1.16,1.06,-4.2, Competitive — Monitor
22277,COSMETIC BAG VINTAGE ROSE PAISLEY,2.412625,1.85,4.3,1024,2126.4,156,2.09,2.5,2.59,2.39,0.9, Competitive — Monitor
21826,EIGHT PIECE DINOSAUR SET,1.4248945147679324,0.0,2.57,1629,2125.56,223,1.29,1.45,1.69,1.48,-3.7, Competitive — Monitor
21651,HANGING GLASS ETCHED TEALIGHT,1.8186614173228346,0.0,3.43,1283,2119.06,120,1.71,1.82,2.05,1.86,-2.2, Competitive — Monitor
85099b,JUMBO BAG RED RETROSPOT,4.89,4.21,5.06,419,2111.64,25,4.17,4.6,5.25,4.67,4.7, Competitive — Monitor
21211,SET OF 72 SKULL PAPER  DOILIES,1.6119285714285714,1.25,3.04,1526,2101.37,138,1.48,1.55,1.92,1.65,-2.3, Competitive — Monitor
85216,ASSORTED CAKES FRIDGE MAGNETS,2.015904255319149,0.0,7.78,2274,2098.32,186,1.77,1.99,2.35,2.04,-1.2, Competitive — Monitor
21329,DINOSAURS  WRITING SET ,2.055748299319728,0.98,3.43,1162,2095.56,285,1.94,2.09,2.38,2.14,-3.9, Competitive — Monitor
22544,MINI JIGSAW SPACEBOY,0.4993406593406593,0.36,0.85,4976,2090.64,181,0.47,0.5,0.58,0.52,-4.0, Competitive — Monitor
22519,CHILDS GARDEN BRUSH PINK,2.4124598930481285,0.0,4.95,1024,2087.28,183,2.28,2.33,2.61,2.41,0.1, Competitive — Monitor
21655,HANGING RIDGE GLASS T-LIGHT HOLDER,1.9270652173913043,0.0,3.43,1194,2085.72,91,1.73,1.77,2.08,1.86,3.6, Competitive — Monitor
84754,S/15 SILVER GLASS BAUBLES IN BAG,1.4867597765363127,1.06,2.57,1653,2082.93,172,1.39,1.49,1.71,1.53,-2.8, Competitive — Monitor
21039,RED SPOTTY SHOPPING BAG,2.947103448275862,2.1,6.04,792,2081.7799999999997,145,2.75,2.85,3.19,2.93,0.6, Competitive — Monitor
84854,GIRLY PINK TOOL SET,6.3643965517241385,0.0,8.65,319,2080.17,114,5.61,6.6,7.1,6.44,-1.2, Competitive — Monitor
40018F,CHERRY DESIGN PAPERLANTERNS,2.2546774193548385,0.0,4.3,1051,2078.88,121,2.1,2.08,2.63,2.27,-0.7, Competitive — Monitor
84670,JAPANESE CROCHETED ANIMAL,0.48049504950495053,0.0,1.7,4542,2077.06,190,0.41,0.49,0.56,0.49,-1.9, Competitive — Monitor
22132,RED LOVE HEART SHAPE CUP,1.1204878048780487,0.72,1.7,2323,2072.48,241,1.02,1.2,1.25,1.16,-3.4, Competitive — Monitor
21507,"ELEPHANT, BIRTHDAY CARD, ",0.4836697247706422,0.36,1.0,4990,2070.12,326,0.42,0.46,0.57,0.48,0.8, Competitive — Monitor
22572,ROCKING HORSE GREEN CHRISTMAS ,1.025324074074074,0.72,1.95,2290,2068.5,204,0.88,1.02,1.21,1.04,-1.4, Competitive — Monitor
84990,60 GOLD AND SILVER FAIRY CAKE CASES,0.6127230046948358,0.0,1.3,3765,2063.29,202,0.53,0.57,0.7,0.6,2.1, Competitive — Monitor
21077,SET/20 WOODLAND PAPER NAPKINS ,0.9142,0.0,1.7,2898,2060.65,194,0.84,0.93,0.99,0.92,-0.6, Competitive — Monitor
21845,DAIRY MAID STRIPE MUG,3.2972839506172846,2.55,6.04,621,2055.81,81,2.91,3.32,3.6,3.28,0.5, Competitive — Monitor
21811,CHRISTMAS HANGING HEART WITH BELL,1.4411046511627907,1.06,2.57,1607,2054.89,153,1.33,1.42,1.58,1.44,0.1, Competitive — Monitor
21509,COWBOYS AND INDIANS BIRTHDAY CARD ,0.4798351648351648,0.36,0.86,5052,2054.67,362,0.41,0.48,0.51,0.47,2.1, Competitive — Monitor
84969,ASSORTED COLOUR SET 6 TEASPOONS,5.227278911564626,4.25,8.65,439,2051.61,145,4.61,5.56,5.7,5.29,-1.2, Competitive — Monitor
22166,"WALL MIRROR , RECT DIAMANTE, PINK/",12.175301204819277,3.95,16.48,242,2051.34,82,11.01,11.58,13.17,11.92,2.1, Competitive — Monitor
21192,WHITE BELL HONEYCOMB PAPER ,2.3132894736842107,1.45,3.43,1096,2049.35,146,2.15,2.14,2.59,2.29,1.0, Competitive — Monitor
22781,GUMBALL MAGAZINE RACK,8.597865168539327,6.75,15.28,266,2046.3600000000001,88,7.58,9.1,10.2,8.96,-4.0, Competitive — Monitor
79323GR,GREEN CHERRY LIGHTS,6.783934426229508,0.0,13.87,-856,2040.8600000000001,122,6.19,6.87,7.23,6.76,0.4, Competitive — Monitor
21354,TOAST ITS - BEST MUM,1.4309160305343511,1.05,2.57,1733,2040.6100000000001,130,1.34,1.52,1.66,1.51,-5.2, Competitive — Monitor
85123a,WHITE HANGING HEART T-LIGHT HOLDER,6.365294117647059,5.91,6.77,305,2039.9099999999999,34,5.8,6.46,7.34,6.53,-2.5, Competitive — Monitor
22176,BLUE OWL SOFT TOY,3.402193548387097,2.55,6.04,681,2038.3200000000002,154,2.97,3.57,3.62,3.39,0.4, Competitive — Monitor
85045,GREEN CHRISTMAS TREE STRING 20LIGHT,5.665443037974684,4.25,11.26,426,2038.29,77,4.83,5.6,6.73,5.72,-1.0, Competitive — Monitor
85040A,S/4 PINK FLOWER CANDLES IN BOWL,1.924770992366412,1.45,3.43,1173,2029.3899999999999,246,1.8,2.0,2.19,2.0,-3.8, Competitive — Monitor
22827,GIANT SEVENTEEN DRAWER SIDEBOARD,160.0,145.0,165.0,13,2025.0,12,136.34,170.57,176.73,161.21,-0.8, Competitive — Monitor
21628,TRIANGULAR POUFFE VINTAGE ,22.76684210526316,12.75,30.43,101,2023.6299999999999,57,21.34,23.03,26.49,23.62,-3.6, Competitive — Monitor
20752,RETRO BLUE SPOTTY WASHING UP GLOVES,2.3801777777777775,0.85,4.3,1121,2023.43,223,2.15,2.26,2.59,2.33,2.2, Competitive — Monitor
21123,SET/10 IVORY SPOTTY PARTY CANDLES,1.3183809523809524,1.06,2.51,1616,2022.22,102,1.24,1.27,1.52,1.34,-1.6, Competitive — Monitor
84944,SET OF 6 KASHMIR FOLKART BAUBLES,5.069523809523809,0.0,7.78,908,2020.87,122,4.71,4.83,5.35,4.96,2.2, Competitive — Monitor
90062,CARNIVAL BRACELET,12.669021739130434,2.5,13.03,159,2020.6399999999999,90,12.03,12.16,14.9,13.03,-2.8, Competitive — Monitor
22788,BROCANTE COAT RACK,11.346363636363634,6.78,20.38,263,2020.5,33,10.04,10.99,12.68,11.24,0.9, Competitive — Monitor
84912B,GREEN ROSE WASHBAG,3.6131481481481478,2.0,7.78,825,2019.8,107,3.35,3.65,4.14,3.71,-2.6, Competitive — Monitor
22409,MONEY BOX BISCUITS DESIGN,1.5633333333333332,1.06,2.51,1479,2019.51,116,1.39,1.59,1.69,1.56,0.2, Competitive — Monitor
15044C,PURPLE PAPER PARASOL,3.7868666666666666,2.55,6.04,657,2019.0400000000002,147,3.4,3.74,4.36,3.83,-1.1, Competitive — Monitor
21830,ASSORTED CREEPY CRAWLIES,0.45915730337078653,0.36,0.87,4802,2016.11,174,0.42,0.47,0.54,0.48,-4.3, Competitive — Monitor
47591C,BLUE FAIRY CAKE CHILD'S APRON,2.027682926829268,0.0,4.3,797,2012.43,164,1.9,1.89,2.27,2.02,0.4, Competitive — Monitor
21612,SET 12 WILDFLOWER BOTANICAL T-LIGHT,3.2156896551724143,0.0,6.04,646,2008.0700000000002,115,3.05,3.0,3.67,3.24,-0.8, Competitive — Monitor
21993,FLORAL FOLK STATIONERY SET,2.9332748538011693,1.25,6.04,964,2003.2,167,2.72,2.78,3.28,2.93,0.1, Competitive — Monitor
84691,PACK 20 DOLLY PEGS,1.017136929460581,0.0,1.7,2434,2000.85,236,0.91,1.02,1.2,1.04,-2.2, Competitive — Monitor
20956,PORCELAIN T-LIGHT HOLDERS ASSORTED,1.7446835443037974,0.0,2.57,1112,1998.73,152,1.56,1.66,1.96,1.73,0.8, Competitive — Monitor
22402,MAGNETS PACK OF 4 VINTAGE COLLAGE,1.2982242990654205,1.06,2.51,1725,1998.39,103,1.2,1.25,1.53,1.33,-2.4, Competitive — Monitor
21327,SKULLS WRITING SET ,2.0323396226415094,1.45,3.43,1103,1992.8099999999997,258,1.78,2.0,2.38,2.05,-0.9, Competitive — Monitor
22217,T-LIGHT HOLDER HANGING LACE,1.4611510791366906,1.06,2.57,1538,1992.34,136,1.26,1.53,1.62,1.47,-0.6, Competitive — Monitor
21171,BATHROOM METAL SIGN ,1.6366666666666667,0.0,3.43,1312,1988.79,190,1.45,1.51,1.77,1.58,3.6, Competitive — Monitor
22495,SET OF 2 ROUND TINS CAMEMBERT ,3.2935616438356163,2.55,6.95,673,1983.67,143,2.89,3.37,3.66,3.31,-0.5, Competitive — Monitor
21465,PINK FLOWER CROCHET FOOD COVER,4.088392857142857,2.95,7.62,557,1981.5900000000001,111,3.6,4.2,4.8,4.2,-2.7, Competitive — Monitor
22425,ENAMEL COLLANDER CREAM,5.523892617449665,0.0,10.17,390,1977.7800000000002,147,4.82,5.79,5.99,5.53,-0.1, Competitive — Monitor
21808,"CHRISTMAS GARLAND STARS,TREES",3.619056603773585,1.25,7.78,789,1975.2,102,3.09,3.87,4.08,3.68,-1.7, Competitive — Monitor
21948,SET OF 6 CAKE CHOPSTICKS,1.8604032258064516,1.06,2.57,1669,1973.21,123,1.58,1.72,2.18,1.83,1.7, Competitive — Monitor
22959,WRAP CHRISTMAS VILLAGE,0.4122147651006711,0.0,0.42,4800,1973.0,147,0.39,0.39,0.45,0.41,0.5, Competitive — Monitor
22854,CREAM SWEETHEART EGG HOLDER,5.637849462365592,4.25,11.02,402,1972.67,93,5.03,5.99,6.46,5.83,-3.3, Competitive — Monitor
20871,OPULENT VELVET SET/3 CANDLES,2.6390225563909775,0.0,4.3,1042,1971.73,129,2.34,2.62,2.87,2.61,1.1, Competitive — Monitor
84813,SET OF 4 DIAMOND NAPKIN RINGS,12.49031746031746,3.95,25.49,260,1970.71,63,11.47,12.62,13.32,12.47,0.2, Competitive — Monitor
84676,BATH DUCK WATERING CAN,3.09099173553719,0.0,6.04,792,1969.91,121,2.69,3.17,3.61,3.16,-2.2, Competitive — Monitor
22564,ALPHABET STENCIL CRAFT,1.2785632183908047,1.06,2.51,1681,1969.73,171,1.21,1.32,1.36,1.3,-1.6, Competitive — Monitor
84031B,CHARLIE LOLA BLUE HOT WATER BOTTLE ,4.833541666666666,1.95,9.52,559,1965.02,142,4.49,5.17,5.27,4.98,-2.9, Competitive — Monitor
22841,ROUND CAKE TIN VINTAGE GREEN,8.360277777777778,0.0,16.13,249,1956.8600000000001,108,7.18,9.03,9.85,8.69,-3.8, Competitive — Monitor
85184C,S/4 VALENTINE DECOUPAGE HEART BOX,3.5141875,2.55,6.04,640,1956.0200000000002,154,3.13,3.64,3.87,3.55,-1.0, Competitive — Monitor
22310,KNITTED MUG COSY IVORY COLOUR ,2.4521804511278193,1.45,3.43,1121,1955.1299999999999,130,2.3,2.37,2.93,2.53,-3.1, Competitive — Monitor
22757,LARGE RED BABUSHKA NOTEBOOK ,1.5265868263473055,0.0,2.51,1624,1951.3400000000001,160,1.44,1.62,1.83,1.63,-6.3, Competitive — Monitor
21821,GLITTER STAR GARLAND WITH BELLS ,4.821886792452831,3.39,7.78,484,1943.01,101,4.32,4.47,5.26,4.68,3.0, Competitive — Monitor
82578,KITCHEN METAL SIGN,0.6827186761229315,0.0,1.3,3454,1940.89,412,0.62,0.65,0.72,0.66,3.4, Competitive — Monitor
22579,WOODEN TREE CHRISTMAS SCANDINAVIAN,0.9680816326530611,0.85,1.95,2121,1934.58,233,0.84,1.03,1.12,1.0,-3.2, Competitive — Monitor
21682,LARGE MEDINA STAMPED METAL BOWL ,5.14980198019802,4.25,10.17,396,1930.68,101,4.89,4.95,5.76,5.2,-1.0, Competitive — Monitor
21741,COSY SLIPPER SHOES LARGE GREEN,3.806503067484663,2.55,6.04,591,1929.0500000000002,156,3.32,3.64,4.05,3.67,3.7, Competitive — Monitor
85217,ASSORTED ICE CREAM FRIDGE MAGNETS,1.6652023121387283,0.0,7.78,2554,1923.3500000000001,171,1.57,1.57,1.93,1.69,-1.5, Competitive — Monitor
22604,SET OF 4 NAPKIN CHARMS CUTLERY,2.5938848920863307,0.0,5.06,768,1923.06,132,2.37,2.74,2.74,2.62,-1.0, Competitive — Monitor
21538,DAIRY MAID  PUDDING BOWL,3.9207272727272726,0.0,7.78,1321,1920.76,54,3.57,3.92,4.63,4.04,-3.0, Competitive — Monitor
22095,LADS ONLY TISSUE BOX,1.6256725146198832,0.42,2.57,1631,1918.39,165,1.47,1.67,1.74,1.63,-0.3, Competitive — Monitor
21820,GLITTER HEART GARLAND WITH BELLS ,4.3803809523809525,3.39,7.78,504,1918.03,99,3.82,4.2,4.68,4.23,3.6, Competitive — Monitor
84519A,TOMATO CHARLIE+LOLA COASTER SET,3.3379661016949154,2.15,6.04,696,1909.46,117,2.9,3.48,3.59,3.32,0.5, Competitive — Monitor
85162B,BLACK RETRODISC LAMPSHADE,1.8107142857142855,0.0,1.95,1002,1905.15,14,1.58,1.89,2.16,1.88,-3.7, Competitive — Monitor
79341,WILLOW BRANCH LIGHTS.,7.574476190476191,0.0,13.87,142,1904.0900000000001,103,6.58,7.35,8.74,7.56,0.2, Competitive — Monitor
20703,BLUE PADDED SOFT MOBILE,4.2363243243243245,0.0,8.47,413,1899.97,182,3.93,4.18,4.96,4.36,-2.8, Competitive — Monitor
22047,EMPIRE GIFT WRAP,0.417452229299363,0.34,0.42,4650,1899.0,157,0.37,0.4,0.46,0.41,1.8, Competitive — Monitor
22691,DOORMAT WELCOME SUNRISE,8.240490196078431,0.0,16.98,250,1894.0700000000002,101,7.05,8.87,9.07,8.33,-1.1, Competitive — Monitor
21688,SILVER PLATE CANDLE BOWL SMALL,3.4526315789473685,2.95,6.04,613,1891.8800000000003,93,3.27,3.53,3.75,3.52,-1.9, Competitive — Monitor
21692,SILVER LATTICE VANILLA CANDLE POT,3.9833064516129033,0.0,8.65,428,1891.62,109,3.74,4.26,4.47,4.16,-4.2, Competitive — Monitor
21683,MEDIUM MEDINA STAMPED METAL BOWL ,3.2715000000000005,2.55,6.04,651,1885.4800000000002,99,3.08,3.17,3.71,3.32,-1.5, Competitive — Monitor
22780,LIGHT GARLAND BUTTERFILES PINK,4.216428571428572,3.37,4.25,496,1885.04,54,4.0,4.41,4.83,4.41,-4.4, Competitive — Monitor
22741,FUNKY DIVA PEN,1.1096923076923075,0.72,1.66,2174,1884.83,65,0.96,1.16,1.21,1.11,-0.0, Competitive — Monitor
21687,SILVER PLATE CANDLE BOWL LARGE,4.525398230088496,0.0,8.65,442,1882.48,104,4.03,4.66,5.4,4.7,-3.7, Competitive — Monitor
21085,SET/6 WOODLAND PAPER CUPS,0.7491549295774648,0.0,1.7,13713,1873.3300000000002,68,0.69,0.8,0.81,0.77,-2.7, Competitive — Monitor
22076,6 RIBBONS EMPIRE  ,1.9174251497005987,0.0,4.21,1132,1872.8999999999999,161,1.76,1.88,2.29,1.98,-3.2, Competitive — Monitor
21241,GREEN SPOTTY CUP,0.9765283018867924,0.0,1.7,2125,1870.77,262,0.85,0.92,1.03,0.93,5.0, Competitive — Monitor
21091,SET/6 WOODLAND PAPER PLATES,1.0079591836734694,0.0,1.7,13688,1868.7,48,0.94,1.04,1.13,1.04,-3.1, Competitive — Monitor
22779,WOODEN OWLS LIGHT GARLAND ,4.224909090909091,3.37,4.25,483,1859.79,53,3.69,4.38,4.65,4.24,-0.4, Competitive — Monitor
84856S,SMALL TAHITI BEACH BAG,4.837878787878788,0.0,9.52,472,1858.61,33,4.22,4.9,5.41,4.84,-0.0, Competitive — Monitor
22129,PARTY CONES CANDY TREE DECORATION,1.148961038961039,0.72,8.47,2046,1858.5,76,1.04,1.1,1.3,1.15,-0.1, Competitive — Monitor
22755,SMALL PURPLE BABUSHKA NOTEBOOK ,0.9756834532374101,0.0,1.95,2131,1854.28,267,0.89,0.98,1.09,0.99,-1.4, Competitive — Monitor
22325,MOBILE VINTAGE HEARTS ,5.045068493150685,3.36,11.87,419,1854.0300000000002,144,4.58,4.89,5.61,5.03,0.3, Competitive — Monitor
22951,72 CAKE CASES DOLLY GIRL DESIGN,0.6768609865470852,0.42,1.28,3594,1848.9,217,0.58,0.67,0.79,0.68,-0.5, Competitive — Monitor
21659,GLASS CAKE STAND,16.541780821917808,0.0,30.39,103,1846.85,72,15.51,16.93,19.07,17.17,-3.7, Competitive — Monitor
21215, IVORY PAPER CUP CAKE CASES ,0.8285393258426967,0.42,2.13,3373,1844.21,172,0.73,0.86,0.97,0.85,-2.5, Competitive — Monitor
22021,BLUE FELT EASTER EGG BASKET,1.8071005917159761,1.45,3.95,1062,1842.9599999999998,164,1.56,1.73,1.97,1.75,3.3, Competitive — Monitor
85162C,WHITE RETRODISC LAMPSHADE,2.985208333333333,0.0,11.26,833,1841.7,48,2.8,2.94,3.41,3.05,-2.1, Competitive — Monitor
22372,AIRLINE BAG VINTAGE WORLD CHAMPION ,5.506918238993711,0.0,12.72,339,1839.06,157,5.21,5.3,6.27,5.59,-1.5, Competitive — Monitor
21408,SPOTTY PINK DUCK DOORSTOP,5.944732824427481,1.98,8.65,427,1838.73,131,5.57,5.66,6.57,5.93,0.2, Competitive — Monitor
22524,CHILDRENS GARDEN GLOVES BLUE,1.5421973094170403,0.0,3.36,1308,1835.5,222,1.44,1.61,1.73,1.59,-3.0, Competitive — Monitor
21012,ANTIQUE ALL GLASS CANDLESTICK,2.3736283185840708,0.65,4.3,1192,1834.55,112,2.17,2.53,2.6,2.43,-2.3, Competitive — Monitor
21657,MILK BOTTLE WITH GLASS STOPPER ,8.466785714285715,0.0,14.74,232,1820.9,110,7.66,8.29,9.07,8.34,1.5, Competitive — Monitor
22851,SET 20 NAPKINS FAIRY CAKES DESIGN ,0.8777611940298508,0.64,1.66,2407,1819.4199999999998,187,0.75,0.91,0.95,0.87,0.9, Competitive — Monitor
84327A,PINK JUMPER LARRY THE LAMB,2.077952755905512,0.0,4.21,956,1817.71,125,1.85,2.21,2.21,2.09,-0.6, Competitive — Monitor
22461,SAVOY ART DECO CLOCK,13.441176470588236,0.0,25.49,106,1816.6999999999998,118,11.93,14.19,15.49,13.87,-3.1, Competitive — Monitor
21519,GIN & TONIC DIET GREETING CARD ,0.49488958990536275,0.36,1.0,4183,1816.21,314,0.43,0.47,0.57,0.49,1.0, Competitive — Monitor
21352,EUCALYPTUS & PINECONE  WREATH,5.571666666666666,1.95,13.87,537,1815.95,95,5.14,5.98,6.64,5.92,-5.9, Competitive — Monitor
21384,IVORY HANGING DECORATION  BUTTERFLY,1.0256050955414011,0.0,1.95,1875,1815.29,153,0.92,1.01,1.19,1.04,-1.4, Competitive — Monitor
85164B,BLACK BAROQUE CUCKOO CLOCK,16.278823529411767,0.0,26.04,124,1812.4299999999998,68,13.97,15.86,17.22,15.68,3.8, Competitive — Monitor
84797B,BLUE SAVANNAH PICNIC HAMPER FOR 4,10.176944444444445,0.0,34.74,294,1811.3000000000002,36,8.87,9.46,12.04,10.12,0.6, Competitive — Monitor
22581,WOOD STOCKING CHRISTMAS SCANDISPOT,1.0061038961038962,0.72,1.66,2082,1807.8899999999999,221,0.92,1.0,1.19,1.04,-3.3, Competitive — Monitor
21421,PORCELAIN ROSE LARGE ,1.5701020408163266,0.0,3.36,1612,1807.3,95,1.35,1.47,1.75,1.52,3.3, Competitive — Monitor
85227,SET/6 3D KIT CARDS FOR KIDS,1.1066533864541832,0.64,1.7,2035,1802.82,239,1.03,1.06,1.26,1.12,-1.2, Competitive — Monitor
85107,CUT GLASS T-LIGHT HOLDER OCTAGON,2.383404255319149,0.85,5.06,980,1799.7,44,2.14,2.31,2.85,2.43,-1.9, Competitive — Monitor
21529,RETRO SPOT CERAMIC TOASTRACK,3.941349693251534,0.0,6.04,444,1797.3400000000001,159,3.54,4.14,4.45,4.04,-2.4, Competitive — Monitor
21508,VINTAGE KID DOLLY CARD ,0.49325373134328354,0.36,1.0,4312,1797.18,334,0.45,0.52,0.58,0.52,-5.1, Competitive — Monitor
84828,JUNGLE POPSICLES ICE LOLLY HOLDERS,1.6233888888888888,1.06,2.57,1406,1796.44,179,1.51,1.57,1.72,1.6,1.5, Competitive — Monitor
21109,"LARGE CAKE TOWEL, CHOCOLATE SPOTS",7.7595867768595035,5.95,13.87,246,1794.5,118,6.87,8.2,8.37,7.81,-0.6, Competitive — Monitor
21468,BUTTERFLY CROCHET FOOD COVER,4.009285714285714,2.95,7.78,522,1792.91,80,3.68,4.24,4.47,4.13,-2.9, Competitive — Monitor
21556,CERAMIC STRAWBERRY MONEY BOX,3.186340206185567,0.0,5.91,621,1787.3799999999999,189,2.89,3.32,3.63,3.28,-2.9, Competitive — Monitor
84849D,HOT BATHS SOAP HOLDER,1.9159868421052633,1.45,3.36,1078,1782.93,150,1.68,1.81,2.25,1.91,0.3, Competitive — Monitor
22642,SET OF 4 NAPKIN CHARMS STARS   ,2.4970999999999997,0.0,5.06,731,1780.1599999999999,94,2.34,2.57,2.99,2.63,-5.1, Competitive — Monitor
21829,DINOSAUR KEYRINGS ASSORTED,0.26740890688259106,0.18,0.43,8215,1776.49,244,0.25,0.29,0.3,0.28,-4.5, Competitive — Monitor
21990,MODERN FLORAL STATIONERY SET,2.992986111111111,1.25,6.04,821,1765.78,144,2.74,3.08,3.16,2.99,0.1, Competitive — Monitor
22448,PIN CUSHION RUSSIAN DOLL RED,3.55875,2.95,6.77,550,1763.6000000000001,79,3.33,3.46,4.16,3.65,-2.5, Competitive — Monitor
22452,MEASURING TAPE RUSSIAN DOLL PINK,3.158813559322034,2.55,5.91,613,1762.5900000000001,118,2.96,3.16,3.6,3.24,-2.5, Competitive — Monitor
72799E,IVORY PILLAR CANDLE SILVER FLOCK,3.0264347826086957,1.25,6.04,807,1761.5800000000002,110,2.79,3.1,3.27,3.05,-0.8, Competitive — Monitor
21548,CERAMIC BIRDHOUSE FINCH BLUE ROOF,3.62475,0.0,6.04,647,1758.42,112,3.38,3.63,4.08,3.7,-2.0, Competitive — Monitor
21357,TOAST ITS - DINOSAUR,1.5011926605504586,0.0,2.57,1785,1757.76,207,1.38,1.41,1.74,1.51,-0.6, Competitive — Monitor
21187,WHITE BELL HONEYCOMB PAPER GARLAND ,1.9659459459459458,1.45,3.43,1075,1757.57,105,1.8,1.91,2.29,2.0,-1.7, Competitive — Monitor
22754,SMALL RED BABUSHKA NOTEBOOK ,0.9971259842519684,0.0,1.95,2021,1753.82,247,0.91,1.05,1.12,1.03,-3.2, Competitive — Monitor
21106,CREAM SLICE FLANNEL CHOCOLATE SPOT ,3.649173553719008,2.55,6.04,564,1752.5800000000002,120,3.38,3.86,4.0,3.75,-2.7, Competitive — Monitor
20729,RED SPOTTY CANDY BAG,1.3761904761904762,0.0,2.57,4829,1750.62,126,1.19,1.3,1.65,1.38,-0.3, Competitive — Monitor
22807,SET OF 6 T-LIGHTS TOADSTOOLS,3.6354237288135596,2.55,5.91,577,1750.39,113,3.41,3.9,4.18,3.83,-5.1, Competitive — Monitor
85172,HYACINTH BULB T-LIGHT CANDLES,1.3736206896551724,0.36,13.0,3061,1748.56,115,1.29,1.34,1.53,1.39,-1.2, Competitive — Monitor
20770,ABSTRACT CIRCLE JOURNAL ,2.454460431654676,0.85,5.06,861,1748.46,138,2.09,2.52,2.68,2.43,1.0, Competitive — Monitor
21204,DAISIES  HONEYCOMB GARLAND ,2.02024,1.45,3.36,1061,1746.6599999999999,123,1.88,2.1,2.34,2.11,-4.3, Competitive — Monitor
21780,MA CAMPAGNE 4 DRAWER WALL SHELF,10.581818181818182,0.0,30.39,178,1745.85,33,9.13,11.11,11.5,10.58,0.0, Competitive — Monitor
21693,SMALL HAMMERED SILVER CANDLEPOT ,3.3798780487804883,2.55,6.04,576,1744.2900000000002,76,2.99,3.62,3.64,3.42,-1.2, Competitive — Monitor
21680,WOODLAND  STICKERS,1.085568181818182,0.0,1.7,2043,1742.34,174,1.0,1.05,1.23,1.09,-0.4, Competitive — Monitor
21705,BAG 500g SWIRLY MARBLES,1.7957894736842104,0.0,3.36,1088,1738.59,94,1.56,1.9,1.96,1.81,-0.8, Competitive — Monitor
22670,FRENCH WC SIGN BLUE METAL,1.4297916666666666,1.06,2.51,1454,1738.3,137,1.33,1.35,1.64,1.44,-0.7, Competitive — Monitor
37340,MULTICOLOUR SPRING FLOWER MUG,4.732692307692308,0.1,8.65,6143,1736.2700000000002,77,4.42,4.89,5.05,4.79,-1.2, Competitive — Monitor
21638,ASSORTED TUTTI FRUTTI NOTEBOOK,2.4424778761061945,2.1,4.3,791,1725.7500000000002,108,2.2,2.54,2.8,2.51,-2.7, Competitive — Monitor
21652,GLASS ETCHED T-LIGHT HOLDER MEDIUM,2.0413953488372094,0.0,4.21,821,1720.6399999999999,83,1.74,2.1,2.23,2.02,1.1, Competitive — Monitor
22154,ANGEL DECORATION 3 BUTTONS ,0.521734693877551,0.36,0.87,4040,1719.6399999999999,184,0.46,0.5,0.55,0.5,4.3, Competitive — Monitor
22155,STAR DECORATION RUSTIC,0.5471304347826087,0.0,0.87,3803,1718.67,216,0.5,0.58,0.58,0.55,-0.5, Competitive — Monitor
84968F,S/16 VINTAGE SKY BLUE CUTLERY,14.209571428571428,0.0,25.49,104,1717.08,70,13.47,13.46,16.91,14.61,-2.7, Competitive — Monitor
21710,FOLDING UMBRELLA  PINK/WHITE  SPOT,5.142266666666667,1.95,10.39,613,1713.77,71,4.7,4.78,6.07,5.18,-0.7, Competitive — Monitor
21647,ASSORTED TUTTI FRUTTI LARGE PURSE,2.5916176470588237,0.0,4.3,539,1712.38,124,2.27,2.68,2.81,2.59,0.1, Competitive — Monitor
20990,SPRING FLOWER CHOPSTICKS SET/5,2.2036697247706423,0.0,4.3,973,1704.19,106,2.01,2.2,2.57,2.26,-2.5, Competitive — Monitor
84795A,PASTEL STRIPE HAMMOCK ,9.2376,0.0,16.98,247,1703.97,73,8.35,9.75,10.54,9.55,-3.3, Competitive — Monitor
21895,POTTING SHED SOW 'N' GROW SET,4.7911363636363635,0.0,8.65,531,1701.63,87,4.45,4.7,5.73,4.96,-3.4, Competitive — Monitor
85036A,GARDENIA 1 WICK MORRIS BOXED CANDLE,4.26,3.81,8.47,414,1700.36,107,3.67,4.03,4.71,4.14,2.9, Competitive — Monitor
22500,SET OF 2 TINS JARDIN DE PROVENCE,5.4403703703703705,4.25,12.72,336,1700.0600000000002,107,5.04,5.73,6.27,5.68,-4.2, Competitive — Monitor
85060,WOOD FAN WITH FLOWER DESIGN,1.3693617021276596,0.0,2.57,914,1698.12,93,1.24,1.38,1.45,1.36,0.7, Competitive — Monitor
22419,LIPSTICK PEN RED,0.5961302681992338,0.36,0.85,3716,1696.05,256,0.56,0.57,0.66,0.6,-0.6, Competitive — Monitor
35001G,HAND OPEN SHAPE GOLD,4.273375,0.0,8.65,307,1695.72,79,3.78,4.42,5.1,4.43,-3.5, Competitive — Monitor
21188,3D HEARTS  HONEYCOMB PAPER GARLAND,3.485116279069768,2.55,6.04,557,1695.2500000000002,83,3.18,3.49,3.94,3.54,-1.6, Competitive — Monitor
85014C,BLUE/BROWN DOTS RUFFLED UMBRELLA,6.223815789473684,0.0,13.0,58,1694.73,76,5.87,6.33,6.8,6.33,-1.7, Competitive — Monitor
72799F,IVORY PILLAR CANDLE GOLD FLOCK,3.1310975609756095,1.25,6.04,991,1691.93,77,2.69,3.11,3.34,3.05,2.7, Competitive — Monitor
21747,SMALL SKULL WINDMILL,1.3985436893203884,1.06,2.57,1451,1686.01,101,1.32,1.47,1.62,1.47,-4.9, Competitive — Monitor
22066,LOVE HEART TRINKET POT,1.6016107382550335,0.0,3.43,1198,1685.8,141,1.47,1.69,1.84,1.67,-4.1, Competitive — Monitor
22313,OFFICE MUG WARMER PINK,4.877179487179488,2.55,8.65,456,1685.44,77,4.18,5.04,5.39,4.87,0.1, Competitive — Monitor
22046,TEA PARTY  WRAPPING PAPER ,0.4181954887218045,0.34,0.42,4125,1684.5,133,0.37,0.39,0.5,0.42,-0.4, Competitive — Monitor
21645,ASSORTED TUTTI FRUTTI ROUND BOX,1.8193793103448277,0.0,3.43,983,1682.2499999999998,136,1.68,1.92,1.92,1.84,-1.1, Competitive — Monitor
22142,CHRISTMAS CRAFT WHITE FAIRY ,1.6504268292682929,0.0,3.43,1154,1676.35,154,1.41,1.7,1.81,1.64,0.6, Competitive — Monitor
22231,JIGSAW TREE WITH BIRDHOUSE,1.8266666666666667,1.25,3.43,1130,1674.61,167,1.66,1.88,2.17,1.9,-3.9, Competitive — Monitor
21788,KIDS RAIN MAC BLUE,0.9086363636363636,0.65,1.7,2056,1673.75,125,0.8,0.89,1.0,0.9,1.0, Competitive — Monitor
85199L,LARGE HANGING IVORY & RED WOOD BIRD,0.83,0.53,1.3,2554,1671.6200000000001,185,0.76,0.88,0.9,0.85,-2.4, Competitive — Monitor
21283,NATURAL BARK CANDLE SMALL,3.6140229885057473,0.0,6.91,510,1671.45,83,3.09,3.74,4.08,3.64,-0.7, Competitive — Monitor
37343,SPOTS DESIGN MUG W PINK INSIDE,2.0454166666666667,0.0,3.43,1007,1668.8,95,1.92,1.92,2.4,2.08,-1.7, Competitive — Monitor
37476,CONDIMENT TRAY 4 BOWLS AND 4 SPOONS,11.001964285714285,0.0,19.09,149,1667.6200000000001,56,10.42,10.84,11.72,10.99,0.1, Competitive — Monitor
84509B,FAIRY CAKE PLACEMATS,4.57219512195122,2.95,7.78,436,1665.5,122,4.33,4.85,5.45,4.88,-6.3, Competitive — Monitor
21224,SET/4 SKULL BADGES,1.4373291925465839,1.06,2.57,1295,1664.45,156,1.33,1.33,1.68,1.45,-0.9, Competitive — Monitor
22323,PINK POLKADOT KIDS BAG,3.1146341463414635,0.0,10.39,604,1661.86,120,2.69,3.34,3.36,3.13,-0.5, Competitive — Monitor
21696,SMALL SILVER TRELLIS CANDLEPOT,3.196941176470588,0.0,6.04,230,1655.4500000000003,81,2.96,3.29,3.7,3.32,-3.7, Competitive — Monitor
22842,BISCUIT TIN VINTAGE RED,6.7737647058823525,5.95,13.57,254,1654.1200000000001,83,5.77,6.92,7.5,6.73,0.7, Competitive — Monitor
21917,SET 12 KIDS  WHITE CHALK STICKS,0.49842911877394636,0.36,0.85,3918,1650.94,255,0.42,0.48,0.55,0.48,3.8, Competitive — Monitor
37441,ASSORTED WHITE EMBOSSED CHINA MUGS,4.682033898305085,0.0,13.0,783,1650.3000000000002,58,4.13,4.49,5.47,4.7,-0.4, Competitive — Monitor
22270,HAPPY EASTER HANGING DECORATION,4.11716814159292,3.39,7.62,429,1648.08,104,3.7,4.41,4.92,4.34,-5.1, Competitive — Monitor
84510A,SET OF 4 ENGLISH ROSE COASTERS,1.6179757085020243,1.06,2.57,1218,1647.6399999999999,243,1.5,1.57,1.73,1.6,1.1, Competitive — Monitor
22478,BIRDHOUSE GARDEN MARKER ,1.4933879781420767,1.25,2.95,1239,1646.57,183,1.37,1.56,1.66,1.53,-2.4, Competitive — Monitor
22152,PLACE SETTING WHITE STAR,0.4942281879194631,0.36,1.7,3942,1642.0,143,0.44,0.49,0.55,0.49,0.9, Competitive — Monitor
21813,GARLAND WITH STARS AND BELLS,6.910224719101124,4.95,10.39,285,1637.63,87,6.06,6.51,7.65,6.74,2.5, Competitive — Monitor
21545,CERAMIC BIRDHOUSE BUTTERFLY SMALL,3.4540909090909095,0.0,6.04,670,1637.17,86,3.28,3.18,3.81,3.42,1.0, Competitive — Monitor
21445,12 PINK ROSE PEG PLACE SETTINGS,1.5353030303030302,0.0,2.57,1224,1634.73,129,1.37,1.55,1.62,1.51,1.7, Competitive — Monitor
84507B,STRIPES DESIGN MONKEY DOLL,2.774795918367347,0.85,5.17,1303,1634.25,97,2.48,2.99,3.2,2.89,-4.0, Competitive — Monitor
22566,"FELTCRAFT HAIRBAND S/2, PINK/PURPLE",0.9296894409937888,0.72,1.66,2017,1632.37,159,0.81,0.91,1.04,0.92,1.1, Competitive — Monitor
21642,ASSORTED TUTTI FRUTTI PEN,1.115,0.72,1.7,1805,1631.24,163,1.04,1.09,1.2,1.11,0.5, Competitive — Monitor
22576,SWALLOW WOODEN CHRISTMAS DECORATION,1.03,0.72,1.95,1825,1629.9299999999998,172,0.95,1.0,1.21,1.05,-1.9, Competitive — Monitor
22898,CHILDRENS APRON APPLE DESIGN,2.13734375,0.0,4.21,836,1629.26,126,1.86,2.14,2.5,2.17,-1.5, Competitive — Monitor
21111,"SWISS ROLL TOWEL, CHOCOLATE  SPOTS",3.9731818181818186,2.55,6.04,501,1627.68,131,3.41,3.94,4.46,3.94,0.8, Competitive — Monitor
20684,STRAWBERRY DREAM CHILDS UMBRELLA,3.612828947368421,0.0,6.91,473,1626.56,151,3.32,3.83,3.96,3.7,-2.4, Competitive — Monitor
20658,RED SPOTTY LUGGAGE TAG,1.645,1.06,2.57,1165,1625.57,259,1.51,1.65,1.88,1.68,-2.1, Competitive — Monitor
21348,PINK SPOTS CHOCOLATE NESTING BOXES ,3.086277372262774,0.0,6.04,629,1623.88,133,2.71,3.09,3.37,3.06,0.9, Competitive — Monitor
84619,BLUE GINGHAM ROSE QUILT ,33.597096774193545,0.0,86.91,65,1622.96,31,31.75,31.65,36.47,33.29,0.9, Competitive — Monitor
21541,DINOSAURS WATER TRANSFER TATTOOS ,1.0370531400966183,0.0,1.7,1763,1620.09,205,0.9,1.12,1.2,1.07,-3.1, Competitive — Monitor
85132B,CHARLIE AND LOLA TABLE TINS,7.202641509433962,0.0,9.95,301,1619.83,53,6.43,6.91,7.61,6.98,3.2, Competitive — Monitor
21547,CERAMIC BIRDHOUSE CRESTED TIT SMALL,3.563235294117647,2.0,6.04,647,1618.5500000000002,101,3.36,3.32,3.79,3.49,2.1, Competitive — Monitor
21837,CROSS STITCH ALPHABET CUSHION COVER,7.291030927835052,0.0,14.74,225,1616.69,96,6.5,7.48,7.66,7.21,1.1, Competitive — Monitor
48195,DOOR MAT GREEN PAISLEY ,7.966847826086957,0.0,14.43,274,1615.97,91,7.28,8.09,8.55,7.97,-0.0, Competitive — Monitor
84356,POMPOM CURTAIN,7.136181818181818,0.0,20.83,307,1612.14,55,6.35,7.04,7.57,6.99,2.1, Competitive — Monitor
22899,CHILDRENS APRON DOLLY GIRL ,2.4010852713178297,1.85,4.21,769,1607.5100000000002,128,2.11,2.37,2.88,2.45,-2.0, Competitive — Monitor
21126,SET OF 6 GIRLS CELEBRATION CANDLES,1.3411764705882352,0.38,2.57,1736,1605.28,164,1.27,1.4,1.47,1.38,-2.8, Competitive — Monitor
22315,200 RED + WHITE BENDY STRAWS,1.4250212765957446,0.0,2.57,1278,1603.09,228,1.27,1.36,1.53,1.39,2.5, Competitive — Monitor
22405,MONEY BOX POCKET MONEY DESIGN,1.3244654088050314,1.06,2.51,1288,1603.04,155,1.24,1.39,1.44,1.36,-2.6, Competitive — Monitor
22376,AIRLINE BAG VINTAGE JET SET WHITE,5.664748201438849,0.0,12.72,296,1602.87,135,4.95,5.8,6.74,5.83,-2.8, Competitive — Monitor
22428,ENAMEL FIRE BUCKET CREAM,7.266868686868686,0.0,14.43,238,1602.42,97,6.33,7.17,8.2,7.23,0.5, Competitive — Monitor
21593,SWALLOW CIGAR BOX MATCHES ,1.2354545454545456,0.0,1.25,1217,1600.56,96,1.05,1.23,1.36,1.21,2.1, Competitive — Monitor
22190,LOCAL CAFE MUG,2.5105594405594407,0.85,4.3,751,1600.5000000000002,141,2.3,2.41,2.96,2.56,-1.9, Competitive — Monitor
21789,KIDS RAIN MAC PINK,0.9367910447761194,0.65,1.7,1950,1596.79,132,0.83,0.97,1.04,0.95,-1.4, Competitive — Monitor
82615,PINK MARSHMALLOW SCARF KNITTING KIT,3.1938947368421053,0.0,6.04,552,1595.92,94,2.99,3.2,3.51,3.23,-1.1, Competitive — Monitor
21550,CERAMIC BIRDHOUSE CRESTED TIT LARGE,6.554266666666667,0.0,13.0,292,1595.26,66,5.88,6.37,7.09,6.45,1.6, Competitive — Monitor
22537,MAGIC DRAWING SLATE DINOSAUR,0.4855555555555556,0.0,0.85,4019,1594.5800000000002,189,0.46,0.49,0.54,0.5,-2.9, Competitive — Monitor
22023,EMPIRE BIRTHDAY CARD,0.49673400673400675,0.36,0.86,3894,1592.7,291,0.43,0.54,0.55,0.51,-2.6, Competitive — Monitor
21823,PAINTED METAL HEART WITH HOLLY BELL,1.6452985074626865,1.25,3.04,1090,1590.79,123,1.54,1.63,1.89,1.69,-2.6, Competitive — Monitor
35160,BUDDHA INCENSE HOLDER ASSORTED,0.7889655172413793,0.0,0.85,1592,1590.6399999999999,58,0.73,0.84,0.86,0.81,-2.6, Competitive — Monitor
22473,TV DINNER TRAY VINTAGE PAISLEY,5.446542056074766,0.0,11.02,331,1587.13,107,5.05,5.31,6.19,5.52,-1.3, Competitive — Monitor
90167,BEADED LOVE HEART JEWELLERY SET,1.0548275862068965,0.0,1.7,1568,1583.61,116,0.99,0.98,1.12,1.03,2.4, Competitive — Monitor
21637,ASSORTED SANSKRIT MINI NOTEBOOK,1.874431818181818,1.06,2.57,1231,1582.97,88,1.74,1.79,2.02,1.85,1.3, Competitive — Monitor
22081,RIBBON REEL FLORA + FAUNA ,2.1230898876404494,1.45,4.21,899,1579.51,176,1.94,2.1,2.36,2.13,-0.3, Competitive — Monitor
85222,ASSORTED COLOUR SILK COSMETIC PURSE,2.108947368421053,0.0,4.3,248,1579.0300000000002,54,1.82,2.01,2.51,2.11,-0.0, Competitive — Monitor
21161,KEEP OUT BOYS DOOR HANGER ,1.6319886363636364,0.0,3.43,2035,1567.09,172,1.39,1.5,1.81,1.57,3.9, Competitive — Monitor
22845,VINTAGE CREAM CAT FOOD CONTAINER,7.554731182795699,0.0,12.72,224,1564.62,91,7.12,8.06,8.69,7.96,-5.1, Competitive — Monitor
21610,SET 12 PEAR BOTANICAL T-LIGHTS,2.9808490566037738,0.0,6.04,532,1564.3200000000002,99,2.72,3.14,3.24,3.03,-1.6, Competitive — Monitor
22597,CHRISTMAS MUSICAL ZINC HEART ,0.9644736842105264,0.72,1.95,1835,1564.05,111,0.9,1.0,1.03,0.98,-1.6, Competitive — Monitor
22416,36 DOILIES SPACEBOY DESIGN ,1.5798058252427185,1.25,2.98,1105,1558.4199999999998,102,1.42,1.5,1.67,1.53,3.3, Competitive — Monitor
47480,HANGING PHOTO CLIP ROPE LADDER,2.0688235294117647,1.45,3.43,974,1555.9099999999999,68,1.78,1.94,2.27,2.0,3.4, Competitive — Monitor
21092,SET/6 STRAWBERRY PAPER PLATES,1.056774193548387,0.0,1.7,12802,1551.1,31,0.91,0.98,1.13,1.01,4.6, Competitive — Monitor
85199S,SMALL HANGING IVORY/RED WOOD BIRD,0.5763114754098361,0.36,0.85,3489,1550.2,236,0.53,0.6,0.62,0.58,-0.6, Competitive — Monitor
72800E,4 IVORY DINNER CANDLES SILVER FLOCK,2.4035838150289015,0.79,5.17,906,1549.6299999999999,159,2.15,2.57,2.8,2.51,-4.2, Competitive — Monitor
22223,CAKE PLATE LOVEBIRD PINK,5.530792079207921,4.25,10.39,286,1548.22,99,4.81,5.47,5.82,5.37,3.0, Competitive — Monitor
22515,CHILDS GARDEN SPADE PINK,2.3941791044776117,1.59,4.21,789,1548.13,131,2.15,2.25,2.71,2.37,1.0, Competitive — Monitor
21841,BABY MOUSE RED GINGHAM DRESS,4.410256410256411,0.0,8.65,222,1547.22,113,3.78,4.42,4.88,4.36,1.2, Competitive — Monitor
21542,WOODLAND WATER TRANSFER TATTOOS ,0.9950746268656716,0.0,1.7,848,1545.5,199,0.9,0.97,1.12,1.0,-0.5, Competitive — Monitor
21761,WOOD AND GLASS MEDICINE CABINET,27.78611111111111,0.0,29.95,52,1545.2,18,24.37,27.23,31.52,27.71,0.3, Competitive — Monitor
22336,DOVE DECORATION PAINTED ZINC ,0.8136,0.55,1.3,2353,1542.24,145,0.76,0.83,0.89,0.83,-2.0, Competitive — Monitor
85035B,CHOCOLATE 3 WICK MORRIS BOX CANDLE,4.585072463768116,3.81,8.47,379,1540.41,67,4.04,4.75,5.02,4.6,-0.3, Competitive — Monitor
22664,TOY TIDY DOLLY GIRL DESIGN,2.633482142857143,1.66,4.21,733,1536.03,111,2.36,2.47,3.05,2.63,0.1, Competitive — Monitor
20764,ABSTRACT CIRCLES SKETCHBOOK ,3.850731707317073,1.25,7.78,544,1535.2,123,3.28,3.56,4.55,3.8,1.3, Competitive — Monitor
85170A,SET/6 IVORY BIRD T-LIGHT CANDLES,2.466741573033708,0.0,4.3,702,1533.54,89,2.11,2.66,2.66,2.48,-0.5, Competitive — Monitor
84872A,TEATIME FUNKY FLOWER BACKPACK FOR 2,10.960972222222221,0.0,16.95,126,1533.46,72,9.75,10.49,11.67,10.64,3.0, Competitive — Monitor
22293,"SPRING DEC , HANGING CHICK  GREEN",1.886756756756757,0.85,3.04,1135,1533.1899999999998,106,1.69,1.75,2.24,1.89,-0.2, Competitive — Monitor
21146,ANTIQUE GLASS RIDGED HANGING BALL,2.101935483870968,0.0,4.3,751,1533.1699999999998,61,1.91,2.0,2.32,2.08,1.1, Competitive — Monitor
22321,BIRD DECORATION RED SPOT,1.1876923076923076,0.72,1.7,1691,1532.29,182,1.04,1.1,1.35,1.16,2.4, Competitive — Monitor
84795D,SEASIDE STRIPE HAMMOCK,8.000434782608695,0.0,16.98,1,1531.8400000000001,92,7.36,7.86,8.83,8.02,-0.2, Competitive — Monitor
85221,ASSORTED COLOUR SILK COIN PURSE,0.9872222222222222,0.0,2.57,2276,1529.54,53,0.92,1.03,1.06,1.0,-1.3, Competitive — Monitor
22758,LARGE PURPLE BABUSHKA NOTEBOOK  ,1.5541975308641975,0.0,2.51,1249,1526.93,153,1.44,1.51,1.77,1.57,-1.0, Competitive — Monitor
21462,"NURSERY A,B,C PAINTED LETTERS",7.165398230088496,5.95,13.57,220,1526.76,108,6.12,7.1,8.09,7.1,0.9, Competitive — Monitor
22094,RED POLKA DOT TISSUE BOX,1.6501342281879192,0.42,2.57,1399,1526.57,149,1.48,1.7,1.78,1.65,0.0, Competitive — Monitor
21282,NATURAL BARK CANDLE LARGE,4.685205479452055,0.0,8.65,337,1526.53,71,4.03,4.69,5.24,4.65,0.8, Competitive — Monitor
85035A,GARDENIA 3 WICK MORRIS BOXED CANDLE,4.791801801801801,3.81,8.65,356,1526.32,109,4.19,5.07,5.6,4.95,-3.2, Competitive — Monitor
22907,PACK OF 20 NAPKINS PANTRY DESIGN,0.8993714285714285,0.64,1.66,1966,1525.2099999999998,169,0.85,0.95,1.02,0.94,-4.3, Competitive — Monitor
22133,PINK LOVE HEART SHAPE CUP,1.2057281553398058,0.72,1.7,1680,1523.1799999999998,205,1.04,1.11,1.28,1.14,5.8, Competitive — Monitor
21288,STRIPEY CHOCOLATE NESTING BOXES,3.403220338983051,1.25,6.04,634,1522.63,118,3.06,3.55,3.85,3.49,-2.5, Competitive — Monitor
72008,FROSTED BOX 9 WHITE T-LIGHT CANDLES,0.43486725663716813,0.0,0.86,6719,1521.32,220,0.4,0.43,0.5,0.44,-1.2, Competitive — Monitor
84596B,SMALL DOLLY MIX DESIGN ORANGE BOWL,1.462311320754717,1.06,2.57,1191,1521.02,210,1.35,1.58,1.71,1.55,-5.7, Competitive — Monitor
22784,Incorrectly entered. should be 2279,5.479891304347826,0.0,11.02,-416,1520.48,91,4.96,5.47,6.27,5.57,-1.6, Competitive — Monitor
21476,STEEL SWEETHEART ROUND TABLE CREAM,15.559692307692307,10.0,59.53,101,1519.8799999999999,63,13.24,16.77,16.69,15.57,-0.1, Competitive — Monitor
22514,CHILDS GARDEN SPADE BLUE,2.1693006993006994,0.0,4.21,792,1517.3700000000001,142,1.91,2.26,2.51,2.23,-2.7, Competitive — Monitor
22208,WOOD STAMP SET THANK YOU,2.1005357142857144,1.45,3.43,878,1517.2099999999998,164,1.89,2.02,2.42,2.11,-0.4, Competitive — Monitor
21742,LARGE ROUND WICKER PLATTER ,6.077735849056604,5.95,12.72,247,1510.27,104,5.22,6.12,6.4,5.91,2.8, Competitive — Monitor
21398,RED  SPOTTY COFFEE  MUG,2.539850746268657,1.75,4.3,765,1508.6100000000001,67,2.25,2.74,2.82,2.6,-2.3, Competitive — Monitor
84796A,PINK HAWAIIAN PICNIC HAMPER FOR 2,9.569130434782608,0.0,26.04,188,1504.8200000000002,69,8.17,10.12,10.53,9.61,-0.4, Competitive — Monitor
84526,GIANT BLACK SUNGLASSES,2.0517142857142856,0.0,4.21,576,1503.6399999999999,35,1.76,1.92,2.36,2.01,2.1, Competitive — Monitor
22540,MINI JIGSAW CIRCUS PARADE ,0.48,0.36,1.0,3765,1502.3899999999999,107,0.43,0.5,0.52,0.48,0.0, Competitive — Monitor
21099,SET/6 STRAWBERRY PAPER CUPS,0.7230000000000001,0.0,1.7,13202,1502.3400000000001,37,0.62,0.71,0.82,0.72,0.4, Competitive — Monitor
22183,CAKE STAND VICTORIAN FILIGREE MED,6.794526315789474,2.1,13.87,284,1501.96,95,6.16,6.26,8.06,6.83,-0.5, Competitive — Monitor
21804,WHITE CHRISTMAS GARLAND STARS TREES,3.9735227272727274,3.75,7.78,393,1501.32,79,3.65,3.91,4.65,4.07,-2.4, Competitive — Monitor
20985,HEART CALCULATOR,1.4564772727272726,1.06,2.57,1184,1501.17,168,1.35,1.39,1.73,1.49,-2.2, Competitive — Monitor
84510B,SET OF 4 FAIRY CAKES COASTERS ,1.5956547619047619,0.0,2.57,1195,1498.55,153,1.39,1.68,1.91,1.66,-3.9, Competitive — Monitor
22944,CHRISTMAS METAL POSTCARD WITH BELLS,1.7678571428571428,1.06,16.13,1249,1496.45,52,1.53,1.72,1.86,1.7,4.0, Competitive — Monitor
22905,CALENDAR IN SEASON DESIGN,3.2145454545454544,2.55,5.91,508,1493.2400000000002,88,2.77,3.38,3.68,3.28,-2.0, Competitive — Monitor
22261,FELT EGG COSY WHITE RABBIT ,1.1714666666666667,0.72,1.95,1534,1491.3,141,1.07,1.08,1.3,1.15,1.9, Competitive — Monitor
21760,FRENCH STYLE WALL DRESSER,98.33333333333333,0.0,125.0,7,1490.0,17,90.53,95.31,115.93,100.59,-2.2, Competitive — Monitor
21009,ETCHED GLASS STAR TREE DECORATION,1.4474774774774775,0.0,2.57,913,1489.99,106,1.23,1.39,1.57,1.4,3.4, Competitive — Monitor
84856L,LARGE TAHITI BEACH BAG,7.77075,4.65,12.13,237,1486.33,80,7.33,7.44,9.3,8.02,-3.1, Competitive — Monitor
22816,CARD MOTORBIKE SANTA,0.5149009900990098,0.36,1.0,3351,1483.95,199,0.44,0.48,0.59,0.5,3.0, Competitive — Monitor
21276,TWO EMBOSSED HEART MINI DRAWERS,4.217878787878788,0.0,14.74,653,1482.74,33,3.81,4.01,4.93,4.25,-0.8, Competitive — Monitor
84997b,RED 3 PIECE MINI DOTS CUTLERY SET,8.4275,7.62,8.47,175,1481.4,20,7.76,8.5,8.96,8.41,0.2, Competitive — Monitor
22688,DOORMAT PEACE ON EARTH BLUE,8.057164179104479,6.75,14.43,194,1480.94,67,7.55,7.79,8.68,8.01,0.6, Competitive — Monitor
85034A,3 GARDENIA MORRIS BOXED CANDLES,5.252058823529412,3.81,8.65,354,1478.92,67,4.84,5.18,6.11,5.38,-2.4, Competitive — Monitor
85016,SET OF 6 VINTAGE NOTELETS KIT,2.476307692307692,0.65,2.57,1118,1478.2,130,2.3,2.43,2.61,2.45,1.1, Competitive — Monitor
21865,PINK UNION JACK  PASSPORT COVER ,2.619162561576355,2.1,4.95,628,1477.23,198,2.32,2.78,3.07,2.72,-3.7, Competitive — Monitor
21397,BLUE  SPOTTY EGG CUP ,1.9949579831932773,1.06,3.43,1084,1474.03,119,1.86,2.12,2.1,2.03,-1.7, Competitive — Monitor
21810,CHRISTMAS HANGING STAR WITH BELL,1.6054545454545455,1.06,2.57,1169,1473.97,104,1.38,1.6,1.84,1.61,-0.3, Competitive — Monitor
47585A,PINK FAIRY CAKE CUSHION COVER,3.908550724637681,1.25,10.39,809,1472.19,67,3.67,3.8,4.32,3.93,-0.5, Competitive — Monitor
22696,WICKER WREATH LARGE,2.176496815286624,1.65,4.21,749,1470.1699999999998,153,1.97,2.04,2.48,2.16,0.8, Competitive — Monitor
22704,WRAP RED APPLES ,0.41874015748031496,0.34,0.42,3575,1469.5,126,0.39,0.45,0.48,0.44,-4.8, Competitive — Monitor
21708,FOLDING UMBRELLA  CREAM/MULTI  SPOT,5.109130434782609,1.95,10.39,420,1468.42,67,4.57,4.75,5.63,4.98,2.6, Competitive — Monitor
22521,CHILDS GARDEN TROWEL PINK,0.9453237410071943,0.72,1.95,1683,1467.4399999999998,270,0.86,0.91,1.01,0.93,1.6, Competitive — Monitor
22496,SET OF 2 ROUND TINS DUTCH CHEESE,3.172148760330579,2.55,6.95,480,1466.88,117,2.86,3.07,3.36,3.1,2.3, Competitive — Monitor
21206,STRAWBERRY HONEYCOMB  GARLAND ,1.7994117647058823,1.45,3.36,871,1466.8799999999999,134,1.66,1.75,2.05,1.82,-1.1, Competitive — Monitor
21661,VINTAGE GLASS TEA CADDY,6.909805825242719,0.0,12.13,216,1464.21,101,5.93,6.54,7.79,6.75,2.4, Competitive — Monitor
21410,COUNTRY COTTAGE  DOORSTOP GREEN,5.453766233766234,0.0,8.65,309,1462.53,152,4.67,5.7,6.33,5.57,-2.1, Competitive — Monitor
22375,AIRLINE BAG VINTAGE JET SET BROWN,5.8591851851851855,0.0,13.57,265,1459.3899999999999,131,5.13,5.51,6.6,5.75,1.9, Competitive — Monitor
17084R,ASSORTED INCENSE PACK,0.2026829268292683,0.16,0.21,8105,1453.65,40,0.18,0.21,0.23,0.21,-3.5, Competitive — Monitor
21869,POTTING SHED COFFEE MUG,1.3103333333333333,0.0,3.43,1126,1452.0800000000002,118,1.23,1.23,1.45,1.3,0.8, Competitive — Monitor
22771,CLEAR DRAWER KNOB ACRYLIC EDWARDIAN,1.3845348837209301,1.24,2.51,1127,1451.75,84,1.21,1.29,1.46,1.32,4.9, Competitive — Monitor
20716,PARTY FOOD SHOPPER BAG,1.502967032967033,1.06,2.57,1128,1451.68,179,1.42,1.6,1.65,1.56,-3.7, Competitive — Monitor
47591B,SCOTTIES DES CHILD'S APRON,1.6737344398340248,1.33,4.3,905,1450.71,237,1.48,1.59,2.0,1.69,-1.0, Competitive — Monitor
21157,RED SPOTTY WASHBAG,2.8083660130718955,0.0,4.3,614,1450.3500000000001,152,2.44,2.95,3.32,2.9,-3.2, Competitive — Monitor
22949,36 DOILIES DOLLY GIRL,1.7979487179487181,1.25,2.98,1056,1448.1299999999999,78,1.67,1.81,1.98,1.82,-1.2, Competitive — Monitor
21640,ASSORTED TUTTI FRUTTI  FOB NOTEBOOK,1.0679136690647482,0.85,1.7,1607,1444.3899999999999,130,0.98,1.0,1.22,1.07,-0.2, Competitive — Monitor
85176,SEWING SUSAN 21 NEEDLE SET,1.0842857142857143,0.64,1.7,1843,1438.58,147,0.98,1.16,1.28,1.14,-4.9, Competitive — Monitor
22650,CERAMIC PIRATE CHEST MONEY BANK,1.765031847133758,1.25,3.36,958,1438.1699999999998,153,1.6,1.69,1.97,1.75,0.9, Competitive — Monitor
22251,BIRDHOUSE DECORATION MAGIC GARDEN,1.5866071428571429,1.06,2.57,1162,1433.16,165,1.46,1.68,1.67,1.6,-0.8, Competitive — Monitor
21818,GLITTER CHRISTMAS HEART ,0.8779452054794521,0.72,1.7,1694,1428.79,131,0.77,0.83,0.93,0.84,4.5, Competitive — Monitor
22246,"GARLAND, MAGIC GARDEN 1.8M",2.6564150943396223,1.65,4.3,681,1426.31,104,2.52,2.81,2.99,2.77,-4.1, Competitive — Monitor
22091,EMPIRE TISSUE BOX,1.585235294117647,0.42,2.57,1163,1422.07,167,1.5,1.46,1.9,1.62,-2.1, Competitive — Monitor
21125,SET 6 FOOTBALL CELEBRATION CANDLES,1.29925,0.38,2.51,1496,1419.16,150,1.19,1.3,1.5,1.33,-2.3, Competitive — Monitor
18098c,PORCELAIN BUTTERFLY OIL BURNER,5.067615384615384,5.06,5.17,280,1418.8899999999999,130,4.41,5.29,5.37,5.02,0.9, Competitive — Monitor
22477,WATERING CAN GARDEN MARKER,1.550448717948718,1.06,2.95,1069,1417.6299999999999,155,1.42,1.66,1.67,1.58,-1.9, Competitive — Monitor
21643,ASSORTED TUTTI FRUTTI MIRROR,1.8775657894736841,1.06,2.57,984,1416.0,152,1.61,2.0,2.19,1.93,-2.7, Competitive — Monitor
85114C,RED ENCHANTED FOREST PLACEMAT,1.9353535353535354,0.0,3.43,746,1415.56,96,1.65,2.03,2.28,1.99,-2.7, Competitive — Monitor
21557,SET OF 6 FUNKY BEAKERS,4.1493464052287585,2.55,6.04,404,1413.3300000000002,150,3.63,4.41,4.74,4.26,-2.6, Competitive — Monitor
15058B,PINK WHITE SPOTS GARDEN PARASOL,9.278870967741934,3.95,25.49,206,1410.6,62,8.32,8.83,10.64,9.26,0.2, Competitive — Monitor
22410,MONEY BOX HOUSEKEEPING DESIGN,1.3795104895104895,1.06,2.51,1117,1408.79,141,1.29,1.33,1.45,1.36,1.4, Competitive — Monitor
85183A,CHARLIE & LOLA WASTEPAPER BIN BLUE,3.584736842105263,1.25,7.78,838,1407.46,57,3.31,3.46,4.21,3.66,-2.1, Competitive — Monitor
85198,ASSORTED FARMYARD ANIMALS IN BUCKET,0.9734782608695652,0.0,1.66,3581,1405.12,43,0.9,0.95,1.14,1.0,-2.7, Competitive — Monitor
22342,HOME GARLAND PAINTED ZINC ,2.2773214285714287,1.45,3.43,814,1404.8999999999999,109,2.03,2.24,2.48,2.25,1.2, Competitive — Monitor
15058A,BLUE WHITE SPOTS GARDEN PARASOL,7.566612903225806,3.95,25.49,264,1401.84,61,6.69,7.62,8.75,7.69,-1.6, Competitive — Monitor
21000,ROSE DU SUD COSMETICS BAG,3.8942553191489364,2.0,8.47,599,1401.83,47,3.45,3.68,4.21,3.78,3.0, Competitive — Monitor
35971,ROSE FOLKART HEART DECORATIONS,1.7602797202797202,0.42,2.57,1541,1400.59,134,1.67,1.81,1.86,1.78,-1.1, Competitive — Monitor
21626,VINTAGE UNION JACK PENNANT,2.3839166666666665,1.95,4.3,682,1400.05,116,2.04,2.26,2.58,2.29,4.1, Competitive — Monitor
22153,ANGEL DECORATION STARS ON DRESS,0.5538636363636363,0.42,0.87,3169,1390.5,167,0.52,0.54,0.6,0.55,0.7, Competitive — Monitor
21532,DAIRY MAID SUGAR JAM BOWL,2.3129807692307693,0.0,4.3,1317,1390.3100000000002,100,2.1,2.31,2.55,2.32,-0.3, Competitive — Monitor
47503K,ASSORTED FLORAL SECATEURS,2.1186,0.0,4.3,2928,1388.59,47,1.89,2.22,2.36,2.16,-1.9, Competitive — Monitor
22520,CHILDS GARDEN TROWEL BLUE ,0.9280075187969925,0.0,1.95,1576,1388.33,259,0.86,0.96,1.05,0.96,-3.3, Competitive — Monitor
16033,MINI HIGHLIGHTER PENS,0.11192307692307692,0.0,0.12,11322,1386.12,52,0.1,0.11,0.13,0.11,1.7, Competitive — Monitor
22513,DOORSTOP FOOTBALL DESIGN,4.074770642201835,0.0,7.62,442,1384.92,107,3.82,3.85,4.44,4.04,0.9, Competitive — Monitor
85167B,BLACK GRAND BAROQUE PHOTO FRAME,4.155438596491228,0.0,8.65,653,1383.59,56,3.91,4.19,4.38,4.16,-0.1, Competitive — Monitor
21011,GLITTER SNOW PEAR TREE DECORATION,1.251439393939394,0.0,3.43,1826,1382.5,119,1.12,1.17,1.43,1.24,0.9, Competitive — Monitor
84396,6 HOOK JEWELLERY STAND BLACK DRESS,5.552307692307693,0.0,8.65,391,1380.52,51,4.87,5.44,6.16,5.49,1.1, Competitive — Monitor
22028,PENNY FARTHING BIRTHDAY CARD,0.5141176470588235,0.0,0.86,3282,1379.51,254,0.47,0.51,0.56,0.51,0.8, Competitive — Monitor
22849,"BREAD BIN, DINER STYLE, MINT",17.0453488372093,14.95,34.0,85,1378.85,43,16.04,15.79,20.11,17.31,-1.5, Competitive — Monitor
17091J,VANILLA INCENSE IN TIN,1.1325555555555555,0.38,2.57,2002,1377.32,89,0.99,1.09,1.32,1.13,0.2, Competitive — Monitor
21897,POTTING SHED CANDLE CITRONELLA,3.0761946902654866,2.55,6.04,462,1376.1200000000001,105,2.81,3.3,3.63,3.25,-5.3, Competitive — Monitor
22037,ROBOT BIRTHDAY CARD,0.5114237288135594,0.0,0.86,3145,1375.72,295,0.47,0.55,0.57,0.53,-3.5, Competitive — Monitor
35962,12 ASS ZINC CHRISTMAS DECORATIONS,2.7512,0.0,4.3,571,1374.88,95,2.54,2.69,2.94,2.72,1.1, Competitive — Monitor
85116,BLACK CANDELABRA T-LIGHT HOLDER,1.6568224299065422,0.64,2.1,1099,1374.02,106,1.43,1.54,1.91,1.63,1.6, Competitive — Monitor
21356,TOAST ITS - FAIRY FLOWER,1.7269302325581393,1.05,2.57,980,1366.0,211,1.59,1.64,1.87,1.7,1.6, Competitive — Monitor
21809,CHRISTMAS HANGING TREE WITH BELL,1.6450980392156862,1.06,2.57,1084,1365.08,98,1.55,1.62,1.84,1.67,-1.5, Competitive — Monitor
90057,DIAMANTE RING ASSORTED IN BOX.,2.4633333333333334,1.25,3.75,796,1364.52,15,2.14,2.64,2.61,2.46,0.1, Competitive — Monitor
84562A,PINK/WHITE RIBBED MELAMINE JUG,9.2385,0.0,16.98,164,1362.3600000000001,78,8.07,8.71,10.84,9.21,0.3, Competitive — Monitor
85232A,SET/3 POLKA DOT STACKING TINS,5.278015873015873,0.0,10.17,224,1361.73,124,5.0,5.5,5.64,5.38,-1.9, Competitive — Monitor
21422,PORCELAIN ROSE SMALL,1.0462921348314607,0.72,1.7,1596,1360.72,88,0.91,0.98,1.24,1.04,0.6, Competitive — Monitor
22559,SEASIDE FRISBEE ,1.4311023622047243,0.0,2.51,1078,1359.1,125,1.34,1.54,1.69,1.52,-5.8, Competitive — Monitor
84012,MAGIC SHEEP WOOL GROWING FROM PAPER,2.635522388059701,2.1,5.06,576,1354.64,65,2.37,2.59,2.95,2.64,-0.2, Competitive — Monitor
22439,6 ROCKET BALLOONS ,0.6838797814207651,0.55,1.28,2066,1353.8700000000001,176,0.6,0.71,0.79,0.7,-2.3, Competitive — Monitor
22503,CABIN BAG VINTAGE PAISLEY,30.51076923076923,24.95,59.53,47,1352.23,26,28.59,29.74,34.87,31.07,-1.8, Competitive — Monitor
17129D,CLEAR COLOUR GLASS GEMS IN BAG,1.0713636363636363,0.0,1.7,-197,1351.1799999999998,44,0.96,1.09,1.25,1.1,-2.6, Competitive — Monitor
22797,CHEST OF DRAWERS GINGHAM HEART ,18.2375,14.95,34.0,76,1349.45,60,16.44,17.34,20.33,18.04,1.1, Competitive — Monitor
85183B,CHARLIE & LOLA WASTEPAPER BIN FLORA,3.6955932203389827,1.25,7.78,744,1344.6399999999999,59,3.27,3.49,4.32,3.69,0.2, Competitive — Monitor
21910,WAY OUT METAL SIGN ,1.752190476190476,0.0,3.36,1004,1340.4299999999998,105,1.59,1.88,1.96,1.81,-3.2, Competitive — Monitor
21275,ZINC TOP  2 DOOR WOODEN SHELF ,11.954629629629629,0.0,34.0,197,1339.8500000000001,53,10.36,12.75,14.24,12.45,-4.0, Competitive — Monitor
22800,ANTIQUE TALL SWIRLGLASS TRINKET POT,4.4975000000000005,3.74,7.62,334,1337.63,87,4.0,4.78,5.05,4.61,-2.4, Competitive — Monitor
84913A,SOFT PINK ROSE TOWEL ,3.769066666666667,3.36,9.52,356,1334.43,150,3.57,3.84,4.22,3.88,-2.9, Competitive — Monitor
20993,JAZZ HEARTS MEMO PAD,0.816969696969697,0.0,1.7,10853,1334.1100000000001,33,0.72,0.86,0.95,0.84,-2.7, Competitive — Monitor
82494l,WOODEN FRAME ANTIQUE WHITE ,8.02925925925926,7.62,8.47,160,1333.95,27,7.35,7.48,9.42,8.08,-0.6, Competitive — Monitor
21905,MORE BUTTER METAL SIGN ,2.132314814814815,0.85,4.21,861,1332.06,108,1.88,2.08,2.42,2.13,0.1, Competitive — Monitor
22201,FRYING PAN BLUE POLKADOT ,4.811829268292683,0.0,8.65,320,1330.32,81,4.46,4.67,5.18,4.77,0.9, Competitive — Monitor
51014C,"FEATHER PEN,COAL BLACK",1.0237623762376238,0.0,1.7,1574,1328.6899999999998,100,0.88,1.05,1.15,1.03,-0.6, Competitive — Monitor
21581,SKULLS  DESIGN  COTTON TOTE BAG,2.5373529411764704,0.85,5.17,928,1326.5,135,2.4,2.48,3.03,2.64,-3.9, Competitive — Monitor
22117,METAL SIGN HER DINNER IS SERVED ,3.172071428571429,2.55,6.04,448,1323.0900000000001,140,2.84,2.99,3.69,3.17,0.1, Competitive — Monitor
21280,VINTAGE KITCHEN PRINT VEGETABLES,2.9865,0.0,5.17,2025,1322.69,60,2.61,3.03,3.5,3.05,-2.1, Competitive — Monitor
22436,12 COLOURED PARTY BALLOONS,0.6531884057971015,0.0,1.28,2134,1322.3400000000001,135,0.56,0.69,0.69,0.65,0.5, Competitive — Monitor
21807,WHITE CHRISTMAS STAR DECORATION,0.5130188679245282,0.0,0.87,2962,1321.27,153,0.44,0.5,0.57,0.5,2.6, Competitive — Monitor
21424,WOODLAND STORAGE BOX LARGE ,4.104675324675325,1.25,6.77,555,1320.52,77,3.7,3.86,4.71,4.09,0.4, Competitive — Monitor
20992,JAZZ HEARTS PURSE NOTEBOOK,0.9442941176470588,0.38,1.7,1773,1319.77,164,0.83,0.9,1.11,0.95,-0.6, Competitive — Monitor
22818,CARD CHRISTMAS VILLAGE,0.5038709677419355,0.36,1.0,2965,1318.74,185,0.47,0.48,0.53,0.49,2.8, Competitive — Monitor
22892,SALT AND PEPPER SHAKERS TOADSTOOLS,1.448076923076923,1.0,2.51,1057,1311.96,104,1.29,1.4,1.71,1.47,-1.5, Competitive — Monitor
22400,MAGNETS PACK OF 4 HOME SWEET HOME,1.2903370786516855,1.06,2.51,1049,1310.47,86,1.13,1.32,1.46,1.3,-0.7, Competitive — Monitor
21262,WHITE GOOSE FEATHER CHRISTMAS TREE ,8.14179104477612,2.95,30.39,299,1309.3100000000002,67,7.42,8.27,8.79,8.16,-0.2, Competitive — Monitor
21842,PINK HEART CANDY BUTTON CALCULATOR,2.948333333333333,0.0,5.17,531,1308.74,48,2.71,3.04,3.24,3.0,-1.7, Competitive — Monitor
22801,ANTIQUE GLASS PEDESTAL BOWL,4.383272727272727,3.75,7.62,320,1308.36,105,3.8,4.29,4.79,4.29,2.2, Competitive — Monitor
21291,SMALL SPOTTY CHOCOLATE GIFT BAG ,0.9445217391304347,0.64,1.7,1524,1308.32,113,0.82,0.99,1.07,0.96,-1.6, Competitive — Monitor
85055,FRENCH ENAMEL UTENSIL HOLDER,4.587,2.95,7.78,326,1308.1,97,3.92,4.37,4.85,4.38,4.7, Competitive — Monitor
85098B,BLUE FLYING SINGING CANARY,4.603966942148761,0.0,7.78,297,1306.54,120,4.25,4.58,4.94,4.59,0.3, Competitive — Monitor
21794,CLASSIC FRENCH STYLE BASKET NATURAL,7.691282051282051,5.95,13.57,184,1305.06,78,7.05,8.06,9.01,8.04,-4.3, Competitive — Monitor
20738,GREEN MINI TAPE MEASURE ,0.9418666666666666,0.0,2.51,1490,1301.72,75,0.85,0.89,1.01,0.92,2.4, Competitive — Monitor
15058C,ICE CREAM DESIGN GARDEN PARASOL,9.98576923076923,3.95,25.49,226,1300.1,52,9.33,9.36,10.83,9.84,1.5, Competitive — Monitor
21629,SQUARE FLOOR CUSHION VINTAGE PINK ,12.718030303030304,7.95,16.48,107,1297.27,66,11.83,13.5,14.22,13.18,-3.5, Competitive — Monitor
21082,SET/20 FRUIT SALAD PAPER NAPKINS ,0.9495890410958903,0.0,2.51,3969,1296.47,142,0.86,0.93,1.07,0.95,-0.0, Competitive — Monitor
22966,GINGERBREAD MAN COOKIE CUTTER,1.3889690721649484,1.06,2.51,1058,1292.98,93,1.3,1.43,1.62,1.45,-4.2, Competitive — Monitor
84763,ZINC FINISH 15CM PLANTER POTS,1.4167226890756304,1.06,2.57,1037,1291.45,118,1.23,1.31,1.58,1.37,3.4, Competitive — Monitor
21359,RELAX LARGE WOOD LETTERS,17.334,12.95,34.0,79,1290.25,47,14.93,17.86,20.25,17.68,-2.0, Competitive — Monitor
22674,FRENCH TOILET SIGN BLUE METAL,1.3444827586206898,1.06,2.51,1048,1286.1200000000001,115,1.18,1.3,1.54,1.34,0.3, Competitive — Monitor
21630,FLOOR CUSHION ELEPHANT CARNIVAL,14.298529411764704,8.95,19.09,94,1283.6599999999999,67,12.24,13.28,15.26,13.59,5.2, Competitive — Monitor
22735,RIBBON REEL SOCKS AND MITTENS,2.119741379310345,1.45,4.21,753,1283.3899999999999,114,1.91,2.16,2.28,2.12,-0.0, Competitive — Monitor
46775E,CANDY POP CHUNKY KNITTED THROW ,12.76622641509434,0.0,34.74,88,1282.9,53,12.05,12.24,14.24,12.84,-0.6, Competitive — Monitor
16237,SLEEPING CAT ERASERS,0.2936977491961415,0.16,0.43,5913,1282.59,310,0.25,0.29,0.33,0.29,1.3, Competitive — Monitor
21824,PAINTED METAL STAR WITH HOLLY BELLS,1.5504672897196263,1.25,3.04,886,1279.57,99,1.34,1.45,1.8,1.53,1.3, Competitive — Monitor
21284,RETRO SPOT CANDLE  SMALL,1.9384313725490196,0.42,3.43,1133,1277.31,102,1.74,1.83,2.2,1.92,1.0, Competitive — Monitor
22204,MILK PAN BLUE RETROSPOT,4.614148936170213,3.39,7.78,332,1274.75,93,4.35,4.47,5.11,4.64,-0.6, Competitive — Monitor
21759,METAL WALL SHELF UNIT WITH HOOKS,46.962,0.0,102.13,23,1274.47,15,41.4,43.88,50.51,45.26,3.8, Competitive — Monitor
21464,DISCO BALL ROTATOR BATTERY OPERATED,4.245934959349594,3.75,4.25,299,1269.75,122,3.82,4.53,4.6,4.32,-1.7, Competitive — Monitor
84596F,SMALL MARSHMALLOWS PINK BOWL,1.4555882352941176,1.06,2.57,995,1266.6,169,1.24,1.34,1.65,1.41,3.2, Competitive — Monitor
21332,MOROCCAN BEATEN METAL MIRROR,10.107619047619048,3.95,25.49,230,1266.3200000000002,42,8.74,10.08,11.25,10.02,0.9, Competitive — Monitor
22137,BATHROOM SET LOVE HEART DESIGN,3.7687500000000003,2.25,6.04,522,1264.4,32,3.58,3.54,4.25,3.79,-0.6, Competitive — Monitor
20760,GARDEN PATH POCKET BOOK,0.7515384615384616,0.0,1.66,5286,1259.26,64,0.71,0.73,0.81,0.75,0.2, Competitive — Monitor
22290,STANDING METAL RABBIT WITH EGG,2.2887058823529416,0.0,4.3,663,1258.72,81,1.95,2.44,2.63,2.34,-2.2, Competitive — Monitor
20933,YELLOW POT PLANT CANDLE,4.2042222222222225,0.0,7.78,477,1258.44,44,3.97,3.98,4.95,4.3,-2.2, Competitive — Monitor
21504,SKULLS GREETING CARD,0.45376681614349773,0.0,0.86,2994,1256.37,220,0.41,0.49,0.49,0.46,-1.4, Competitive — Monitor
21819,GLITTER CHRISTMAS STAR ,0.8935338345864662,0.85,1.7,1465,1256.1,129,0.84,0.85,1.0,0.9,-0.7, Competitive — Monitor
21785,RAIN PONCHO ,0.9861320754716981,0.65,1.7,1604,1255.18,98,0.88,1.02,1.18,1.03,-4.3, Competitive — Monitor
22157,ANGEL DECORATION WITH LACE PADDED,0.89536,0.85,1.66,1467,1255.05,117,0.81,0.9,0.98,0.9,-0.5, Competitive — Monitor
21278,VINTAGE KITCHEN PRINT PUDDINGS,3.492155172413793,0.0,5.17,1493,1255.0,115,3.14,3.71,3.98,3.61,-3.3, Competitive — Monitor
21738,COSY SLIPPER SHOES SMALL  RED ,3.495,0.0,6.04,488,1251.8300000000002,120,3.2,3.53,3.72,3.48,0.4, Competitive — Monitor
22024,RAINY LADIES BIRTHDAY CARD,0.5285232067510548,0.0,0.86,2984,1250.94,237,0.46,0.53,0.6,0.53,-0.3, Competitive — Monitor
22671,FRENCH LAUNDRY SIGN BLUE METAL,1.875221238938053,1.45,3.36,754,1250.55,109,1.6,1.78,1.99,1.79,4.8, Competitive — Monitor
21549,CERAMIC BIRDHOUSE RED ROOF SMALL,3.1719298245614036,0.0,6.04,516,1249.74,56,2.79,3.0,3.79,3.19,-0.6, Competitive — Monitor
21286,RETRO SPOT CANDLE  LARGE,3.062162162162162,0.85,5.17,724,1245.47,74,2.82,3.27,3.54,3.21,-4.6, Competitive — Monitor
84459B,YELLOW METAL CHICKEN HEART ,2.176769230769231,1.25,3.36,735,1243.1399999999999,127,1.89,2.12,2.54,2.18,-0.1, Competitive — Monitor
22863,SOAP DISH BROCANTE,3.097777777777778,2.55,5.91,435,1237.49,69,2.84,3.03,3.58,3.15,-1.7, Competitive — Monitor
85114A,BLACK ENCHANTED FOREST PLACEMAT,1.8650980392156862,1.45,3.36,761,1236.6299999999999,51,1.77,1.94,2.12,1.94,-3.9, Competitive — Monitor
22896,PEG BAG APPLE DESIGN,2.810898876404494,0.0,5.06,504,1235.36,88,2.42,2.74,3.14,2.77,1.5, Competitive — Monitor
21281,VINTAGE KITCHEN PRINT SEAFOOD,3.304915254237288,0.0,5.17,2099,1233.65,59,3.03,3.54,3.9,3.49,-5.3, Competitive — Monitor
21438,TUB 24 HANGING EASTER EGGS SPOTTY,3.7329999999999997,0.0,7.62,348,1233.5700000000002,38,3.34,3.88,4.46,3.89,-4.0, Competitive — Monitor
22516,CHILDS GARDEN RAKE BLUE,2.341171171171171,0.0,4.21,645,1233.0300000000002,105,2.19,2.38,2.63,2.4,-2.5, Competitive — Monitor
20825,GOLD WINE GLASS,5.157,0.0,26.04,260,1232.58,10,4.47,5.47,6.14,5.36,-3.8, Competitive — Monitor
22785,CUSHION COVER PINK UNION FLAG,7.335438596491228,0.0,16.98,173,1231.02,57,6.74,6.81,8.34,7.3,0.5, Competitive — Monitor
84581,DOG TOY WITH PINK CROCHET SKIRT,3.8566887417218543,3.39,4.3,324,1230.44,149,3.6,3.71,4.36,3.89,-0.9, Competitive — Monitor
22069, BROWN  PIRATE TREASURE CHEST ,2.7296183206106868,1.45,4.21,570,1228.28,130,2.58,2.71,3.05,2.78,-1.8, Competitive — Monitor
40001, WHITE BAMBOO RIBS LAMPSHADE,1.0250666666666666,0.64,1.7,1643,1227.73,75,0.94,0.98,1.11,1.01,1.5, Competitive — Monitor
21744,SNOWFLAKE PORTABLE TABLE LIGHT ,3.3697196261682243,2.94,6.04,394,1225.1000000000001,98,3.03,3.5,3.54,3.36,0.3, Competitive — Monitor
22891,TEA FOR ONE POLKADOT,5.268837209302325,3.75,8.47,261,1224.51,84,4.8,5.62,5.72,5.38,-2.1, Competitive — Monitor
21096,SET/6 FRUIT SALAD  PAPER PLATES,0.86425,0.13,1.66,7657,1223.8300000000002,39,0.81,0.85,0.97,0.88,-1.8, Competitive — Monitor
22713,CARD I LOVE LONDON ,0.5817073170731707,0.36,1.0,2744,1223.33,161,0.53,0.57,0.64,0.58,0.3, Competitive — Monitor
22712,CARD DOLLY GIRL ,0.5500938967136151,0.0,0.85,2932,1220.1299999999999,211,0.47,0.59,0.61,0.56,-1.8, Competitive — Monitor
22052,VINTAGE CARAVAN GIFT WRAP,0.4176923076923077,0.34,0.42,2950,1219.0,104,0.39,0.41,0.5,0.43,-2.9, Competitive — Monitor
22675,FRENCH KITCHEN SIGN BLUE METAL,1.3033333333333332,1.06,2.51,994,1218.6200000000001,110,1.2,1.3,1.44,1.31,-0.5, Competitive — Monitor
21190,PINK HEARTS PAPER GARLAND,1.9886607142857142,1.45,3.36,723,1216.04,108,1.82,1.94,2.22,1.99,-0.1, Competitive — Monitor
21616,4 PEAR BOTANICAL DINNER CANDLES,3.782241379310345,3.25,7.62,342,1215.24,56,3.3,4.03,4.05,3.79,-0.2, Competitive — Monitor
20734,SILVER MINI TAPE MEASURE ,1.1496938775510204,0.0,2.51,1522,1213.61,97,1.05,1.16,1.22,1.14,0.9, Competitive — Monitor
21644,ASSORTED TUTTI FRUTTI HEART BOX,1.4553781512605042,0.0,2.57,683,1212.72,109,1.29,1.52,1.7,1.5,-3.0, Competitive — Monitor
21613,S/12 VANILLA  BOTANICAL T-LIGHTS,3.0506542056074766,2.55,6.04,409,1211.3200000000002,104,2.79,3.2,3.46,3.15,-3.2, Competitive — Monitor
85049H,URBAN BLACK RIBBONS ,1.2800645161290323,0.42,2.57,1227,1210.59,154,1.1,1.25,1.49,1.28,0.0, Competitive — Monitor
84748,FOLK FELT HANGING MULTICOL GARLAND,3.873030303030303,0.85,7.62,966,1210.26,32,3.55,3.83,4.15,3.84,0.9, Competitive — Monitor
22613,PACK OF 20 SPACEBOY NAPKINS,0.9218115942028985,0.64,2.51,1527,1209.86,131,0.88,0.97,1.05,0.97,-5.0, Competitive — Monitor
21947,SET OF 6 HEART CHOPSTICKS,1.7435714285714285,1.06,2.57,898,1209.44,151,1.49,1.71,1.9,1.7,2.6, Competitive — Monitor
35649,VINTAGE BEAD COSMETIC BAG ,3.782777777777778,0.6,6.91,1769,1206.05,18,3.59,3.96,4.1,3.88,-2.5, Competitive — Monitor
85162A,SILVER RETRODISC LAMPSHADE,4.1048,0.0,11.26,361,1203.96,25,3.66,4.39,4.32,4.12,-0.4, Competitive — Monitor
84685,BEACH HUT KEY CABINET,5.5649999999999995,0.0,7.78,387,1202.83,111,5.21,5.67,5.95,5.61,-0.8, Competitive — Monitor
85231B,CINAMMON SET OF 9 T-LIGHTS,1.041750972762646,0.85,1.7,1288,1202.35,252,0.97,1.08,1.14,1.06,-1.7, Competitive — Monitor
21662,VINTAGE GLASS COFFEE CADDY,7.125444444444444,0.0,12.13,185,1201.46,88,6.46,7.47,7.61,7.18,-0.8, Competitive — Monitor
21130,COLOURFUL STANDING GNOME,3.8925,0.0,6.91,704,1200.93,51,3.6,4.11,4.66,4.12,-5.5, Competitive — Monitor
84815,SET OF 3 DANISH ROSE PLANTERS,5.3054385964912285,0.75,8.65,930,1200.8200000000002,53,4.98,5.22,5.82,5.34,-0.6, Competitive — Monitor
17091A,LAVENDER INCENSE IN TIN,1.0855208333333333,0.0,2.57,2008,1199.48,95,0.97,1.01,1.16,1.05,3.4, Competitive — Monitor
21396,RED SPOTTY EGG CUP ,1.640731707317073,0.0,3.43,866,1199.0,81,1.45,1.61,1.77,1.61,1.9, Competitive — Monitor
22753,SMALL YELLOW BABUSHKA NOTEBOOK ,0.9374407582938388,0.0,1.95,1359,1195.82,203,0.86,0.96,1.07,0.96,-2.3, Competitive — Monitor
22742,MAKE YOUR OWN PLAYTIME CARD KIT,3.246091954022989,2.95,6.95,374,1193.0600000000002,85,3.02,3.22,3.44,3.23,0.5, Competitive — Monitor
79160,HEART SHAPE WIRELESS DOORBELL,2.595879120879121,1.69,3.43,506,1189.8400000000001,174,2.4,2.7,3.06,2.72,-4.6, Competitive — Monitor
21617,4 LILY  BOTANICAL DINNER CANDLES,3.7222222222222223,3.25,3.75,326,1189.5,70,3.46,3.64,4.45,3.85,-3.3, Competitive — Monitor
21656,RIDGED GLASS POSY VASE ,1.9890721649484535,1.25,3.43,774,1189.2,96,1.78,2.03,2.16,1.99,-0.0, Competitive — Monitor
47503E,ASS FLORAL PRINT SCISSORS,1.1166666666666667,0.0,1.25,6807,1186.9,27,1.04,1.06,1.25,1.12,-0.3, Competitive — Monitor
85106,CUT GLASS HEXAGON T-LIGHT HOLDER,2.5446666666666666,0.85,4.21,557,1186.33,41,2.19,2.65,2.68,2.51,1.4, Competitive — Monitor
22453,MEASURING TAPE RUSSIAN DOLL BLUE,3.009178082191781,2.55,5.91,417,1183.8300000000002,73,2.72,3.03,3.45,3.07,-2.0, Competitive — Monitor
21806,WHITE CHRISTMAS HEART DECORATION,0.49507462686567166,0.0,0.87,2777,1183.6299999999999,129,0.42,0.47,0.55,0.48,3.1, Competitive — Monitor
22539,MINI JIGSAW DOLLY GIRL,0.5334677419354839,0.36,0.85,2825,1183.5,124,0.47,0.52,0.58,0.52,2.6, Competitive — Monitor
35809A,ENAMEL PINK TEA CONTAINER,2.7961206896551727,0.85,4.3,718,1182.93,116,2.48,2.91,3.02,2.8,-0.1, Competitive — Monitor
85103, SILVER T-LIGHT SETTING,7.839375,5.95,13.87,167,1182.69,63,6.97,7.82,9.0,7.93,-1.1, Competitive — Monitor
22533,MAGIC DRAWING SLATE BAKE A CAKE ,0.4848765432098765,0.36,0.85,2845,1182.31,154,0.45,0.46,0.54,0.48,1.0, Competitive — Monitor
22286,"DECORATION , WOBBLY RABBIT , METAL ",1.935925925925926,1.0,3.43,815,1179.9099999999999,80,1.72,2.08,2.08,1.96,-1.2, Competitive — Monitor
22068, BLACK PIRATE TREASURE CHEST,2.1487248322147647,1.45,4.21,607,1174.32,143,1.92,2.22,2.48,2.21,-2.8, Competitive — Monitor
22308,TEA COSY BLUE STRIPE,3.6773913043478257,2.1,5.17,407,1171.73,115,3.21,3.95,4.17,3.78,-2.7, Competitive — Monitor
46775D,SUNSET COLOUR CHUNKY KNITTED THROW,13.529016393442623,11.02,34.74,90,1168.98,61,12.0,13.37,15.95,13.77,-1.8, Competitive — Monitor
22535,MAGIC DRAWING SLATE BUNNIES ,0.4573446327683616,0.0,1.0,2679,1167.97,171,0.4,0.46,0.49,0.45,1.6, Competitive — Monitor
21579,LOLITA  DESIGN  COTTON TOTE BAG,2.58659793814433,0.85,5.17,859,1167.44,92,2.22,2.75,3.02,2.66,-2.8, Competitive — Monitor
22471,TV DINNER TRAY AIR HOSTESS ,6.072857142857143,4.25,11.02,222,1166.39,84,5.53,6.1,6.99,6.21,-2.2, Competitive — Monitor
22253,6 CROCHET STRAWBERRIES,1.4468421052631577,0.0,2.57,908,1164.53,87,1.33,1.49,1.54,1.45,-0.2, Competitive — Monitor
21312,LARGE CHUNKY GLASS ROMAN BOWL,5.931875,0.0,13.57,243,1160.5700000000002,31,5.41,5.7,6.85,5.99,-1.0, Competitive — Monitor
21490,SET OF THREE 50'S GIFT WRAPS ,2.355384615384615,0.0,4.3,546,1159.8999999999999,63,2.11,2.34,2.63,2.36,-0.2, Competitive — Monitor
20931,BLUE POT PLANT CANDLE ,4.58030612244898,1.25,7.78,365,1157.53,97,4.07,4.3,5.46,4.61,-0.6, Competitive — Monitor
21752,GLASS CAKE STAND MIRRORED BASE,16.174042553191487,0.0,30.39,21,1155.11,46,15.14,15.41,17.33,15.96,1.3, Competitive — Monitor
22161,HEART DECORATION RUSTIC HANGING ,0.927239263803681,0.38,1.7,1690,1154.28,161,0.84,0.85,1.06,0.92,0.8, Competitive — Monitor
22939,APRON APPLE DELIGHT,5.648870967741936,0.0,11.02,236,1152.83,62,5.07,5.23,6.25,5.52,2.3, Competitive — Monitor
22848,BREAD BIN DINER STYLE PINK,16.725806451612904,14.95,34.0,73,1152.3999999999999,31,14.26,18.0,19.96,17.41,-3.9, Competitive — Monitor
21649,ASSORTED TUTTI FRUTTI PHOTO FRAME,3.2190625,0.0,6.04,399,1151.0900000000001,32,2.85,3.09,3.54,3.16,1.9, Competitive — Monitor
21677,HEARTS  STICKERS,0.9790058479532163,0.72,1.7,1317,1150.97,171,0.87,1.0,1.17,1.01,-3.1, Competitive — Monitor
22517,CHILDS GARDEN RAKE PINK,2.3403529411764707,1.59,4.21,609,1150.2,85,2.08,2.47,2.77,2.44,-4.1, Competitive — Monitor
21802,CHRISTMAS TREE HEART DECORATION,0.5226380368098159,0.42,0.87,2613,1150.12,160,0.47,0.53,0.57,0.52,0.5, Competitive — Monitor
22695,WICKER WREATH SMALL,1.7331666666666665,1.25,3.36,760,1145.83,116,1.57,1.64,2.03,1.75,-1.0, Competitive — Monitor
82567,"AIRLINE LOUNGE,METAL SIGN",2.4498076923076924,1.66,4.3,517,1145.5600000000002,207,2.23,2.54,2.94,2.57,-4.7, Competitive — Monitor
21695,SMALL SILVER FLOWER CANDLE POT,3.751076923076923,2.55,6.04,363,1144.65,64,3.48,3.81,4.08,3.79,-1.0, Competitive — Monitor
84830,LARGE ENGLISH ARBORETUM,11.313636363636363,0.0,16.95,107,1144.3,11,10.54,11.73,12.62,11.63,-2.7, Competitive — Monitor
22719,"GUMBALL COATHOOK., BLACK & WHITE ",1.6697931034482758,0.0,2.51,2621,1137.93,143,1.54,1.74,1.88,1.72,-2.9, Competitive — Monitor
22324,BLUE POLKADOT KIDS BAG,3.227738095238095,1.65,10.39,387,1137.61,84,3.05,3.47,3.53,3.35,-3.6, Competitive — Monitor
22523,CHILDS GARDEN FORK PINK,0.9153448275862068,0.72,1.95,1325,1137.3899999999999,221,0.78,0.93,0.96,0.89,2.8, Competitive — Monitor
21251,DINOSAUR HEIGHT CHART STICKER SET,3.5340449438202253,1.66,6.04,417,1135.63,88,3.07,3.44,3.83,3.45,2.4, Competitive — Monitor
85130A,BEADED PEARL HEART WHITE LARGE,1.8560714285714286,0.0,3.43,570,1135.04,80,1.58,1.9,2.03,1.84,0.9, Competitive — Monitor
22522,CHILDS GARDEN FORK BLUE ,0.9132710280373831,0.72,1.95,1311,1134.9199999999998,207,0.84,0.85,1.02,0.9,1.5, Competitive — Monitor
21983,PACK OF 12 BLUE PAISLEY TISSUES ,0.39139037433155077,0.2,0.85,3926,1133.9999999999998,182,0.37,0.42,0.42,0.4,-2.2, Competitive — Monitor
21287,SCENTED VELVET LOUNGE CANDLE ,1.2836585365853657,0.38,2.51,2344,1133.6000000000001,41,1.12,1.21,1.52,1.28,0.3, Competitive — Monitor
22956,36 FOIL HEART CAKE CASES,2.181758241758242,1.85,4.21,560,1133.44,81,2.06,2.12,2.52,2.23,-2.2, Competitive — Monitor
22777,GLASS CLOCHE LARGE,9.571698113207548,7.65,16.98,130,1132.03,51,8.19,10.06,10.17,9.47,1.1, Competitive — Monitor
22911,PAPER CHAIN KIT LONDON,3.149518072289157,2.55,5.91,402,1131.66,80,2.97,3.2,3.61,3.26,-3.4, Competitive — Monitor
20798,CLEAR MILKSHAKE GLASS,2.9027,0.0,4.3,327,1130.1,96,2.57,2.85,3.33,2.92,-0.6, Competitive — Monitor
84519B,CARROT CHARLIE+LOLA COASTER SET,3.6374725274725273,2.15,6.04,398,1127.97,90,3.13,3.62,4.34,3.7,-1.7, Competitive — Monitor
37482B,CUBIC MUG BLUE POLKA DOT,4.671,0.0,16.98,1121,1127.9099999999999,10,4.2,4.94,4.91,4.68,-0.2, Competitive — Monitor
17129F,DEEP BLUE GLASS GEMS IN BAG,1.402736842105263,0.0,1.7,798,1127.4299999999998,94,1.23,1.37,1.53,1.38,1.6, Competitive — Monitor
21867,PINK UNION JACK  LUGGAGE TAG,1.4899999999999998,1.06,2.95,829,1125.1299999999999,176,1.31,1.58,1.77,1.55,-3.9, Competitive — Monitor
85224,ASSORTED COLOUR SILK GLASSES CASE,1.8844117647058827,0.0,4.3,1516,1123.06,62,1.66,1.76,2.24,1.89,-0.3, Competitive — Monitor
85059,FRENCH ENAMEL WATER BASIN,4.5377011494252875,2.95,7.78,289,1123.03,86,4.22,4.74,5.26,4.74,-4.3, Competitive — Monitor
84750A,PINK SMALL GLASS CAKE STAND,2.9585714285714286,0.0,4.3,425,1119.78,112,2.67,3.12,3.45,3.08,-3.9, Competitive — Monitor
21002,ROSE DU SUD DRAWSTRING BAG,3.600322580645161,3.36,8.47,304,1118.8799999999999,124,3.17,3.42,3.83,3.47,3.8, Competitive — Monitor
21439,BASKET OF TOADSTOOLS,1.5469747899159665,1.25,2.57,859,1114.19,116,1.41,1.53,1.74,1.56,-0.8, Competitive — Monitor
21051,RIBBONS PURSE ,2.247738095238095,0.0,4.3,322,1113.18,80,2.07,2.13,2.44,2.21,1.7, Competitive — Monitor
20686,DOLLY MIXTURE CHILDREN'S UMBRELLA,3.646528925619835,2.75,6.91,327,1111.77,121,3.2,3.77,3.93,3.63,0.5, Competitive — Monitor
21058,PARTY INVITES WOODLAND,1.012037037037037,0.72,1.7,1265,1110.29,156,0.9,1.02,1.19,1.04,-2.7, Competitive — Monitor
84509G,FAIRY CAKE PLACEMATS ,4.296736842105263,2.95,7.78,289,1109.96,95,3.7,4.39,4.6,4.23,1.6, Competitive — Monitor
84967B,BLUE KASHMIRI OCCASIONAL TABLE,59.61071428571429,0.0,79.95,20,1109.5,14,51.75,56.72,66.78,58.42,2.0, Competitive — Monitor
21576,LETS GO SHOPPING COTTON TOTE BAG,2.476985294117647,1.75,5.17,482,1108.16,133,2.27,2.36,2.95,2.53,-2.1, Competitive — Monitor
21205,MULTICOLOUR 3D BALLS GARLAND,2.997272727272727,2.1,5.17,429,1107.95,80,2.6,2.78,3.23,2.87,4.4, Competitive — Monitor
21010,ETCHED GLASS BIRD TREE DECORATION,1.4403370786516854,0.0,2.57,786,1107.26,86,1.3,1.4,1.72,1.47,-2.0, Competitive — Monitor
20780,BLACK EAR MUFF HEADPHONES,6.550641025641026,1.95,11.26,200,1104.55,75,6.03,6.61,7.86,6.83,-4.1, Competitive — Monitor
21801,CHRISTMAS TREE DECORATION WITH BELL,0.4798026315789473,0.0,0.87,2500,1103.57,150,0.41,0.51,0.54,0.49,-2.1, Competitive — Monitor
20768,GREEN FERN JOURNAL ,2.505208333333333,0.85,5.06,594,1103.27,96,2.27,2.57,2.69,2.51,-0.2, Competitive — Monitor
22343,PARTY PIZZA DISH RED WHITE SPOT ,1.046185567010309,0.72,1.7,1311,1102.21,97,0.92,1.04,1.15,1.04,0.6, Competitive — Monitor
22035,VINTAGE CARAVAN GREETING CARD ,0.5400869565217391,0.0,0.86,2496,1100.08,229,0.51,0.58,0.6,0.56,-3.6, Competitive — Monitor
21040,MODERN VINTAGE COTTON SHOPPING BAG,2.45578125,0.0,5.17,823,1098.7,63,2.21,2.54,2.69,2.48,-1.0, Competitive — Monitor
22362,GLASS JAR PEACOCK BATH SALTS,3.382814814814815,0.0,5.91,448,1095.8400000000001,131,3.15,3.62,3.69,3.49,-3.1, Competitive — Monitor
22319,HAIRCLIPS FORTIES FABRIC ASSORTED,0.9170491803278689,0.65,4.3,1618,1095.23,121,0.83,0.92,1.1,0.95,-3.5, Competitive — Monitor
21851,LILAC DIAMANTE PEN IN GIFT BOX,3.8748958333333334,1.25,4.95,504,1094.58,95,3.31,3.73,4.16,3.73,3.9, Competitive — Monitor
22163,HEART STRING MEMO HOLDER HANGING,3.1760227272727275,2.95,6.04,359,1092.7800000000002,84,2.9,2.95,3.68,3.18,-0.1, Competitive — Monitor
21145,ANTIQUE GLASS PLACE SETTING,3.623409090909091,0.0,14.74,1274,1087.46,44,3.42,3.75,3.8,3.66,-1.0, Competitive — Monitor
79323S, SILVER CHERRY LIGHTS,7.4106250000000005,0.0,13.87,85,1087.27,79,6.74,6.96,8.44,7.38,0.4, Competitive — Monitor
20731,POSY CANDY BAG,1.4296721311475409,0.0,2.51,4107,1085.91,61,1.33,1.38,1.7,1.47,-2.7, Competitive — Monitor
21839,MUMMY MOUSE RED GINGHAM RIBBON,5.434137931034483,0.0,11.02,186,1085.5900000000001,84,5.1,5.46,5.94,5.5,-1.2, Competitive — Monitor
51014L,"FEATHER PEN,LIGHT PINK",1.0052439024390243,0.72,1.7,1302,1081.81,80,0.88,1.02,1.08,0.99,1.5, Competitive — Monitor
21413,PERIWINKLE T-LIGHT HOLDER,1.6362790697674419,0.29,2.57,3126,1081.2,40,1.43,1.66,1.88,1.66,-1.4, Competitive — Monitor
84750B,BLACK SMALL GLASS CAKE STAND,2.6075714285714287,0.0,4.3,509,1079.23,70,2.38,2.47,3.02,2.62,-0.5, Competitive — Monitor
20767,BLUE PAISLEY JOURNAL ,2.5300943396226416,0.85,5.06,559,1077.9,104,2.25,2.48,2.92,2.55,-0.8, Competitive — Monitor
85200,BUNNY EGG BOX,1.3516867469879519,0.0,2.51,800,1077.84,82,1.26,1.38,1.48,1.37,-1.3, Competitive — Monitor
22586,FELTCRAFT HAIRBAND PINK AND BLUE,0.9497385620915033,0.72,1.66,1270,1077.79,145,0.89,1.02,1.03,0.98,-3.1, Competitive — Monitor
84989A,75 GREEN FAIRY CAKE CASES,0.6921678321678322,0.0,1.3,2050,1077.6000000000001,138,0.61,0.72,0.83,0.72,-3.9, Competitive — Monitor
84791,GINGHAM HEART DECORATION,3.667232142857143,0.0,6.04,341,1077.2800000000002,110,3.2,3.92,4.36,3.83,-4.2, Competitive — Monitor
22587,"FELTCRAFT HAIRBAND, S/2, RED/BLUE",0.9662209302325582,0.72,1.66,1267,1075.96,159,0.9,1.01,1.08,1.0,-3.4, Competitive — Monitor
21618,4 WILDFLOWER BOTANICAL CANDLES,3.8723529411764708,3.25,7.62,298,1074.24,50,3.4,3.93,4.56,3.96,-2.2, Competitive — Monitor
21803,CHRISTMAS TREE STAR DECORATION,0.49090277777777774,0.42,0.87,2463,1073.6599999999999,142,0.46,0.47,0.55,0.49,0.2, Competitive — Monitor
21163,DO NOT TOUCH MY STUFF DOOR HANGER ,1.6579729729729729,0.38,3.43,1544,1073.1399999999999,134,1.48,1.7,1.85,1.68,-1.3, Competitive — Monitor
85054,FRENCH ENAMEL POT W LID,3.492244897959184,2.55,6.04,330,1070.3000000000002,93,3.2,3.56,3.75,3.5,-0.2, Competitive — Monitor
47504K,ENGLISH ROSE GARDEN SECATEURS,2.555405405405405,0.85,8.65,644,1069.54,109,2.2,2.6,2.85,2.55,0.2, Competitive — Monitor
85015,SET OF 12  VINTAGE POSTCARD SET,2.4966101694915253,0.65,2.57,743,1069.35,118,2.28,2.49,2.82,2.53,-1.3, Competitive — Monitor
72800F,4 IVORY DINNER CANDLES GOLD FLOCK,2.4995833333333333,0.79,5.17,825,1067.84,67,2.24,2.51,2.63,2.46,1.6, Competitive — Monitor
22760,"TRAY, BREAKFAST IN BED",13.681063829787234,10.95,25.49,82,1066.0,46,12.43,13.32,15.28,13.68,0.0, Competitive — Monitor
22565,FELTCRAFT HAIRBANDS PINK + WHITE ,0.950958904109589,0.72,1.95,1194,1065.99,140,0.82,0.95,1.11,0.96,-0.9, Competitive — Monitor
21448,12 DAISY PEGS IN WOOD BOX,1.8566666666666665,1.65,3.43,621,1065.76,136,1.71,1.77,2.14,1.87,-0.7, Competitive — Monitor
21925,UNION STRIPE CUSHION COVER ,1.7721698113207547,1.06,5.91,802,1063.58,104,1.66,1.86,2.03,1.85,-4.2, Competitive — Monitor
21972,SET OF 36 DINOSAUR PAPER DOILIES,1.6157943925233644,1.45,3.83,721,1063.1899999999998,106,1.41,1.53,1.92,1.62,-0.3, Competitive — Monitor
21779,MA CAMPAGNE MINI WOODEN CHEST,4.2914814814814815,0.0,8.5,290,1062.75,27,3.69,4.01,4.52,4.07,5.4, Competitive — Monitor
21711,FOLDING UMBRELLA  WHITE/RED  SPOT,5.326842105263158,1.95,10.39,281,1062.71,37,4.54,5.27,6.04,5.28,0.9, Competitive — Monitor
20766,GARDEN PATH SKETCHBOOK,3.701619047619048,1.25,7.78,397,1062.52,104,3.38,3.8,4.32,3.83,-3.4, Competitive — Monitor
22279,POCKET BAG BLUE PAISLEY RED SPOT,1.906043956043956,1.25,4.21,578,1062.47,88,1.74,1.89,2.16,1.93,-1.2, Competitive — Monitor
40003,WHITE BAMBOO RIBS LAMPSHADE,1.384814814814815,0.0,3.43,738,1061.9399999999998,54,1.25,1.34,1.52,1.37,1.1, Competitive — Monitor
35241,ENAMEL BLUE RIM BISCUIT BIN,6.081684210526316,4.25,10.17,197,1061.6000000000001,95,5.31,6.14,6.51,5.99,1.5, Competitive — Monitor
85179B,WHITE BITTY LIGHT CHAIN ,5.070638297872341,0.0,9.52,165,1061.25,46,4.51,4.95,6.0,5.15,-1.5, Competitive — Monitor
72815,3 WICK CHRISTMAS BRIAR CANDLE ,3.9416438356164383,0.0,8.65,242,1060.86,72,3.58,4.21,4.42,4.07,-3.2, Competitive — Monitor
22440,BALLOON WATER BOMB PACK OF 35,0.4424074074074074,0.36,0.85,2598,1060.07,147,0.4,0.47,0.52,0.46,-3.8, Competitive — Monitor
20668,DISCO BALL CHRISTMAS DECORATION,0.16705555555555557,0.0,0.43,7894,1057.53,175,0.16,0.17,0.19,0.17,-1.7, Competitive — Monitor
21446,12 RED ROSE PEG PLACE SETTINGS,1.4192753623188405,1.06,2.57,820,1056.44,133,1.23,1.38,1.63,1.41,0.7, Competitive — Monitor
22479,DAISY GARDEN MARKER,1.4261788617886177,1.06,2.95,817,1056.39,119,1.31,1.48,1.67,1.49,-4.3, Competitive — Monitor
21827,EIGHT PIECE CREEPY CRAWLIE SET,1.3624657534246574,1.06,2.57,824,1055.14,134,1.21,1.26,1.57,1.35,0.9, Competitive — Monitor
21825,PAINTED METAL TREE WITH HOLLY BELLS,1.5241176470588234,0.0,3.04,694,1054.6399999999999,77,1.36,1.52,1.69,1.52,0.3, Competitive — Monitor
84908B,BLUE 5 PATCH FLOWER CUSHION COVER,5.363611111111111,0.0,6.95,382,1052.29,36,4.94,5.22,6.05,5.4,-0.7, Competitive — Monitor
84795B,SUNSET CHECK HAMMOCK,8.800400000000002,6.95,17.35,130,1052.05,50,8.09,9.39,10.3,9.26,-5.0, Competitive — Monitor
21774,DECORATIVE CATS BATHROOM BOTTLE,2.0947208121827408,1.06,2.57,653,1048.86,193,1.99,1.93,2.32,2.08,0.7, Competitive — Monitor
21675,BUTTERFLIES STICKERS,0.9980838323353294,0.81,1.7,1195,1047.48,165,0.86,1.01,1.11,0.99,0.8, Competitive — Monitor
85173,SET/6 FROG PRINCE T-LIGHT CANDLES,3.005223880597015,0.85,5.17,542,1046.23,67,2.59,3.12,3.2,2.97,1.2, Competitive — Monitor
22306,SILVER MUG BONE CHINA TREE OF LIFE,2.432542372881356,0.0,8.65,336,1046.22,58,2.24,2.43,2.89,2.52,-3.5, Competitive — Monitor
84908A,PINK 5 PATCH FLOWER CUSHION COVER ,5.730769230769231,0.0,14.43,389,1045.16,38,5.2,5.35,6.1,5.55,3.3, Competitive — Monitor
20846,ZINC HEART LATTICE T-LIGHT HOLDER,1.5370454545454544,1.25,2.57,754,1042.16,85,1.35,1.65,1.76,1.59,-3.3, Competitive — Monitor
20671,BLUE TEATIME PRINT BOWL ,1.563655172413793,0.0,2.57,670,1039.97,144,1.34,1.57,1.74,1.55,0.9, Competitive — Monitor
20783,HEART EAR MUFF HEADPHONES,7.211129032258065,0.0,11.26,126,1035.77,61,6.19,7.34,8.01,7.18,0.4, Competitive — Monitor
85185B,PINK HORSE SOCK PUPPET,3.560944881889764,2.55,6.04,322,1034.5700000000002,121,3.35,3.41,4.1,3.62,-1.6, Competitive — Monitor
22421,LIPSTICK PEN FUSCHIA,0.5637614678899082,0.0,1.0,2177,1032.93,209,0.49,0.56,0.6,0.55,2.5, Competitive — Monitor
22902,dotcom email,2.3682926829268296,0.0,4.21,501,1030.8000000000002,76,2.09,2.34,2.7,2.38,-0.5, Competitive — Monitor
22260,FELT EGG COSY BLUE RABBIT ,1.286315789473684,0.72,1.95,1012,1030.57,145,1.12,1.2,1.5,1.27,1.3, Competitive — Monitor
84405A,S/3 PINK COL METAL BASKET W HANDLE,11.505384615384616,0.0,26.04,115,1029.41,52,10.19,10.78,13.51,11.49,0.1, Competitive — Monitor
35957,SMALLFOLKART BAUBLE CHRISTMAS DEC,1.1212403100775192,0.19,3.43,3095,1029.29,121,0.96,1.18,1.21,1.12,0.1, Competitive — Monitor
21615,4 LAVENDER BOTANICAL DINNER CANDLES,3.6805555555555554,3.25,3.75,295,1028.25,35,3.32,3.53,4.36,3.74,-1.6, Competitive — Monitor
46775A,BUBBLE GUM CHUNKY KNITTED THROW ,13.71735294117647,0.0,34.74,83,1027.28,34,11.75,13.05,15.75,13.52,1.5, Competitive — Monitor
21792,CLASSIC FRENCH STYLE BASKET GREEN ,7.112739726027398,5.95,13.57,150,1026.98,70,6.62,7.12,8.41,7.38,-3.6, Competitive — Monitor
22710,WRAP I LOVE LONDON ,0.4156164383561644,0.34,0.42,2633,1025.8600000000001,73,0.36,0.43,0.47,0.42,-1.0, Competitive — Monitor
37479B,CUBIC MUG FLOCK BLUE ON BROWN,4.774,0.0,17.35,1592,1025.41,15,4.32,4.44,5.4,4.72,1.1, Competitive — Monitor
72800B,S/4 PURPLE DINNER CANDLE BLK FLOCK,2.7293220338983053,0.79,5.17,856,1024.23,56,2.56,2.76,3.24,2.85,-4.2, Competitive — Monitor
22599,CHRISTMAS MUSICAL ZINC STAR,0.905,0.72,1.95,1182,1023.53,69,0.83,0.85,1.07,0.92,-1.6, Competitive — Monitor
22390,PAPERWEIGHT CHILDHOOD MEMORIES,2.494489795918367,0.0,5.06,568,1023.4799999999999,49,2.25,2.31,2.79,2.45,1.8, Competitive — Monitor
21389,IVORY HANGING DECORATION  BIRD,1.0501418439716312,0.72,1.66,1159,1022.53,140,0.93,0.97,1.15,1.02,3.0, Competitive — Monitor
22262,FELT EGG COSY CHICKEN,1.1864062499999999,0.85,1.7,1019,1022.3,178,1.05,1.25,1.32,1.21,-1.9, Competitive — Monitor
22965,3 TRADITIONAl BISCUIT CUTTERS  SET,2.2033333333333336,1.85,4.21,517,1022.1400000000001,35,2.02,2.07,2.44,2.18,1.1, Competitive — Monitor
75131,METAL TUBE CHIME ON BAMBOO,1.7025000000000001,1.25,3.36,730,1020.56,56,1.62,1.58,1.86,1.69,0.7, Competitive — Monitor
21158,MOODY GIRL DOOR HANGER ,1.6247133757961782,0.38,3.43,1066,1020.0699999999999,149,1.49,1.61,1.77,1.62,0.3, Competitive — Monitor
35637A,IVORY STRING CURTAIN WITH POLE ,7.872222222222223,1.95,19.53,381,1018.01,27,7.13,8.31,9.28,8.24,-4.5, Competitive — Monitor
85124A,PINK JUICY FRUIT PHOTO FRAME,3.1207,0.0,5.17,345,1016.7299999999999,100,2.88,3.0,3.31,3.06,2.0, Competitive — Monitor
22026,BANQUET BIRTHDAY  CARD  ,0.5058373205741626,0.36,0.86,2410,1016.32,209,0.45,0.5,0.58,0.51,-0.8, Competitive — Monitor
22908,PACK OF 20 NAPKINS RED APPLES,0.9176377952755905,0.0,1.66,1285,1013.3199999999999,123,0.79,0.85,0.99,0.88,4.3, Competitive — Monitor
22422,TOOTHPASTE TUBE PEN,0.9384023668639053,0.55,1.28,1489,1012.94,166,0.85,0.93,1.03,0.94,-0.2, Competitive — Monitor
85008,SET OF 3 CONEY ISLAND OVAL BOXES,5.215,0.0,10.39,244,1012.6700000000001,96,4.93,5.28,5.52,5.24,-0.5, Competitive — Monitor
85034B,3 WHITE CHOC MORRIS BOXED CANDLES,5.4141176470588235,3.81,8.65,246,1011.86,34,4.7,5.48,5.9,5.36,1.0, Competitive — Monitor
84688,BEACH HUT DESIGN BLACKBOARD,5.410810810810811,0.0,8.65,328,1010.65,74,4.97,5.27,6.31,5.52,-2.0, Competitive — Monitor
22711,WRAP CIRCUS PARADE,0.418974358974359,0.34,0.42,2475,1007.5,78,0.36,0.41,0.5,0.42,-0.2, Competitive — Monitor
48173c,DOOR MAT BLACK FLOCK ,15.4984375,13.57,16.98,63,1006.44,32,14.0,14.52,16.79,15.1,2.6, Competitive — Monitor
85039B,S/4 IVORY MINI ROSE CANDLE IN BOWL,1.7273529411764705,0.42,3.36,848,1005.6199999999999,101,1.48,1.69,1.93,1.7,1.6, Competitive — Monitor
72750B,"F.FAIRY S/3 CANDLE/GLASS,LAVENDER",3.0209302325581397,0.0,5.95,434,1004.1,43,2.7,2.83,3.39,2.97,1.7, Competitive — Monitor
21898,POTTING SHED ROSE CANDLE,3.103191489361702,2.55,5.91,336,1003.6000000000001,88,2.87,3.24,3.66,3.26,-4.8, Competitive — Monitor
85031C,CURIOUS IMAGES SCRAP BOOK SET,3.462056074766355,0.0,4.95,483,1002.63,106,3.06,3.72,4.03,3.6,-3.8, Competitive — Monitor
21690,SILVER  CANDLEPOT JARDIN ,3.785833333333333,0.0,8.65,256,1002.09,83,3.47,4.07,4.27,3.94,-3.9, Competitive — Monitor
22708,WRAP DOLLY GIRL,0.41737704918032786,0.34,0.42,2575,1001.5,61,0.39,0.44,0.48,0.44,-5.1, Competitive — Monitor
85136C,RED SHARK HELICOPTER,8.14876288659794,7.95,8.65,123,1000.27,96,7.68,8.28,9.59,8.52,-4.4, Competitive — Monitor
21127,COLOURFUL FISHING GNOME,7.145849056603774,0.0,13.0,269,998.0300000000001,50,6.24,7.38,7.51,7.04,1.5, Competitive — Monitor
20730,STRAWBERRY CANDY BAG,1.068867924528302,0.0,2.57,1947,997.95,106,0.95,1.03,1.19,1.06,0.8, Competitive — Monitor
22098,BOUDOIR SQUARE TISSUE BOX,1.6164743589743589,0.42,2.57,902,996.8199999999999,149,1.4,1.65,1.92,1.66,-2.6, Competitive — Monitor
20777,CHRYSANTHEMUM NOTEBOOK,1.852142857142857,0.0,3.43,3481,993.53,97,1.76,1.84,2.15,1.92,-3.5, Competitive — Monitor
84006,MAGIC TREE -PAPER FLOWERS,1.1645454545454546,0.85,1.7,1041,991.4999999999999,120,1.1,1.16,1.32,1.19,-2.1, Competitive — Monitor
72484,ROSES IN WHITE HEART CANDLE ,1.1744117647058823,0.0,2.57,1820,991.3800000000001,66,1.06,1.22,1.33,1.2,-2.1, Competitive — Monitor
22074,6 RIBBONS SHIMMERING PINKS ,1.7710204081632652,0.65,4.21,762,989.8699999999999,92,1.65,1.71,1.95,1.77,0.1, Competitive — Monitor
85126,LARGE ROUND CUTGLASS CANDLESTICK,6.543000000000001,0.0,13.57,107,988.02,38,5.9,6.35,7.38,6.54,0.0, Competitive — Monitor
35958,FOLKART ZINC STAR CHRISTMAS DEC,0.9444827586206896,0.0,1.7,945,986.3299999999999,84,0.86,1.01,1.08,0.98,-3.6, Competitive — Monitor
21836,GINGHAM OVEN GLOVE RED HEART ,4.319417475728155,0.0,7.78,229,985.14,101,3.71,4.01,4.81,4.18,3.3, Competitive — Monitor
21945,STRAWBERRIES  DESIGN FLANNEL ,1.2356375838926172,0.38,1.7,1544,981.53,147,1.14,1.23,1.43,1.27,-2.7, Competitive — Monitor
84918,CREAM C/COVER W YELLOW/GREEN FLOWER,5.806567164179104,0.0,6.95,192,981.22,67,5.01,6.19,6.85,6.02,-3.5, Competitive — Monitor
21828,EIGHT PIECE SNAKE  SET,1.5083962264150943,1.06,2.57,785,980.89,102,1.41,1.54,1.62,1.52,-0.8, Competitive — Monitor
21691,SILVER VANILLA FLOWER CANDLE POT,3.928,0.0,8.65,220,979.74,73,3.65,3.96,4.39,4.0,-1.8, Competitive — Monitor
22545,MINI JIGSAW BUNNIES,0.5210169491525424,0.36,0.85,2293,979.38,115,0.48,0.5,0.58,0.52,0.2, Competitive — Monitor
21894,POTTING SHED SEED ENVELOPES,1.65,1.06,2.57,755,977.89,125,1.41,1.61,1.9,1.64,0.6, Competitive — Monitor
22337,ANGEL DECORATION PAINTED ZINC ,0.7928205128205129,0.55,1.3,1597,976.4200000000001,76,0.7,0.84,0.86,0.8,-0.9, Competitive — Monitor
85036B,CHOCOLATE 1 WICK MORRIS BOX CANDLE,4.182307692307693,3.81,4.25,243,974.23,39,3.67,4.22,4.79,4.23,-1.1, Competitive — Monitor
20996,JAZZ HEARTS ADDRESS BOOK,0.5051260504201681,0.16,0.86,3135,973.77,117,0.45,0.51,0.6,0.52,-2.9, Competitive — Monitor
84873a,FUNKY FLOWER PICNIC BAG FOR 4,11.064745762711864,11.02,11.26,88,973.36,59,9.5,10.36,12.31,10.72,3.2, Competitive — Monitor
84985A,SET OF 72 GREEN PAPER DOILIES,1.7811805555555555,0.0,3.04,547,973.18,141,1.68,1.64,2.11,1.81,-1.6, Competitive — Monitor
84910A,PINK PAISLEY CUSHION COVER ,6.025,1.65,21.7,395,972.8,38,5.45,6.47,7.22,6.38,-5.6, Competitive — Monitor
22651,GENTLEMAN SHIRT REPAIR KIT ,1.2063934426229508,0.72,1.66,1087,972.37,117,1.06,1.18,1.29,1.18,2.2, Competitive — Monitor
72814,SET/3 CHRISTMAS BRIAR CANDLES,3.63,0.0,7.78,197,971.6700000000001,59,3.23,3.69,3.94,3.62,0.3, Competitive — Monitor
35004G,SET OF 3 GOLD FLYING DUCKS,6.393770491803278,1.95,13.0,230,971.5699999999999,60,5.72,5.96,7.62,6.43,-0.6, Competitive — Monitor
22307,GOLD MUG BONE CHINA TREE OF LIFE,2.5294444444444446,0.0,8.65,300,968.64,53,2.3,2.6,3.02,2.64,-4.2, Competitive — Monitor
22210,WOOD STAMP SET BEST WISHES,1.8620535714285713,1.45,3.43,584,968.55,109,1.68,1.99,1.98,1.88,-1.0, Competitive — Monitor
85035C,ROSE 3 WICK MORRIS BOX CANDLE,4.621315789473685,3.81,8.47,225,967.13,74,4.35,4.68,4.86,4.63,-0.2, Competitive — Monitor
22546,MINI JIGSAW FIDO,0.5054,0.36,0.85,2280,966.76,97,0.45,0.48,0.54,0.49,3.1, Competitive — Monitor
22772,PINK DRAWER KNOB ACRYLIC EDWARDIAN,1.5892,1.25,2.51,699,965.91,75,1.51,1.61,1.91,1.68,-5.4, Competitive — Monitor
22317,FIVE CATS HANGING DECORATION,3.7063414634146343,2.55,6.04,305,965.69,79,3.47,3.86,3.99,3.77,-1.7, Competitive — Monitor
22609,PENS ASSORTED SPACEBALL,1.083653846153846,0.85,1.66,1111,964.5999999999999,52,0.94,1.07,1.22,1.08,0.3, Competitive — Monitor
20735,BLACK MINI TAPE MEASURE ,1.2900980392156862,0.42,2.51,922,963.2299999999999,102,1.22,1.37,1.52,1.37,-5.8, Competitive — Monitor
35810A,ENAMEL PINK COFFEE CONTAINER,2.883711340206186,0.85,4.3,571,962.5500000000001,97,2.48,2.95,3.04,2.82,2.3, Competitive — Monitor
85118,HEART T-LIGHT HOLDER,1.1409411764705881,0.38,2.57,1792,962.48,83,1.06,1.21,1.3,1.19,-4.1, Competitive — Monitor
22843,BISCUIT TIN VINTAGE GREEN,6.913125,5.95,13.57,146,961.54,61,6.14,7.05,7.55,6.91,0.0, Competitive — Monitor
21392,RED SPOTTY PUDDING BOWL,2.431777777777778,0.13,4.3,3864,959.6,44,2.28,2.29,2.87,2.48,-1.9, Competitive — Monitor
72753B,S/3 FLWR FAIRY LAVENDER CANDLES,3.118666666666667,0.0,7.95,422,957.73,15,2.92,3.02,3.41,3.12,-0.0, Competitive — Monitor
21805,WHITE CHRISTMAS TREE DECORATION ,0.5065714285714286,0.36,0.87,2221,957.63,103,0.47,0.48,0.58,0.51,-0.7, Competitive — Monitor
20878,SET/9 CHRISTMAS T-LIGHTS SCENTED ,1.441098901098901,0.0,2.57,683,955.01,87,1.34,1.54,1.66,1.51,-4.6, Competitive — Monitor
21927,BLUE/CREAM STRIPE CUSHION COVER ,2.1141836734693875,1.06,5.91,635,954.59,98,1.86,2.2,2.29,2.12,-0.3, Competitive — Monitor
21294,ETCHED GLASS COASTER,1.4291549295774648,1.25,2.57,728,953.26,70,1.23,1.47,1.51,1.4,2.1, Competitive — Monitor
84459A,PINK METAL CHICKEN HEART ,2.4435593220338983,1.25,3.43,519,953.01,116,2.18,2.37,2.72,2.42,1.0, Competitive — Monitor
21279,VINTAGE KITCHEN PRINT FRUITS,3.4105,0.25,5.17,1809,952.66,80,2.96,3.24,3.73,3.31,3.0, Competitive — Monitor
22614,PACK OF 12 SPACEBOY TISSUES,0.3780722891566265,0.21,1.0,2753,951.0699999999999,161,0.35,0.39,0.44,0.39,-3.1, Competitive — Monitor
21248,DOOR HANGER  MUM + DADS ROOM,1.5433,0.0,3.43,752,947.27,95,1.37,1.54,1.81,1.57,-1.7, Competitive — Monitor
20762,GREEN FERN SKETCHBOOK ,3.714022988505747,1.25,7.62,356,946.45,87,3.52,3.55,4.15,3.74,-0.7, Competitive — Monitor
22822,CREAM WALL PLANTER HEART SHAPED,6.086285714285714,4.95,12.72,174,946.07,33,5.56,6.2,6.94,6.23,-2.3, Competitive — Monitor
20771,CHRYSANTHEMUM  JOURNAL,2.4744761904761905,0.85,5.17,520,944.75,103,2.31,2.29,2.82,2.47,0.2, Competitive — Monitor
20761,BLUE PAISLEY SKETCHBOOK,3.760659340659341,1.25,7.78,343,942.98,89,3.25,3.66,4.42,3.78,-0.5, Competitive — Monitor
22778,GLASS CLOCHE SMALL,4.936865671641792,3.39,8.47,229,941.07,65,4.62,4.91,5.5,5.01,-1.5, Competitive — Monitor
22774,RED DRAWER KNOB ACRYLIC EDWARDIAN,1.4376363636363636,1.25,2.51,691,939.53,54,1.35,1.36,1.57,1.43,0.5, Competitive — Monitor
21686,MEDINA STAMPED METAL STOOL,35.890625,0.0,39.95,17,938.7500000000001,16,32.26,38.67,39.11,36.68,-2.2, Competitive — Monitor
84616,SILVER ROCCOCO CHANDELIER,19.397368421052633,0.0,29.95,45,938.35,19,17.66,18.49,21.93,19.36,0.2, Competitive — Monitor
84536A,ENGLISH ROSE NOTEBOOK A7 SIZE,0.5349333333333333,0.42,0.85,2054,937.16,288,0.5,0.5,0.6,0.53,0.9, Competitive — Monitor
22438,BALLOON ART MAKE YOUR OWN FLOWERS,2.1304651162790695,1.65,4.21,480,936.82,79,1.85,2.03,2.38,2.09,1.9, Competitive — Monitor
21316,SMALL CHUNKY GLASS ROMAN  BOWL,2.990857142857143,0.0,5.91,518,934.3399999999999,35,2.69,3.12,3.18,3.0,-0.3, Competitive — Monitor
22926,IVORY GIANT GARDEN THERMOMETER,6.522,4.95,11.87,157,933.6700000000001,48,5.8,6.44,7.55,6.6,-1.2, Competitive — Monitor
21849,SILVER DIAMANTE PEN IN GIFT BOX,3.6963157894736844,1.25,4.95,389,933.15,75,3.2,3.74,4.0,3.65,1.3, Competitive — Monitor
85189,HANGING BUTTERFLY  EGG,0.9009722222222223,0.0,1.66,1059,933.0999999999999,71,0.8,0.83,0.97,0.87,3.6, Competitive — Monitor
21299,EDWARDIAN TOILET ROLL UNIT ,10.35897435897436,0.0,26.04,152,932.95,39,8.88,9.59,11.52,10.0,3.6, Competitive — Monitor
47504E,ENGLISH ROSE SCISSORS,1.7753999999999999,0.0,4.3,4071,931.86,50,1.51,1.76,1.92,1.73,2.6, Competitive — Monitor
85018D,YULETIDE IMAGES S/6 PAPER BOXES,2.1785185185185183,0.85,5.17,766,931.65,79,1.88,2.29,2.48,2.22,-1.9, Competitive — Monitor
21814,HEART T-LIGHT HOLDER ,1.807,0.0,3.04,583,930.9399999999999,84,1.71,1.92,2.0,1.88,-3.9, Competitive — Monitor
84664,CHERRY BLOSSOM BATHROOM CABINET,4.858333333333333,0.0,4.95,178,930.6,54,4.4,4.54,5.43,4.79,1.4, Competitive — Monitor
21904,HOUSE WRECKING METAL SIGN ,2.0706976744186045,0.0,4.3,589,929.4200000000001,128,1.96,2.08,2.34,2.13,-2.8, Competitive — Monitor
84678,CLASSICAL ROSE SMALL VASE,2.875625,1.25,5.17,473,928.8499999999999,74,2.57,3.07,3.11,2.92,-1.5, Competitive — Monitor
20772,GARDEN PATH JOURNAL,2.4070192307692304,0.85,5.06,578,927.6099999999999,102,2.12,2.36,2.58,2.35,2.4, Competitive — Monitor
21358,TOAST ITS - HAPPY BIRTHDAY,1.3826050420168068,1.05,2.51,734,926.68,119,1.25,1.46,1.63,1.45,-4.6, Competitive — Monitor
35965,FOLKART HEART NAPKIN RINGS,3.8090434782608695,0.0,6.04,254,925.0300000000001,113,3.41,3.59,4.25,3.75,1.6, Competitive — Monitor
85160A,WHITE BIRD GARDEN DESIGN MUG,5.210909090909091,0.0,16.48,4729,924.6500000000001,33,4.48,5.57,5.79,5.28,-1.3, Competitive — Monitor
20778,GARDEN PATH NOTEBOOK ,1.7930337078651684,0.0,3.43,3588,922.91,87,1.64,1.87,1.89,1.8,-0.4, Competitive — Monitor
22143,CHRISTMAS CRAFT HEART DECORATIONS,2.4249367088607596,0.0,4.3,384,921.8800000000001,76,2.11,2.6,2.73,2.48,-2.2, Competitive — Monitor
22288,"DECORATION , HANGING METAL RABBIT",1.5763235294117646,0.7,2.57,841,920.3299999999999,65,1.44,1.62,1.79,1.62,-2.7, Competitive — Monitor
21285,RETRO SPOT CANDLE  MEDIUM,2.4723333333333333,0.65,4.3,623,919.3900000000001,60,2.26,2.42,2.8,2.49,-0.7, Competitive — Monitor
22051,BLUE SCANDINAVIAN PAISLEY WRAP,0.418974358974359,0.34,0.42,2225,918.5,78,0.36,0.45,0.48,0.43,-2.6, Competitive — Monitor
84686,BEACH HUT MIRROR,6.100694444444445,0.0,8.65,276,918.0,72,5.22,5.88,6.57,5.89,3.6, Competitive — Monitor
84535B,FAIRY CAKES NOTEBOOK A6 SIZE,0.803475935828877,0.0,1.52,1396,916.98,181,0.75,0.78,0.87,0.8,0.4, Competitive — Monitor
22338,STAR DECORATION PAINTED ZINC ,0.7892631578947369,0.55,1.3,1397,915.34,94,0.71,0.81,0.92,0.81,-2.6, Competitive — Monitor
21007,ETCHED GLASS DROPLET DECORATION,1.1328,0.0,3.43,1811,914.6700000000001,50,0.97,1.18,1.35,1.17,-3.2, Competitive — Monitor
84913B,MINT GREEN ROSE TOWEL,3.72704,3.36,9.52,245,913.65,125,3.54,3.98,3.99,3.84,-2.9, Competitive — Monitor
21815, STAR  T-LIGHT HOLDER ,1.81873417721519,0.0,3.04,543,913.0899999999999,75,1.56,1.73,2.05,1.78,2.2, Competitive — Monitor
22676,"FRENCH BLUE METAL DOOR SIGN, 1",1.5200892857142858,0.0,2.51,693,910.38,111,1.4,1.59,1.64,1.54,-1.3, Competitive — Monitor
82607A,GLASS BONBON JAR PARFUME AUX FLEURE,1.7602941176470588,0.0,2.57,611,909.97,168,1.67,1.83,1.86,1.79,-1.7, Competitive — Monitor
85226A,WHITE/BLUE PULL BACK RACING CAR,0.717639751552795,0.0,1.7,1346,909.97,152,0.63,0.67,0.79,0.7,2.5, Competitive — Monitor
21303,FILIGREE WALL MIRROR  ANTIQUE WHITE,13.455135135135134,0.0,34.74,61,909.09,37,11.63,13.21,14.42,13.09,2.8, Competitive — Monitor
22211,WOOD STAMP SET FLOWERS,1.9694117647058824,1.45,3.43,528,908.2099999999999,98,1.7,1.9,2.28,1.96,0.5, Competitive — Monitor
22897,OVEN MITT APPLE DESIGN,1.6085263157894738,0.0,2.98,622,907.91,95,1.42,1.56,1.82,1.6,0.5, Competitive — Monitor
85124C,GREEN JUICY FRUIT PHOTO FRAME,3.0153333333333334,2.1,5.17,349,907.86,90,2.59,3.25,3.23,3.02,-0.2, Competitive — Monitor
84709B,PINK OVAL JEWELLED MIRROR,5.8500000000000005,0.0,6.04,187,907.38,79,5.38,5.98,6.15,5.84,0.2, Competitive — Monitor
21763,VINTAGE WOODEN BAR STOOL,24.779411764705884,0.0,29.95,24,906.3,17,21.22,25.64,29.02,25.29,-2.0, Competitive — Monitor
21689,SILVER VANILLA  FLOWER CANDLE POT,3.97,3.39,8.47,249,905.75,35,3.58,4.27,4.27,4.04,-1.7, Competitive — Monitor
22955,36 FOIL STAR CAKE CASES ,2.1555223880597016,1.85,4.21,442,905.4200000000001,59,2.05,2.11,2.46,2.21,-2.5, Competitive — Monitor
21070,VINTAGE BILLBOARD MUG ,1.5525,0.38,2.57,926,905.2,128,1.45,1.63,1.71,1.6,-3.0, Competitive — Monitor
21335,LIBRARY LAMP,22.68914285714286,0.0,43.43,-10,904.8199999999999,35,20.68,22.45,25.82,22.98,-1.3, Competitive — Monitor
84466,TOP SECRET PEN SET,1.5802631578947368,0.0,2.57,674,902.76,73,1.39,1.67,1.73,1.6,-1.2, Competitive — Monitor
37330,SPOTS MUG,2.25,0.0,4.3,215,902.0199999999999,31,2.05,2.14,2.39,2.19,2.7, Competitive — Monitor
20902,VINTAGE KEEPSAKE BOX PARIS DAYS,11.510769230769231,1.95,13.0,100,901.94,65,10.39,12.34,12.47,11.73,-1.9, Competitive — Monitor
85121C,RETRO LAUNDRY TUB PISTACHIO,9.753272727272728,0.0,17.35,81,901.91,55,8.71,9.31,10.52,9.51,2.6, Competitive — Monitor
20773,BLUE PAISLEY NOTEBOOK,1.7397142857142855,0.0,3.43,3274,899.6299999999999,101,1.5,1.69,1.94,1.71,1.7, Competitive — Monitor
84789,ENCHANTED BIRD PLANT CAGE,4.0281927710843375,2.95,7.62,253,899.04,82,3.78,4.19,4.63,4.2,-4.1, Competitive — Monitor
37492B,BLUE YELLOW FLOWER PIGGY BANK,3.7274000000000003,1.65,9.52,471,899.0199999999999,50,3.34,3.66,4.06,3.69,1.0, Competitive — Monitor
70007,HI TEC ALPINE HAND WARMER,2.2014754098360654,0.79,3.43,528,898.8599999999999,116,1.91,2.24,2.32,2.16,1.9, Competitive — Monitor
20913,SET/5 BLUE SPOTTY LID GLASS BOWLS,3.555,0.0,6.04,163,898.7199999999999,46,3.15,3.52,4.01,3.56,-0.1, Competitive — Monitor
21444,BLUE CHALET BIRDFEEDER,5.273157894736842,0.0,7.78,280,898.2800000000001,38,4.7,5.48,6.02,5.4,-2.3, Competitive — Monitor
85031A,ROMANTIC IMAGES SCRAP BOOK SET,3.4812499999999997,0.0,4.95,452,897.54,96,3.25,3.33,4.16,3.58,-2.8, Competitive — Monitor
17109B,FLOWER FAIRY INCENSE LAVENDER,1.177894736842105,0.0,3.43,4409,896.3399999999999,19,1.09,1.09,1.34,1.17,0.7, Competitive — Monitor
85031B,BLOSSOM IMAGES SCRAP BOOK SET,3.3405813953488375,0.0,4.95,500,896.09,85,3.1,3.23,3.74,3.36,-0.6, Competitive — Monitor
22025,RING OF ROSES BIRTHDAY CARD,0.5257763975155278,0.36,0.86,2164,894.92,160,0.45,0.52,0.6,0.52,1.1, Competitive — Monitor
85197,SET OF 12 MINI BUNNIES IN A BUCKET,2.013666666666667,0.0,2.1,1568,894.36,56,1.8,1.91,2.39,2.03,-0.8, Competitive — Monitor
84818,DANISH ROSE PHOTO FRAME,2.634152542372881,2.1,5.17,354,893.39,118,2.37,2.57,3.09,2.68,-1.7, Competitive — Monitor
21580,RABBIT  DESIGN  COTTON TOTE BAG,2.8105217391304347,1.75,5.17,364,892.31,114,2.39,2.77,3.09,2.75,2.2, Competitive — Monitor
84658,WHITE STITCHED CUSHION COVER,6.802765957446809,1.65,21.23,172,891.6800000000001,45,5.96,6.32,7.39,6.56,3.7, Competitive — Monitor
79323G,GOLD  CHERRY LIGHTS,7.108426966292135,0.0,13.87,997,889.4300000000001,88,6.58,7.2,7.74,7.17,-0.9, Competitive — Monitor
85177,BASKET OF FLOWERS SEWING KIT,0.9834117647058824,0.85,1.66,1025,889.0699999999999,85,0.85,1.04,1.11,1.0,-1.7, Competitive — Monitor
47589,CONGRATULATIONS BUNTING,5.52144578313253,0.0,11.26,133,888.83,80,4.99,5.21,6.41,5.54,-0.3, Competitive — Monitor
22716,CARD CIRCUS PARADE,0.5011046511627907,0.36,0.85,2105,888.75,172,0.44,0.51,0.56,0.5,0.2, Competitive — Monitor
22803,IVORY EMBROIDERED QUILT ,37.550000000000004,35.75,39.95,24,887.4,14,31.96,38.54,39.81,36.77,2.1, Competitive — Monitor
21195,PINK  HONEYCOMB PAPER BALL ,3.1977333333333333,1.69,4.3,324,885.64,75,2.8,3.16,3.7,3.22,-0.7, Competitive — Monitor
21289,LARGE STRIPES CHOCOLATE GIFT BAG,1.3550877192982456,0.38,2.57,882,885.56,55,1.28,1.4,1.59,1.42,-4.6, Competitive — Monitor
21991,BOHEMIAN COLLAGE STATIONERY SET,2.845056179775281,1.25,6.04,483,885.25,87,2.65,2.8,3.11,2.85,-0.2, Competitive — Monitor
21480,PINK STRIPE HOT WATER BOTTLE,3.743114754098361,0.0,6.04,257,884.7700000000001,59,3.54,3.75,4.3,3.86,-3.0, Competitive — Monitor
84559B,3D SHEET OF CAT STICKERS,1.0494630872483222,0.85,1.73,997,884.7299999999999,148,0.94,0.97,1.17,1.03,1.9, Competitive — Monitor
20991,JAZZ HEARTS MAGNETIC MEMO PAD,0.9227272727272728,0.0,1.3,6950,884.5600000000002,33,0.79,0.95,1.09,0.94,-1.8, Competitive — Monitor
21720,CAKE SHOP  STICKER SHEET,1.0362037037037037,0.72,1.7,1013,883.06,107,0.94,1.06,1.22,1.07,-3.2, Competitive — Monitor
22254,FELT TOADSTOOL LARGE,1.4318367346938774,1.25,2.57,682,881.66,95,1.28,1.33,1.62,1.41,1.5, Competitive — Monitor
85135B,BLUE DRAGONFLY HELICOPTER,8.054777777777778,0.0,8.65,54,880.5,89,7.53,7.88,9.29,8.23,-2.1, Competitive — Monitor
21634,ASSORTED MINI MADRAS NOTEBOOK,1.7025,1.25,2.57,676,879.56,48,1.46,1.83,2.01,1.77,-3.8, Competitive — Monitor
72799A,BLACK PILLAR CANDLE SILVER FLOCK,2.104761904761905,0.0,2.95,628,877.8000000000001,21,1.89,2.08,2.37,2.11,-0.2, Competitive — Monitor
20892,SET/3 TALL GLASS CANDLE HOLDER PINK,14.624347826086957,0.0,26.04,49,876.46,45,12.65,14.63,16.04,14.44,1.3, Competitive — Monitor
21338,MARAKESH LANTERN SMALL ,5.525,0.0,13.0,199,873.25,15,4.88,5.89,6.43,5.73,-3.6, Competitive — Monitor
85165,CANDY PINK FRENCH BOUDOIR CLOCK,9.880666666666666,0.0,20.83,83,872.76,60,9.13,10.22,10.7,10.02,-1.4, Competitive — Monitor
21426,WOODLAND STORAGE BOX SMALL,2.55741935483871,0.85,5.06,673,871.59,61,2.3,2.59,2.83,2.57,-0.5, Competitive — Monitor
21414,SCALLOP SHELL SOAP DISH,2.8460526315789476,0.0,4.3,1613,866.6899999999999,37,2.53,2.98,3.36,2.96,-3.8, Competitive — Monitor
35598D,PINK/WHITE CHRISTMAS TREE 60CM,1.7917142857142856,0.65,2.57,1080,866.16,70,1.59,1.9,2.08,1.86,-3.7, Competitive — Monitor
21189,WHITE HONEYCOMB PAPER GARLAND ,2.3593103448275863,1.45,3.43,459,865.6199999999999,57,2.11,2.34,2.62,2.36,-0.0, Competitive — Monitor
85166B,BLACK METAL BAROQUE PHOTO FRAME,3.7487179487179483,0.0,7.78,496,864.1,39,3.48,3.73,4.06,3.76,-0.3, Competitive — Monitor
22363,temp,3.4072277227722774,0.0,5.91,381,863.6,100,3.2,3.35,3.76,3.44,-1.0, Competitive — Monitor
22214,CANDLE PLATE LACE WHITE,2.8641666666666667,2.1,5.17,356,863.1899999999999,36,2.71,3.08,3.13,2.97,-3.6, Competitive — Monitor
21425,SKULLS STORAGE BOX LARGE,3.8423287671232877,1.25,6.77,387,862.99,73,3.57,3.96,4.14,3.89,-1.2, Competitive — Monitor
37424,WHITE WITH BLACK CATS MUG,1.2541964285714287,0.0,1.7,3004,861.8199999999999,110,1.11,1.17,1.46,1.25,0.3, Competitive — Monitor
21478,SILVER SKULL HOT WATER BOTTLE ,4.136990291262136,0.0,7.78,418,861.73,99,3.8,4.38,4.5,4.23,-2.2, Competitive — Monitor
21721,CANDY SHOP  STICKER SHEET,1.1708196721311475,0.72,1.7,943,861.56,121,1.05,1.17,1.31,1.18,-0.8, Competitive — Monitor
22103,MIRROR MOSAIC T-LIGHT HOLDER ROUND,1.989787234042553,1.25,3.43,503,860.65,46,1.74,1.85,2.2,1.93,3.1, Competitive — Monitor
20765,CHRYSANTHEMUM SKETCHBOOK ,3.675670103092784,1.25,7.62,343,860.26,94,3.43,3.7,4.4,3.84,-4.3, Competitive — Monitor
85129D,BEADED CRYSTAL HEART PINK SMALL,1.8337837837837836,0.0,2.57,551,859.59,108,1.57,1.81,2.03,1.8,1.9, Competitive — Monitor
84578,ELEPHANT TOY WITH BLUE T-SHIRT,3.8342241379310344,0.0,4.3,171,858.66,113,3.6,4.07,4.07,3.91,-1.9, Competitive — Monitor
17033,"BROCADE PURSE,SMALL ARCH BUTTON",0.27369863013698625,0.0,0.29,896,857.4,73,0.25,0.26,0.29,0.27,1.4, Competitive — Monitor
22775,PURPLE DRAWERKNOB ACRYLIC EDWARDIAN,1.450625,1.25,2.51,634,856.9399999999999,59,1.33,1.53,1.65,1.5,-3.3, Competitive — Monitor
85049a,TRADITIONAL CHRISTMAS RIBBONS,3.36,3.36,3.36,255,856.8,17,3.08,3.39,3.83,3.43,-2.0, Competitive — Monitor
85032D,YULETIDE IMAGES GIFT WRAP SET,1.9462264150943398,0.65,2.1,506,856.44,52,1.83,1.81,2.17,1.94,0.3, Competitive — Monitor
22706,WRAP COWBOYS  ,0.4157894736842105,0.34,0.42,2190,855.8,57,0.38,0.45,0.46,0.43,-3.3, Competitive — Monitor
22050,PINK PAISLEY ROSE GIFT WRAP,0.4189610389610389,0.34,0.42,2075,855.5,77,0.38,0.42,0.44,0.41,2.2, Competitive — Monitor
10133,COLOURING PENCILS BROWN TUBE,0.9418627450980391,0.72,1.7,1005,854.87,102,0.81,0.91,1.06,0.93,1.3, Competitive — Monitor
85071A,BLUE CHARLIE+LOLA PERSONAL DOORSIGN,2.4778947368421056,0.38,2.95,873,853.11,37,2.23,2.47,2.79,2.5,-0.9, Competitive — Monitor
72803A,ROSE SCENT CANDLE JEWELLED DRAWER,4.449999999999999,3.81,8.65,200,852.28,60,3.85,4.7,4.77,4.44,0.2, Competitive — Monitor
84559A,3D SHEET OF DOG STICKERS,1.0304081632653062,0.85,1.73,962,851.9,144,0.95,1.0,1.1,1.02,1.0, Competitive — Monitor
22265,EASTER DECORATION NATURAL CHICK,0.7562162162162162,0.55,1.3,1313,849.4100000000001,106,0.68,0.72,0.81,0.74,2.2, Competitive — Monitor
84637,KITCHEN FLOWER POTS WALL PLAQUE,7.3225,1.25,13.0,470,847.62,32,6.72,6.89,7.8,7.14,2.6, Competitive — Monitor
20622,VIPPASSPORT COVER ,2.837710843373494,1.69,4.3,404,847.03,81,2.42,2.75,3.24,2.8,1.3, Competitive — Monitor
84659A,WHITE TRAVEL ALARM CLOCK,2.612972972972973,2.51,5.17,329,845.9499999999999,145,2.24,2.73,2.82,2.6,0.5, Competitive — Monitor
85099f,JUMBO BAG STRAWBERRY,5.06,5.06,5.06,167,845.02,17,4.66,5.04,5.5,5.07,-0.2, Competitive — Monitor
85121B,RETRO LAUNDRY TUB PINK,11.060526315789474,0.0,17.35,69,843.24,57,9.48,10.58,11.9,10.65,3.9, Competitive — Monitor
21292,SMALL STRIPES CHOCOLATE GIFT BAG ,0.7907575757575758,0.19,1.7,1594,842.8,66,0.68,0.75,0.94,0.79,0.1, Competitive — Monitor
85231L,LAVENDER SCENTED SET/9 T-LIGHTS,0.8915447154471544,0.0,1.7,779,841.75,119,0.76,0.87,1.05,0.89,0.2, Competitive — Monitor
21942,SKULLS DESIGN FLANNEL,1.2248091603053435,0.38,1.7,1390,841.29,131,1.16,1.31,1.33,1.27,-3.6, Competitive — Monitor
20759,CHRYSANTHEMUM POCKET BOOK ,0.7254347826086956,0.0,0.85,5588,840.98,46,0.67,0.71,0.8,0.73,-0.6, Competitive — Monitor
40018E,TEA TIME PAPER LANTERNS,2.725116279069767,0.0,4.3,398,840.92,84,2.41,2.94,2.95,2.77,-1.6, Competitive — Monitor
22040,BOTANICAL ROSE GIFT WRAP,0.4151515151515151,0.34,0.42,2090,839.8,66,0.37,0.41,0.47,0.42,-1.2, Competitive — Monitor
21255,"FRENCH BOTTLE , LAVENDER",2.302970297029703,0.0,3.43,380,838.6299999999999,101,2.04,2.18,2.42,2.21,4.2, Competitive — Monitor
17039,INLAID WOOD INCENSE HOLDER,0.3688636363636364,0.0,0.65,2480,837.88,44,0.34,0.39,0.42,0.38,-2.9, Competitive — Monitor
84762B,PINK PICNIC BARBECUE BUCKET,8.603265306122449,0.0,10.75,111,837.77,49,7.88,8.55,9.71,8.71,-1.2, Competitive — Monitor
16016,LARGE CHINESE STYLE SCISSOR,0.8326666666666667,0.72,0.85,1065,837.65,45,0.72,0.86,0.99,0.86,-3.2, Competitive — Monitor
72800D,S/4 BLUE DINNER CANDLE SILVER FLOCK,2.693548387096774,0.79,5.17,561,836.89,57,2.34,2.9,2.89,2.71,-0.6, Competitive — Monitor
22786,PILLOWCUSHION COVER PINK UNION JACK,6.606037735849057,0.0,16.13,122,836.3000000000001,50,5.68,6.13,7.73,6.51,1.5, Competitive — Monitor
77101A,UNION FLAG WINDSOCK,1.543768115942029,1.06,2.57,700,835.28,67,1.41,1.44,1.8,1.55,-0.4, Competitive — Monitor
20774,GREEN FERN NOTEBOOK,1.763855421686747,0.0,3.43,3436,834.44,81,1.63,1.83,1.89,1.78,-0.9, Competitive — Monitor
84905,PINK BUTTERFLY C/COVER ,5.045529411764706,1.25,10.39,234,834.43,85,4.42,4.87,5.6,4.96,1.7, Competitive — Monitor
20776,ABSTRACT CIRCLES NOTEBOOK,1.7407954545454545,0.0,3.43,3259,834.31,86,1.48,1.65,1.87,1.67,4.2, Competitive — Monitor
20755,BLUE PAISLEY POCKET BOOK,0.8501538461538461,0.1,1.7,4855,833.78,65,0.73,0.79,0.93,0.82,3.7, Competitive — Monitor
21185, HOME SWEET HOME  BLACKBOARD,7.006122448979592,0.0,13.0,108,831.8399999999999,49,6.63,6.47,7.63,6.91,1.4, Competitive — Monitor
21059,PARTY INVITES DINOSAURS,0.8828787878787878,0.72,1.66,998,831.38,131,0.78,0.92,1.0,0.9,-1.9, Competitive — Monitor
22705,WRAP GREEN PEARS ,0.42,0.42,0.42,1975,829.5,79,0.39,0.4,0.47,0.42,0.0, Competitive — Monitor
20758,ABSTRACT CIRCLES POCKET BOOK,0.7822807017543859,0.0,1.7,5088,828.4699999999999,57,0.71,0.78,0.93,0.81,-3.4, Competitive — Monitor
21159,MOODY BOY  DOOR HANGER ,1.6202290076335877,0.38,3.43,914,826.37,130,1.44,1.65,1.73,1.61,0.6, Competitive — Monitor
21552,CERAMIC BIRDHOUSE BLACK ROSE  LARGE,5.790476190476191,0.0,13.0,151,825.7,40,5.04,5.72,6.93,5.9,-1.9, Competitive — Monitor
85034C,3 ROSE MORRIS BOXED CANDLES,5.445,3.81,8.65,189,825.37,44,4.69,5.03,5.91,5.21,4.5, Competitive — Monitor
21666, RIDGED GLASS T-LIGHT HOLDER,0.7927659574468084,0.55,1.7,1352,825.2500000000001,45,0.72,0.83,0.92,0.82,-3.3, Competitive — Monitor
21063,PARTY INVITES JAZZ HEARTS,0.9452142857142856,0.72,1.7,960,825.16,140,0.88,0.87,1.04,0.93,1.6, Competitive — Monitor
21551,CERAMIC BIRDHOUSE BUTTERFLY LARGE,5.984,0.0,13.0,160,824.95,25,5.47,6.23,6.41,6.04,-0.9, Competitive — Monitor
46000P,POLYESTER FILLER PAD 65CMx65CM,3.9030612244897958,0.0,4.25,209,824.5,49,3.52,4.15,4.6,4.09,-4.6, Competitive — Monitor
85196,EASTER BUNNIES ON A STICK,0.8474324324324325,0.0,8.47,1235,824.44,74,0.72,0.84,0.93,0.83,2.1, Competitive — Monitor
21694,SMALL REGAL  SILVER CANDLEPOT ,3.1969387755102043,2.95,6.04,273,823.6300000000001,49,3.03,3.22,3.67,3.31,-3.4, Competitive — Monitor
21162,TOXIC AREA  DOOR HANGER ,1.6607086614173228,0.38,3.43,858,822.9499999999999,127,1.54,1.65,1.88,1.69,-1.7, Competitive — Monitor
21393,BLUE  SPOTTY PUDDING BOWL,2.160476190476191,0.0,4.21,2706,822.2600000000001,41,1.9,2.12,2.42,2.15,0.5, Competitive — Monitor
79302M,"ART LIGHTS,FUNK MONKEY",3.8056603773584907,0.0,6.04,243,820.11,53,3.61,4.04,4.28,3.98,-4.4, Competitive — Monitor
72816,SET/3 CHRISTMAS DECOUPAGE CANDLES,1.9646987951807229,1.06,7.78,563,819.77,82,1.79,2.09,2.28,2.05,-4.2, Competitive — Monitor
22396,MAGNETS PACK OF 4 RETRO PHOTO,1.3424193548387098,1.06,2.51,685,819.23,60,1.22,1.31,1.43,1.32,1.7, Competitive — Monitor
21088,SET/6 FRUIT SALAD PAPER CUPS,0.6325714285714286,0.08,1.66,7809,818.2100000000002,34,0.59,0.64,0.73,0.65,-2.7, Competitive — Monitor
21269,ANTIQUE CREAM CUTLERY SHELF ,9.3472,0.0,16.98,67,815.84,49,8.7,9.99,11.07,9.92,-5.8, Competitive — Monitor
22988,SOLDIERS EGG CUP ,1.5499999999999998,1.25,2.51,611,815.41,62,1.42,1.66,1.64,1.57,-1.3, Competitive — Monitor
21383,PACK OF 12 STICKY BUNNIES,0.8822543352601155,0.55,1.7,1175,814.45,162,0.76,0.88,0.94,0.86,2.6, Competitive — Monitor
35599D,PINK AND WHITE CHRISTMAS TREE 120CM,5.094109589041096,2.95,6.04,202,813.44,73,4.5,5.06,5.9,5.15,-1.1, Competitive — Monitor
22789,T-LIGHT HOLDER SWEETHEART HANGING,2.0778787878787877,1.65,4.21,416,809.9399999999999,61,1.96,2.0,2.32,2.09,-0.6, Competitive — Monitor
21944,KITTENS DESIGN FLANNEL,1.13018018018018,0.38,1.7,1459,808.25,110,0.99,1.21,1.26,1.15,-1.7, Competitive — Monitor
85017B,ENVELOPE 50 BLOSSOM IMAGES,0.8276190476190476,0.42,0.85,1174,807.0999999999999,168,0.73,0.78,0.89,0.8,3.5, Competitive — Monitor
22256,FELT FARM ANIMAL CHICKEN,1.5456,1.06,2.57,640,804.68,72,1.38,1.57,1.74,1.56,-0.9, Competitive — Monitor
22181,SNOWSTORM PHOTO FRAME FRIDGE MAGNET,1.0358241758241757,0.72,1.7,961,803.99,89,0.93,1.0,1.11,1.01,2.6, Competitive — Monitor
20756,GREEN FERN POCKET BOOK,0.7668181818181818,0.0,1.7,5582,803.11,43,0.7,0.74,0.86,0.77,-0.4, Competitive — Monitor
21926,RED/CREAM STRIPE CUSHION COVER ,1.823820224719101,1.06,5.91,585,802.87,88,1.72,1.8,2.12,1.88,-3.0, Competitive — Monitor
20617,FIRST CLASS PASSPORT COVER ,2.4871875,0.0,4.3,373,802.26,64,2.17,2.69,2.71,2.52,-1.3, Competitive — Monitor
21066,VINTAGE RED MUG,1.137037037037037,0.38,2.51,1578,798.72,80,0.98,1.06,1.28,1.11,2.4, Competitive — Monitor
84666,SQUARE CHERRY BLOSSOM CABINET,3.95,3.95,3.95,202,797.9000000000001,29,3.44,4.0,4.74,4.06,-2.7, Competitive — Monitor
22099,CARAVAN SQUARE TISSUE BOX,1.6261184210526316,0.42,2.57,691,797.39,146,1.53,1.52,1.87,1.64,-0.8, Competitive — Monitor
22322,BIRD DECORATION GREEN  SPOT,1.325,0.85,1.7,811,796.3499999999999,139,1.21,1.25,1.56,1.34,-1.1, Competitive — Monitor
22058,CERAMIC LOVE HEARTS DESIGN MUG,1.5955645161290322,0.0,3.43,512,795.72,110,1.4,1.58,1.77,1.58,1.0, Competitive — Monitor
84358,FLOOR LAMP SHADE WOOD BASE,14.089411764705881,7.0,25.49,89,794.73,17,13.13,14.11,16.42,14.55,-3.2, Competitive — Monitor
72529W,WHITE ADVENT CANDLE,2.2433962264150944,0.0,4.3,307,793.6899999999999,52,2.1,2.16,2.37,2.21,1.5, Competitive — Monitor
21555,CERAMIC STRAWBERRY TRINKET TRAY,3.522835820895522,2.25,5.17,293,793.65,67,3.29,3.42,3.76,3.49,0.9, Competitive — Monitor
46776F,WOVEN ROSE GARDEN CUSHION COVER ,4.207058823529412,1.25,4.95,277,792.61,68,3.96,3.93,4.55,4.15,1.4, Competitive — Monitor
85231G,ORANGE SCENTED SET/9 T-LIGHTS,0.9940425531914894,0.72,1.7,890,792.5899999999999,184,0.87,0.96,1.1,0.98,1.4, Competitive — Monitor
45008C,DECORATIVE NET CANOPY CREAM,11.486944444444443,0.0,18.22,30,792.0699999999999,36,10.63,12.34,13.52,12.16,-5.5, Competitive — Monitor
21391,FRENCH EMROIDR LAVENDER SCENT HEART,2.4962666666666666,2.1,4.3,361,792.0400000000001,72,2.24,2.67,2.75,2.55,-2.1, Competitive — Monitor
22101,MIRROR MOSAIC VOTIVE HOLDER,2.403396226415094,0.85,4.21,495,792.01,52,2.25,2.34,2.76,2.45,-1.9, Competitive — Monitor
21739,COSY SLIPPER SHOES SMALL GREEN,3.491527777777778,2.55,6.04,254,790.07,71,3.22,3.53,4.04,3.6,-3.0, Competitive — Monitor
47591d,PINK FAIRY CAKE CHILDRENS APRON,5.06,5.06,5.06,156,789.3599999999999,18,4.69,5.39,5.76,5.28,-4.2, Competitive — Monitor
22209,WOOD STAMP SET HAPPY BIRTHDAY,1.856888888888889,1.45,3.43,468,788.1299999999999,88,1.7,1.71,2.05,1.82,2.0, Competitive — Monitor
85017A,ENVELOPE 50 ROMANTIC IMAGES,0.8171264367816092,0.0,0.85,514,787.0699999999999,173,0.71,0.86,0.93,0.83,-1.6, Competitive — Monitor
85131A,BEADED PEARL HEART WHITE ON STICK,1.0691954022988506,0.38,2.57,1086,785.4,85,0.97,1.15,1.18,1.1,-2.8, Competitive — Monitor
21725,SWEETIES  STICKERS,1.1633582089552237,0.85,1.7,856,785.18,131,1.1,1.09,1.24,1.14,2.0, Competitive — Monitor
22048,BIRTHDAY BANQUET GIFT WRAP,0.42,0.42,0.42,1865,783.3,71,0.4,0.4,0.5,0.43,-2.3, Competitive — Monitor
85044,RED REINDEER STRING OF 20 LIGHTS,6.234897959183673,0.0,11.26,82,783.0,48,5.33,6.69,6.67,6.23,0.1, Competitive — Monitor
20700,GREEN CAT FLORAL CUSHION COVER ,5.9096153846153845,1.25,10.17,346,782.55,52,5.12,5.95,6.27,5.78,2.2, Competitive — Monitor
21277,FRENCH STYLE EMBOSSED HEART CABINET,25.805,21.95,42.51,30,781.86,29,22.27,23.8,30.5,25.52,1.1, Competitive — Monitor
37494A,FAIRY CAKE CERAMIC BUTTER DISH,4.2873214285714285,0.0,6.04,219,781.64,55,3.96,4.12,4.7,4.26,0.6, Competitive — Monitor
16046,TEATIME PEN CASE & PENS,0.9496078431372549,0.08,1.7,5361,780.91,48,0.88,0.94,1.09,0.97,-2.1, Competitive — Monitor
85025C,PINK HEART SHAPE PHOTO FRAME,2.056774193548387,1.65,3.43,406,779.9699999999999,92,1.79,2.12,2.26,2.06,-0.2, Competitive — Monitor
20989,URBAN CHIC CHOPSTICKS SET/5,2.1529508196721308,0.0,4.3,360,778.28,61,1.94,2.23,2.39,2.19,-1.7, Competitive — Monitor
37461,FUNKY MONKEY MUG,1.5127184466019419,0.0,2.57,803,777.39,102,1.41,1.63,1.65,1.56,-3.0, Competitive — Monitor
20941,FROG CANDLE,1.8083783783783782,0.0,2.57,866,776.16,111,1.67,1.75,1.99,1.8,0.5, Competitive — Monitor
21317,GLASS SPHERE CANDLE STAND MEDIUM,5.510888888888889,1.25,11.02,246,774.89,43,4.98,5.54,6.13,5.55,-0.7, Competitive — Monitor
82613D,METAL SIGN CUPCAKE SINGLE HOOK,1.9310714285714283,1.25,2.57,501,773.97,167,1.76,1.94,2.24,1.98,-2.5, Competitive — Monitor
84843,WHITE SOAP RACK WITH 2 BOTTLES,7.4112307692307695,5.95,12.13,110,773.16,64,6.68,7.3,8.35,7.44,-0.4, Competitive — Monitor
22543,MINI JIGSAW BAKE A CAKE ,0.5202941176470588,0.36,0.85,1845,772.97,68,0.46,0.49,0.62,0.52,0.1, Competitive — Monitor
20707,CRAZY DAISY HEART DECORATION,1.6092857142857142,0.38,2.57,1146,772.8000000000001,54,1.46,1.73,1.7,1.63,-1.3, Competitive — Monitor
21684,SMALL MEDINA STAMPED METAL BOWL ,1.02828125,0.64,2.51,951,772.5899999999999,63,0.94,1.09,1.16,1.06,-3.0, Competitive — Monitor
84907,PINK/YELLOW PATCH CUSHION COVER,7.159999999999999,0.0,18.22,338,772.34,19,6.71,7.16,8.15,7.34,-2.5, Competitive — Monitor
84569D,PACK 6 HEART/ICE-CREAM PATCHES,1.544065934065934,1.25,2.57,590,771.94,87,1.41,1.57,1.83,1.6,-3.5, Competitive — Monitor
21822,GLITTER CHRISTMAS TREE WITH BELLS,2.1514035087719297,1.95,4.3,386,770.9599999999999,50,1.99,2.06,2.27,2.11,2.0, Competitive — Monitor
20757,RED DAISY POCKET BOOK ,0.778235294117647,0.0,1.7,5048,770.21,49,0.67,0.78,0.88,0.78,-0.2, Competitive — Monitor
84638,SMALL KITCHEN FLOWER POTS PLAQUE,8.4515625,1.45,14.74,350,770.05,32,7.57,8.72,9.96,8.75,-3.4, Competitive — Monitor
22677,"FRENCH BLUE METAL DOOR SIGN, 2",1.502,1.25,2.51,588,769.02,95,1.28,1.51,1.63,1.47,2.2, Competitive — Monitor
21633,SUNFLOWER DECORATIVE PARASOL,16.8171875,12.75,26.04,50,767.65,31,14.71,18.14,19.87,17.57,-4.3, Competitive — Monitor
21219,SET/4 BADGES BALLOON GIRL,1.637052631578947,1.06,2.57,580,766.48,93,1.51,1.67,1.72,1.63,0.4, Competitive — Monitor
84029C,BROWN FURRY HOT WATER BOTTLE,4.463265306122449,0.0,7.78,160,766.19,49,4.24,4.37,5.18,4.6,-3.0, Competitive — Monitor
84922,PINK BUTTERFLY WASHBAG,4.38625,0.0,8.65,364,765.93,16,3.77,4.58,5.22,4.52,-3.0, Competitive — Monitor
84925F,PSYCHEDELIC WALL THERMOMETER,2.2491304347826087,0.0,5.06,482,765.73,23,2.0,2.13,2.58,2.24,0.4, Competitive — Monitor
84631,FRUIT TREE AND BIRDS WALL PLAQUE,10.256923076923076,1.95,16.13,248,765.58,26,9.54,10.07,11.45,10.35,-0.9, Competitive — Monitor
22182,CAKE STAND VICTORIAN FILIGREE SMALL,5.042631578947368,1.45,10.17,196,764.6,57,4.39,4.92,5.33,4.88,3.3, Competitive — Monitor
84782A,PINK 3 TIER GLASS PLATE STAND,9.823529411764707,0.0,12.75,82,763.95,34,8.9,9.72,11.67,10.1,-2.7, Competitive — Monitor
10125,MINI FUNKY DESIGN TAPES,1.0091954022988505,0.85,1.7,855,763.36,81,0.93,1.05,1.13,1.04,-3.0, Competitive — Monitor
84963A,PINK PAINTED KASHMIRI CHAIR,37.565000000000005,0.0,49.95,21,763.35,10,34.24,37.47,39.61,37.11,1.2, Competitive — Monitor
21043,APRON MODERN VINTAGE COTTON,6.578076923076923,1.95,12.72,182,763.32,52,5.72,6.89,7.59,6.73,-2.3, Competitive — Monitor
72750A,"F.FAIRY S/3 CANDLE/GLASS,LILY/VALLY",2.286111111111111,0.0,5.95,327,762.95,18,2.02,2.31,2.57,2.3,-0.6, Competitive — Monitor
21620,S/4 ROSE    BOTANICAL  CANDLE,3.864920634920635,3.25,7.62,202,762.24,59,3.59,3.77,4.13,3.83,0.9, Competitive — Monitor
84762C,GREEN PICNIC BARBECUE BUCKET,8.362045454545454,0.0,10.75,92,761.25,44,7.57,8.78,9.05,8.47,-1.3, Competitive — Monitor
20867,PINK ROSE FABRIC MIRROR,1.4417171717171715,0.38,2.57,810,760.98,96,1.23,1.38,1.53,1.38,4.5, Competitive — Monitor
35811A,ENAMEL PINK SUGAR CONTAINER,2.8374712643678164,0.0,4.3,406,758.77,87,2.63,2.71,3.22,2.85,-0.4, Competitive — Monitor
22532,MAGIC DRAWING SLATE LEAP FROG ,0.4615315315315315,0.36,0.85,1847,758.72,108,0.39,0.46,0.53,0.46,0.3, Competitive — Monitor
21726,MULTI HEARTS  STICKERS,0.983046875,0.0,1.7,825,757.67,121,0.91,0.95,1.11,0.99,-0.7, Competitive — Monitor
20986,BLUE CALCULATOR RULER,1.5,1.06,2.57,594,757.6,96,1.31,1.38,1.76,1.48,1.4, Competitive — Monitor
16244B,MAXWELL 2 TONE BLUE 60 PAGE PHOTO A,3.922857142857143,0.0,4.3,334,757.17,27,3.71,4.02,4.63,4.12,-4.8, Competitive — Monitor
84761,IVORY HANGING BIRD PLANTER ,3.087076923076923,2.1,5.17,271,756.0999999999999,62,2.74,3.09,3.53,3.12,-1.1, Competitive — Monitor
21554,CERAMIC BIRDHOUSE RED ROOF LARGE,5.940740740740741,0.0,13.0,144,755.85,26,5.24,5.89,6.25,5.79,2.6, Competitive — Monitor
79030G,"TUMBLER, NEW ENGLAND",4.3738596491228074,1.65,13.0,357,755.3799999999999,56,3.78,4.7,5.05,4.51,-3.0, Competitive — Monitor
21773,DECORATIVE ROSE BATHROOM BOTTLE,2.066392405063291,1.06,2.57,470,754.0699999999999,155,1.82,2.09,2.3,2.07,-0.2, Competitive — Monitor
47581B,FAIRY CAKE WICKER PICNIC BASKET ,15.325,0.0,26.04,40,753.77,39,14.37,16.22,17.39,15.99,-4.2, Competitive — Monitor
72755C,FLOWER FAIRY OIL BURNER SET ROSE,1.6323529411764706,0.0,4.25,464,753.25,17,1.55,1.54,1.87,1.65,-1.1, Competitive — Monitor
72800A,S/4 BLACK DINNER CANDLE SILVER FLOC,2.839803921568627,0.0,5.17,530,750.91,48,2.52,2.87,3.13,2.84,-0.0, Competitive — Monitor
84534B,FAIRY CAKE NOTEBOOK A5 SIZE,1.1817708333333332,0.0,1.7,711,750.91,191,1.06,1.25,1.4,1.24,-4.7, Competitive — Monitor
85110,BLACK SILVER FLOWER T-LIGHT HOLDER,0.5996153846153847,0.0,1.7,6447,750.6800000000001,26,0.55,0.61,0.64,0.6,-0.1, Competitive — Monitor
17165B,ASS COL LARGE SAND GECKO P'WEIGHT,0.9865217391304348,0.0,1.05,565,750.63,62,0.93,1.02,1.14,1.03,-4.2, Competitive — Monitor
84653,GREEN ROSE QUILT ,43.90533333333334,0.0,86.91,2,750.48,15,39.92,43.01,46.13,43.02,2.1, Competitive — Monitor
22049,WRAP CHRISTMAS SCREEN PRINT,0.30767441860465117,0.19,0.42,2525,750.0,84,0.27,0.29,0.37,0.31,-0.8, Competitive — Monitor
85125,SMALL ROUND CUT GLASS CANDLESTICK,5.698484848484849,4.25,10.17,150,749.9000000000001,32,5.08,5.66,6.08,5.61,1.6, Competitive — Monitor
20984,12 PENCILS TALL TUBE POSY,0.8746987951807228,0.19,1.7,1903,748.14,80,0.8,0.86,0.93,0.86,1.7, Competitive — Monitor
22280,POCKET BAG PINK PAISELY BROWN SPOT,1.9166666666666667,1.25,4.21,415,747.5,64,1.63,2.03,2.11,1.92,-0.2, Competitive — Monitor
84620,BLUE GINGHAM ROSE CUSHION COVER,6.407058823529412,0.0,21.23,161,746.61,50,5.84,6.14,7.09,6.36,0.7, Competitive — Monitor
20894,HANGING BAUBLE T-LIGHT HOLDER LARGE,3.3066250000000004,2.55,6.04,243,745.94,69,2.93,3.55,3.58,3.35,-1.3, Competitive — Monitor
22340,NOEL GARLAND PAINTED ZINC ,2.324915254237288,1.65,3.43,413,745.3499999999999,58,2.16,2.5,2.65,2.44,-4.7, Competitive — Monitor
22678,"FRENCH BLUE METAL DOOR SIGN, 3",1.5550526315789472,1.25,2.51,567,744.03,95,1.34,1.49,1.74,1.52,2.3, Competitive — Monitor
20910,VINTAGE PHOTO ALBUM PARIS DAYS,8.203333333333333,0.0,13.0,90,743.72,46,7.46,8.0,8.66,8.04,2.0, Competitive — Monitor
21331,MOROCCAN BEATEN METAL DISH LARGE,14.493333333333332,3.95,25.49,95,742.69,24,13.02,15.41,15.91,14.78,-1.9, Competitive — Monitor
72801G,S/4 BURGUNDY WINE DINNER CANDLES,1.305090909090909,0.0,2.51,1230,741.16,54,1.19,1.4,1.53,1.37,-4.7, Competitive — Monitor
22756,LARGE YELLOW BABUSHKA NOTEBOOK ,1.3527619047619046,0.0,2.51,606,740.7,102,1.16,1.34,1.56,1.35,0.2, Competitive — Monitor
20934,SET/3 POT PLANT CANDLES,6.8717999999999995,0.0,11.26,109,739.3100000000001,48,6.24,6.67,7.96,6.96,-1.3, Competitive — Monitor
21427,SKULLS STORAGE BOX SMALL,2.8719780219780224,0.85,5.06,408,739.28,90,2.6,2.88,3.32,2.93,-2.0, Competitive — Monitor
84625D,WHITE NEWBAROQUE CANDLESTICK CANDLE,2.306724137931035,0.0,5.91,590,738.4399999999999,56,2.09,2.38,2.53,2.33,-1.0, Competitive — Monitor
22792,FLUTED ANTIQUE CANDLE HOLDER,1.0731944444444443,0.72,1.66,823,737.17,71,0.98,1.03,1.14,1.05,2.2, Competitive — Monitor
21133,PAINTED BIRD ASSORTED CHRISTMAS,1.9660416666666667,0.0,21.7,-4,736.57,46,1.8,2.04,2.14,1.99,-1.2, Competitive — Monitor
47503F,ASS FLORAL PRINT TORCH,1.2531249999999998,0.0,1.65,5142,734.9,15,1.17,1.16,1.47,1.27,-1.3, Competitive — Monitor
85194L,HANGING SPRING FLOWER EGG LARGE,1.057012987012987,0.72,1.66,867,734.3399999999999,76,0.93,0.98,1.27,1.06,-0.3, Competitive — Monitor
21817,GLITTER CHRISTMAS TREE,0.8692857142857142,0.85,1.66,860,733.43,79,0.81,0.85,0.98,0.88,-1.2, Competitive — Monitor
21366,MIRRORED WALL ART PHOTO FRAMES,6.411142857142858,3.75,8.65,158,733.4,35,5.77,6.26,6.74,6.26,2.4, Competitive — Monitor
35647,VINTAGE BEAD PINK SHADE ,1.7797260273972602,0.5,2.57,550,731.99,72,1.53,1.73,1.91,1.72,3.5, Competitive — Monitor
78124,MAGAZINE RACK GEBRA ASSORTED ,2.650714285714286,1.25,4.3,538,729.61,14,2.27,2.65,2.91,2.61,1.6, Competitive — Monitor
21250,SET OF SKULL WALL STICKERS,3.1602439024390243,1.66,6.04,309,729.08,41,2.79,3.07,3.59,3.15,0.3, Competitive — Monitor
79342B,BROWN FLOWER LIGHTS,8.266666666666666,0.0,13.87,-69,728.9,39,7.68,7.86,8.77,8.1,2.1, Competitive — Monitor
84665,SQUARE CHERRY BLOSSOM CABINET,6.556060606060606,5.95,25.95,119,728.0500000000001,33,6.04,6.36,7.81,6.74,-2.7, Competitive — Monitor
22287,"DECORATION , WOBBLY CHICKEN, METAL ",1.941590909090909,1.0,3.36,551,727.14,41,1.8,2.09,2.14,2.01,-3.4, Competitive — Monitor
84674,FLYING PIG WATERING CAN,3.19984126984127,1.2,6.04,271,723.74,63,2.89,3.15,3.8,3.28,-2.4, Competitive — Monitor
22714,CARD BIRTHDAY COWBOY,0.5282394366197183,0.36,0.85,1732,723.0,142,0.47,0.52,0.62,0.54,-2.2, Competitive — Monitor
22106,MIRROR MOSAIC HURRICANE LAMP ,5.8675,1.95,13.57,166,721.96,36,5.07,5.94,6.83,5.95,-1.4, Competitive — Monitor
20901,VINTAGE KEEPSAKE BOX PINK FLOWER,10.930961538461538,6.35,13.0,72,721.45,52,9.65,11.78,12.47,11.3,-3.3, Competitive — Monitor
35951,FOLKART BAUBLE CHRISTMAS DECORATION,1.1144897959183673,0.0,8.65,1250,717.99,49,1.0,1.07,1.27,1.11,0.4, Competitive — Monitor
22216,T-LIGHT HOLDER WHITE LACE,1.0203636363636364,0.72,1.7,815,716.95,50,0.88,1.05,1.17,1.03,-0.9, Competitive — Monitor
21076,SET/20 COLLAGE PAPER NAPKIN ,0.9717525773195875,0.0,1.7,751,714.55,94,0.85,1.01,1.11,0.99,-1.8, Competitive — Monitor
21300,ANTIQUE EDWARDIAN DRESSER,19.203125,0.0,104.3,18,714.2,16,17.47,19.53,21.76,19.59,-2.0, Competitive — Monitor
20850,ZINC HEART LATTICE PLANTER BOWL,2.8434782608695657,0.5,2.95,820,713.8000000000001,23,2.63,2.66,3.41,2.9,-1.9, Competitive — Monitor
10134,COLOURING PENCILS BROWN TUBE,1.2663793103448275,0.0,2.57,605,711.13,54,1.2,1.3,1.47,1.32,-4.1, Competitive — Monitor
72819,CUPID DESIGN SCENTED CANDLES,3.0559649122807016,0.85,5.17,485,710.76,54,2.88,2.84,3.56,3.09,-1.1, Competitive — Monitor
84847,FLORAL BATHROOM SET,4.430975609756098,0.0,7.78,1178,710.2,40,4.05,4.5,5.23,4.59,-3.5, Competitive — Monitor
20893,HANGING BAUBLE T-LIGHT HOLDER SMALL,2.7407936507936506,2.1,5.17,295,709.77,55,2.45,2.85,2.97,2.76,-0.7, Competitive — Monitor
22852,ENAMEL DOG BOWL CREAM,4.232,3.75,4.62,175,709.23,35,3.87,4.04,4.5,4.14,2.2, Competitive — Monitor
22316,200 BENDY SKULL STRAWS,1.4185294117647058,1.06,2.51,612,709.2,67,1.32,1.5,1.59,1.47,-3.5, Competitive — Monitor
21443,OLIVE CHALET BIRDFEEDER,4.264333333333334,0.0,7.78,247,709.1800000000001,29,3.68,3.94,4.81,4.14,3.0, Competitive — Monitor
22269,EGG CUP NATURAL CHICKEN,1.4545652173913042,1.06,2.57,566,708.72,90,1.3,1.53,1.71,1.51,-3.7, Competitive — Monitor
85124B,BLUE JUICY FRUIT PHOTO FRAME,2.847424242424242,2.1,5.06,273,707.56,66,2.66,2.83,3.18,2.89,-1.5, Competitive — Monitor
85053,FRENCH ENAMEL CANDLEHOLDER,2.5326027397260273,0.0,4.3,287,707.53,71,2.25,2.42,2.88,2.52,0.5, Competitive — Monitor
21740,COSY SLIPPER SHOES LARGE RED,3.5547222222222223,0.0,6.04,196,706.86,68,3.22,3.35,4.01,3.53,0.7, Competitive — Monitor
46776B,WOVEN BERRIES CUSHION COVER ,4.325441176470588,1.25,13.0,271,706.4,68,3.93,4.64,4.57,4.38,-1.2, Competitive — Monitor
20669,RED HEART LUGGAGE TAG,1.5168181818181818,0.0,2.57,480,705.86,126,1.32,1.41,1.73,1.49,1.8, Competitive — Monitor
22512,DOORSTOP RACING CAR DESIGN,3.965526315789474,0.0,7.62,267,705.33,36,3.51,3.77,4.66,3.98,-0.4, Competitive — Monitor
20775,DAISY NOTEBOOK ,1.7265454545454544,0.0,3.43,3456,704.61,53,1.53,1.68,1.85,1.69,2.2, Competitive — Monitor
84869,CANDY BUTTON PHOTO ALBUM,4.857777777777778,0.0,12.13,289,703.54,27,4.14,4.95,5.53,4.87,-0.3, Competitive — Monitor
84360,TABLE LAMP WHITE SHADE WOOD BASE,5.885652173913043,4.65,13.57,139,702.07,22,5.02,5.93,6.7,5.88,0.1, Competitive — Monitor
21131,GOLD STANDING GNOME,5.97,3.75,8.65,170,700.84,21,5.57,5.61,6.42,5.87,1.7, Competitive — Monitor
37333,"RETRO ""TEA FOR ONE"" ",6.978478260869565,0.0,11.26,42,698.96,45,6.12,6.74,7.46,6.77,3.1, Competitive — Monitor
22986,GINGHAM ROSE WRAP,0.41843137254901963,0.34,0.42,1740,698.8,51,0.38,0.4,0.5,0.43,-2.7, Competitive — Monitor
85141,JARDIN ETCHED GLASS FRUITBOWL,10.75,10.75,10.75,65,698.75,34,9.46,10.26,11.92,10.55,1.9, Competitive — Monitor
22232,3 PIECE JIGSAW TOADSTOOLS,2.0867948717948717,1.45,3.43,409,698.03,78,1.97,2.06,2.26,2.1,-0.6, Competitive — Monitor
21674,RIDGED GLASS PENDANT LAMPSHADE,13.791666666666666,0.0,16.95,36,697.8,11,12.08,14.24,14.84,13.72,0.5, Competitive — Monitor
84596E,SMALL LICORICE DES PINK BOWL,1.4080451127819549,1.06,2.57,539,697.42,129,1.26,1.34,1.62,1.41,-0.1, Competitive — Monitor
84971L,LARGE HEART FLOWERS HOOK   ,1.5,0.0,2.57,455,696.01,62,1.41,1.47,1.71,1.53,-2.0, Competitive — Monitor
84687,BEACH HUT SHELF W 3 DRAWERS,6.156222222222222,1.95,11.87,231,695.73,44,5.75,6.05,7.06,6.29,-2.1, Competitive — Monitor
72586,"S/6 HALLOWEEN GHOST T LIGHTS, 5CM H",0.5420952380952381,0.0,0.85,1116,695.67,105,0.47,0.58,0.58,0.54,0.4, Competitive — Monitor
84536B,FAIRY CAKES NOTEBOOK A7 SIZE,0.5937394957983193,0.0,0.85,1445,694.09,235,0.55,0.64,0.7,0.63,-5.8, Competitive — Monitor
22680,"FRENCH BLUE METAL DOOR SIGN, 5",1.4345121951219513,0.0,2.51,540,693.91,80,1.29,1.5,1.59,1.46,-1.7, Competitive — Monitor
85127,SMALL SQUARE CUT GLASS CANDLESTICK,6.801891891891892,4.95,10.39,105,693.77,35,6.11,6.52,7.46,6.7,1.5, Competitive — Monitor
20782,CAMOUFLAGE EAR MUFF HEADPHONES,6.550909090909091,4.21,11.26,110,693.4399999999999,65,5.66,6.1,7.33,6.36,3.0, Competitive — Monitor
72755D,FLOWER FAIRY OIL BURNER SET SUMMER,1.6833333333333333,0.0,4.25,381,693.25,15,1.44,1.63,1.87,1.65,2.0, Competitive — Monitor
20652,BLUE SPOTTY LUGGAGE TAG ,1.2612999999999999,0.0,2.57,1218,690.45,98,1.16,1.21,1.49,1.29,-2.2, Competitive — Monitor
72753A,S/3 FLWR FAIRY LILLY CANDLES,3.4859999999999998,0.0,7.95,313,690.24,15,3.14,3.49,4.15,3.59,-2.9, Competitive — Monitor
22598,CHRISTMAS MUSICAL ZINC TREE,0.9601923076923077,0.72,1.95,805,689.9,51,0.86,1.0,1.05,0.97,-1.0, Competitive — Monitor
22948,METAL DECORATION NAUGHTY CHILDREN ,2.7137037037037035,0.85,6.77,644,689.4799999999999,54,2.5,2.87,3.2,2.86,-5.1, Competitive — Monitor
20862,PINK PATCH PENCIL CASE BLUE HEART,2.4775,0.0,4.3,335,689.0400000000001,40,2.3,2.61,2.89,2.6,-4.7, Competitive — Monitor
21664,RIDGED GLASS STORAGE JAR CREAM LID,4.2917543859649125,0.0,7.78,108,688.35,56,3.72,4.2,5.11,4.34,-1.1, Competitive — Monitor
84715,SET OF 6 ICE CREAM SKITTLES,3.347777777777778,0.0,6.04,182,687.69,45,3.05,3.45,3.64,3.38,-1.0, Competitive — Monitor
85231E,STRAWBERRY SCENTED SET/9 T-LIGHTS,0.9285585585585585,0.0,1.7,593,685.88,109,0.8,0.9,1.06,0.92,0.9, Competitive — Monitor
84986B,SET OF 36 SILVER PAPER DOILIES,1.4914634146341463,0.0,3.04,502,685.4599999999999,77,1.38,1.39,1.63,1.47,1.5, Competitive — Monitor
22679,"FRENCH BLUE METAL DOOR SIGN, 4",1.4498780487804879,0.0,2.51,536,683.91,81,1.33,1.5,1.7,1.51,-4.0, Competitive — Monitor
84689,S/2 BEACH HUT TREASURE CHESTS,5.3238095238095235,1.65,11.87,292,683.4,42,5.03,4.91,5.59,5.18,2.8, Competitive — Monitor
21399,BLUE  SPOTTY  COFFEE MUG,2.6079591836734695,1.75,4.3,325,682.9300000000001,49,2.23,2.57,2.96,2.59,0.7, Competitive — Monitor
85136A,YELLOW SHARK HELICOPTER,8.19923076923077,7.95,8.65,83,680.75,65,7.02,7.98,9.03,8.01,2.4, Competitive — Monitor
21758,VINTAGE SHELLS PRINT,8.7072,6.45,12.72,88,680.46,50,7.65,8.98,9.56,8.73,-0.3, Competitive — Monitor
22034,ROBIN CHRISTMAS CARD,0.4376041666666666,0.0,0.86,1411,679.81,93,0.38,0.46,0.5,0.45,-2.8, Competitive — Monitor
84313B,BLUE TV TRAY TABLE ,8.129347826086956,3.81,17.35,102,679.39,46,7.11,7.87,9.57,8.18,-0.6, Competitive — Monitor
22802,FAUX FUR CHOCOLATE THROW,21.061666666666667,19.95,39.96,33,678.36,18,19.81,22.11,24.04,21.99,-4.2, Competitive — Monitor
22036,DINOSAUR BIRTHDAY CARD,0.4951798561151079,0.36,0.86,1608,677.89,137,0.43,0.48,0.58,0.5,-1.0, Competitive — Monitor
84033,FLAG OF ST GEORGE ,3.499574468085106,0.0,85.1,456,677.63,44,3.07,3.47,3.81,3.45,1.4, Competitive — Monitor
22983,"CARD, BILLBOARD FONT",0.5366141732283464,0.36,0.85,1614,676.92,125,0.5,0.56,0.61,0.56,-4.2, Competitive — Monitor
90200D,PINK SWEETHEART BRACELET,4.257088607594937,4.24,4.33,159,676.65,78,3.81,4.39,4.76,4.32,-1.5, Competitive — Monitor
21631,HIPPY CHIC DECORATIVE PARASOL,13.221851851851852,12.75,25.49,52,675.74,27,12.27,14.25,13.91,13.48,-1.9, Competitive — Monitor
15056n,EDWARDIAN PARASOL NATURAL,12.72,12.72,12.72,53,674.1600000000001,37,10.9,12.16,14.42,12.49,1.8, Competitive — Monitor
85039A,SET/4 RED MINI ROSE CANDLE IN BOWL,1.654020618556701,0.42,3.43,758,674.01,97,1.49,1.7,1.9,1.7,-2.7, Competitive — Monitor
20704,MR ROBOT SOFT TOY,7.010277777777778,2.95,14.43,145,673.72,36,5.98,7.13,7.98,7.03,-0.3, Competitive — Monitor
21253,SET OF PICTURE FRAME  STICKERS,4.200769230769231,1.25,6.04,208,673.13,64,3.6,4.48,4.87,4.32,-2.8, Competitive — Monitor
84341B,SMALL PINK MAGIC CHRISTMAS TREE,0.9940625,0.38,1.7,1146,671.9399999999999,89,0.94,0.94,1.13,1.0,-0.6, Competitive — Monitor
85071B,RED CHARLIE+LOLA PERSONAL DOORSIGN,2.558809523809524,0.38,5.91,1147,671.2900000000001,41,2.21,2.66,2.71,2.53,1.1, Competitive — Monitor
20866,BLUE ROSE FABRIC MIRROR,1.5054205607476634,0.38,2.57,689,670.49,105,1.36,1.52,1.61,1.5,0.4, Competitive — Monitor
37492D,PURPLE GREEN FLOWER PIGGY BANK,3.9603571428571427,0.0,9.32,326,669.79,28,3.53,3.82,4.51,3.95,0.3, Competitive — Monitor
84684,BEACH HUT PHOTO FRAME,3.0661363636363634,0.0,5.17,588,669.6999999999999,44,2.71,3.05,3.35,3.04,0.9, Competitive — Monitor
72023F,RED ORGANIC CANDLE IN GLASS,1.299056603773585,0.0,2.51,558,669.62,51,1.22,1.26,1.38,1.29,0.7, Competitive — Monitor
85006,SET 4 NURSERY DES ROUND BOXES,2.7418421052631583,0.0,5.91,1481,667.66,38,2.34,2.78,3.06,2.73,0.4, Competitive — Monitor
90200C,BLUE SWEETHEART BRACELET,4.252820512820513,4.24,4.33,157,667.41,78,3.9,4.52,4.82,4.41,-3.6, Competitive — Monitor
21247,SET OF RED SALAD SERVERS ,1.837142857142857,0.0,3.43,386,666.2199999999999,83,1.74,1.86,2.02,1.87,-1.8, Competitive — Monitor
85084,HOLLY TOP CHRISTMAS STOCKING,1.056867469879518,0.0,4.3,599,666.0999999999999,79,0.96,1.08,1.22,1.09,-3.0, Competitive — Monitor
72800C,S/4 PINK DINNER CANDLE SILVER FLOCK,2.6655555555555552,0.79,5.17,530,665.12,43,2.52,2.67,3.06,2.75,-3.1, Competitive — Monitor
21676,FLOWERS  STICKERS,0.9210891089108911,0.38,1.7,955,664.51,101,0.79,0.85,1.01,0.88,4.7, Competitive — Monitor
21376,LARGE  TALL CAMPHOR WOOD TOADSTOOL ,5.715333333333334,1.95,11.26,151,662.55,30,5.1,5.47,6.65,5.74,-0.4, Competitive — Monitor
17096,ASSORTED LAQUERED INCENSE HOLDERS,0.32890909090909093,0.17,0.43,3698,661.96,53,0.29,0.33,0.38,0.33,-0.3, Competitive — Monitor
22056,CERAMIC PLATE LOVE HEART DESIGN,1.8664864864864865,0.0,3.43,592,661.34,36,1.72,1.81,2.14,1.89,-1.2, Competitive — Monitor
37474,SET/4 2 TONE EGG SHAPE MIXING BOWLS,10.343749999999998,0.0,20.38,50,661.0,46,9.81,9.82,11.72,10.45,-1.0, Competitive — Monitor
17109C,FLOWER FAIRY INCENSE ROSE,1.1255555555555554,0.0,1.69,3019,659.54,18,0.99,1.13,1.18,1.1,2.3, Competitive — Monitor
22250,DECORATION  BUTTERFLY  MAGIC GARDEN,1.2429661016949152,0.72,1.7,708,659.54,111,1.14,1.21,1.43,1.26,-1.4, Competitive — Monitor
22339,CHRISTMAS TREE PAINTED ZINC ,0.7614864864864865,0.65,1.3,984,659.19,70,0.66,0.73,0.84,0.74,2.9, Competitive — Monitor
84816,DANISH ROSE BEDSIDE CABINET,37.723076923076924,21.0,39.95,17,658.1,13,34.2,37.51,44.94,38.88,-3.0, Competitive — Monitor
90175A,WHITE GLASS CHUNKY CHARM BRACELET,8.980749999999999,2.5,9.55,73,656.17,40,8.05,8.45,10.53,9.01,-0.3, Competitive — Monitor
21298,EDWARDIAN 2 DRAWER WALL CABINET ,16.28409090909091,0.0,35.95,23,656.1,22,15.42,17.4,18.53,17.12,-4.9, Competitive — Monitor
17165D,ASS COL LARGE SAND FROG P'WEIGHT,1.0132291666666668,0.0,1.05,773,655.02,87,0.92,1.07,1.1,1.03,-1.6, Competitive — Monitor
22164,STRING OF STARS CARD HOLDER,3.2307894736842107,0.0,6.04,220,653.6600000000001,38,2.86,3.34,3.49,3.23,0.0, Competitive — Monitor
72799C,PINK PILLAR CANDLE SILVER FLOCK,3.4913793103448274,1.25,6.04,390,653.63,29,3.01,3.27,3.84,3.37,3.6, Competitive — Monitor
22228,BUNNY WOODEN PAINTED WITH BIRD ,1.097391304347826,0.85,1.7,695,651.62,134,0.95,1.15,1.23,1.11,-1.1, Competitive — Monitor
20714,POSY SHOPPER BAG,0.8836666666666666,0.0,2.57,1150,649.8199999999999,30,0.77,0.93,0.97,0.89,-0.7, Competitive — Monitor
21134,VICTORIAN METAL POSTCARD CHRISTMAS,1.9856603773584904,0.0,26.04,-200,649.74,50,1.74,2.07,2.24,2.02,-1.7, Competitive — Monitor
35471D,SET OF 3 BIRD LIGHT PINK FEATHER ,1.82,1.25,2.57,416,649.06,132,1.7,1.71,1.96,1.79,1.7, Competitive — Monitor
21350,GINGHAM HEART WREATH,2.7612244897959184,0.0,2.95,453,647.7500000000001,46,2.5,2.82,3.3,2.87,-3.8, Competitive — Monitor
22393,PAPERWEIGHT VINTAGE COLLAGE,2.9718518518518517,0.85,5.06,281,646.9899999999999,54,2.68,3.13,3.17,2.99,-0.6, Competitive — Monitor
22529,MAGIC DRAWING SLATE GO TO THE FAIR ,0.45043956043956046,0.36,0.85,1617,646.58,90,0.39,0.46,0.54,0.46,-2.1, Competitive — Monitor
85214,TUB 24 PINK FLOWER PEGS,1.8758196721311475,0.0,3.43,269,646.54,118,1.76,1.92,2.23,1.97,-4.8, Competitive — Monitor
17181,CIRCLE OF FRIENDS CANDLE HOLDER,3.646428571428571,0.0,5.17,318,645.2099999999999,67,3.36,3.62,4.12,3.7,-1.4, Competitive — Monitor
47597,NEW ENGLAND TEATOWELS,1.948267716535433,0.0,2.55,300,644.88,125,1.67,1.96,2.26,1.96,-0.6, Competitive — Monitor
20615,BLUE SPOTTY PASSPORT COVER,2.6951818181818186,0.0,4.3,339,644.48,109,2.48,2.49,3.01,2.66,1.3, Competitive — Monitor
22762,CUPBOARD 3 DRAWER MA CAMPAGNE,16.354444444444443,12.75,29.79,42,643.8199999999999,27,14.79,16.72,18.72,16.74,-2.3, Competitive — Monitor
85230F,JASMINE VOTIVE CANDLE,0.2721153846153846,0.0,0.29,2458,642.3199999999999,52,0.23,0.25,0.3,0.26,4.7, Competitive — Monitor
16047,POP ART PEN CASE & PENS,0.8754285714285713,0.0,1.7,5363,641.6800000000001,34,0.78,0.87,0.96,0.87,0.6, Competitive — Monitor
84625A,PINK NEW BAROQUECANDLESTICK CANDLE,3.1563999999999997,0.85,5.91,349,640.51,50,2.84,3.05,3.59,3.16,-0.1, Competitive — Monitor
46776A,WOVEN BUBBLE GUM CUSHION COVER,4.570961538461538,1.25,13.0,253,639.7,52,3.96,4.6,5.14,4.57,0.0, Competitive — Monitor
21850,BLUE  DIAMANTE PEN IN GIFT BOX,3.6050847457627118,1.25,4.95,330,639.07,59,3.41,3.39,4.1,3.63,-0.7, Competitive — Monitor
21665,TRIANGULAR RIDGED GLASS POSY HOLDER,1.0751898734177214,0.0,1.7,851,638.8000000000001,76,1.01,1.11,1.18,1.1,-2.3, Competitive — Monitor
17164B,ASS COL SMALL SAND GECKO P'WEIGHT,0.4070588235294118,0.0,0.42,3484,638.58,76,0.37,0.43,0.45,0.42,-3.1, Competitive — Monitor
90082D,DIAMANTE BOW BROOCH BLACK COLOUR,6.502941176470588,6.35,6.94,99,638.0699999999999,49,5.83,6.15,6.91,6.3,3.2, Competitive — Monitor
22683,"FRENCH BLUE METAL DOOR SIGN, 8",1.4988157894736842,0.0,2.51,494,637.6899999999999,75,1.34,1.4,1.59,1.44,4.1, Competitive — Monitor
47592A,CAROUSEL DES CHILD'S OVERALL,1.8240196078431374,0.0,4.21,303,637.37,102,1.67,1.72,1.98,1.79,1.9, Competitive — Monitor
22054,MINI CAKE STAND HANGING HEARTS,2.092705882352941,0.0,3.43,341,635.2099999999999,79,1.89,2.22,2.22,2.11,-0.8, Competitive — Monitor
22389,PAPERWEIGHT SAVE THE PLANET,2.504489795918367,0.85,5.06,321,634.5699999999999,49,2.14,2.52,2.67,2.44,2.6, Competitive — Monitor
20661,BLUE SPOTTY PURSE ,2.840618556701031,0.17,6.04,502,634.5100000000001,95,2.56,2.83,3.33,2.91,-2.4, Competitive — Monitor
75013B,"STRING OF 8 BUTTERFLIES,PINK",2.003461538461538,0.0,3.43,491,633.92,75,1.86,1.88,2.12,1.95,2.7, Competitive — Monitor
35004P,SET OF 3 PINK FLYING DUCKS,6.527272727272727,0.0,13.0,116,633.52,44,5.85,6.68,7.5,6.68,-2.3, Competitive — Monitor
22134,LADLE LOVE HEART RED ,0.6290277777777777,0.36,0.87,1472,633.11,144,0.54,0.67,0.69,0.63,-0.2, Competitive — Monitor
79163,BLACK CHAMPAGNE GLASS,4.5606060606060606,0.0,21.23,2315,632.43,32,4.24,4.8,5.38,4.81,-5.2, Competitive — Monitor
22903,CALENDAR FAMILY FAVORITES,3.124814814814815,2.55,5.91,234,632.22,27,2.72,3.19,3.51,3.14,-0.5, Competitive — Monitor
16235,RECYCLED PENCIL WITH RABBIT ERASER,0.299375,0.0,0.47,-6293,631.59,155,0.26,0.28,0.33,0.29,3.2, Competitive — Monitor
22104,MIRROR MOSAIC CANDLE PLATE,1.5757142857142856,0.42,3.43,903,631.01,42,1.37,1.48,1.78,1.54,2.3, Competitive — Monitor
84520D,PACK OF 20 FAIRY CAKE PAPER NAPKINS,1.1018,0.0,1.7,406,630.9699999999999,98,0.97,1.02,1.22,1.07,3.0, Competitive — Monitor
20802,SMALL GLASS SUNDAE DISH CLEAR,2.270344827586207,1.65,3.43,319,630.7299999999999,58,2.1,2.18,2.58,2.29,-0.9, Competitive — Monitor
22682,"FRENCH BLUE METAL DOOR SIGN, 7",1.442638888888889,0.0,2.51,492,630.13,72,1.3,1.36,1.54,1.4,3.0, Competitive — Monitor
85049e,SCANDINAVIAN REDS RIBBONS,3.1686363636363635,0.0,3.36,189,629.98,21,2.76,3.05,3.8,3.2,-1.0, Competitive — Monitor
21775,DECORATIVE FLORE BATHROOM BOTTLE,2.143013698630137,1.25,2.57,367,629.51,144,2.01,2.1,2.39,2.17,-1.2, Competitive — Monitor
84824,DANISH ROSE UMBRELLA STAND,17.95,0.0,33.0,31,628.6,32,16.84,19.22,19.79,18.62,-3.6, Competitive — Monitor
16169N,WRAP BLUE RUSSIAN FOLKART,0.34403508771929825,0.0,0.42,1983,626.25,57,0.32,0.35,0.4,0.36,-4.4, Competitive — Monitor
22684,"FRENCH BLUE METAL DOOR SIGN, 9",1.4508695652173913,1.25,2.51,486,625.14,68,1.27,1.53,1.6,1.47,-1.3, Competitive — Monitor
22685,"FRENCH BLUE METAL DOOR SIGN, 0",1.3484375,1.25,2.51,493,625.07,63,1.21,1.39,1.58,1.39,-3.0, Competitive — Monitor
21004,ROSE DU SUD CHILDS APRON,4.662602739726028,0.0,8.65,63,625.07,72,4.42,4.37,5.21,4.67,-0.2, Competitive — Monitor
82616A,BUBBLE GUM SCARF KNITTING KIT,2.9890384615384615,1.25,6.04,316,624.21,52,2.77,3.1,3.46,3.11,-3.9, Competitive — Monitor
22289,"DECORATION , HANGING METAL CHICKEN",1.5902325581395347,0.7,2.57,616,623.96,42,1.36,1.53,1.7,1.53,3.9, Competitive — Monitor
22249,DECORATION WHITE CHICK MAGIC GARDEN,1.0813725490196078,0.72,1.7,710,623.5,98,0.93,1.11,1.27,1.1,-1.7, Competitive — Monitor
20657,TROPICAL LUGGAGE TAG,1.1314444444444445,0.0,2.57,1794,623.06,89,1.01,1.1,1.31,1.14,-0.8, Competitive — Monitor
82613A,"METAL SIGN,CUPCAKE SINGLE HOOK",1.581142857142857,0.0,2.57,427,622.59,103,1.49,1.71,1.71,1.64,-3.6, Competitive — Monitor
20701,PINK CAT FLORAL CUSHION COVER ,4.6125,1.25,10.39,328,620.52,32,4.17,4.44,4.94,4.52,2.0, Competitive — Monitor
22446,PIN CUSHION RUSSIAN DOLL PINK,3.5870689655172416,0.0,6.77,181,620.1,57,3.23,3.46,3.94,3.54,1.3, Competitive — Monitor
22230,JIGSAW TREE WITH WATERING CAN,1.097878787878788,0.85,1.7,570,620.01,97,0.94,1.17,1.31,1.14,-3.7, Competitive — Monitor
62094B,TURQ ICE CREAM BUM BAG ,3.9351666666666665,0.85,5.06,287,619.8399999999999,60,3.6,3.64,4.28,3.84,2.5, Competitive — Monitor
16156N,"WRAP, FRIENDSHIP ON GREEN",0.40551724137931033,0.0,0.42,1372,619.5,58,0.38,0.42,0.45,0.42,-3.4, Competitive — Monitor
21764,VINTAGE WOODEN PLATE RACK,36.4923076923077,0.0,39.95,13,619.2,13,32.41,37.81,38.48,36.23,0.7, Competitive — Monitor
21307,SET/4 BUTTERFLY MIRROR MAGNETS,2.2632307692307694,0.0,3.43,626,617.1700000000001,63,2.1,2.39,2.51,2.33,-2.9, Competitive — Monitor
21061,PARTY INVITES FOOTBALL,0.882183908045977,0.38,1.66,933,616.11,84,0.83,0.95,1.0,0.93,-5.1, Competitive — Monitor
85093,CANDY SPOT EGG WARMER HARE,1.621044776119403,0.38,2.57,652,616.04,66,1.41,1.74,1.93,1.69,-4.1, Competitive — Monitor
72772,SET/4 SCENTED CANDLES IN RAMEKINS,2.278,0.0,7.78,390,615.84,10,2.06,2.12,2.57,2.25,1.2, Competitive — Monitor
22267,EASTER DECORATION EGG BUNNY ,1.358157894736842,0.7,2.51,634,615.8,35,1.19,1.43,1.59,1.4,-3.0, Competitive — Monitor
22914,BLUE COAT RACK PARIS FASHION,5.308000000000001,4.25,11.02,132,615.14,29,4.93,5.43,6.01,5.46,-2.8, Competitive — Monitor
22794,SWEETHEART WIRE MAGAZINE RACK,8.383142857142857,6.75,16.13,76,614.34,35,7.61,8.58,8.85,8.35,0.4, Competitive — Monitor
85169A,IVORY LOVE BIRD CANDLE,1.4863013698630136,1.06,2.57,472,614.06,68,1.36,1.4,1.63,1.46,1.8, Competitive — Monitor
90147,CHUNKY SILVER NECKLACE PASTEL FLOWE,10.116410256410255,9.95,10.85,61,613.4399999999999,36,9.41,10.36,11.5,10.42,-2.9, Competitive — Monitor
22408,MONEY BOX CONFECTIONERY DESIGN,1.4371830985915492,1.06,2.51,481,613.07,69,1.28,1.55,1.71,1.51,-4.8, Competitive — Monitor
21632,VINTAGE PINK DECORATIVE PARASOL,13.944374999999999,12.75,25.49,45,611.97,31,13.13,14.86,16.44,14.81,-5.8, Competitive — Monitor
79315W,FLYING SAUCER TABLE LIGHT IN WHITE,4.045,0.0,6.04,193,611.5100000000001,14,3.65,4.01,4.39,4.02,0.6, Competitive — Monitor
21619,4 VANILLA BOTANICAL CANDLES,3.898846153846154,3.75,7.62,161,611.49,49,3.38,3.61,4.22,3.74,4.2, Competitive — Monitor
21873,IF YOU CAN'T STAND THE HEAT MUG,1.7345054945054945,1.06,3.43,458,610.32,87,1.6,1.7,1.87,1.72,0.8, Competitive — Monitor
84997c,BLUE 3 PIECE MINI DOTS CUTLERY SET,8.47,8.47,8.47,72,609.84,14,7.87,8.91,10.07,8.95,-5.4, Competitive — Monitor
21530,DAIRY MAID CERAMIC TOASTRACK,3.4114285714285715,0.0,6.04,188,609.71,65,3.01,3.52,4.02,3.52,-3.1, Competitive — Monitor
21199,PINK  HEART CONFETTI IN TUBE,2.181830985915493,1.65,3.43,339,607.3699999999999,71,2.04,2.17,2.54,2.25,-3.0, Competitive — Monitor
16225,RATTLE SNAKE EGGS,1.8244285714285713,0.38,3.43,715,607.08,68,1.72,1.69,2.02,1.81,0.8, Competitive — Monitor
85145,JARDIN ETCHED GLASS LARGE BELL JAR,12.55,10.95,12.75,51,607.05,18,11.02,12.4,14.13,12.52,0.2, Competitive — Monitor
84932C,SMALL ORIENTAL BLUE FOLDING STOOL,3.1694444444444443,0.0,8.5,248,606.9,36,3.01,3.15,3.55,3.24,-2.2, Competitive — Monitor
21440,12 MINI TOADSTOOL PEGS,1.2977358490566038,0.0,2.51,398,606.31,98,1.12,1.39,1.41,1.31,-0.9, Competitive — Monitor
85185D,FROG SOCK PUPPET,3.7547619047619047,0.0,6.04,88,603.6600000000001,61,3.27,3.84,4.23,3.78,-0.7, Competitive — Monitor
20863,BLUE PATCH PENCIL CASE PINK HEART,2.3147272727272727,0.0,4.3,244,603.63,53,2.01,2.24,2.44,2.23,3.8, Competitive — Monitor
21060,PARTY INVITES BALLOON GIRL,0.9345679012345679,0.38,1.7,883,603.4599999999999,81,0.88,0.94,1.0,0.94,-0.6, Competitive — Monitor
37351,ORANGE FLOWER MUG ,3.965,0.0,11.26,5366,603.4499999999999,10,3.63,3.69,4.69,4.0,-0.9, Competitive — Monitor
84997a,GREEN 3 PIECE MINI DOTS CUTLERY SET,8.151250000000001,7.62,8.47,72,603.0400000000001,16,7.05,8.77,9.48,8.43,-3.3, Competitive — Monitor
84932A,SMALL GREEN PEONY FOLDING STOOL,3.4314814814814816,0.0,8.5,223,602.6,27,3.07,3.35,3.82,3.41,0.6, Competitive — Monitor
22093,MOTORING TISSUE BOX,1.4498387096774195,0.42,2.57,505,602.09,121,1.32,1.44,1.63,1.46,-0.7, Competitive — Monitor
20769,DAISY JOURNAL ,2.4299999999999997,0.85,5.06,362,601.45,47,2.09,2.37,2.69,2.38,2.1, Competitive — Monitor
22481,BLACK TEA TOWEL CLASSIC DESIGN,1.2756122448979592,1.24,2.51,478,601.26,94,1.2,1.31,1.48,1.33,-4.1, Competitive — Monitor
85117,NIGHTINGALE COATHOOK WHITE,2.148125,0.0,3.43,278,600.92,63,2.0,2.2,2.51,2.24,-4.1, Competitive — Monitor
84997d,PINK 3 PIECE MINI DOTS CUTLERY SET,8.392727272727273,7.62,8.47,71,600.52,11,7.56,8.68,9.77,8.67,-3.2, Competitive — Monitor
20689,RETRO SISTERS EXPRESSO CUPS,5.935,0.0,13.0,457,596.65,43,5.62,5.71,6.88,6.07,-2.2, Competitive — Monitor
85135C,RED DRAGONFLY HELICOPTER,8.142807017543861,0.0,8.65,47,595.5,57,7.26,7.9,8.8,7.99,1.9, Competitive — Monitor
84509C,DOTTY PLACEMATS ,4.731739130434782,2.95,7.78,148,594.64,46,4.49,4.45,5.21,4.72,0.2, Competitive — Monitor
20849,ZINC HEART LATTICE DOUBLE PLANTER,3.5974074074074074,0.0,7.78,692,593.03,27,3.3,3.69,4.03,3.67,-2.0, Competitive — Monitor
21458,2 PICTURE BOOK EGGS EASTER BUNNY,1.5059615384615386,0.7,2.51,586,592.7,52,1.38,1.4,1.66,1.48,1.8, Competitive — Monitor
22681,"FRENCH BLUE METAL DOOR SIGN, 6",1.4725,0.0,2.51,463,592.63,66,1.28,1.5,1.71,1.5,-1.8, Competitive — Monitor
21816,CHRISTMAS TREE T-LIGHT HOLDER,1.7265217391304348,1.45,3.04,391,592.39,45,1.62,1.83,1.9,1.78,-3.0, Competitive — Monitor
21223,SET/4 BADGES WOODLAND ANIMAL,1.3931250000000002,0.0,2.57,483,592.08,44,1.24,1.48,1.49,1.4,-0.5, Competitive — Monitor
21416,CLAM SHELL LARGE,4.155714285714286,0.66,7.62,748,591.8100000000001,19,3.6,4.12,4.61,4.11,1.1, Competitive — Monitor
85113,POLKA DOT PISTACHIO PAIL,2.1773076923076924,0.0,4.3,229,591.6600000000001,51,1.85,2.16,2.61,2.21,-1.5, Competitive — Monitor
21304,ARCHED GREY MIRROR,10.546315789473685,0.0,25.49,79,591.58,19,9.55,9.83,11.43,10.27,2.7, Competitive — Monitor
21173,LOO ROLL  METAL SIGN ,2.1446341463414633,0.0,4.3,253,591.4599999999999,80,1.94,2.2,2.45,2.2,-2.5, Competitive — Monitor
21293,MIRRORED DOVE WALL DECORATION,3.124516129032258,2.1,4.3,225,591.4200000000001,62,2.88,3.29,3.48,3.22,-3.0, Competitive — Monitor
21322,GLASS SPHERE CANDLE STAND LARGE ,4.346875,0.0,14.0,286,590.45,16,4.08,4.17,4.61,4.29,1.3, Competitive — Monitor
21562,HAWAIIAN GRASS SKIRT ,2.1034782608695655,1.06,4.21,354,589.9200000000001,45,1.8,2.08,2.36,2.08,1.1, Competitive — Monitor
22805,BLUE DRAWER KNOB ACRYLIC EDWARDIAN,1.5985106382978722,1.25,2.51,426,589.2,47,1.48,1.69,1.85,1.67,-4.3, Competitive — Monitor
22511,DOORSTOP RUSSIAN DOLL RETROSPOT,3.8634375,0.0,7.62,158,588.96,61,3.36,4.1,4.35,3.94,-1.9, Competitive — Monitor
21256,"FRENCH BOTTLE, BRASSERIE DES ARTIST",2.3505970149253734,0.0,3.43,242,588.64,67,2.2,2.25,2.78,2.41,-2.5, Competitive — Monitor
85028L,FRENCH CHATEAU LARGE FRUIT BOWL ,6.142692307692308,0.0,16.13,238,588.61,26,5.72,6.19,6.72,6.21,-1.1, Competitive — Monitor
20898,VINTAGE NOTEBOOK TRAVELOGUE,3.30452380952381,0.0,6.04,265,588.19,41,2.99,3.14,3.51,3.21,2.9, Competitive — Monitor
21893,POTTING SHED SEED TIN,4.780434782608696,0.0,8.65,152,587.8,23,4.4,4.48,5.69,4.86,-1.6, Competitive — Monitor
35653,VINTAGE BEAD NOTEBOOK,4.121969696969697,2.95,6.04,170,587.73,66,3.63,4.39,4.56,4.19,-1.6, Competitive — Monitor
85135A,YELLOW DRAGONFLY HELICOPTER,7.905483870967742,0.0,8.65,60,587.64,60,7.09,8.31,8.98,8.13,-2.8, Competitive — Monitor
21553,CERAMIC BIRDHOUSE FINCH BLUE  LARGE,7.227111111111112,0.0,13.0,78,587.22,43,6.74,7.53,8.45,7.57,-4.5, Competitive — Monitor
35954,SMALL FOLKART STAR CHRISTMAS DEC,1.5064788732394365,0.42,3.43,1094,586.95,66,1.35,1.4,1.66,1.47,2.5, Competitive — Monitor
15034,PAPER POCKET TRAVELING FAN ,0.338359375,0.07,0.85,3612,586.4200000000001,125,0.3,0.36,0.39,0.35,-3.3, Competitive — Monitor
72232,FENG SHUI PILLAR CANDLE,0.18688524590163935,0.0,0.19,1685,586.1500000000001,59,0.17,0.19,0.2,0.19,-1.6, Competitive — Monitor
84934,ASSTD DESIGN POP ART SLIM PEN,0.75,0.0,1.7,-1256,585.65,17,0.7,0.73,0.82,0.75,0.0, Competitive — Monitor
16169K,WRAP FOLK ART,0.3549056603773585,0.19,0.42,1900,585.25,53,0.31,0.36,0.38,0.35,1.4, Competitive — Monitor
22643,SET OF 4 NAPKIN CHARMS LEAVES   ,2.4947272727272725,0.0,5.06,234,584.81,51,2.16,2.33,2.92,2.47,1.0, Competitive — Monitor
22673,FRENCH GARDEN SIGN BLUE METAL,1.3827142857142856,1.06,3.36,459,584.68,70,1.27,1.44,1.5,1.4,-1.2, Competitive — Monitor
22962,Mailout,0.933,0.0,1.66,734,583.9399999999999,39,0.87,0.95,1.08,0.97,-3.8, Competitive — Monitor
85096,HILDA CANDY SPOT RABBIT,4.538333333333333,3.75,7.62,141,582.93,53,3.9,4.31,5.41,4.54,-0.0, Competitive — Monitor
21016,LIGHT BIRD HOUSE TREE DECORATION,0.9282795698924731,0.0,2.57,770,582.87,86,0.81,0.88,1.05,0.91,2.0, Competitive — Monitor
21344,MOROCCAN BEATEN METAL DISH,7.868095238095238,2.95,21.23,149,581.83,21,6.8,7.47,8.9,7.72,1.9, Competitive — Monitor
20619,TROPICAL PASSPORT COVER ,2.5153535353535355,0.0,4.3,322,581.08,98,2.23,2.34,2.82,2.46,2.3, Competitive — Monitor
85017C,ENVELOPE 50 CURIOUS IMAGES,0.8160869565217391,0.0,0.85,31,580.1899999999999,112,0.73,0.83,0.9,0.82,-0.5, Competitive — Monitor
85160B,BLACK BIRD GARDEN DESIGN MUG,4.201666666666667,0.0,16.48,3229,579.8299999999999,24,3.89,4.43,4.71,4.34,-3.2, Competitive — Monitor
22700,BLACK AND WHITE DOG BOWL,3.1208163265306124,2.55,5.91,196,579.7800000000001,49,2.86,2.88,3.56,3.1,0.7, Competitive — Monitor
84682,CLASSICAL ROSE DISH,3.1933928571428574,0.0,6.04,272,579.24,54,2.91,2.96,3.83,3.23,-1.1, Competitive — Monitor
85036C,ROSE 1 WICK MORRIS BOXED CANDLE,4.2316666666666665,3.81,4.25,140,579.16,47,3.75,4.28,5.04,4.36,-2.9, Competitive — Monitor
21419,CONCH SHELL,4.1355,0.0,7.78,1249,577.6899999999999,20,3.86,4.35,4.88,4.36,-5.1, Competitive — Monitor
22062,CERAMIC BOWL WITH LOVE HEART DESIGN,3.5089655172413794,2.55,6.04,180,576.19,54,3.15,3.41,4.15,3.57,-1.7, Competitive — Monitor
84932D,SMALL ORIENTAL RED FOLDING STOOL,4.050416666666667,0.0,16.98,223,574.71,24,3.84,3.95,4.54,4.11,-1.4, Competitive — Monitor
85188B,PINK METAL SWINGING BUNNY,1.0763235294117646,0.85,1.66,647,572.63,65,0.98,1.09,1.24,1.1,-2.2, Competitive — Monitor
22108,PING! MICROWAVE PLATE,3.92112676056338,1.65,7.78,164,572.17,71,3.38,3.78,4.64,3.93,-0.2, Competitive — Monitor
20695,FLORAL BLUE MONSTER,4.78672131147541,0.0,8.65,119,570.58,61,4.39,4.42,5.31,4.71,1.6, Competitive — Monitor
82605,OLD DOC.RUSSEL METAL SIGN,2.39976,1.66,4.3,256,569.87,122,2.12,2.49,2.87,2.49,-3.6, Competitive — Monitor
17109D,FLOWER FAIRY INCENSE BOUQUET,1.4576315789473684,0.0,3.36,1058,569.34,36,1.34,1.49,1.62,1.48,-1.5, Competitive — Monitor
21724,PANDA AND BUNNIES STICKER SHEET,1.0467592592592592,0.0,1.7,529,568.9399999999999,107,0.9,1.06,1.19,1.05,-0.3, Competitive — Monitor
84595E,LARGE TORTILLA DESIGN RED BOWL,3.8328571428571427,1.65,8.65,289,568.89,21,3.32,3.98,4.43,3.91,-2.0, Competitive — Monitor
84569C,PACK 4 FLOWER/BUTTERFLY PATCHES,1.7670329670329668,0.0,2.57,281,567.43,91,1.65,1.82,2.11,1.86,-5.0, Competitive — Monitor
20705,MRS ROBOT SOFT TOY,6.1196,2.95,6.95,130,567.34,25,5.34,5.83,6.65,5.94,3.0, Competitive — Monitor
16169C,WRAP BLUE REINDEER,0.4104545454545454,0.0,0.42,1150,567.0,44,0.38,0.4,0.48,0.42,-2.3, Competitive — Monitor
22097,SWALLOW SQUARE TISSUE BOX,1.4323853211009174,0.42,2.57,481,566.87,104,1.26,1.35,1.62,1.41,1.6, Competitive — Monitor
20699,MOUSEY LONG LEGS SOFT TOY,3.2346296296296293,2.1,5.17,204,562.3299999999999,52,2.96,3.04,3.53,3.18,1.7, Competitive — Monitor
37345,ASSTD HEARTS DESIGN MUGS,3.6350000000000002,0.0,8.65,253,561.05,10,3.34,3.74,4.24,3.77,-3.6, Competitive — Monitor
22709,WRAP WEDDING DAY,0.41384615384615386,0.34,0.42,1449,560.58,39,0.37,0.44,0.47,0.43,-3.8, Competitive — Monitor
85032A,ROMANTIC IMAGES GIFT WRAP SET,2.2044444444444444,0.65,4.3,658,559.62,27,1.94,2.37,2.53,2.28,-3.3, Competitive — Monitor
37482P,CUBIC MUG PINK POLKA DOT,5.68,2.55,17.35,174,559.51,37,4.95,5.8,6.24,5.66,0.4, Competitive — Monitor
84712B,PINK JEWELLED PHOTO FRAME,7.66952380952381,0.0,7.95,215,559.45,42,6.54,7.28,8.61,7.48,2.5, Competitive — Monitor
22811,SET OF 6 T-LIGHTS CACTI ,4.79,2.55,5.91,159,559.37,40,4.22,4.49,5.47,4.73,1.3, Competitive — Monitor
22686,"FRENCH BLUE METAL DOOR SIGN, No",1.6262686567164177,0.0,2.51,419,556.53,67,1.49,1.71,1.81,1.67,-2.6, Competitive — Monitor
20897,VINTAGE NOTEBOOK PARIS DAYS,4.000357142857143,0.0,6.04,207,556.34,56,3.78,4.05,4.32,4.05,-1.2, Competitive — Monitor
20832,RED FLOCK LOVE HEART PHOTO FRAME,1.1348192771084338,0.0,1.7,466,555.73,83,1.06,1.16,1.36,1.19,-4.6, Competitive — Monitor
85129A,"WHITE PEARL BEADED HEART, SMALL",1.3565116279069767,0.0,2.57,373,555.41,80,1.26,1.42,1.53,1.4,-3.1, Competitive — Monitor
84773,RED ROSE AND LACE C/COVER,2.838679245283019,0.0,2.95,175,554.6,52,2.64,2.93,3.29,2.95,-3.8, Competitive — Monitor
21456,2 PICTURE BOOK EGGS EASTER CHICKS,1.4209756097560975,0.7,2.51,567,553.83,40,1.3,1.5,1.58,1.46,-2.7, Competitive — Monitor
22853,ENAMEL CAT BOWL CREAM,3.451290322580645,2.75,6.77,174,552.86,31,3.02,3.21,3.81,3.35,3.0, Competitive — Monitor
85092,CANDY SPOT TEA COSY,4.089130434782609,1.25,6.91,340,552.52,23,3.85,4.25,4.54,4.21,-2.9, Competitive — Monitor
79066K,RETRO MOD TRAY,1.084903846153846,0.64,1.7,641,552.48,102,0.99,1.15,1.21,1.12,-3.1, Competitive — Monitor
85180A,RED HEARTS LIGHT CHAIN ,5.365263157894738,3.81,9.32,117,551.9100000000001,38,4.86,5.18,6.07,5.37,-0.1, Competitive — Monitor
22773,GREEN DRAWER KNOB ACRYLIC EDWARDIAN,1.6224999999999998,1.25,2.51,396,551.88,48,1.4,1.66,1.84,1.63,-0.5, Competitive — Monitor
21457,2 PICTURE BOOK EGGS EASTER DUCKS,1.4517073170731707,0.7,2.51,562,551.36,40,1.3,1.41,1.63,1.45,0.1, Competitive — Monitor
72598,SET/12 TAPER CANDLES,1.0797333333333334,0.64,1.7,641,550.56,74,0.97,1.16,1.16,1.1,-1.8, Competitive — Monitor
85028S,FRENCH CHATEAU SMALL FRUITBOWL,3.5558620689655176,0.0,10.17,373,550.32,28,3.33,3.29,4.0,3.54,0.4, Competitive — Monitor
84925D,LA PALMIERA WALL THERMOMETER,1.7113636363636362,0.0,2.55,-328,548.75,22,1.55,1.73,1.84,1.71,0.1, Competitive — Monitor
20888,SET 3 JARDIN DE FEMME SCENT CANDLES,3.6910000000000003,0.0,6.04,326,547.74,20,3.28,3.49,3.95,3.57,3.4, Competitive — Monitor
72267,PREMIUM CHURCH CANDLE,2.128367346938776,0.0,4.3,345,546.96,46,2.02,2.2,2.53,2.25,-5.4, Competitive — Monitor
21202,DOLLY HONEYCOMB GARLAND,1.7767391304347824,1.45,3.36,331,546.77,45,1.53,1.68,2.03,1.75,1.5, Competitive — Monitor
37444C,PINK BREAKFAST CUP AND SAUCER ,4.762745098039216,0.0,6.04,856,546.38,51,4.25,4.56,5.47,4.76,0.1, Competitive — Monitor
35969,FOLKART CROWN TABLE DECORATIONS,1.8850632911392404,0.0,3.43,473,545.77,77,1.61,1.88,2.09,1.86,1.3, Competitive — Monitor
22033,BOTANICAL ROSE GREETING CARD,0.48537037037037034,0.0,0.85,1198,545.02,107,0.45,0.52,0.58,0.52,-6.7, Competitive — Monitor
20935,ROUND CACTUS CANDLE,3.014468085106383,0.0,6.04,253,544.98,44,2.84,2.88,3.45,3.06,-1.5, Competitive — Monitor
21339,MARAKESH LANTERN LARGE,16.69,0.0,19.95,25,544.5,14,14.65,15.74,19.45,16.61,0.5, Competitive — Monitor
82616C,MIDNIGHT GLAMOUR SCARF KNITTING KIT,2.6221875,1.25,2.95,316,544.5,62,2.45,2.73,2.9,2.69,-2.5, Competitive — Monitor
20943,SET/6 GINGERBREAD STAR T-LIGHTS,1.6110526315789473,0.0,2.57,357,542.71,74,1.42,1.61,1.92,1.65,-2.4, Competitive — Monitor
21261,GREEN GOOSE FEATHER CHRISTMAS TREE ,8.082820512820513,2.95,30.39,105,542.61,39,7.61,8.62,9.48,8.57,-5.7, Competitive — Monitor
84596K,JELLY BABIES YELLOW SMALL BOWL,1.4111578947368422,0.0,2.57,622,542.16,95,1.31,1.33,1.66,1.43,-1.3, Competitive — Monitor
20830,SILVER PHOTO FRAME,2.8652941176470588,0.0,4.3,106,542.16,49,2.67,2.93,3.08,2.89,-0.9, Competitive — Monitor
90203,SILVER CHARM NECKLACE 70CM,7.148157894736842,0.0,7.81,40,541.77,37,6.09,6.84,7.8,6.91,3.4, Competitive — Monitor
85119,WATERING CAN SINGLE HOOK PISTACHIO,1.6377272727272727,0.0,3.36,346,540.44,43,1.55,1.55,1.79,1.63,0.5, Competitive — Monitor
20997,ROSE DU SUD CUSHION COVER ,5.026326530612245,4.21,11.87,111,539.13,49,4.64,5.17,5.48,5.1,-1.4, Competitive — Monitor
21017,RED BIRD HOUSE TREE DECORATION,1.3090217391304346,0.0,2.57,494,538.4399999999999,89,1.15,1.33,1.54,1.34,-2.3, Competitive — Monitor
21719,LOVELY BONBON STICKER SHEET,1.064736842105263,0.0,1.7,516,537.92,92,0.99,1.11,1.12,1.07,-0.5, Competitive — Monitor
84414B,FUSCHIA/GREEN STRIPE WOOLLY BLANKET,12.568999999999999,0.0,39.09,66,536.24,10,11.04,12.19,13.34,12.19,3.1, Competitive — Monitor
84865,NEW BAROQUE BLACK PHOTO ALBUM,10.031025641025641,0.0,17.35,37,535.69,39,9.4,9.95,10.94,10.1,-0.7, Competitive — Monitor
84609,TALL ROCOCO CANDLE HOLDER,12.536315789473685,8.5,17.35,51,535.63,19,10.8,12.35,13.54,12.23,2.5, Competitive — Monitor
22547,MINI JIGSAW DINOSAUR ,0.5516326530612244,0.42,0.85,1232,535.5,94,0.51,0.59,0.6,0.57,-3.2, Competitive — Monitor
22403,MAGNETS PACK OF 4 VINTAGE LABELS ,1.420421052631579,1.06,2.51,413,534.13,91,1.28,1.37,1.66,1.44,-1.4, Competitive — Monitor
18007,ESSENTIAL BALM 3.5g TIN IN ENVELOPE,0.2226530612244898,0.05,0.43,3140,533.15,47,0.19,0.22,0.25,0.22,1.2, Competitive — Monitor
21375,LARGE CAMPHOR WOOD FIELD MUSHROOM ,7.801944444444445,1.95,11.26,96,532.3199999999999,36,6.82,7.62,8.2,7.55,3.3, Competitive — Monitor
21129,SILVER FISHING GNOME ,8.537837837837838,1.95,13.0,72,529.9200000000001,35,7.27,8.63,9.51,8.47,0.8, Competitive — Monitor
22615,PACK OF 12 CIRCUS PARADE TISSUES ,0.39967741935483875,0.21,0.85,1791,528.6299999999999,91,0.36,0.38,0.44,0.39,2.5, Competitive — Monitor
20936,FORKED CACTUS CANDLE,3.5800000000000005,1.25,6.04,233,527.49,47,3.15,3.82,3.82,3.6,-0.6, Competitive — Monitor
85188A,GREEN METAL SWINGING BUNNY,1.048,0.72,1.7,602,527.25,64,0.95,1.01,1.21,1.06,-1.1, Competitive — Monitor
85142,JARDIN ETCHED GLASS GINGER JAR,8.987,0.0,16.48,-38,526.4300000000001,36,7.91,9.56,10.38,9.28,-3.2, Competitive — Monitor
21377,SMALL CAMPHOR WOOD FIELD  MUSHROOM,2.5359016393442624,0.65,3.43,382,525.9499999999999,61,2.23,2.38,2.94,2.52,0.6, Competitive — Monitor
22963,JAM JAR WITH BLUE LID,0.9262790697674418,0.0,1.66,666,525.8199999999999,42,0.86,0.95,1.07,0.96,-3.5, Competitive — Monitor
21160,KEEP OUT GIRLS DOOR HANGER ,1.4362903225806452,0.0,3.43,680,525.3199999999999,61,1.23,1.53,1.51,1.42,1.1, Competitive — Monitor
84657,GREEN ROSE CUSHION COVER,4.360454545454545,0.0,21.23,175,523.43,21,4.1,4.13,5.2,4.48,-2.7, Competitive — Monitor
85226C,BLUE PULL BACK RACING CAR,0.7450574712643679,0.0,1.7,1007,523.41,85,0.7,0.8,0.87,0.79,-5.7, Competitive — Monitor
72728,ROSE SCENT CANDLES IN GLASS,0.8156140350877193,0.0,0.85,984,523.15,56,0.75,0.81,0.97,0.84,-2.9, Competitive — Monitor
72818,CHRISTMAS DECOUPAGE CANDLE,0.9299999999999999,0.72,1.66,620,523.12,58,0.85,1.0,0.98,0.94,-1.1, Competitive — Monitor
20733,GOLD MINI TAPE MEASURE ,0.8634313725490196,0.42,1.7,725,523.04,100,0.81,0.89,1.03,0.91,-5.1, Competitive — Monitor
20804,GLASS CHICKEN BUTTER DISH,2.509850746268657,0.0,3.43,316,522.91,65,2.18,2.43,2.94,2.52,-0.4, Competitive — Monitor
85090,CANDY SPOT APRON,5.714310344827586,0.0,9.52,-10,522.08,57,4.9,5.43,6.72,5.68,0.6, Competitive — Monitor
84675,FROG KING WATERING CAN,3.6374603174603175,0.0,6.04,90,521.5600000000001,63,3.18,3.52,3.87,3.52,3.3, Competitive — Monitor
22233,JIGSAW RABBIT AND BIRDHOUSE,1.8797014925373134,1.65,3.36,303,520.4699999999999,67,1.75,1.76,2.18,1.9,-1.1, Competitive — Monitor
21319,GLASS CHALICE GREEN  SMALL ,1.93078431372549,0.0,3.43,274,519.2499999999999,51,1.65,1.82,2.31,1.93,0.0, Competitive — Monitor
21883,STARS GIFT TAPE ,0.8631,0.55,1.7,761,518.98,99,0.78,0.81,0.99,0.86,0.4, Competitive — Monitor
22123,PING MICROWAVE APRON,5.735510204081633,1.95,13.0,128,517.82,49,5.45,5.66,6.51,5.87,-2.3, Competitive — Monitor
22255,FELT TOADSTOOL  SMALL,1.083375,0.85,1.7,544,515.9,75,1.01,1.13,1.29,1.14,-5.0, Competitive — Monitor
37423,WHITE WITH BLACK CATS PLATE,1.327391304347826,0.0,1.7,3018,515.5,69,1.2,1.25,1.48,1.31,1.3, Competitive — Monitor
84919,L BLUE C/COVER W PINK/YELLOW FLOWER,7.438,1.95,16.48,61,514.66,20,6.37,7.0,8.48,7.28,2.2, Competitive — Monitor
21378,SMALL TALL CAMPHOR WOOD TOADSTOOL,2.1683636363636363,0.65,3.43,419,512.73,54,2.02,2.22,2.43,2.22,-2.3, Competitive — Monitor
90120D,WHITE MURANO TWIST BRACELET,4.199142857142857,2.5,4.33,124,512.34,35,3.82,4.0,5.0,4.27,-1.7, Competitive — Monitor
85163A,WHITE BAROQUE WALL CLOCK ,13.660769230769231,10.95,25.49,38,511.91999999999996,25,11.77,12.78,14.5,13.02,4.9, Competitive — Monitor
84625C,BLUE NEW BAROQUE CANDLESTICK CANDLE,2.9495744680851064,0.85,6.04,310,511.61,47,2.53,2.79,3.32,2.88,2.4, Competitive — Monitor
21320,GLASS CHALICE GREEN  LARGE ,3.1493181818181815,2.1,5.17,186,511.32,44,2.96,3.36,3.63,3.32,-5.1, Competitive — Monitor
21734,SMALL MARAKESH LANTERN ON STICK,5.189722222222223,0.0,7.78,63,510.74,34,4.76,5.46,6.07,5.43,-4.4, Competitive — Monitor
84989B,75 BLACK FAIRY CAKE CASES,0.6578333333333333,0.0,1.3,907,510.7,59,0.61,0.64,0.75,0.67,-1.8, Competitive — Monitor
84952C,MIRROR LOVE BIRD T-LIGHT HOLDER,2.993888888888889,0.0,7.62,250,510.13,36,2.81,3.07,3.55,3.14,-4.7, Competitive — Monitor
85170D,SET/6 PINK BIRD T-LIGHT CANDLES,3.0698245614035087,0.85,4.3,274,509.9,57,2.78,3.09,3.66,3.18,-3.5, Competitive — Monitor
21650,ASSORTED TUTTI FRUTTI BRACELET,0.9767948717948718,0.65,1.7,708,508.07000000000005,69,0.88,1.0,1.04,0.97,0.7, Competitive — Monitor
21641,ASSORTED TUTTI FRUTTI KEYRING BALL,1.3522388059701491,0.85,1.7,521,507.99999999999994,67,1.21,1.39,1.5,1.37,-1.3, Competitive — Monitor
85104,SILVER GLASS T-LIGHT SET,3.0845454545454545,2.95,5.91,153,507.59000000000003,41,2.72,3.15,3.25,3.04,1.5, Competitive — Monitor
22116,METAL SIGN HIS DINNER IS SERVED,2.9794545454545456,1.25,5.91,254,507.08000000000004,55,2.66,2.87,3.28,2.94,1.3, Competitive — Monitor
84615,PINK ROUND BUTTERFLY MIRROR ,5.402608695652174,0.0,16.13,194,506.79999999999995,23,5.01,5.0,6.11,5.37,0.6, Competitive — Monitor
22913,RED COAT RACK PARIS FASHION,5.515263157894737,4.25,11.02,110,506.24,19,5.02,5.48,6.54,5.68,-2.9, Competitive — Monitor
20753,RETRO PINK SPOT WASHING UP GLOVES,2.5610169491525423,0.0,4.3,-48,504.8,59,2.41,2.72,3.01,2.71,-5.5, Competitive — Monitor
37352,BIRD IN TREE MUG ,0.8045454545454546,0.0,1.25,4554,504.55,11,0.72,0.81,0.86,0.8,0.6, Competitive — Monitor
90199C,5 STRAND GLASS NECKLACE CRYSTAL,6.314166666666666,5.49,6.35,86,503.09999999999997,22,5.75,6.65,6.72,6.37,-0.9, Competitive — Monitor
82613B,"METAL SIGN,CUPCAKE SINGLE HOOK",1.9734710743801651,1.25,2.57,320,502.9,121,1.8,2.13,2.25,2.06,-4.2, Competitive — Monitor
16169P,WRAP GREEN RUSSIAN FOLKART ,0.3489583333333333,0.0,0.42,1664,502.25,48,0.32,0.33,0.39,0.35,-0.3, Competitive — Monitor
84974,S/2 ZINC HEART DESIGN PLANTERS,9.919696969696968,8.95,9.95,51,501.45,30,9.13,10.22,10.81,10.05,-1.3, Competitive — Monitor
84993A,75 GREEN PETIT FOUR CASES,0.5103174603174603,0.42,0.86,1155,501.1,125,0.45,0.52,0.6,0.52,-1.9, Competitive — Monitor
84849A,HELLO SAILOR BLUE SOAP HOLDER,2.069107142857143,1.45,3.36,297,501.06,54,1.86,2.23,2.46,2.18,-5.1, Competitive — Monitor
21847,GREEN  DIAMANTE PEN IN GIFT BOX,3.70625,1.25,4.95,272,500.69,39,3.19,3.99,4.12,3.77,-1.7, Competitive — Monitor
85213,MINI  ZINC GARDEN DECORATIONS ,1.2177083333333332,0.64,1.7,550,500.10999999999996,48,1.08,1.25,1.44,1.26,-3.4, Competitive — Monitor
21200,MULTICOLOUR HONEYCOMB PAPER GARLAND,2.078181818181818,1.45,3.43,278,500.0199999999999,53,1.87,1.99,2.3,2.05,1.4, Competitive — Monitor
84596G,SMALL CHOCOLATES PINK BOWL,1.417090909090909,1.25,2.57,376,498.75,108,1.3,1.48,1.64,1.47,-3.6, Competitive — Monitor
37475,SET/4 COLOURFUL MIXING BOWLS,11.662413793103447,8.47,20.83,46,498.58,29,11.02,10.93,13.08,11.68,-0.2, Competitive — Monitor
35600D,PINK AND WHITE CHRISTMAS TREE 180CM,6.578571428571428,0.0,21.7,105,497.70000000000005,14,5.99,6.87,7.03,6.63,-0.8, Competitive — Monitor
22135,LADLE LOVE HEART PINK,0.6776973684210525,0.36,0.87,1070,496.96999999999997,152,0.63,0.72,0.81,0.72,-5.9, Competitive — Monitor
72817,SET/2 CHRISTMAS DECOUPAGE CANDLES,1.4940909090909091,1.06,4.21,378,496.83,65,1.35,1.47,1.67,1.5,-0.4, Competitive — Monitor
15056bl,EDWARDIAN PARASOL BLACK,12.738064516129032,12.72,13.0,39,496.64000000000004,31,11.64,13.0,14.78,13.14,-3.1, Competitive — Monitor
17021,NAMASTE SWAGAT INCENSE,0.29020408163265304,0.0,0.3,931,496.5,35,0.25,0.29,0.32,0.29,0.1, Competitive — Monitor
20864,DENIM PATCH PENCIL CASE BUTTERFLY,2.1281250000000003,0.0,4.3,235,496.04,31,1.86,2.11,2.24,2.07,2.8, Competitive — Monitor
22717,CARD DOG AND BALL ,0.5226373626373626,0.36,0.85,1203,495.27,90,0.46,0.51,0.56,0.51,2.5, Competitive — Monitor
22715,CARD WEDDING DAY,0.5030769230769231,0.36,0.85,1188,495.03,90,0.45,0.52,0.57,0.51,-1.4, Competitive — Monitor
20763,DAISY SKETCHBOOK ,3.7843999999999998,1.25,7.78,192,494.19,50,3.23,4.05,4.37,3.88,-2.5, Competitive — Monitor
20932,PINK POT PLANT CANDLE,4.6511764705882355,2.95,7.78,123,492.68,50,4.02,4.98,5.12,4.71,-1.2, Competitive — Monitor
22042,CHRISTMAS CARD SINGING ANGEL,0.398921568627451,0.19,0.86,1418,492.23,99,0.35,0.38,0.46,0.4,-0.3, Competitive — Monitor
16239,BALLERINA HEART DECORATION.,2.535,0.0,2.95,340,492.17,22,2.4,2.69,2.93,2.67,-5.1, Competitive — Monitor
82616B,FRAPPUCINO SCARF KNITTING KIT,2.623770491803279,1.25,2.95,269,491.63,59,2.32,2.72,3.03,2.69,-2.5, Competitive — Monitor
35972,DAISY FOLKART HEART DECORATION,1.8280821917808217,0.0,2.57,147,491.38,73,1.64,1.76,2.05,1.82,0.4, Competitive — Monitor
22258,FELT FARM ANIMAL RABBIT,1.6185,1.06,2.51,385,490.91,55,1.41,1.51,1.92,1.61,0.5, Competitive — Monitor
85111,SILVER GLITTER FLOWER VOTIVE HOLDER,1.4463636363636363,0.29,2.51,1366,489.8,22,1.32,1.39,1.62,1.44,0.4, Competitive — Monitor
21147,JINGLE BELLS TREE DECORATION,2.2796153846153846,0.85,4.3,289,489.49,51,2.0,2.43,2.55,2.33,-2.2, Competitive — Monitor
90184C,BLACK CHUNKY BEAD BRACELET W STRAP,9.106176470588236,8.95,9.55,54,488.60999999999996,33,7.93,9.3,9.83,9.02,1.0, Competitive — Monitor
90010B,BLACK/WHITE GLASS/SILVER BRACELET,9.367666666666667,8.95,9.98,53,487.7,30,8.45,9.7,10.27,9.47,-1.1, Competitive — Monitor
84706D,CHERRY BLOSSOM TABLE CLOCK ,5.174285714285714,1.95,19.09,212,486.53999999999996,14,4.4,4.97,5.47,4.95,4.5, Competitive — Monitor
84826,ASSTD DESIGN 3D PAPER STICKERS,0.8283333333333333,0.2,0.85,580,486.5,22,0.7,0.86,0.95,0.84,-1.4, Competitive — Monitor
84247G,"DECOUPAGE,GREETING CARD,",0.46679012345679016,0.36,0.85,1154,485.21,79,0.41,0.43,0.51,0.45,3.7, Competitive — Monitor
22964,3 PIECE SPACEBOY COOKIE CUTTER SET,2.311,2.1,4.21,225,485.16,49,1.97,2.26,2.53,2.25,2.7, Competitive — Monitor
85163B,BLACK BAROQUE WALL CLOCK ,15.741000000000001,12.75,26.04,31,484.98,30,13.55,16.06,18.35,15.99,-1.6, Competitive — Monitor
90195B,BLACK GEMSTONE BRACELET,8.992692307692307,8.95,9.32,54,484.40999999999997,25,7.95,8.48,9.88,8.77,2.5, Competitive — Monitor
20903,VINTAGE KEEPSAKE BOX TRAVELOGUE,9.936250000000001,1.95,13.0,106,484.26,32,9.24,10.45,10.79,10.16,-2.2, Competitive — Monitor
22783,SET 3 WICKER OVAL BASKETS W LIDS,19.3875,16.95,19.95,26,482.7,16,17.59,18.57,20.85,19.0,2.0, Competitive — Monitor
84901,BLACK FACE LAMB WITH PANTS,3.805769230769231,0.0,4.3,106,482.38,75,3.43,3.9,4.44,3.92,-2.9, Competitive — Monitor
17012C,ORIGAMI LAVENDER INCENSE/CANDL SET ,2.7399999999999998,0.85,5.06,441,481.15,32,2.41,2.7,2.93,2.68,2.2, Competitive — Monitor
16244A,MAXWELL 2 TONE PINK 60 PAGE PHOTO A,3.9331034482758622,0.0,4.3,193,479.40999999999997,29,3.71,3.99,4.4,4.03,-2.4, Competitive — Monitor
85091,CANDY SPOT BREAD BASKETS,5.445714285714286,0.85,10.39,326,479.11,21,4.85,5.1,6.13,5.36,1.6, Competitive — Monitor
16049,TEATIME GEL PENS ASST,0.39357142857142857,0.0,0.83,2225,478.4,28,0.34,0.36,0.45,0.38,3.6, Competitive — Monitor
35915C,PEACH KNITTED HEN ,2.18,1.27,3.43,347,476.86,22,1.99,2.32,2.5,2.27,-4.0, Competitive — Monitor
72750C,"F.FAIRY S/3 CANDLE/GLASS, ROSE",2.426470588235294,0.0,5.95,242,476.4,17,2.09,2.34,2.84,2.42,0.3, Competitive — Monitor
22702,BLACK AND WHITE CAT BOWL,2.2942307692307695,1.85,4.21,228,476.12000000000006,49,2.03,2.41,2.42,2.29,0.2, Competitive — Monitor
85215,ASSORTED CHEESE FRIDGE MAGNETS,1.7818181818181817,0.0,7.78,257,475.53000000000003,52,1.6,1.92,1.95,1.82,-2.1, Competitive — Monitor
62096A,PINK/YELLOW FLOWERS HANDBAG,2.3192941176470585,1.25,8.47,289,475.28999999999996,83,2.17,2.21,2.53,2.3,0.8, Competitive — Monitor
84247E,PACK/12 XMAS FUN CARD,2.8906349206349207,0.0,5.91,401,474.9600000000001,59,2.6,2.78,3.1,2.83,2.1, Competitive — Monitor
84569B,PACK 3 FIRE ENGINE/CAR PATCHES,1.2883333333333333,0.0,2.51,356,473.78,62,1.19,1.32,1.41,1.31,-1.7, Competitive — Monitor
84846A,SCENTED CANDLE IN DIGITALIS TIN,2.574888888888889,2.1,4.3,208,473.03000000000003,44,2.44,2.77,2.82,2.68,-3.9, Competitive — Monitor
37492C,GREEN BLUE FLOWER PIGGY BANK,3.567857142857143,0.0,4.65,265,472.65,27,3.08,3.81,4.03,3.64,-2.0, Competitive — Monitor
21379, CAMPHOR WOOD PORTOBELLO MUSHROOM,1.9810256410256408,0.42,2.57,472,472.4,78,1.74,1.98,2.28,2.0,-0.9, Competitive — Monitor
35599B,BLACK CHRISTMAS TREE 120CM,8.051785714285716,5.91,17.35,59,470.96000000000004,28,7.16,8.43,8.91,8.17,-1.4, Competitive — Monitor
72807c,SET/3 VANILLA SCENTED CANDLE IN BOX,8.52076923076923,8.47,8.65,55,470.53000000000003,39,7.6,8.02,9.87,8.5,0.2, Competitive — Monitor
22927,GREEN GIANT GARDEN THERMOMETER,7.2867741935483865,5.95,11.87,64,469.6,31,6.49,7.84,8.02,7.45,-2.2, Competitive — Monitor
84306,S/3 PINK SQUARE PLANTERS ROSES,12.785217391304348,0.0,22.52,16,469.26,23,12.03,13.74,13.98,13.25,-3.5, Competitive — Monitor
47367B,PAIR PADDED HANGERS PINK CHECK,3.6287719298245613,2.95,7.78,133,469.15000000000003,56,3.34,3.43,4.1,3.62,0.2, Competitive — Monitor
35471A,SET OF 3 BIRD L.BLUE FEATHER,1.5691011235955057,0.0,2.57,318,468.06,87,1.43,1.52,1.65,1.53,2.6, Competitive — Monitor
72799B,PURPLE PILLAR CANDLE BLACK FLOCK,3.448823529411765,0.0,6.04,299,467.71000000000004,17,3.04,3.23,3.66,3.31,4.2, Competitive — Monitor
21220,SET/4 BADGES DOGS,1.7726315789473683,1.25,2.57,336,467.46,73,1.65,1.71,1.97,1.78,-0.4, Competitive — Monitor
21750, LARGE SKULL WINDMILL,2.30475,1.85,4.21,221,466.87000000000006,40,2.18,2.42,2.75,2.45,-5.9, Competitive — Monitor
20793,BLUE TILED TRAY,8.924736842105263,0.0,14.74,264,464.5,19,8.32,8.75,10.34,9.14,-2.4, Competitive — Monitor
21536,DAIRY MAID  SMALL  MILK JUG,2.218611111111111,0.0,4.3,193,464.24,69,1.89,2.07,2.36,2.11,5.1, Competitive — Monitor
85144,JARDIN ETCHED GLASS BUTTER DISH,7.197058823529411,6.35,7.25,67,464.15,32,6.58,7.02,8.47,7.36,-2.2, Competitive — Monitor
20998,ROSE DU SUD OVEN GLOVE,3.307142857142857,2.95,5.91,147,464.03000000000003,63,2.83,3.56,3.84,3.41,-3.0, Competitive — Monitor
21222,SET/4 BADGES BEETLES,1.4684375,1.25,2.57,360,463.98,62,1.29,1.5,1.68,1.49,-1.4, Competitive — Monitor
22268,EASTER DECORATION SITTING BUNNY,1.02,0.72,1.66,538,463.0,83,0.87,1.01,1.2,1.03,-1.0, Competitive — Monitor
84948,SILVER HANGING T-LIGHT HOLDER DOME,1.7365853658536585,0.0,3.43,245,462.50999999999993,39,1.58,1.64,1.93,1.72,1.0, Competitive — Monitor
90195A,PURPLE GEMSTONE BRACELET,9.105526315789474,8.95,9.55,51,462.35999999999996,38,8.36,9.81,9.86,9.34,-2.5, Competitive — Monitor
84972L,GIANT PINK HEART MEMO HOLDER,3.7081632653061227,0.0,3.95,234,462.15000000000003,49,3.19,3.9,4.18,3.76,-1.4, Competitive — Monitor
84507C,BLUE CIRCLES DESIGN MONKEY DOLL,2.6046666666666667,0.85,5.17,366,461.46,45,2.31,2.51,2.95,2.59,0.6, Competitive — Monitor
20831,GOLD PHOTO FRAME,2.679767441860465,0.85,4.21,258,461.43,41,2.4,2.5,3.03,2.64,1.5, Competitive — Monitor
47594B,SCOTTIES DESIGN WASHBAG,2.302307692307692,1.95,4.3,221,460.69,76,2.04,2.14,2.61,2.26,1.9, Competitive — Monitor
21198,WHITE HEART CONFETTI IN TUBE,2.177755102040816,1.65,3.43,251,460.53,48,1.88,2.05,2.6,2.18,-0.1, Competitive — Monitor
35915B,BLUE KNITTED HEN ,1.6309999999999998,1.27,1.65,345,459.81,17,1.45,1.65,1.93,1.68,-2.9, Competitive — Monitor
84782C,GREEN 3 TIER GLASS PLATE STAND,8.970833333333333,0.0,12.75,41,459.8,24,8.3,9.59,10.6,9.5,-5.6, Competitive — Monitor
85159A,"BLACK TEA,COFFEE,SUGAR JARS",11.751052631578949,6.35,13.0,38,459.28000000000003,38,10.07,11.74,13.75,11.85,-0.8, Competitive — Monitor
21090,SET/6 COLLAGE PAPER PLATES,1.0476190476190477,0.19,1.66,698,458.29999999999995,62,0.9,1.11,1.25,1.09,-3.9, Competitive — Monitor
84842,HELLO SAILOR BATHROOM SET,4.32896551724138,0.0,7.78,761,457.8,28,3.83,4.29,4.61,4.24,2.1, Competitive — Monitor
84600,NEW BAROQUE JEWELLERY BOX ,9.609655172413794,6.95,16.48,53,456.48,29,9.07,9.93,10.47,9.82,-2.1, Competitive — Monitor
22124,SET OF 2 TEA TOWELS PING MICROWAVE,3.061206896551724,2.51,6.04,153,455.81000000000006,58,2.81,3.17,3.44,3.14,-2.5, Competitive — Monitor
47594A,CAROUSEL DESIGN WASHBAG,2.23390625,1.95,4.3,223,455.37,64,2.05,2.12,2.63,2.27,-1.6, Competitive — Monitor
21318,GLASS CHALICE BLUE SMALL ,1.866470588235294,1.45,3.43,263,455.28999999999996,51,1.65,1.83,2.1,1.86,0.3, Competitive — Monitor
21635,MADRAS NOTEBOOK LARGE ,3.884333333333333,3.75,7.78,120,454.03,29,3.53,3.97,4.51,4.0,-2.9, Competitive — Monitor
20621,ECONOMY PASSPORT COVER ,2.220277777777778,0.0,4.3,372,453.77000000000004,35,1.89,2.07,2.38,2.11,5.2, Competitive — Monitor
21209,MULTICOLOUR HONEYCOMB FAN,2.3501960784313725,1.45,3.36,235,453.74999999999994,51,2.15,2.3,2.56,2.34,0.4, Competitive — Monitor
84984B,RED PEONY DES C/COVER ,3.7384615384615385,0.0,4.65,374,452.95,13,3.52,3.76,4.34,3.87,-3.4, Competitive — Monitor
72131,COLUMBIAN CANDLE RECTANGLE,1.5877777777777777,0.38,1.95,610,451.98,42,1.45,1.71,1.71,1.62,-2.0, Competitive — Monitor
21503,TOYBOX  WRAP ,0.42,0.42,0.42,1075,451.5,41,0.39,0.42,0.46,0.42,0.0, Competitive — Monitor
82081,PINK HEARTS PHOTO ALBUM,5.04,0.0,8.5,170,451.35,24,4.65,5.29,5.49,5.14,-1.9, Competitive — Monitor
35598B,BLACK CHRISTMAS TREE 60CM,3.063846153846154,0.65,6.91,403,451.13000000000005,36,2.64,3.03,3.38,3.02,1.5, Competitive — Monitor
22647,CERAMIC LOVE HEART MONEY BANK,1.7072093023255812,1.25,3.36,323,451.01,41,1.61,1.79,1.97,1.79,-4.6, Competitive — Monitor
84601A,NEW BAROQUE IVORY CUSHION COVER ,3.1300000000000003,0.0,9.52,16,450.84000000000003,18,2.68,3.18,3.46,3.11,0.6, Competitive — Monitor
17164D,ASS COL SMALL SAND FROG P'WEIGHT,0.39249999999999996,0.0,0.42,1929,450.78000000000003,30,0.35,0.42,0.44,0.4,-1.9, Competitive — Monitor
85136B,BLUE SHARK HELICOPTER,7.687916666666666,0.0,8.65,7,449.92,48,6.64,7.58,8.19,7.47,2.9, Competitive — Monitor
35004S,SET OF 3 SILVER FLYING DUCKS,6.458484848484848,0.0,13.0,-166,448.88,33,5.5,6.57,7.56,6.54,-1.2, Competitive — Monitor
22510,DOORSTOP RUSSIAN DOLL GINGHAM,4.2846,3.39,7.62,114,448.83,50,3.82,4.37,4.74,4.31,-0.6, Competitive — Monitor
22538,MINI JIGSAW GO TO THE FAIR,0.5238297872340425,0.42,1.0,1043,447.71,47,0.46,0.52,0.6,0.53,-1.2, Competitive — Monitor
21880,RED AND WHITE SPOT TAPE,1.0896842105263158,0.65,1.7,604,447.66,95,0.98,1.03,1.26,1.09,-0.0, Competitive — Monitor
85030,FRENCH CHATEAU OVAL PLATTER,6.021428571428571,1.95,7.95,171,447.45,26,5.47,5.63,6.51,5.87,2.6, Competitive — Monitor
22105,MIRROR MOSAIC GOBLET CANDLE HOLDER,4.61,1.25,8.47,118,446.84000000000003,24,3.94,4.25,5.45,4.55,1.3, Competitive — Monitor
85086A,CANDY SPOT HEART DECORATION,1.3245631067961166,0.85,1.7,441,446.65,102,1.14,1.4,1.51,1.35,-1.9, Competitive — Monitor
21663,VINTAGE GLASS SUGAR CADDY,6.6709756097560975,0.0,12.13,58,446.51000000000005,41,6.04,6.39,7.43,6.62,0.8, Competitive — Monitor
84247L,FAWN AND MUSHROOM GREETING CARD,0.49156249999999996,0.0,0.86,922,446.23,94,0.43,0.47,0.53,0.48,2.4, Competitive — Monitor
21723,ALPHABET HEARTS STICKER SHEET,1.0239285714285713,0.0,1.7,458,446.13,83,0.95,1.06,1.22,1.08,-5.2, Competitive — Monitor
22718,CARD CAT AND TREE ,0.5458823529411765,0.36,0.85,1022,445.99,101,0.5,0.53,0.64,0.56,-2.5, Competitive — Monitor
85023B,EAU DE NILE JEWELLED PHOTOFRAME,2.5326923076923076,2.1,2.55,187,444.45,26,2.37,2.54,2.74,2.55,-0.7, Competitive — Monitor
85180B,PINK HEARTS LIGHT CHAIN ,6.328181818181818,3.81,9.52,94,444.28000000000003,20,5.82,5.99,6.97,6.26,1.1, Competitive — Monitor
17012A,ORIGAMI VANILLA INCENSE/CANDLE SET ,2.710882352941176,0.0,5.17,468,442.78,34,2.42,2.91,3.18,2.84,-4.5, Competitive — Monitor
84819,DANISH ROSE ROUND SEWING BOX,4.367222222222222,4.25,8.47,103,441.97,35,4.01,4.61,5.04,4.55,-4.0, Competitive — Monitor
16011, ANIMAL STICKERS,0.20928571428571427,0.16,0.21,2109,441.69,69,0.18,0.22,0.24,0.21,-0.3, Competitive — Monitor
85129C,BEADED CRYSTAL HEART BLUE SMALL,1.5133333333333332,0.0,2.57,280,441.68,55,1.33,1.49,1.69,1.5,0.9, Competitive — Monitor
22266,EASTER DECORATION HANGING BUNNY,0.8380263157894737,0.55,1.28,651,441.66,71,0.78,0.87,0.97,0.87,-3.7, Competitive — Monitor
21014,SWISS CHALET TREE DECORATION ,1.023294117647059,0.42,1.7,589,440.82,81,0.92,0.96,1.13,1.0,2.3, Competitive — Monitor
20840,FRENCH FLORAL CUSHION COVER ,2.976818181818182,0.85,9.32,146,440.4399999999999,22,2.77,2.74,3.22,2.91,2.3, Competitive — Monitor
62096B,PURPLE/TURQ FLOWERS HANDBAG,2.3004819277108433,0.0,8.65,252,439.49,82,2.14,2.12,2.63,2.3,0.0, Competitive — Monitor
21062,PARTY INVITES SPACEMAN,0.8781538461538462,0.38,1.66,539,438.89,64,0.82,0.89,1.05,0.92,-4.5, Competitive — Monitor
20653,CHERRY BLOSSOM LUGGAGE TAG,1.3327450980392157,0.0,2.57,1919,438.61,51,1.25,1.32,1.46,1.34,-0.5, Competitive — Monitor
79030A,"TUMBLER, ENGLISH ROSE",5.077027027027027,0.0,13.0,-46,438.25,37,4.53,5.09,5.68,5.1,-0.5, Competitive — Monitor
90200A,PURPLE SWEETHEART BRACELET,4.258245614035087,4.24,4.33,103,438.22,56,3.76,3.92,4.9,4.19,1.6, Competitive — Monitor
85208,SET/12 FUNKY FELT FLOWER PEG IN BAG,2.240666666666667,2.1,4.21,205,436.83000000000004,42,2.04,2.21,2.53,2.26,-0.9, Competitive — Monitor
90161C,ANT COPPER LIME BOUDICCA BRACELET,5.057254901960785,4.95,5.2,87,436.26,51,4.49,5.23,5.95,5.22,-3.1, Competitive — Monitor
47310M,"SMALL POP BOX,FUNKY MONKEY",1.8826923076923079,1.05,3.43,337,435.74,52,1.71,1.87,2.19,1.92,-1.9, Competitive — Monitor
22263,FELT EGG COSY LADYBIRD ,1.265438596491228,0.72,1.7,515,435.65999999999997,54,1.16,1.31,1.34,1.27,-0.4, Competitive — Monitor
gift_0001_30,Dotcomgiftshop Gift Voucher £30.00,20.693333333333335,0.0,26.08,40,434.56,21,19.01,19.81,24.83,21.22,-2.5, Competitive — Monitor
16259,PIECE OF CAMO STATIONERY SET,0.21,0.21,0.21,2067,434.07,27,0.19,0.22,0.24,0.22,-4.5, Competitive — Monitor
22247,BUNNY DECORATION MAGIC GARDEN,1.0741333333333334,0.72,1.66,519,434.0,70,0.93,1.09,1.27,1.1,-2.4, Competitive — Monitor
22264,FELT FARM ANIMAL WHITE BUNNY ,1.0793827160493825,0.72,1.7,473,433.04999999999995,74,0.96,1.03,1.24,1.08,-0.1, Competitive — Monitor
72132,COLUMBIAN CUBE CANDLE,1.5721052631578947,0.38,1.95,534,432.9,18,1.36,1.51,1.85,1.57,0.1, Competitive — Monitor
84510F,SET OF 4 NEW ENGLAND COASTERS ,1.3790697674418604,0.0,2.57,1069,432.75,41,1.29,1.41,1.47,1.39,-0.8, Competitive — Monitor
85025B,EAU DE NILE HEART SHAPE PHOTO FRAME,2.0193846153846153,1.65,3.43,241,431.98999999999995,60,1.79,2.13,2.23,2.05,-1.5, Competitive — Monitor
84858B,BLUE RIVIERA HANDBAG,2.1125000000000003,0.0,5.95,312,431.0,12,1.83,2.08,2.5,2.14,-1.3, Competitive — Monitor
82011C,BATHROOM SCALES FOOTPRINTS IN SAND,5.6664814814814815,0.0,7.78,55,430.63,54,4.83,5.45,6.12,5.47,3.6, Competitive — Monitor
22608,PENS ASSORTED FUNKY JEWELED ,1.197142857142857,0.85,1.66,489,430.22999999999996,28,1.09,1.27,1.27,1.21,-1.1, Competitive — Monitor
37464,ROBOT MUG IN DISPLAY BOX,1.7321428571428572,0.0,2.57,90,428.68,83,1.58,1.78,2.02,1.79,-3.2, Competitive — Monitor
16161M,WRAP  PINK FLOCK,0.39809523809523806,0.0,0.42,698,428.5,42,0.35,0.39,0.47,0.4,-0.5, Competitive — Monitor
85146,JARDIN ETCHED GLASS SMALL BELL JAR,6.184285714285714,4.95,11.87,73,428.27000000000004,20,5.3,6.17,6.64,6.04,2.4, Competitive — Monitor
22252,BIRDCAGE DECORATION MAGIC GARDEN,1.3502,1.06,2.55,324,427.74,48,1.2,1.29,1.59,1.36,-0.7, Competitive — Monitor
21757,LIGHTHOUSE PRINTED METAL SIGN,6.102380952380953,0.0,10.39,68,424.6,41,5.38,6.23,7.04,6.22,-1.9, Competitive — Monitor
85071C,"CHARLIE+LOLA""EXTREMELY BUSY"" SIGN",2.9137837837837837,0.38,5.06,608,424.53,37,2.67,2.85,3.29,2.94,-0.9, Competitive — Monitor
72789,BASKET/8 SCENTED LOVE TOKEN CANDLES,3.6056,0.0,7.78,168,424.03,49,3.28,3.89,4.23,3.8,-5.1, Competitive — Monitor
84802B,PURPLE ANEMONE ARTIFICIAL FLOWER,1.5405882352941176,0.42,1.69,431,423.59000000000003,16,1.37,1.54,1.71,1.54,0.0, Competitive — Monitor
20694,FLORAL PINK MONSTER,4.077,2.51,7.78,120,423.54,39,3.55,4.07,4.4,4.01,1.7, Competitive — Monitor
84762A,WHITE PICNIC BARBECUE BUCKET,8.678611111111111,0.0,10.75,36,422.98,36,8.23,8.77,9.48,8.83,-1.7, Competitive — Monitor
21729,SMALL MARAKESH METAL  LANTERN ,3.8057575757575757,0.0,6.91,105,422.9,32,3.41,4.06,4.28,3.92,-2.9, Competitive — Monitor
16015,MEDIUM CHINESE STYLE SCISSOR,0.4753488372093024,0.0,0.5,641,421.9,43,0.44,0.5,0.54,0.49,-3.0, Competitive — Monitor
35095B,RED VICTORIAN FABRIC OVAL BOX,0.574,0.29,0.86,1102,421.53,83,0.5,0.57,0.67,0.58,-1.0, Competitive — Monitor
51020B,STRIPY DESIGN SHOWER CAP,1.0285714285714285,0.0,1.25,1009,421.01,49,0.92,1.06,1.2,1.06,-3.0, Competitive — Monitor
46776C,WOVEN FROST CUSHION COVER,4.4712499999999995,1.25,13.0,143,420.73,39,3.81,4.53,5.08,4.47,0.0, Competitive — Monitor
84872a,TEATIME FUNKY FLOWER BACKPACK FOR 2,11.069655172413793,11.02,11.26,38,420.44,29,9.97,11.06,12.92,11.32,-2.2, Competitive — Monitor
84875D,BLUE SQUARE COMPACT MIRROR,1.7338709677419355,0.0,3.75,438,420.0,31,1.64,1.65,1.87,1.72,0.8, Competitive — Monitor
85186A,EASTER BUNNY GARLAND OF FLOWERS,0.6012941176470589,0.42,0.85,921,419.82,84,0.53,0.6,0.64,0.59,1.9, Competitive — Monitor
35953,FOLKART STAR CHRISTMAS DECORATIONS,1.65,1.25,8.65,324,419.8,28,1.41,1.58,1.95,1.65,0.0, Competitive — Monitor
71279,PINK GLASS CANDLEHOLDER,3.8284313725490198,0.0,6.04,139,419.65000000000003,48,3.27,4.08,4.06,3.8,0.7, Competitive — Monitor
47579,TEA TIME BREAKFAST BASKET,2.508103448275862,0.0,4.3,171,418.77000000000004,57,2.23,2.44,2.73,2.47,1.5, Competitive — Monitor
84007,MAGIC GARDEN MOUNT FUJI,2.611428571428571,0.0,5.17,66,418.21999999999997,40,2.26,2.8,3.01,2.69,-2.9, Competitive — Monitor
35922,EASTER BUNNY WREATH,7.832222222222222,4.25,10.39,65,417.59,27,6.68,7.87,8.7,7.75,1.1, Competitive — Monitor
84532B,FAIRY CAKES RECTANGLUAR BOXES,7.048181818181818,0.0,12.13,40,417.58,33,6.52,7.2,8.33,7.35,-4.1, Competitive — Monitor
35240,ENAMEL BLUE RIM OVAL TRAY SET/2,7.883571428571429,0.0,8.49,98,416.01,42,7.06,7.94,8.63,7.88,0.0, Competitive — Monitor
22985,"WRAP, BILLBOARD FONTS DESIGN",0.42,0.42,0.42,990,415.8,39,0.37,0.4,0.44,0.4,5.0, Competitive — Monitor
22053,EMPIRE DESIGN ROSETTE,1.6225806451612903,1.25,2.57,308,415.71999999999997,60,1.53,1.59,1.78,1.63,-0.5, Competitive — Monitor
17107D,"FLOWER FAIRY,5 SUMMER B'DRAW LINERS",2.55,2.55,2.55,163,415.65,44,2.2,2.39,2.9,2.5,2.0, Competitive — Monitor
21386,IVORY HANGING DECORATION  EGG,1.1080357142857142,0.72,1.66,463,415.53999999999996,54,1.05,1.13,1.23,1.14,-2.8, Competitive — Monitor
20803,SMALL PINK GLASS SUNDAE DISH,2.221458333333333,1.65,3.43,215,414.87999999999994,47,1.96,2.2,2.51,2.22,0.1, Competitive — Monitor
84529C,YELLOW KNITTED KIDS RUCKSACK,4.901315789473684,0.0,6.75,64,414.74,38,4.6,5.12,5.79,5.17,-5.2, Competitive — Monitor
85112,S/3 TEAR DROP CUT GLASS DECORATION,1.5545945945945945,0.0,2.57,90,414.02,36,1.42,1.49,1.85,1.59,-2.2, Competitive — Monitor
22641,SET OF 4 NAPKIN CHARMS INSTRUMENT,2.5352777777777775,0.0,5.06,164,411.33,36,2.36,2.4,2.76,2.51,1.0, Competitive — Monitor
21026,SPACE OWL,1.7195238095238095,1.25,2.57,300,411.0,60,1.63,1.69,1.92,1.75,-1.7, Competitive — Monitor
21341,KASBAH LANTERN WITH GLASS ,6.722903225806452,0.0,10.39,57,410.64000000000004,31,5.91,7.18,7.61,6.9,-2.6, Competitive — Monitor
79071B,ENGLISH ROSE METAL WASTE BIN,3.1578947368421053,0.0,5.91,130,410.1,56,2.99,3.26,3.77,3.34,-5.5, Competitive — Monitor
40046A,RED DAISY PAPER LAMPSHADE,1.8560714285714286,1.06,2.57,305,409.57,56,1.65,1.83,2.23,1.9,-2.3, Competitive — Monitor
16169F,WRAP BLIZZARD,0.408,0.0,0.42,779,409.5,35,0.36,0.41,0.44,0.4,2.0, Competitive — Monitor
84923,PINK BUTTERFLY HANDBAG W BOBBLES,4.702295081967213,4.21,8.5,86,409.25,60,4.16,4.39,5.45,4.67,0.7, Competitive — Monitor
84595B,LARGE TRIFLE DESIGN L BLUE BOWL,2.75,0.0,3.75,188,408.9,18,2.49,2.96,3.04,2.83,-2.8, Competitive — Monitor
21252,SET OF MEADOW  FLOWER STICKERS,3.0812500000000003,0.0,6.04,157,408.66,24,2.67,3.16,3.24,3.02,2.0, Competitive — Monitor
22420,LIPSTICK PEN BABY PINK,0.5891525423728813,0.36,1.0,783,408.13,114,0.53,0.57,0.62,0.57,3.4, Competitive — Monitor
72803B,OCEAN SCENT CANDLE JEWELLED DRAWER,3.8945833333333333,0.0,8.47,165,407.88,44,3.52,3.95,4.36,3.94,-1.2, Competitive — Monitor
22701,PINK DOG BOWL,3.539555555555556,2.55,5.91,128,406.54,45,3.28,3.32,3.98,3.53,0.3, Competitive — Monitor
84708B,PINK JEWELLED PHOTO FRAME ,5.099142857142857,4.95,10.17,80,406.44,34,4.76,5.48,5.37,5.2,-1.9, Competitive — Monitor
72801E,S/4 FESTIVE GREEN DINNER CANDLES,1.1065384615384615,0.0,2.51,704,404.75,26,0.99,1.05,1.28,1.11,-0.3, Competitive — Monitor
84051,ASS COLOUR GLOWING TIARAS,0.9110810810810811,0.64,1.7,479,404.67,36,0.8,0.93,1.0,0.91,0.1, Competitive — Monitor
84820,DANISH ROSE TRINKET TRAYS,7.183333333333334,5.95,11.87,62,404.42,24,6.29,6.89,8.15,7.11,1.0, Competitive — Monitor
20823,GOLD WINE GOBLET,5.565384615384616,4.25,17.35,89,404.15000000000003,12,4.84,5.76,6.09,5.56,0.1, Competitive — Monitor
22953,BIRTHDAY PARTY CORDON BARRIER TAPE,1.4064516129032258,1.06,2.51,340,403.94,30,1.2,1.47,1.51,1.39,1.2, Competitive — Monitor
90200E,GREEN SWEETHEART BRACELET,4.2507142857142854,4.24,4.33,95,403.79,55,3.76,4.37,4.72,4.28,-0.7, Competitive — Monitor
82076,BEECH WOOD PHOTO FRAME ,2.5905,0.0,3.43,264,403.64,20,2.27,2.64,2.81,2.57,0.8, Competitive — Monitor
20696,FLORAL SOFT CAR TOY,4.7225,3.75,7.78,99,402.37,32,4.47,5.02,5.34,4.94,-4.4, Competitive — Monitor
84932B,SMALL PINK PEONY FOLDING STOOL,2.7789473684210524,0.0,8.5,172,401.3,19,2.52,2.59,3.0,2.7,2.9, Competitive — Monitor
45016,DECORATIVE NET CANOPY LEOPARD,5.461034482758621,0.0,7.78,-71,401.23,28,4.83,5.31,6.15,5.43,0.6, Competitive — Monitor
84984C,ORIENTAL BLUE C/COVER ,5.490588235294118,0.0,12.13,224,401.16,17,4.99,5.27,5.89,5.38,2.1, Competitive — Monitor
85130D,BEADED CRYSTAL HEART PINK LARGE,2.135918367346939,1.45,3.43,230,401.10999999999996,46,1.85,2.3,2.46,2.2,-2.9, Competitive — Monitor
21001,ROSE DU SUD WASHBAG ,5.172444444444444,4.21,12.72,75,400.82,45,4.63,5.08,6.02,5.24,-1.3, Competitive — Monitor
21221,SET/4 BADGES CUTE CREATURES,1.646206896551724,1.25,2.57,296,400.71999999999997,57,1.5,1.71,1.76,1.66,-0.8, Competitive — Monitor
84707A,SILVER JEWELLED MIRROR TRINKET TRAY,11.936666666666666,9.95,20.38,35,400.4,20,10.73,12.29,13.37,12.13,-1.6, Competitive — Monitor
85194S,HANGING SPRING FLOWER EGG SMALL,0.9480327868852458,0.65,1.66,563,400.29,59,0.84,0.9,1.01,0.92,3.0, Competitive — Monitor
22391,PAPERWEIGHT HOME SWEET HOME,2.773076923076923,0.85,5.06,169,399.81,37,2.63,2.66,3.16,2.82,-1.7, Competitive — Monitor
21442,GREEN BIRDHOUSE DECORATION,1.181772151898734,0.38,1.7,538,399.53999999999996,78,1.11,1.14,1.29,1.18,0.2, Competitive — Monitor
22893,MINI CAKE STAND T-LIGHT HOLDER,0.5372727272727272,0.42,0.85,902,399.47999999999996,44,0.49,0.53,0.61,0.54,-0.5, Competitive — Monitor
85170C,SET/6 EAU DE NIL BIRD T-LIGHTS,3.0157894736842104,0.85,4.3,213,399.22,38,2.74,2.89,3.4,3.01,0.2, Competitive — Monitor
20889,JARDIN DE FEMME SCENTED CANDLE,2.170714285714286,0.0,6.04,620,398.03999999999996,14,1.98,2.0,2.58,2.19,-0.9, Competitive — Monitor
21943,CAKES AND RABBITS DESIGN FLANNEL ,1.0242574257425743,0.38,1.7,474,397.99,101,0.89,1.09,1.16,1.05,-2.5, Competitive — Monitor
22799,SWEETHEART WIRE FRUIT BOWL,9.267142857142858,7.65,16.98,46,397.76,21,8.24,9.96,10.54,9.58,-3.3, Competitive — Monitor
47593B,SCOTTIES DESIGN BABY BIB,0.99130081300813,0.85,2.57,380,397.76,119,0.85,0.97,1.1,0.97,2.2, Competitive — Monitor
22922,FRIDGE MAGNETS US DINER ASSORTED,0.8221428571428572,0.72,0.85,522,396.9,14,0.74,0.8,0.98,0.84,-2.1, Competitive — Monitor
21265,PINK GOOSE FEATHER TREE 60CM,5.34,1.95,9.95,172,395.2,20,4.83,4.92,6.23,5.33,0.2, Competitive — Monitor
90209B,GREEN ENAMEL+GLASS HAIR COMB,2.103333333333333,1.75,2.16,205,394.01,48,1.84,2.16,2.3,2.1,0.2, Competitive — Monitor
84596L,BISCUITS SMALL BOWL LIGHT BLUE,1.5007865168539325,1.25,2.57,288,393.34,87,1.42,1.58,1.77,1.59,-5.6, Competitive — Monitor
20819,SILVER TEDDY BEAR,3.7953846153846156,1.25,7.78,165,390.52,39,3.57,3.58,4.23,3.79,0.1, Competitive — Monitor
84663A,GRASS HOPPER WOODEN WALL CLOCK ,6.042571428571429,1.95,11.87,104,390.04,33,5.57,5.71,7.1,6.13,-1.4, Competitive — Monitor
84597C,RETRO PINK BALL ASHTRAY ,1.533030303030303,0.85,2.57,315,389.73,33,1.38,1.6,1.8,1.59,-3.6, Competitive — Monitor
84683,CLASSICAL ROSE CANDLESTAND,1.6685365853658536,0.65,2.57,369,388.41,37,1.56,1.7,1.8,1.69,-1.3, Competitive — Monitor
22815,CARD PSYCHEDELIC APPLES,0.5375,0.36,0.85,892,387.52,78,0.46,0.5,0.62,0.53,1.4, Competitive — Monitor
85131D,BEADED CRYSTAL HEART PINK\ON STICK,0.9643661971830986,0.38,2.51,616,387.4,70,0.9,0.98,1.05,0.98,-1.6, Competitive — Monitor
82613C,"METAL SIGN,CUPCAKE SINGLE HOOK",2.06340206185567,1.25,2.57,236,386.68,97,1.78,2.0,2.26,2.01,2.7, Competitive — Monitor
84707B,PINK JEWELLED MIRROR TRINKET TRAY,8.927222222222222,8.47,9.95,43,386.59000000000003,36,8.3,8.74,9.77,8.94,-0.1, Competitive — Monitor
85007,SET OF 3 VINTAGE TEA TIME BOXES,4.025833333333334,0.0,9.32,127,385.67,23,3.53,4.2,4.67,4.13,-2.5, Competitive — Monitor
84081,WHITE CERAMIC PARTY SET (5PCS),4.716956521739131,0.0,8.65,99,385.05,23,4.42,4.95,5.12,4.83,-2.3, Competitive — Monitor
84809A,WHITE CHRYSANTHEMUMS ART FLOWER,1.9893333333333334,0.85,2.1,233,384.54,15,1.88,1.96,2.09,1.98,0.5, Competitive — Monitor
79030D,"TUMBLER, BAROQUE",4.351875000000001,0.6,12.72,435,384.03,16,3.76,4.66,5.04,4.49,-3.1, Competitive — Monitor
90161D,ANT COPPER PINK BOUDICCA BRACELET,4.991860465116279,2.5,5.2,77,383.90000000000003,43,4.47,4.92,5.37,4.92,1.5, Competitive — Monitor
22407,MONEY BOX FIRST ADE DESIGN,1.4328846153846155,1.06,2.51,308,383.68,52,1.36,1.5,1.53,1.46,-1.9, Competitive — Monitor
84929,ASSTD FRUIT+FLOWERS FRIDGE MAGNETS,0.5455172413793103,0.42,0.55,708,383.16,28,0.49,0.54,0.59,0.54,1.0, Competitive — Monitor
90200B,BLACK SWEETHEART BRACELET,4.253,4.24,4.33,90,382.62,39,3.98,4.52,4.71,4.4,-3.3, Competitive — Monitor
85097B,BLUE ROCKING SINGING CANARY,3.984375,0.0,7.78,112,382.32,46,3.62,4.24,4.47,4.11,-3.1, Competitive — Monitor
22447,PIN CUSHION RUSSIAN DOLL BLUE,3.7775,3.35,6.77,109,382.25,40,3.35,3.53,3.99,3.62,4.4, Competitive — Monitor
84584,PINK GINGHAM CAT WITH SCARF,3.168444444444444,2.55,5.17,138,382.23999999999995,45,2.78,3.39,3.79,3.32,-4.6, Competitive — Monitor
46776E,WOVEN CANDY CUSHION COVER ,4.144390243902439,1.25,4.95,140,382.09,41,3.61,4.36,4.8,4.26,-2.7, Competitive — Monitor
85078,SCANDINAVIAN 3 HEARTS NAPKIN RING,2.856444444444444,0.0,6.04,351,381.99,43,2.65,2.99,3.14,2.93,-2.5, Competitive — Monitor
20845,ZINC HEART LATTICE 2 WALL PLANTER,6.814666666666667,0.0,13.0,52,381.61999999999995,15,6.06,6.49,7.48,6.68,2.0, Competitive — Monitor
16207B,PINK HEART RED HANDBAG,2.5355172413793103,0.0,6.04,241,381.51,29,2.28,2.66,2.83,2.59,-2.1, Competitive — Monitor
90161B,ANT COPPER TURQ BOUDICCA BRACELET,5.053255813953488,4.95,5.2,76,381.45,41,4.54,5.34,5.78,5.22,-3.2, Competitive — Monitor
85186C,BUNNY EGG GARLAND,0.5520512820512821,0.42,0.85,848,378.94,75,0.5,0.53,0.59,0.54,2.2, Competitive — Monitor
22100,SKULLS SQUARE TISSUE BOX,1.7007317073170733,1.25,2.57,264,378.48,78,1.59,1.82,1.83,1.75,-2.8, Competitive — Monitor
84827,ASS DES PHONE SPONGE CRAFT STICKER,0.65,0.65,0.65,582,378.3,18,0.62,0.6,0.77,0.66,-1.5, Competitive — Monitor
22248,DECORATION  PINK CHICK MAGIC GARDEN,1.1207042253521127,0.72,1.7,421,378.07,66,1.0,1.06,1.22,1.09,2.8, Competitive — Monitor
84292,ROSE PINK METAL FOLDING CHAIR,8.635,0.0,26.04,74,378.03000000000003,18,8.05,8.69,9.56,8.77,-1.5, Competitive — Monitor
22707,WRAP MONSTER FUN ,0.42,0.42,0.42,900,378.0,34,0.39,0.43,0.5,0.44,-4.5, Competitive — Monitor
84533B,FAIRY CAKES ROUND NESTING BOXES,6.812799999999999,0.0,12.13,21,377.93,25,6.18,6.97,7.83,6.99,-2.5, Competitive — Monitor
84920,PINK FLOWER FABRIC PONY,4.7369047619047615,2.95,7.78,91,377.9,42,4.48,4.37,5.22,4.69,1.0, Competitive — Monitor
84873A,FUNKY FLOWER PICNIC BAG FOR 4,10.830555555555556,0.0,16.95,24,377.2,17,9.42,11.63,12.48,11.18,-3.1, Competitive — Monitor
20976,12 PENCILS SMALL TUBE POSY,0.719125,0.0,1.3,538,376.99,79,0.62,0.67,0.76,0.68,5.8, Competitive — Monitor
47562,ENGLISH ROSE IRONING BOARD COVER,3.569565217391304,0.0,3.75,177,375.8,45,3.34,3.37,4.14,3.62,-1.4, Competitive — Monitor
21441,BLUE BIRDHOUSE DECORATION,1.1270270270270268,0.38,1.7,520,375.28999999999996,73,1.01,1.04,1.27,1.11,1.5, Competitive — Monitor
79191C,RETRO PLASTIC ELEPHANT TRAY,1.0512962962962962,0.85,1.7,388,374.13,106,0.98,1.06,1.23,1.09,-3.6, Competitive — Monitor
85033G,SET/6 GOLD REINDEER T-LIGHT CANDLES,2.481081081081081,0.0,4.3,181,374.1,36,2.33,2.65,2.96,2.65,-6.4, Competitive — Monitor
22044,CHRISTMAS CARD STACK OF PRESENTS,0.36666666666666664,0.0,0.86,1177,373.58,59,0.31,0.38,0.44,0.38,-3.5, Competitive — Monitor
85212,MINI PAINTED GARDEN DECORATION ,1.1647727272727273,0.85,1.7,396,373.25,43,1.09,1.22,1.38,1.23,-5.3, Competitive — Monitor
22806,SET OF 6 T-LIGHTS WEDDING CAKE ,3.27,2.55,5.91,130,373.18,23,2.93,3.02,3.68,3.21,1.9, Competitive — Monitor
22102,MIRROR MOSAIC T-LIGHT HOLDER ,1.8921875,0.85,3.36,228,373.04999999999995,29,1.7,1.9,2.09,1.9,-0.4, Competitive — Monitor
84859C,PINK DISCO HANDBAG,3.788888888888889,1.25,5.95,220,372.2,17,3.46,3.76,4.24,3.82,-0.8, Competitive — Monitor
71403,"PINK/WHITE ""KEEP CLEAN"" BULLET BIN",4.6230769230769235,2.95,6.04,100,372.09000000000003,39,4.36,4.62,5.33,4.77,-3.1, Competitive — Monitor
20857,BLUE ROSE PATCH PURSE PINK BUTTERFL,1.628,0.0,1.65,211,371.25,68,1.39,1.52,1.93,1.61,1.1, Competitive — Monitor
21311,SET/4 BIRD MIRROR MAGNETS ,2.3569565217391304,0.38,3.43,248,370.94000000000005,46,2.12,2.43,2.55,2.37,-0.6, Competitive — Monitor
22229,BUNNY WOODEN PAINTED WITH FLOWER ,1.1053260869565218,0.85,1.66,389,370.34,90,1.02,1.11,1.31,1.15,-3.9, Competitive — Monitor
16162L,THE KING GIFT BAG,0.7225,0.0,1.3,4460,370.23,24,0.67,0.75,0.85,0.76,-4.9, Competitive — Monitor
90120A,PINK MURANO TWIST BRACELET,4.15275,0.0,4.33,75,370.19,40,3.82,4.14,4.97,4.31,-3.6, Competitive — Monitor
85020,ROUND PINK HEART MIRROR,2.5915384615384616,2.1,4.3,166,369.88000000000005,39,2.24,2.45,3.06,2.58,0.4, Competitive — Monitor
21270,ANTIQUE CREAM CUTLERY CUPBOARD,13.499411764705883,12.75,25.49,28,369.74,15,11.88,13.82,14.74,13.48,0.1, Competitive — Monitor
84952B,BLACK LOVE BIRD T-LIGHT HOLDER,3.1521052631578947,0.85,7.62,241,369.59999999999997,19,2.79,2.99,3.36,3.05,3.3, Competitive — Monitor
16202B,PASTEL BLUE PHOTO ALBUM ,4.366923076923077,0.0,11.87,478,369.58,26,4.06,4.63,4.66,4.45,-1.9, Competitive — Monitor
84799,SPRIG LAVENDER ARTIFICIAL FLOWER,1.0613636363636365,0.42,1.25,455,369.55,21,0.93,1.08,1.16,1.06,0.1, Competitive — Monitor
47503G,ASS FLORAL PRINT TAPE MEASURE,1.5272972972972974,0.0,2.57,17,367.36,36,1.33,1.44,1.74,1.5,1.8, Competitive — Monitor
47504G,ENGLISH ROSE TAPE MEASURE,1.8133870967741934,0.0,5.17,-2850,366.81,61,1.72,1.95,2.12,1.93,-6.0, Competitive — Monitor
20618,QUEEN OF THE SKIES PASSPORT COVER ,2.53578125,0.0,4.3,111,366.35,63,2.16,2.54,3.0,2.57,-1.3, Competitive — Monitor
84569A,PACK 3 IRON ON DOG PATCHES,1.487962962962963,0.0,2.57,192,365.35,52,1.41,1.39,1.7,1.5,-0.8, Competitive — Monitor
20906,VINTAGE NOTEBOOK BEAUTY GIRL,4.008979591836734,0.0,6.04,14,365.29,47,3.68,4.09,4.21,3.99,0.5, Competitive — Monitor
84984A,GREEN PEONY DES C/COVER,4.401666666666666,1.25,11.87,245,364.46999999999997,12,4.11,4.23,4.74,4.36,1.0, Competitive — Monitor
20851,ZINC HEART LATTICE TRAY OVAL ,5.721666666666667,0.0,11.87,294,364.12,23,5.03,6.0,6.09,5.71,0.2, Competitive — Monitor
22972,CHILDREN'S SPACEBOY MUG,2.125,1.65,3.36,203,364.02,35,1.81,2.23,2.35,2.13,-0.2, Competitive — Monitor
16169M,WRAP DAISY CARPET ,0.305,0.19,0.42,1400,363.75,34,0.28,0.33,0.34,0.32,-4.7, Competitive — Monitor
85019C,CURIOUS  IMAGES NOTEBOOK SET,3.57625,1.25,8.47,220,363.22,16,3.34,3.58,3.78,3.57,0.2, Competitive — Monitor
85159B,"WHITE TEA,COFFEE,SUGAR JARS",10.606,6.35,13.0,36,362.65000000000003,30,9.8,10.53,11.69,10.67,-0.6, Competitive — Monitor
20781,GOLD EAR MUFF HEADPHONES,6.4558536585365855,1.95,11.26,67,362.18,40,5.58,6.72,6.95,6.42,0.6, Competitive — Monitor
16012,FOOD/DRINK SPUNGE STICKERS,0.209,0.16,0.21,1729,361.89,49,0.19,0.2,0.24,0.21,-0.5, Competitive — Monitor
85230E,STRAWBRY SCENTED VOTIVE CANDLE,0.28047619047619043,0.21,0.29,1344,360.96,42,0.26,0.28,0.31,0.28,0.2, Competitive — Monitor
21374,MIRRORED WALL ART SKULLS,3.870769230769231,1.25,7.78,170,360.88,26,3.55,3.9,4.35,3.93,-1.5, Competitive — Monitor
21336,GOLD WASHBAG,3.6121621621621625,0.0,6.04,915,360.67,37,3.35,3.37,4.02,3.58,0.9, Competitive — Monitor
21117,BLOND DOLL DOORSTOP,2.2275,1.25,6.75,219,360.33,12,2.08,2.2,2.66,2.31,-3.6, Competitive — Monitor
20854,BLUE PATCH PURSE PINK HEART,1.6727999999999998,1.65,3.36,217,359.76,73,1.52,1.77,1.81,1.7,-1.6, Competitive — Monitor
22344,PARTY PIZZA DISH PINK+WHITE SPOT ,1.1128813559322033,0.85,1.7,368,359.36999999999995,59,0.96,1.18,1.25,1.13,-1.5, Competitive — Monitor
84402D,PINK DRESS JEWELLERY STAND ,2.130714285714286,0.0,6.04,377,358.92999999999995,14,1.92,1.99,2.47,2.13,0.0, Competitive — Monitor
84680,CLASSICAL ROSE URN,6.1,0.0,7.95,49,356.40000000000003,21,5.23,5.7,6.91,5.95,2.5, Competitive — Monitor
47469,ASSORTED SHAPES PHOTO CLIP SILVER ,0.6280952380952382,0.42,0.65,752,356.32,17,0.56,0.6,0.75,0.64,-1.9, Competitive — Monitor
22761,CHEST 7 DRAWER MA CAMPAGNE,24.257692307692306,21.95,24.95,15,356.25,13,21.61,25.71,26.85,24.72,-1.9, Competitive — Monitor
79336,LIGHT PINK FLOCK GLASS CANDLEHOLDER,1.4715,0.0,3.43,822,356.1,20,1.26,1.38,1.65,1.43,2.9, Competitive — Monitor
72487,ROSES WHITE ROUND CANDLE,1.00875,0.0,3.43,506,355.05,16,0.89,1.04,1.07,1.0,0.9, Competitive — Monitor
20865,PATCHWORK PENCIL CASE BUTTERFLY ,2.1205555555555557,0.0,4.3,144,355.02,36,1.83,1.99,2.42,2.08,1.9, Competitive — Monitor
20950,SET/6  ANGEL T-LIGHTS WHITE/GOLD,0.7370930232558138,0.0,2.57,672,353.39,85,0.69,0.75,0.81,0.75,-1.7, Competitive — Monitor
21417,COCKLE SHELL DISH,3.038148148148148,1.85,4.3,141,352.11,53,2.87,2.97,3.26,3.03,0.3, Competitive — Monitor
21264,WHITE GOOSE FEATHER TREE 60CM ,6.129047619047619,1.95,9.95,109,352.11,21,5.25,6.41,6.94,6.2,-1.1, Competitive — Monitor
16168M,FUNKY MONKEY GIFT BAG MEDIUM,0.5715873015873015,0.12,0.85,1342,351.89,63,0.54,0.55,0.65,0.58,-1.5, Competitive — Monitor
72801C,S/4 ROSE PINK DINNER CANDLES,1.2679487179487179,0.42,2.51,563,350.71,39,1.14,1.3,1.35,1.26,0.6, Competitive — Monitor
21459,YELLOW EASTER EGG HUNT START POST,2.4235714285714285,1.65,4.21,177,350.67,28,2.13,2.32,2.8,2.42,0.1, Competitive — Monitor
84876D,BLUE HEART COMPACT MIRROR,3.4895454545454543,1.25,7.78,193,350.52,22,2.99,3.61,3.99,3.53,-1.1, Competitive — Monitor
46126A,ELVIS WALLHANGING / CURTAIN,1.5965,1.25,2.51,265,350.15,40,1.44,1.69,1.72,1.62,-1.5, Competitive — Monitor
84802A,WHITE ANEMONE ARTIFICIAL FLOWER,1.5022222222222223,0.0,1.69,115,349.83000000000004,26,1.4,1.41,1.68,1.5,0.1, Competitive — Monitor
22096,PINK PAISLEY SQUARE TISSUE BOX ,1.4325352112676055,0.42,2.57,295,349.79,68,1.32,1.52,1.66,1.5,-4.5, Competitive — Monitor
84497,BUTTONS AND STRIPES NOTEBOOK ,3.7668421052631573,0.0,7.78,124,349.63,36,3.22,3.82,4.25,3.76,0.2, Competitive — Monitor
51020A,SUMMER FUN DESIGN SHOWER CAP,0.9958823529411764,0.29,1.25,980,349.47999999999996,33,0.85,0.94,1.1,0.96,3.7, Competitive — Monitor
84858C,PINK RIVIERA HANDBAG,5.66,1.25,11.87,161,349.39,24,5.04,5.59,6.22,5.62,0.7, Competitive — Monitor
72801D,S/4 SKY BLUE DINNER CANDLES,1.3864444444444444,0.42,2.51,491,349.21,44,1.22,1.31,1.58,1.37,1.2, Competitive — Monitor
37444A,YELLOW BREAKFAST CUP AND SAUCER,3.8040625,0.0,6.04,1322,347.72,32,3.32,3.93,4.53,3.93,-3.2, Competitive — Monitor
22821,GIFT BAG PSYCHEDELIC APPLES,0.7711538461538462,0.65,1.28,524,347.53000000000003,52,0.68,0.8,0.89,0.79,-2.4, Competitive — Monitor
21518,BANK ACCOUNT  GREETING  CARD ,0.5179452054794521,0.36,0.86,813,346.92,72,0.48,0.49,0.55,0.51,1.6, Competitive — Monitor
85205B,PINK FELT EASTER RABBIT GARLAND,3.4946875,2.55,5.17,119,346.22999999999996,32,3.3,3.5,3.91,3.57,-2.1, Competitive — Monitor
84804B,BLUE DELPHINIUM ARTIFICIAL FLOWER,2.6625,0.65,2.95,267,346.05000000000007,14,2.37,2.8,3.15,2.77,-3.9, Competitive — Monitor
35810B,ENAMEL BLUE RIM COFFEE CONTAINER,2.6306976744186046,0.85,4.21,174,345.72,43,2.47,2.81,2.8,2.69,-2.2, Competitive — Monitor
90184B,AMETHYST CHUNKY BEAD BRACELET W STR,9.134137931034482,8.95,9.55,38,345.44,29,8.06,9.15,10.95,9.39,-2.7, Competitive — Monitor
71101E,STANDING FAIRY POLE SUPPORT ,0.8403703703703703,0.72,0.85,428,345.08,26,0.75,0.9,1.0,0.88,-4.5, Competitive — Monitor
22925,BLUE GIANT GARDEN THERMOMETER,6.607777777777778,5.95,11.87,56,345.04,18,5.77,6.65,7.02,6.48,2.0, Competitive — Monitor
84984D,ORIENTAL RED C/COVER ,6.395882352941177,1.25,12.13,146,344.46,17,5.85,6.29,7.61,6.58,-2.8, Competitive — Monitor
35004c,SET OF 3 COLOURED  FLYING DUCKS,12.731200000000001,12.72,13.0,27,343.72,25,12.07,13.44,14.06,13.19,-3.5, Competitive — Monitor
22703,PINK CAT BOWL,2.436818181818182,1.85,4.21,155,342.68,43,2.22,2.43,2.87,2.51,-2.9, Competitive — Monitor
84249D,FAIRY CAKE GREETINGS CARD,0.45599999999999996,0.0,0.86,1775,342.26,69,0.4,0.45,0.51,0.45,1.3, Competitive — Monitor
84859A,SILVER DISCO HANDBAG,4.751666666666667,1.25,11.02,164,340.54,23,4.35,4.74,5.3,4.8,-1.0, Competitive — Monitor
35095A,BLUE VICTORIAN FABRIC OVAL BOX,0.5689855072463768,0.29,0.86,888,340.35,69,0.49,0.6,0.65,0.58,-1.9, Competitive — Monitor
85130C,BEADED CRYSTAL HEART BLUE  LARGE,1.9504347826086956,1.65,3.43,201,340.27,22,1.83,2.05,2.27,2.05,-4.9, Competitive — Monitor
75149N,STRING CRYSTALS NATURAL,1.1160714285714286,0.0,1.25,-120,340.0,28,1.0,1.1,1.18,1.09,2.4, Competitive — Monitor
79303B,BLUE STAR BLOCK TABLE LAMP,4.32,0.0,6.04,104,339.57,11,3.87,4.2,4.92,4.33,-0.2, Competitive — Monitor
84925A,WAKE UP COCKEREL WALL THERMOMETER,2.3869999999999996,0.0,5.17,157,339.28999999999996,20,2.17,2.38,2.57,2.37,0.7, Competitive — Monitor
21418,STARFISH SOAP DISH,3.435813953488372,2.55,5.17,118,338.99,42,3.14,3.48,3.79,3.47,-1.0, Competitive — Monitor
85019A,ROMANTIC IMAGES NOTEBOOK SET,3.8855555555555554,1.25,8.47,213,337.69,18,3.33,3.72,4.28,3.78,2.8, Competitive — Monitor
90175D,TIGRIS EYE CHUNKY CHARM BRACELET,9.110909090909091,8.95,9.55,37,335.68,22,8.37,9.54,10.21,9.37,-2.8, Competitive — Monitor
84821,DANISH ROSE DELUXE COASTER,1.0179411764705881,0.85,1.7,383,335.34999999999997,34,0.89,1.02,1.12,1.01,0.8, Competitive — Monitor
20662,FIRST CLASS HOLIDAY PURSE ,2.525625,0.17,2.95,399,334.93000000000006,32,2.33,2.46,2.69,2.49,1.4, Competitive — Monitor
71143,SILVER BOOK MARK WITH BEADS,2.1828358208955225,0.85,2.57,177,334.81,67,2.03,2.05,2.34,2.14,2.0, Competitive — Monitor
17084N,FAIRY DREAMS INCENSE ,0.33844444444444444,0.16,0.43,1534,334.35,90,0.31,0.32,0.36,0.33,2.6, Competitive — Monitor
85109,PINK BOUDOIR T-LIGHT HOLDER,0.6799999999999999,0.0,1.66,2161,334.19,22,0.62,0.73,0.76,0.7,-2.9, Competitive — Monitor
17109A,FLOWER FAIRY INCENSE LILY,1.028,0.0,1.69,710,333.61,15,0.93,1.0,1.23,1.05,-2.1, Competitive — Monitor
22486,PLASMATRONIC LAMP,12.66,10.95,12.75,27,333.45,20,10.94,11.99,13.51,12.15,4.2, Competitive — Monitor
84563A,PINK & WHITE BREAKFAST TRAY,7.592068965517241,5.95,12.13,46,333.16,29,7.04,7.54,9.05,7.88,-3.7, Competitive — Monitor
20688,BEAUTY SPEED EXPRESSO CUPS,5.0807692307692305,0.0,13.0,370,332.9,13,4.46,4.92,5.89,5.09,-0.2, Competitive — Monitor
22817,CARD SUKI BIRTHDAY,0.5657142857142857,0.36,0.85,780,332.71999999999997,69,0.51,0.52,0.65,0.56,1.0, Competitive — Monitor
90143,SILVER BRACELET W PASTEL FLOWER,7.596923076923077,2.5,8.24,44,332.52,25,6.67,7.38,8.71,7.59,0.1, Competitive — Monitor
90002D,FLOWER BURST SILVER RING CRYSTAL,3.634333333333333,0.0,3.9,104,332.03,30,3.14,3.66,4.27,3.69,-1.5, Competitive — Monitor
16048,TEATIME ROUND PENCIL SHARPENER ,0.5357894736842105,0.12,0.85,2001,331.76,38,0.49,0.54,0.57,0.53,1.1, Competitive — Monitor
18094C,WHITE/BLUE RECT CERAMIC OIL BURNER,1.805593220338983,0.85,2.57,253,331.73,59,1.54,1.76,2.03,1.78,1.4, Competitive — Monitor
84800L,LARGE WHITE/PINK ROSE ART FLOWER,1.775625,0.85,2.12,290,331.43,16,1.64,1.76,2.05,1.82,-2.4, Competitive — Monitor
84508B,STRIPES DESIGN TEDDY,2.9027999999999996,0.0,5.17,305,331.35999999999996,49,2.56,3.12,3.3,2.99,-2.9, Competitive — Monitor
84801A,PINK HYDRANGEA ART FLOWER,1.9140000000000001,0.65,2.1,226,330.84000000000003,10,1.63,1.88,2.25,1.92,-0.3, Competitive — Monitor
21793,CLASSIC FRENCH STYLE BASKET BROWN,6.75,6.75,6.75,49,330.75,28,6.08,6.49,7.16,6.58,2.6, Competitive — Monitor
35923,CANDY HEART HANGING DECORATION,1.8488679245283017,1.25,2.57,225,330.75,52,1.58,1.77,2.13,1.83,1.0, Competitive — Monitor
20856,DENIM PATCH PURSE PINK BUTTERFLY,1.6253731343283582,0.0,1.65,158,330.0,65,1.43,1.61,1.84,1.63,-0.3, Competitive — Monitor
85027L,FRENCH CHATEAU LARGE PLATTER ,5.79,1.95,7.95,92,329.4,25,5.33,6.03,6.41,5.92,-2.2, Competitive — Monitor
72739B,WHITE CHOCOLATE SCENT CANDLE,1.6059375,0.0,2.57,268,328.39000000000004,32,1.38,1.53,1.77,1.56,2.9, Competitive — Monitor
20655,QUEEN OF SKIES LUGGAGE TAG,1.678181818181818,1.06,2.57,224,327.46,95,1.57,1.73,1.92,1.74,-3.6, Competitive — Monitor
21263,GREEN GOOSE FEATHER TREE 60CM,4.98764705882353,1.95,9.95,135,326.85,17,4.24,4.61,5.9,4.92,1.4, Competitive — Monitor
22819,"BIRTHDAY CARD, RETRO SPOT",0.5546031746031745,0.36,0.85,771,326.79,63,0.49,0.55,0.62,0.55,0.8, Competitive — Monitor
84902,PINK KNITTED COW STUFFED TOY,3.7874545454545454,0.0,4.3,23,326.33,55,3.5,3.95,4.45,3.97,-4.6, Competitive — Monitor
22640,SET OF 4 NAPKIN CHARMS 3 KEYS ,2.4110810810810808,0.0,5.06,129,326.2,35,2.13,2.35,2.68,2.39,0.9, Competitive — Monitor
20799,PINK MILKSHAKE GLASS,2.8251612903225807,0.0,4.3,176,325.87,31,2.43,2.85,3.01,2.76,2.4, Competitive — Monitor
22043,CHRISTMAS CARD SCREEN PRINT ,0.36927536231884056,0.0,0.43,990,325.38,66,0.33,0.35,0.39,0.36,2.6, Competitive — Monitor
84596J,MIXED NUTS LIGHT GREEN BOWL,1.5428,1.25,2.57,240,325.31,74,1.35,1.6,1.63,1.53,0.8, Competitive — Monitor
22345,PARTY PIZZA DISH BLUE+WHITE SPOT ,1.0828333333333333,0.85,1.7,363,325.07,60,1.01,1.01,1.2,1.07,1.2, Competitive — Monitor
17091B,JASMINE TEA INCENSE IN TIN,1.4186792452830188,0.85,2.57,282,324.48,51,1.25,1.5,1.56,1.44,-1.5, Competitive — Monitor
21654,RIDGED GLASS FINGER BOWL,2.0841666666666665,1.25,3.43,215,324.22999999999996,24,1.94,1.98,2.41,2.11,-1.2, Competitive — Monitor
84760S,SMALL HANGING GLASS+ZINC LANTERN,1.9974193548387098,0.0,3.04,167,323.96,30,1.88,2.12,2.32,2.11,-5.3, Competitive — Monitor
22394,PAPERWEIGHT KINGS CHOICE ,2.547647058823529,0.85,5.06,181,323.77,33,2.28,2.49,2.69,2.49,2.3, Competitive — Monitor
79190B,RETRO PLASTIC POLKA TRAY,0.5146913580246913,0.32,0.85,796,323.57,81,0.48,0.53,0.56,0.52,-1.0, Competitive — Monitor
84875B,GREEN SQUARE COMPACT MIRROR,1.4204545454545454,0.0,3.75,228,322.5,22,1.26,1.38,1.55,1.4,1.5, Competitive — Monitor
21128,GOLD FISHING GNOME,8.806521739130435,1.95,12.72,61,321.65000000000003,23,8.33,9.38,9.97,9.23,-4.6, Competitive — Monitor
21678,PAISLEY PATTERN  STICKERS,0.9600000000000001,0.38,1.7,457,320.45,51,0.82,0.9,1.03,0.92,4.3, Competitive — Monitor
85033S,SET/6 SILVER REINDEER T-LIGHTS,1.457142857142857,0.0,4.3,236,319.3,53,1.34,1.38,1.56,1.43,1.9, Competitive — Monitor
84970s,HANGING HEART ZINC T-LIGHT HOLDER,2.13,2.13,2.13,149,317.37,37,1.92,2.13,2.54,2.2,-3.2, Competitive — Monitor
85167A,WHITE GRAND BAROQUE PHOTO FRAME,3.664705882352941,0.0,8.65,120,315.8,17,3.26,3.42,4.29,3.66,0.1, Competitive — Monitor
90058B,CRYSTAL STUD EARRINGS ASSORTED COL ,0.6066666666666667,0.38,1.06,506,314.68,14,0.55,0.58,0.65,0.59,2.8, Competitive — Monitor
85071D,CHARLIE+LOLA MY ROOM DOOR SIGN,2.6793103448275857,0.38,5.17,487,314.67,29,2.47,2.87,2.98,2.77,-3.3, Competitive — Monitor
20654,FIRST CLASS LUGGAGE TAG ,1.3680555555555556,1.06,2.57,248,314.32,71,1.16,1.47,1.51,1.38,-0.9, Competitive — Monitor
21454,PAINTED PINK RABBIT ,1.0126666666666666,0.85,1.7,354,313.09,59,0.88,0.99,1.18,1.02,-0.7, Competitive — Monitor
22782,SET 3 WICKER STORAGE BASKETS ,24.65,21.95,24.95,13,312.35,10,22.71,26.32,27.77,25.6,-3.7, Competitive — Monitor
84671B,CROCHET BEAR WITH BLUE STRIPES,3.0613888888888887,0.0,5.17,109,311.87,33,2.81,3.08,3.27,3.05,0.4, Competitive — Monitor
84219,BOX/12 MOTHER & CHICK IN BASKET/BOW,2.3635294117647057,0.0,5.06,149,311.51,31,2.24,2.28,2.74,2.42,-2.3, Competitive — Monitor
62095B,TURQOISE ICE CREAM SUNHAT,1.422608695652174,0.0,3.36,262,310.83,23,1.32,1.47,1.58,1.46,-2.6, Competitive — Monitor
84623,PINK GINGHAM ROSE FLOOR CUSHION,7.063125,0.0,16.48,3,310.44,16,6.68,7.24,7.69,7.2,-1.9, Competitive — Monitor
90184A,AMBER CHUNKY BEAD BRACELET W STRAP,9.158235294117647,8.95,9.55,34,307.84,17,8.43,9.87,10.13,9.48,-3.4, Competitive — Monitor
22092,BLUE PAISLEY TISSUE BOX,1.2656363636363637,0.42,2.51,292,307.76,53,1.11,1.22,1.42,1.25,1.3, Competitive — Monitor
90160C,TURQ+RED BOUDICCA LARGE BRACELET,7.019,6.95,7.37,44,307.18,20,6.04,7.21,7.73,6.99,0.4, Competitive — Monitor
77081,FLOWER WINDMILL,1.663333333333333,0.0,2.57,222,307.13,36,1.54,1.54,1.81,1.63,2.0, Competitive — Monitor
17013D,ORIGAMI ROSE INCENSE IN TUBE,2.085,0.3,3.43,533,306.37,20,1.91,1.96,2.31,2.06,1.2, Competitive — Monitor
22832,SWEETHEART WIRE WALL TIDY,11.556666666666667,9.95,21.23,28,305.08,12,9.88,10.64,12.17,10.9,6.0, Competitive — Monitor
gift_0001_20,Dotcomgiftshop Gift Voucher £20.00,15.085263157894737,0.0,17.39,33,304.01,19,13.37,16.29,17.59,15.75,-4.2, Competitive — Monitor
72128,COLUMBIAN CANDLE ROUND,0.876774193548387,0.38,1.7,537,303.79,54,0.83,0.92,0.94,0.9,-2.6, Competitive — Monitor
20666,ECONOMY HOLIDAY PURSE,2.640322580645161,0.0,6.04,470,302.92,31,2.38,2.76,2.79,2.64,0.0, Competitive — Monitor
22541,MINI JIGSAW LEAP FROG,0.5615151515151515,0.36,0.85,743,302.82,32,0.5,0.56,0.64,0.57,-1.5, Competitive — Monitor
84660C,PINK STITCHED WALL CLOCK,4.988780487804878,3.75,7.78,65,302.28,41,4.47,4.83,5.82,5.04,-1.0, Competitive — Monitor
90198A,VINTAGE ROSE BEAD BRACELET RASPBERR,4.255,4.24,4.33,71,302.19,41,3.71,4.02,4.99,4.24,0.4, Competitive — Monitor
21415,CLAM SHELL SMALL ,2.5453658536585366,1.69,4.3,138,301.15000000000003,38,2.26,2.46,2.86,2.53,0.6, Competitive — Monitor
84592,CROCHET ROSE PURSE WITH SUEDE BACK,3.2965384615384616,2.95,6.04,99,301.06000000000006,25,2.92,3.23,3.56,3.24,1.7, Competitive — Monitor
21382,SET/4 SPRING FLOWER DECORATION,3.1696296296296294,0.0,5.91,92,300.93000000000006,26,2.71,3.3,3.68,3.23,-1.9, Competitive — Monitor
47563A,RETRO LONGBOARD IRONING BOARD COVER,5.085714285714286,3.75,6.04,61,300.68,49,4.71,5.12,5.87,5.23,-2.8, Competitive — Monitor
21197,MULTICOLOUR  CONFETTI IN TUBE,1.65,1.65,1.65,182,300.29999999999995,20,1.47,1.54,1.79,1.6,3.1, Competitive — Monitor
85026B,EAU DE NILE JEWELLED T-LIGHT HOLDER,1.0541666666666665,0.0,1.7,321,299.83,21,0.98,0.97,1.25,1.07,-1.5, Competitive — Monitor
84801B,WHITE HYDRANGEA ART FLOWER,2.0033333333333334,0.65,2.1,192,298.8,15,1.87,1.88,2.13,1.96,2.2, Competitive — Monitor
20868,SILVER FABRIC MIRROR,1.3156,0.38,2.51,424,298.72,25,1.15,1.3,1.58,1.34,-1.8, Competitive — Monitor
84951A,S/4 PISTACHIO LOVEBIRD COASTERS,2.797441860465116,1.25,5.17,148,298.29999999999995,42,2.56,2.99,3.3,2.95,-5.2, Competitive — Monitor
35981C,WHITE SNOW SCANDINAVIAN STOCKING ,0.6354666666666666,0.0,2.57,704,298.0,69,0.57,0.65,0.73,0.65,-2.2, Competitive — Monitor
90198B,VINTAGE ROSE BEAD BRACELET BLACK,4.26,4.24,4.33,70,298.0,33,4.0,4.47,5.07,4.51,-5.5, Competitive — Monitor
84766,SILVER ROCOCO CANDLE STICK,5.883333333333334,4.95,5.95,54,297.3,14,5.13,5.85,6.81,5.93,-0.8, Competitive — Monitor
90013B,BLACK VINTAGE EARRINGS,4.207843137254902,3.75,4.33,72,296.47,51,3.86,4.11,4.54,4.17,0.9, Competitive — Monitor
90145,SILVER HOOP EARRINGS WITH FLOWER,6.193571428571429,5.95,6.5,48,293.81,28,5.64,5.81,6.91,6.12,1.2, Competitive — Monitor
85230A,OPIUM SCENTED VOTIVE CANDLE,0.2713333333333333,0.21,0.29,1152,293.76,30,0.24,0.29,0.29,0.27,0.5, Competitive — Monitor
21388,IVORY HANGING DECORATION  CHICKEN,0.8841935483870967,0.0,1.95,196,293.57,30,0.76,0.92,0.98,0.89,-0.7, Competitive — Monitor
16212,FUNKY GIRLZ ASST MAGNETIC MEMO PAD,1.4737500000000001,0.0,7.78,170,292.86,41,1.35,1.4,1.71,1.49,-1.1, Competitive — Monitor
72801F,S/4 FESTIVE RED DINNER CANDLES,1.2019230769230769,0.0,1.25,227,292.5,26,1.11,1.2,1.33,1.21,-0.7, Competitive — Monitor
47593A,CAROUSEL DESIGN BABY BIB,0.9941860465116279,0.85,1.25,270,292.3,85,0.88,0.99,1.09,0.99,0.4, Competitive — Monitor
37422,WHITE WITH BLACK CATS BOWL,1.2842857142857143,0.0,1.7,187,292.08,77,1.17,1.31,1.46,1.31,-2.0, Competitive — Monitor
85147,JARDIN ETCHED GLASS CANDLEHLDR LONG,4.714285714285714,0.0,4.95,47,292.05,18,4.19,5.05,5.57,4.94,-4.6, Competitive — Monitor
20659,ECONOMY LUGGAGE TAG,1.4864197530864196,0.0,2.57,148,291.67,78,1.37,1.51,1.57,1.48,0.4, Competitive — Monitor
90120B,BLUE MURANO TWIST BRACELET,4.189642857142857,2.5,4.33,69,291.56,28,3.64,4.22,4.64,4.17,0.5, Competitive — Monitor
72780,BLACK SILOUETTE CANDLE PLATE,0.8023076923076923,0.0,0.85,345,291.53,26,0.75,0.74,0.86,0.78,2.9, Competitive — Monitor
84877B,GREEN ROUND COMPACT MIRROR,2.9504347826086956,1.25,3.75,145,291.37,23,2.59,2.74,3.41,2.91,1.4, Competitive — Monitor
85089,CANDY SPOT BUNNY,3.8974074074074077,0.0,6.04,67,290.99,25,3.46,3.7,4.15,3.77,3.4, Competitive — Monitor
84529A,PINK KNITTED KIDS RUCKSACK,5.668636363636363,0.0,13.87,18,290.78,22,4.85,5.24,6.52,5.54,2.3, Competitive — Monitor
22984,"CARD, GINGHAM ROSE ",0.4658181818181818,0.36,0.85,693,290.61,54,0.4,0.48,0.51,0.46,1.3, Competitive — Monitor
20794,BLUE  TILE HOOK,3.282083333333333,2.55,5.06,105,290.34,24,2.96,3.4,3.54,3.3,-0.5, Competitive — Monitor
17012B,ORIGAMI JASMINE INCENSE/CANDLE SET,2.8,0.85,5.17,203,289.16999999999996,46,2.45,2.64,3.33,2.81,-0.4, Competitive — Monitor
35964,FOLKART CLIP ON STARS,1.925142857142857,0.42,4.3,406,289.0,34,1.8,2.03,2.03,1.95,-1.3, Competitive — Monitor
85211,S/4 GROOVY CAT MAGNETS,2.117857142857143,0.0,3.43,115,288.94,54,1.8,2.0,2.36,2.05,3.3, Competitive — Monitor
20987,GEISHA GIRL CHOPSTICKS SET/5,2.766666666666667,0.0,4.3,11,288.35,24,2.46,2.68,2.91,2.68,3.2, Competitive — Monitor
21879,HEARTS GIFT TAPE,1.0196825396825395,0.55,1.7,401,287.89,62,0.9,0.98,1.14,1.01,1.0, Competitive — Monitor
72225C,LAVENDER SCENT CAKE CANDLE,0.24956521739130436,0.0,0.29,-355,286.85999999999996,23,0.21,0.24,0.28,0.24,4.0, Competitive — Monitor
35645,VINTAGE BEAD PINK JEWEL BOX,5.4471875,0.0,8.65,-10,284.81,32,4.7,5.23,5.98,5.3,2.8, Competitive — Monitor
22973,CHILDRENS CIRCUS PARADE MUG,2.0130434782608693,1.45,3.36,165,284.61999999999995,23,1.79,2.01,2.15,1.98,1.7, Competitive — Monitor
21365,MIRRORED WALL ART STARS,3.705925925925926,1.25,6.04,113,284.44,27,3.33,3.65,4.1,3.69,0.4, Competitive — Monitor
90014A,SILVER/MOP ORBIT NECKLACE,10.221052631578948,9.95,10.85,28,284.41999999999996,19,9.1,11.02,11.76,10.63,-3.8, Competitive — Monitor
21946,PARTY TIME DESIGN FLANNEL,0.9911904761904761,0.38,1.7,539,283.62,42,0.9,0.92,1.16,0.99,0.1, Competitive — Monitor
84770,ROUND GEORGIAN SILVER MIRROR,3.2740000000000005,0.0,9.95,55,283.55000000000007,25,2.98,3.09,3.7,3.26,0.4, Competitive — Monitor
82093,HEART SHAPE BUTTON FRAME ,3.0393103448275864,0.0,3.75,138,283.49,29,2.59,2.82,3.46,2.96,2.7, Competitive — Monitor
18096C,WHITE ROUND PORCELAIN TLIGHT HOLDER,3.0624000000000002,0.0,5.21,-58,283.4,24,2.75,3.12,3.31,3.06,0.1, Competitive — Monitor
84218,BOX/12 CHICK & EGG IN BASKET,2.1415254237288135,1.95,4.21,139,282.34999999999997,56,2.03,1.99,2.34,2.12,1.0, Competitive — Monitor
21736,GOLD SCROLL GLASS T-LIGHT HOLDER,2.1825925925925924,0.0,4.3,133,281.67,25,1.97,2.3,2.34,2.2,-0.8, Competitive — Monitor
22038,BOTANICAL LAVENDER GIFT WRAP ,0.4169230769230769,0.34,0.42,675,281.5,26,0.38,0.42,0.45,0.42,-0.7, Competitive — Monitor
90124B,BLUE MURANO TWIST NECKLACE,10.093,9.95,10.39,28,281.46,20,8.89,10.14,10.94,9.99,1.0, Competitive — Monitor
84977,WIRE FLOWER T-LIGHT HOLDER,1.1751020408163264,0.0,2.57,269,281.33,48,1.09,1.19,1.33,1.2,-2.1, Competitive — Monitor
90160B,RED BOUDICCA LARGE BRACELET,6.728823529411764,2.5,7.37,41,281.19,17,6.24,6.37,7.63,6.75,-0.3, Competitive — Monitor
35968,FOLK ART METAL HEART T-LIGHT HOLDER,0.7365625,0.0,1.7,437,280.86,63,0.66,0.7,0.88,0.75,-1.8, Competitive — Monitor
21208,PASTEL COLOUR HONEYCOMB FAN,2.464,1.65,3.43,138,280.84999999999997,39,2.33,2.39,2.66,2.46,0.2, Competitive — Monitor
21038,SET/4 MODERN VINTAGE COTTON NAPKINS,2.954375,0.0,6.04,73,280.53000000000003,32,2.55,3.0,3.39,2.98,-0.9, Competitive — Monitor
21132,SILVER STANDING GNOME   ,6.138888888888889,4.25,8.65,54,280.5,26,5.23,5.85,7.2,6.09,0.8, Competitive — Monitor
22814,CARD PARTY GAMES ,0.5513846153846154,0.36,0.85,642,280.37,65,0.51,0.52,0.63,0.55,0.3, Competitive — Monitor
84976,RECTANGULAR SHAPED MIRROR,2.266,1.45,3.43,163,279.97,20,2.11,2.44,2.47,2.34,-3.2, Competitive — Monitor
20801,LARGE PINK GLASS SUNDAE DISH,3.665555555555555,2.55,5.06,83,279.41999999999996,31,3.16,3.39,3.99,3.51,4.4, Competitive — Monitor
84086C,PINK/PURPLE RETRO RADIO,3.7023076923076927,2.95,4.3,83,279.32,39,3.25,3.88,3.91,3.68,0.6, Competitive — Monitor
22638,SET OF 4 NAPKIN CHARMS CROWNS ,2.3586206896551722,0.0,2.55,115,278.85,28,2.01,2.47,2.58,2.35,0.4, Competitive — Monitor
21065,BOOM BOX SPEAKER GIRLS,6.641714285714286,4.21,12.13,42,278.64,32,5.84,6.43,7.72,6.66,-0.3, Competitive — Monitor
21412,VINTAGE GOLD TINSEL REEL,1.6560256410256409,0.0,4.3,242,278.58,69,1.54,1.56,1.75,1.62,2.2, Competitive — Monitor
22820,GIFT BAG BIRTHDAY,0.6870588235294117,0.65,1.28,425,277.51000000000005,34,0.62,0.65,0.74,0.67,2.5, Competitive — Monitor
35096A,BLUE VICTORIAN FABRIC HEART BOX,0.6563461538461538,0.0,0.86,831,277.49,51,0.58,0.68,0.76,0.67,-2.0, Competitive — Monitor
21144,PINK POODLE HANGING DECORATION ,0.9979999999999999,0.38,3.43,540,277.39000000000004,59,0.89,1.02,1.17,1.03,-3.1, Competitive — Monitor
21455,PAINTED YELLOW WOODEN DAISY,1.1148076923076924,0.85,1.66,285,277.08,51,0.95,1.17,1.25,1.12,-0.5, Competitive — Monitor
84522,PINK PARTY SUNGLASSES,1.9,1.5,1.95,167,277.05,15,1.67,2.03,2.19,1.96,-3.1, Competitive — Monitor
17001,HEAVENS SCENT FRAGRANCE OILS ASSTD,0.2688,0.0,0.29,1817,276.73,25,0.25,0.28,0.3,0.28,-4.0, Competitive — Monitor
84313C,ORANGE TV TRAY TABLE ,6.808333333333334,4.25,17.35,44,276.48,30,6.45,6.43,7.31,6.73,1.2, Competitive — Monitor
37444B,BLUE BREAKFAST CUP AND SAUCER ,3.4844827586206897,0.0,6.04,1033,275.78000000000003,29,3.26,3.34,3.87,3.49,-0.2, Competitive — Monitor
35979,SIX STRING SCANDINAVIAN HEART DECS,3.6438709677419356,0.0,6.04,12,275.63000000000005,30,3.11,3.84,4.14,3.7,-1.5, Competitive — Monitor
90010E,AMBER GLASS/SILVER BRACELET,8.792857142857141,2.5,9.55,31,275.32,21,8.26,8.38,10.48,9.04,-2.7, Competitive — Monitor
90192,JADE DROP EARRINGS W FILIGREE,4.8878125,0.0,5.2,41,275.21000000000004,32,4.54,4.55,5.18,4.76,2.7, Competitive — Monitor
21193,WHITE HONEYCOMB PAPER FAN ,2.616,0.0,4.3,90,274.37,24,2.43,2.7,2.95,2.69,-2.8, Competitive — Monitor
17011F,ORIGAMI SANDLEWOOD INCENSE+FLOWER,2.542857142857143,0.65,4.21,305,274.05,14,2.28,2.5,2.8,2.53,0.5, Competitive — Monitor
90209C,PINK ENAMEL+GLASS HAIR COMB,2.1063157894736846,1.75,2.16,136,273.99,38,1.87,2.25,2.37,2.16,-2.5, Competitive — Monitor
22031,BOTANICAL LAVENDER BIRTHDAY CARD,0.5134920634920636,0.36,0.85,633,273.44,63,0.45,0.53,0.54,0.51,0.7, Competitive — Monitor
16236,KITTY PENCIL ERASERS,0.3070588235294118,0.21,0.43,1200,273.34,131,0.26,0.29,0.34,0.3,2.4, Competitive — Monitor
84881,BLUE WIRE SPIRAL CANDLE HOLDER,6.351,0.0,12.72,31,273.07,20,5.54,6.81,7.45,6.6,-3.8, Competitive — Monitor
84924D,LA PALMIERA METAL SIGN CALENDAR,3.3523529411764708,0.0,7.62,1131,272.61,17,2.93,3.22,3.8,3.32,1.0, Competitive — Monitor
72127,COLUMBIAN CANDLE ROUND ,1.3246511627906976,1.06,2.51,226,271.58,40,1.19,1.29,1.48,1.32,0.4, Competitive — Monitor
90175C,BLUE GLASS CHUNKY CHARM BRACELET,9.0625,8.95,9.55,30,270.3,16,8.38,8.92,9.9,9.07,-0.1, Competitive — Monitor
84931B,BLUE SCOTTIE DOG W FLOWER PATTERN,3.016111111111111,2.1,5.17,99,269.75,34,2.71,2.8,3.3,2.94,2.6, Competitive — Monitor
85019B,BLOSSOM  IMAGES NOTEBOOK SET,3.25,1.25,4.25,182,269.5,12,2.78,3.25,3.6,3.21,1.2, Competitive — Monitor
90180A,BLACK+WHITE NECKLACE W TASSEL,9.985714285714286,9.95,10.2,27,269.4,21,9.44,9.38,11.74,10.19,-2.0, Competitive — Monitor
22770,MIRROR CORNICE,16.091538461538462,14.95,29.79,17,268.99,13,15.19,15.84,19.23,16.75,-3.9, Competitive — Monitor
84898F,YELLOW FLOWERS FELT HANDBAG KIT,2.100263157894737,0.0,4.21,102,268.82,38,1.95,2.05,2.34,2.11,-0.5, Competitive — Monitor
72753D,S/3 FLWR FAIRY SUMMER CANDLES,1.925,0.0,2.1,113,268.8,12,1.83,2.01,2.13,1.99,-3.3, Competitive — Monitor
84625B,BLCK NEW BAROQUE CANDLESTICK CANDLE,2.1315789473684212,0.0,2.95,121,268.8,19,1.93,2.23,2.51,2.22,-4.0, Competitive — Monitor
85087,CANDY SPOT CUSHION COVER,4.6204347826086964,2.55,8.65,81,268.17,23,4.37,4.36,5.15,4.63,-0.2, Competitive — Monitor
46776D,WOVEN SUNSET CUSHION COVER ,4.54375,4.21,11.93,63,267.85,40,3.9,4.45,5.15,4.5,1.0, Competitive — Monitor
21321,GLASS CHALICE BLUE  LARGE ,2.5883333333333334,0.0,5.17,90,267.59999999999997,24,2.29,2.54,2.81,2.55,1.5, Competitive — Monitor
79303D,LILAC FLOWER BLOCK TABLE LAMP,4.465909090909091,0.0,6.04,91,266.55,22,3.9,4.22,5.19,4.44,0.6, Competitive — Monitor
84499,BLACK FLOWER CANDLE PLATE,1.22725,0.0,1.7,276,266.21999999999997,40,1.07,1.29,1.39,1.25,-1.8, Competitive — Monitor
85039C,S/4 BLACK MINI ROSE CANDLE IN BOWL,1.8639999999999999,0.42,3.43,240,265.44,54,1.61,1.93,2.18,1.91,-2.4, Competitive — Monitor
22912,YELLOW COAT RACK PARIS FASHION,5.624444444444445,4.95,11.02,51,264.59000000000003,18,5.13,5.35,6.56,5.68,-1.0, Competitive — Monitor
85187,S/12 MINI RABBIT EASTER,2.047674418604651,1.65,3.36,144,263.25,41,1.9,2.0,2.22,2.04,0.4, Competitive — Monitor
16254,TRANSPARENT ACRYLIC TAPE DISPENSER,1.0992592592592592,0.0,1.7,858,263.08,26,1.0,1.03,1.27,1.1,-0.1, Competitive — Monitor
21167,WHITE SAGE INCENSE,0.31686274509803924,0.16,0.43,1063,263.03,51,0.27,0.32,0.37,0.32,-1.0, Competitive — Monitor
90178A,AMBER CHUNKY GLASS+BEAD NECKLACE,11.956875,11.9,12.16,22,263.01,15,11.13,11.23,13.18,11.85,0.9, Competitive — Monitor
35833P,4 PINK FLOCK CHRISTMAS BALLS,2.302340425531915,0.0,7.78,165,262.92,46,2.1,2.48,2.48,2.35,-2.0, Competitive — Monitor
72793,BLACK BOX MIRROR LANTERN,5.129166666666667,0.0,5.95,42,262.8,12,4.56,5.36,5.39,5.1,0.6, Competitive — Monitor
21268,VINTAGE BLUE TINSEL REEL,1.1964285714285714,0.0,4.3,443,261.66,53,1.1,1.18,1.34,1.21,-1.1, Competitive — Monitor
72811,SMALL ZINC/GLASS CANDLEHOLDER,1.2349999999999999,0.38,1.49,392,261.52,14,1.08,1.25,1.36,1.23,0.4, Competitive — Monitor
22923,FRIDGE MAGNETS LES ENFANTS ASSORTED,2.038823529411765,0.72,11.02,302,261.44,17,1.8,2.17,2.31,2.09,-2.4, Competitive — Monitor
21394,RED SPOTTY BEAKER ,2.053157894736842,1.65,4.21,140,260.85999999999996,19,1.93,2.07,2.21,2.07,-0.8, Competitive — Monitor
85203,HANGING WOOD AND FELT BUTTERFLY ,0.5682352941176471,0.36,0.86,573,260.7,99,0.5,0.54,0.67,0.57,-0.3, Competitive — Monitor
72799D,BLUE PILLAR CANDLE SILVER FLOCK,3.5550000000000006,0.0,6.04,90,260.67,19,3.19,3.49,3.87,3.52,1.0, Competitive — Monitor
16207A,PINK STRAWBERRY HANDBAG ,3.058181818181818,0.0,3.36,213,260.43,44,2.87,3.23,3.31,3.14,-2.6, Competitive — Monitor
90082B,DIAMANTE BOW BROOCH RED COLOUR,6.0325,0.0,6.35,30,260.34999999999997,18,5.55,6.17,6.77,6.16,-2.1, Competitive — Monitor
82095,HEART BUTTONS JEWELLERY BOX,7.6499999999999995,7.65,7.65,34,260.1,18,6.55,7.83,8.6,7.66,-0.1, Competitive — Monitor
21884,CAKES AND BOWS GIFT  TAPE,1.3048648648648649,0.55,1.7,289,259.45,73,1.13,1.38,1.41,1.31,-0.4, Competitive — Monitor
84482,BUTTONS DESIGN JEWELLERY BOX,3.966756756756757,0.0,7.78,12,259.27,35,3.37,4.22,4.33,3.97,-0.1, Competitive — Monitor
79328,BLUE FLOCK GLASS CANDLEHOLDER,1.3521052631578947,0.0,3.43,540,259.24,19,1.23,1.44,1.45,1.37,-1.3, Competitive — Monitor
90208,PAIR OF ENAMEL FLOWER CLUSTER SLIDE,2.536969696969697,2.1,2.59,108,259.21,33,2.27,2.37,2.94,2.53,0.3, Competitive — Monitor
72122,COFFEE SCENT PILLAR CANDLE,1.071904761904762,0.95,1.91,263,258.48999999999995,60,0.93,1.08,1.25,1.09,-1.7, Competitive — Monitor
84613C,BLUE NEW BAROQUE FLOCK CANDLESTICK,4.227692307692308,0.0,4.65,45,258.06,13,4.0,4.39,4.73,4.37,-3.3, Competitive — Monitor
16238,PARTY TIME PENCIL ERASERS,0.31017857142857147,0.21,0.43,1127,258.01,111,0.28,0.32,0.36,0.32,-3.1, Competitive — Monitor
47591A,CAROUSEL DES CHILD'S APRON,1.6546478873239434,1.65,1.66,156,257.99,71,1.45,1.68,1.92,1.68,-1.5, Competitive — Monitor
90160D,PINK BOUDICCA LARGE BRACELET,6.9799999999999995,6.95,7.37,37,257.57,14,6.28,6.61,7.47,6.79,2.8, Competitive — Monitor
84520b,PACK 20 ENGLISH ROSE PAPER NAPKINS,2.085,1.66,2.51,110,257.4,10,1.91,2.18,2.49,2.19,-4.8, Competitive — Monitor
85161,ACRYLIC GEOMETRIC LAMP,17.553333333333335,0.0,18.95,7,257.3,15,15.05,18.17,20.59,17.94,-2.2, Competitive — Monitor
84741C,CITRUS GARLAND FELT FLOWERS ,2.1295,0.0,4.3,13,257.09,38,1.87,1.99,2.3,2.05,3.9, Competitive — Monitor
85202,HANGING WOOD AND FELT HEART,0.6134513274336283,0.36,0.86,525,256.12,106,0.57,0.61,0.66,0.61,0.6, Competitive — Monitor
84627,CANDY STRIPE ROSE C/COVER ,5.454166666666667,0.0,5.95,71,255.85,22,4.89,5.17,5.83,5.3,2.9, Competitive — Monitor
21882,SKULLS TAPE,0.9555357142857143,0.55,1.7,358,255.78000000000003,53,0.86,0.93,1.02,0.94,1.7, Competitive — Monitor
85230B,CINNAMON SCENTED VOTIVE CANDLE,0.27205882352941174,0.0,0.29,760,255.67999999999998,33,0.24,0.25,0.32,0.27,0.8, Competitive — Monitor
90120C,GREEN MURANO TWIST BRACELET,4.263947368421053,4.24,4.33,60,255.6,38,3.64,4.2,4.78,4.21,1.3, Competitive — Monitor
35967,FOLK ART METAL STAR T-LIGHT HOLDER,0.8692156862745097,0.38,1.7,480,254.88000000000002,51,0.75,0.88,1.01,0.88,-1.2, Competitive — Monitor
21395,BLUE SPOTTY BEAKER ,2.201111111111111,1.95,4.21,126,254.73999999999998,26,1.97,2.24,2.56,2.26,-2.6, Competitive — Monitor
85014b,RED/WHITE DOTS RUFFLED UMBRELLA,12.7375,12.72,13.0,20,254.68,16,11.09,13.07,14.53,12.9,-1.3, Competitive — Monitor
21027,NINJA RABBIT PINK,1.363409090909091,0.0,2.57,44,254.58,39,1.17,1.44,1.57,1.39,-1.9, Competitive — Monitor
85232b,SET/3 RUSSIAN DOLL STACKING TINS,10.18,10.17,10.39,25,254.47,22,9.51,9.72,10.72,9.98,2.0, Competitive — Monitor
22924,FRIDGE MAGNETS LA VIE EN ROSE,2.74875,0.72,11.02,268,252.88,15,2.61,2.58,3.01,2.73,0.7, Competitive — Monitor
22829,BROCANTE SHELF WITH HOOKS,11.56142857142857,9.95,21.23,22,252.74,14,10.74,12.21,13.25,12.07,-4.2, Competitive — Monitor
21493, VINTAGE DESIGN GIFT TAGS,0.8985714285714286,0.0,1.7,-437,252.45,34,0.84,0.85,0.94,0.88,2.1, Competitive — Monitor
79338,DARK PINK FLOCK GLASS CANDLEHOLDER,1.3642857142857143,0.0,3.43,516,252.29000000000002,14,1.19,1.47,1.44,1.37,-0.4, Competitive — Monitor
79337,BLUE FLOCK GLASS CANDLEHOLDER,1.405833333333333,0.38,3.36,556,251.97,12,1.33,1.48,1.66,1.49,-5.6, Competitive — Monitor
84673A,PINK FLY SWAT,0.7635000000000001,0.53,1.3,409,251.77,57,0.66,0.76,0.88,0.77,-0.8, Competitive — Monitor
17012E,ORIGAMI OPIUM INCENSE/CANDLE SET ,2.4623999999999997,0.0,5.17,216,251.71999999999997,25,2.33,2.65,2.68,2.55,-3.4, Competitive — Monitor
35648,VINTAGE BEAD PINK PURSE ,4.466111111111111,2.95,6.04,76,251.49,18,4.24,4.18,5.15,4.52,-1.2, Competitive — Monitor
85169D,PINK LOVE BIRD CANDLE,1.77,1.25,2.57,171,250.41,39,1.63,1.71,2.07,1.8,-1.7, Competitive — Monitor
90013A,MIDNIGHT BLUE VINTAGE EARRINGS,3.730625,0.0,3.9,61,250.38,48,3.54,3.81,4.09,3.81,-2.1, Competitive — Monitor
21636,MADRAS NOTEBOOK MEDIUM,3.2537931034482757,2.55,5.17,89,249.98,26,2.95,3.18,3.43,3.19,2.0, Competitive — Monitor
22974,CHILDRENS DOLLY GIRL MUG,2.049,1.65,3.36,141,249.74999999999997,28,1.79,2.19,2.44,2.14,-4.3, Competitive — Monitor
84563B,BLUE & WHITE BREAKFAST TRAY,7.295454545454546,5.95,11.87,35,249.69,22,6.52,6.79,8.04,7.12,2.5, Competitive — Monitor
46307,ROSES BLUE BASE CUSHION COVER ,4.871666666666666,0.0,5.91,110,249.33,35,4.43,4.91,5.19,4.84,0.7, Competitive — Monitor
72349b,SET/6 PURPLE BUTTERFLY T-LIGHTS,4.219230769230769,4.21,4.3,59,248.84,39,3.62,4.28,4.74,4.21,0.2, Competitive — Monitor
20670,VIP HOLIDAY PURSE,2.6290243902439023,0.0,6.04,347,248.41000000000003,41,2.4,2.69,3.06,2.72,-3.3, Competitive — Monitor
84030c,KNITTED RAINBOW HOT WATER BOTTLE,7.718461538461539,7.62,7.78,32,248.0,13,7.32,7.42,8.36,7.7,0.2, Competitive — Monitor
22039,BOTANICAL LILY GIFT WRAP,0.41304347826086957,0.34,0.42,600,248.0,23,0.36,0.4,0.45,0.4,3.3, Competitive — Monitor
79191B,RETRO PLASTIC POLKA TRAY,1.0934782608695652,0.63,1.7,306,247.98,46,1.02,1.15,1.19,1.12,-2.4, Competitive — Monitor
84951B,S/4 BLACK LOVEBIRD COASTERS,2.532631578947368,1.66,5.17,114,247.95,38,2.38,2.41,3.04,2.61,-3.0, Competitive — Monitor
90036E,"FLOWER GLASS GARLD NECKL36""AMETHYST",7.59,0.0,8.24,21,247.92000000000002,18,7.17,7.99,8.19,7.78,-2.4, Competitive — Monitor
72739C,DARK CHOCOLATE SCENTCANDLE,1.467857142857143,0.0,2.57,38,247.82999999999998,28,1.39,1.48,1.67,1.51,-2.8, Competitive — Monitor
21698,MOCK LOBSTER FRIDGE MAGNET,1.311168831168831,0.0,1.7,243,247.35,76,1.18,1.37,1.56,1.37,-4.3, Competitive — Monitor
84621,BLUE GINGHAM ROSE FLOOR CUSHION ,7.99764705882353,0.0,16.48,26,247.26,17,7.58,8.27,8.57,8.14,-1.7, Competitive — Monitor
21722,SWEET PUDDING STICKER SHEET,1.1855102040816325,0.85,1.7,263,246.54999999999998,49,1.1,1.13,1.42,1.22,-2.8, Competitive — Monitor
90161A,ANT COPPER RED BOUDICCA BRACELET,5.0496,4.95,5.2,49,245.32,25,4.37,5.11,6.02,5.17,-2.3, Competitive — Monitor
84924A,WAKE UP COCKEREL CALENDAR SIGN ,4.6065625,3.75,7.78,58,244.91,32,4.14,4.88,5.45,4.82,-4.4, Competitive — Monitor
85195,HANGING HEART BASKET,1.958235294117647,0.0,4.3,123,244.24000000000004,17,1.81,1.94,2.12,1.96,-0.1, Competitive — Monitor
DCGS0076,SUNJAR LED NIGHT NIGHT LIGHT,16.264615384615386,16.13,16.48,15,243.7,13,14.23,17.48,18.62,16.78,-3.1, Competitive — Monitor
84877D,BLUE ROUND COMPACT MIRROR,3.4585714285714286,3.36,3.75,70,243.03,28,3.16,3.43,4.03,3.54,-2.3, Competitive — Monitor
22346,PARTY PIZZA DISH GREEN+WHITE SPOT ,1.0971739130434783,0.72,1.7,279,242.57,45,1.01,1.03,1.31,1.12,-2.0, Competitive — Monitor
37342,SPOTTY COFFEE CUP & SAUCER,4.845454545454546,2.95,6.04,59,242.39000000000001,22,4.2,4.76,5.22,4.73,2.4, Competitive — Monitor
90148,LONG SILVER NECKLACE PASTEL FLOWER,12.75,12.75,12.75,19,242.25,12,11.56,13.67,14.85,13.36,-4.6, Competitive — Monitor
85014a,BLACK/BLUE DOTS RUFFLED UMBRELLA,12.72,12.72,12.72,19,241.68,17,11.79,12.35,14.0,12.71,0.1, Competitive — Monitor
90014C,SILVER/BLACK ORBIT NECKLACE,10.1175,9.95,10.62,24,241.48,16,9.1,10.71,10.89,10.23,-1.1, Competitive — Monitor
10123C,HEARTS WRAPPING TAPE ,0.7637313432835822,0.0,1.3,389,241.22,64,0.65,0.81,0.85,0.77,-0.8, Competitive — Monitor
84673B,BLUE FLY SWAT,0.9243243243243244,0.65,1.3,330,241.10000000000002,71,0.79,0.9,1.08,0.92,0.5, Competitive — Monitor
85032C,CURIOUS IMAGES GIFT WRAP SET,2.5136363636363637,0.65,4.21,209,240.65000000000003,22,2.23,2.35,2.81,2.46,2.2, Competitive — Monitor
47021G,SET/6 BEAD COASTERS GAUZE BAG GOLD,2.4143478260869564,1.25,5.17,134,240.22,45,2.28,2.5,2.73,2.5,-3.4, Competitive — Monitor
22831,WHITE BROCANTE SOAP DISH,3.6547619047619047,2.95,5.91,76,239.00000000000003,20,3.19,3.54,4.38,3.7,-1.2, Competitive — Monitor
82553,POP'S GREASY SPOON METAL SIGN,2.4055555555555554,0.0,3.43,-51,237.73,45,2.2,2.51,2.67,2.46,-2.2, Competitive — Monitor
20855,PINK PATCH PURSE BLUE HEART,1.5865384615384615,0.0,1.65,60,237.59999999999997,50,1.38,1.57,1.81,1.59,-0.2, Competitive — Monitor
90098,NECKLACE+BRACELET PINK BUTTERFLY,2.279574468085106,1.66,5.17,112,237.52999999999997,45,2.01,2.27,2.52,2.27,0.4, Competitive — Monitor
85131B,BEADED CRYSTAL HEART GREEN ON STICK,0.9377777777777778,0.38,2.57,357,237.23,53,0.88,0.98,1.04,0.97,-3.3, Competitive — Monitor
37508,NEW ENGLAND CERAMIC CAKE SERVER,2.5004,0.0,5.17,74,237.21999999999997,48,2.31,2.45,2.89,2.55,-1.9, Competitive — Monitor
20940,SET/6 GARDEN GNOME T-LIGHT CANDLES,3.167692307692308,0.0,6.04,38,236.55,26,2.72,3.14,3.77,3.21,-1.3, Competitive — Monitor
21371,MIRRORED WALL ART POPPIES,3.9992307692307687,0.85,5.17,117,236.29999999999998,26,3.57,3.92,4.52,4.0,-0.0, Competitive — Monitor
22032,BOTANICAL LILY GREETING CARD,0.48490196078431375,0.36,0.85,553,236.14,51,0.41,0.47,0.57,0.48,1.0, Competitive — Monitor
47587A,PINK FAIRY CAKE COASTER,1.055806451612903,0.0,1.7,1486,235.88,31,0.95,1.06,1.12,1.04,1.5, Competitive — Monitor
21084,SET/6 COLLAGE PAPER CUPS,0.8388372093023256,0.65,1.7,319,235.67000000000002,42,0.77,0.88,0.91,0.85,-1.3, Competitive — Monitor
84661B,BLACK SQUARE TABLE CLOCK,3.1286956521739127,0.65,5.17,129,235.04,23,2.7,3.06,3.52,3.09,1.3, Competitive — Monitor
20736,PINK MINI TAPE MEASURE ,0.7668181818181818,0.0,0.85,485,234.35,21,0.67,0.77,0.81,0.75,2.2, Competitive — Monitor
84804A,CREAM DELPHINIUM ARTIFICIAL FLOWER,2.740909090909091,0.65,2.95,154,233.50000000000003,10,2.44,2.82,2.98,2.75,-0.3, Competitive — Monitor
37483,ENGLISH ROSE MUG IN GIFT BOX,2.16375,0.0,2.55,283,232.89,13,2.04,2.08,2.44,2.19,-1.2, Competitive — Monitor
84797b,BLUE SAVANNAH PICNIC HAMPER FOR 4,11.083157894736841,11.02,11.26,21,232.62,19,10.52,10.69,11.66,10.96,1.1, Competitive — Monitor
35991,SET/6 BLACK SNOWFLAKE T-LIGHTS ,0.8518965517241379,0.0,3.43,448,232.5,55,0.73,0.91,0.93,0.86,-0.9, Competitive — Monitor
84917,WHITE HAND TOWEL WITH BUTTERFLY,4.654137931034483,4.21,11.87,48,232.35999999999999,29,4.31,4.82,5.25,4.79,-2.8, Competitive — Monitor
16256B,FLOWER PENCIL/RUBBER+5 MINI PENCILS,0.5683783783783785,0.0,0.83,556,232.35,36,0.5,0.58,0.65,0.58,-2.0, Competitive — Monitor
90010A,MIDNIGHT BLUE GLASS/SILVER BRACELET,8.836470588235294,2.5,9.98,26,231.79999999999998,17,7.86,9.05,10.51,9.14,-3.3, Competitive — Monitor
16202C,BEIGE PHOTO ALBUM,3.4085714285714284,0.0,11.87,64,230.59,14,3.15,3.15,3.91,3.4,0.3, Competitive — Monitor
35637C,PINK STRING CURTAIN WITH POLE,6.7780000000000005,1.95,19.53,70,230.28,10,6.38,6.91,7.54,6.94,-2.3, Competitive — Monitor
85168B,BLACK BAROQUE CARRIAGE CLOCK,10.529444444444444,9.95,20.38,22,229.32999999999998,17,9.95,10.55,12.53,11.01,-4.4, Competitive — Monitor
84509c,DOTTY PLACEMATS ,7.6276190476190475,7.62,7.78,30,228.76000000000002,21,6.92,7.68,8.91,7.84,-2.7, Competitive — Monitor
71028B,SILVER BLUE EGG T-LIGHT HOLDER,1.7092857142857143,0.0,3.43,385,227.48000000000002,14,1.51,1.67,1.85,1.68,1.7, Competitive — Monitor
47586A,PINK FAIRY CAKE CUSHION COVER,2.2720833333333332,0.85,7.78,183,227.07999999999998,22,2.11,2.12,2.43,2.22,2.3, Competitive — Monitor
90070,RUBY GLASS CLUSTER BRACELET,6.227727272727273,5.95,6.5,37,226.81,22,5.45,5.92,7.17,6.18,0.8, Competitive — Monitor
72750D,F.FAIRY S/3 CANDLE/GLASS,2.4541666666666666,0.0,5.95,102,226.5,12,2.22,2.63,2.78,2.54,-3.4, Competitive — Monitor
47559b,TEA TIME OVEN GLOVE,3.2655555555555558,2.51,3.36,68,225.93,18,2.89,3.22,3.82,3.31,-1.3, Competitive — Monitor
20818,GOLD TEDDY BEAR,4.117307692307692,0.0,7.78,42,225.8,26,3.77,4.1,4.78,4.22,-2.4, Competitive — Monitor
22808,SET OF 6 T-LIGHTS EASTER CHICKS,3.2060000000000004,2.55,5.91,82,225.66,10,2.8,2.98,3.67,3.15,1.8, Competitive — Monitor
84993B,75 BLACK PETIT FOUR CASES,0.46166666666666667,0.0,0.86,414,225.18,71,0.4,0.43,0.55,0.46,0.4, Competitive — Monitor
84916,HAND TOWEL PALE BLUE W FLOWERS,4.977647058823529,4.21,5.95,44,223.52,34,4.69,5.15,5.62,5.15,-3.3, Competitive — Monitor
20839,FRENCH PAISLEY CUSHION COVER ,4.156875,2.95,9.52,67,223.33000000000004,16,3.58,4.18,4.44,4.07,2.1, Competitive — Monitor
90175B,PINK GLASS CHUNKY CHARM BRACELET,8.892999999999999,2.5,9.55,25,222.60999999999999,20,8.01,8.91,10.44,9.12,-2.5, Competitive — Monitor
82585,SWEET VALENCIA CANDLE+CUP,1.7514814814814814,0.0,2.57,55,222.15,51,1.53,1.68,1.91,1.71,2.4, Competitive — Monitor
90164B,WHITE  ROSEBUD PEARL BRACELET,7.667,7.5,7.81,29,221.95999999999998,20,6.55,7.97,8.94,7.82,-2.0, Competitive — Monitor
21639,ASSORTED TUTTI FRUTTI KEYRING,0.8972222222222221,0.0,1.7,-61,221.85,18,0.77,0.85,1.07,0.9,-0.3, Competitive — Monitor
16258B,DAISY ERASERS IN BAG,0.3433333333333333,0.0,0.86,810,221.48000000000002,16,0.3,0.33,0.4,0.34,1.0, Competitive — Monitor
90129A,PINK GLASS TASSLE BAG CHARM ,1.9630357142857142,1.66,2.95,111,220.7,55,1.84,1.95,2.24,2.01,-2.3, Competitive — Monitor
35833G,4 GOLD FLOCK CHRISTMAS BALLS,1.5650000000000002,0.0,3.95,119,220.66,36,1.37,1.51,1.75,1.54,1.6, Competitive — Monitor
90124A,PINK MURANO TWIST NECKLACE,10.001428571428571,9.95,10.42,22,219.61999999999998,14,9.45,9.6,11.05,10.03,-0.3, Competitive — Monitor
72225D,VANILLA SCENT CAKE CANDLE ,0.2269230769230769,0.0,0.29,-16,219.45999999999998,13,0.21,0.23,0.25,0.23,-1.3, Competitive — Monitor
85168A,WHITE BAROQUE CARRIAGE CLOCK,9.328125,0.0,9.95,16,218.89999999999998,16,8.34,9.55,10.68,9.52,-2.0, Competitive — Monitor
90157,RIVIERA NECKLACE,4.985,4.95,5.09,44,218.64000000000001,19,4.53,5.24,5.8,5.19,-3.9, Competitive — Monitor
35809B,ENAMEL BLUE RIM TEA CONTAINER,2.4959375,0.0,4.21,28,218.36,32,2.25,2.46,2.87,2.53,-1.3, Competitive — Monitor
20616,CHERRY BLOSSOM PASSPORT COVER,2.56811320754717,1.66,4.3,93,218.35000000000002,53,2.38,2.39,2.77,2.51,2.3, Competitive — Monitor
85169B,BLACK LOVE BIRD CANDLE,1.634,1.25,2.57,154,218.12,37,1.44,1.57,1.84,1.62,0.9, Competitive — Monitor
72781,BLACK SILOUETTE CANDLE PLATE ,1.928235294117647,0.0,2.1,90,216.9,17,1.71,2.08,2.25,2.01,-4.1, Competitive — Monitor
84817,DANISH ROSE DECORATIVE PLATE,2.0836,1.69,2.1,102,216.66000000000003,25,1.96,2.12,2.34,2.14,-2.6, Competitive — Monitor
90134,OLD ROSE COMBO BEAD NECKLACE,2.9663461538461537,2.95,3.03,73,216.38,52,2.8,3.07,3.35,3.07,-3.4, Competitive — Monitor
35793,S/3 PUPPIES CHRISTMAS DECORATIONS,3.554705882352941,0.0,6.04,58,216.33,16,3.34,3.27,4.14,3.58,-0.7, Competitive — Monitor
15056p,EDWARDIAN PARASOL PINK,12.72,12.72,12.72,17,216.24,15,11.35,12.76,14.62,12.91,-1.5, Competitive — Monitor
84247C,PACK/12 BLUE REINDEER CARD,2.609615384615385,0.0,2.95,94,215.35000000000002,25,2.42,2.42,2.9,2.58,1.1, Competitive — Monitor
90129B,TURQUOISE GLASS TASSLE BAG CHARM ,2.074090909090909,1.66,2.95,93,215.21,44,1.86,2.1,2.46,2.14,-3.1, Competitive — Monitor
21543,BUTTERFLY WATER TRANSFER TATTOOS ,1.103846153846154,0.0,1.7,133,215.0,26,0.99,1.18,1.19,1.12,-1.4, Competitive — Monitor
21420,OYSTER TRINKET BOX,3.2115384615384617,2.75,3.25,68,215.0,12,2.8,3.45,3.85,3.37,-4.7, Competitive — Monitor
90036D,"FLOWER GLASS GARLAND NECKL.36""BLACK",7.97,7.95,8.07,27,214.89000000000001,12,7.25,8.02,8.51,7.93,0.5, Competitive — Monitor
48179,DOOR MAT SWEET HOME,8.924999999999999,0.0,13.87,18,214.47,12,7.75,8.87,9.39,8.67,2.9, Competitive — Monitor
20663,QUEEN OF THE SKIES HOLIDAY PURSE ,2.3344827586206898,0.0,2.95,530,214.32,29,2.06,2.5,2.76,2.44,-4.3, Competitive — Monitor
21520,BOOZE & WOMEN GREETING CARD ,0.5509090909090909,0.36,0.86,491,214.26,55,0.52,0.57,0.6,0.56,-1.6, Competitive — Monitor
85032B,BLOSSOM IMAGES GIFT WRAP SET,2.5789473684210527,0.65,4.21,196,213.35000000000002,19,2.25,2.4,2.99,2.55,1.1, Competitive — Monitor
90173,PAIR BUTTERFLY HAIR CLIPS,3.714146341463415,0.0,3.9,47,212.79,40,3.18,3.69,4.35,3.74,-0.7, Competitive — Monitor
84313A,PINK TV TRAY TABLE ,5.947,0.0,16.98,20,212.42,20,5.1,5.7,7.01,5.94,0.1, Competitive — Monitor
46000R,POLYESTER FILLER PAD 45x30cm,1.2999999999999998,0.0,1.45,78,211.7,29,1.23,1.29,1.56,1.36,-4.4, Competitive — Monitor
37492A,YELLOW RED FLOWER PIGGY BANK,3.974615384615385,0.0,9.52,69,211.42,13,3.58,3.95,4.35,3.96,0.4, Competitive — Monitor
51012C,"FEATHER DUSTER, COAL BLACK",1.171875,0.0,1.25,179,210.0,31,1.04,1.19,1.36,1.2,-2.3, Competitive — Monitor
20869,GOLD FABRIC MIRROR,1.226,0.38,2.51,350,209.61,24,1.14,1.2,1.31,1.22,0.5, Competitive — Monitor
16201A,PASTEL PINK PHOTO ALBUM,3.2654545454545456,0.0,13.57,81,209.47,11,3.05,3.09,3.63,3.26,0.2, Competitive — Monitor
22395,PAPERWEIGHT VINTAGE PAISLEY,3.0217391304347827,0.85,5.06,85,208.89999999999998,23,2.67,3.02,3.56,3.08,-1.9, Competitive — Monitor
90013C,GREEN VINTAGE EARRINGS ,4.114545454545454,3.75,4.33,52,208.68,33,3.78,4.33,4.55,4.22,-2.5, Competitive — Monitor
72130,COLUMBIAN CANDLE ROUND,0.6313888888888889,0.19,1.66,595,208.34,34,0.59,0.65,0.72,0.65,-2.9, Competitive — Monitor
21015,DARK BIRD HOUSE TREE DECORATION,1.1258823529411766,0.42,2.57,237,207.78,50,1.03,1.1,1.27,1.13,-0.4, Competitive — Monitor
37485,ENGLISH ROSE TEA SET IN GIFT BOX,4.086666666666667,0.0,4.65,126,207.69,17,3.54,4.37,4.69,4.2,-2.7, Competitive — Monitor
21403,BLUE EGG  SPOON,0.5205660377358491,0.42,0.85,469,206.84,53,0.49,0.55,0.62,0.55,-5.4, Competitive — Monitor
84870C,GREEN GEISHA GIRL ,4.001875,3.75,7.78,53,206.81,16,3.62,3.82,4.24,3.89,2.9, Competitive — Monitor
84690,S/2 BEACH HUT STOOLS,7.066666666666666,0.0,7.95,17,206.70000000000002,17,6.21,6.55,8.03,6.93,2.0, Competitive — Monitor
37467,PIG MUG IN TWO COLOUR DESIGNS,2.9942,0.0,4.3,-61,206.66,50,2.67,3.11,3.53,3.1,-3.4, Competitive — Monitor
20980,36 PENCILS TUBE POSY,1.5341463414634147,0.0,2.57,145,206.65,40,1.31,1.61,1.72,1.55,-1.0, Competitive — Monitor
82011B,BATHROOM SCALES RUBBER DUCKS,4.505172413793104,0.0,7.78,118,205.70000000000002,29,3.89,4.84,4.78,4.5,0.1, Competitive — Monitor
16258A,SWIRLY CIRCULAR RUBBERS IN BAG,0.43979166666666664,0.19,0.84,608,205.35999999999999,45,0.41,0.47,0.5,0.46,-4.4, Competitive — Monitor
46118,FUNKY MONKEY CUSHION COVER,3.584285714285714,0.85,8.65,142,204.88,27,3.05,3.64,3.94,3.54,1.3, Competitive — Monitor
84597B,RETRO BROWN BALL ASHTRAY ,1.60625,0.0,2.57,172,204.37,24,1.43,1.61,1.72,1.59,1.0, Competitive — Monitor
90035A,"PEARL & SHELL 42""NECKL. GREEN",10.725384615384616,10.62,10.85,19,203.93,13,9.68,9.92,12.63,10.74,-0.1, Competitive — Monitor
84931A,PINK SCOTTIE DOG W FLOWER PATTERN,2.986176470588235,2.1,5.17,74,203.89999999999998,31,2.55,2.87,3.37,2.93,1.9, Competitive — Monitor
84952A,CLEAR LOVE BIRD T-LIGHT HOLDER,3.405333333333333,0.85,7.62,75,203.18,15,3.23,3.38,4.05,3.55,-4.1, Competitive — Monitor
90000D,COPPER/OLIVE GREEN FLOWER NECKLACE,6.233636363636364,5.95,6.5,33,203.01,22,5.44,6.36,7.3,6.37,-2.1, Competitive — Monitor
TEST001,This is a test product.,3.9,0.0,4.5,55,202.5,15,3.43,3.94,4.5,3.96,-1.5, Competitive — Monitor
37506,NEW ENGLAND MILK JUG W GIFT BOX,5.7375,0.0,5.95,33,202.3,27,5.05,5.96,6.03,5.68,1.0, Competitive — Monitor
48103,DOOR MAT KISS MY.......,6.41,0.0,7.49,37,201.73,11,5.6,6.18,7.14,6.31,1.6, Competitive — Monitor
84429A,MEDIUM PINK BUDDHA HEAD ,4.178636363636364,2.95,6.04,57,201.10000000000002,22,3.55,4.22,4.51,4.09,2.2, Competitive — Monitor
20672,PINK TEATIME PRINT BOWL,1.6153846153846154,0.0,2.57,61,201.0,39,1.49,1.51,1.92,1.64,-1.5, Competitive — Monitor
21194,PINK  HONEYCOMB PAPER FAN,2.755,1.69,4.3,82,199.73000000000002,30,2.61,2.72,2.96,2.76,-0.2, Competitive — Monitor
16156L,"WRAP, CAROUSEL",0.42,0.42,0.42,475,199.5,18,0.37,0.44,0.46,0.42,0.0, Competitive — Monitor
90122B,JADE CRYSTAL+GLASS BRACELET,5.003,4.95,5.2,40,199.06,20,4.58,5.16,5.64,5.13,-2.5, Competitive — Monitor
84870B,BLUE GEISHA GIRL ,3.973888888888889,3.75,7.78,52,199.03,18,3.67,4.29,4.33,4.1,-3.1, Competitive — Monitor
84797a,PINK HAWAIIAN PICNIC HAMPER FOR 4,11.048235294117646,11.02,11.26,18,198.84,17,10.33,10.66,11.95,10.98,0.6, Competitive — Monitor
22825,DECORATIVE PLANT POT WITH FRIEZE,7.95,7.95,7.95,25,198.75,15,7.09,7.95,9.06,8.03,-1.0, Competitive — Monitor
47504F,ENGLISH ROSE TORCH,1.56625,0.0,3.36,-2388,198.11,15,1.38,1.52,1.67,1.52,3.0, Competitive — Monitor
35921,EASTER BUNNY HANGING GARLAND,2.661111111111111,1.25,5.06,115,197.09,26,2.35,2.64,2.82,2.6,2.4, Competitive — Monitor
90040B,MURANO STYLE GLASS BRACELET BLACK,3.5207142857142855,0.0,3.9,47,196.89,28,3.24,3.72,3.89,3.62,-2.7, Competitive — Monitor
84855,BLOKEY SILVER TOOL SET,4.7,0.0,8.65,-50,196.70000000000002,19,4.38,4.84,5.44,4.89,-3.9, Competitive — Monitor
71270,PHOTO CLIP LINE,1.5757142857142856,1.25,2.57,139,196.67,34,1.37,1.67,1.79,1.61,-2.1, Competitive — Monitor
90090,PINK CRYSTAL HEART PHONE CHARM,0.9644827586206897,0.0,1.7,265,196.26999999999998,25,0.86,0.92,1.07,0.95,1.5, Competitive — Monitor
90014B,GOLD M PEARL  ORBIT NECKLACE,10.277999999999999,9.95,10.85,19,195.54,14,9.66,10.89,11.66,10.74,-4.3, Competitive — Monitor
47574B,ENGLISH ROSE SCENTED HANGING HEART,4.25,4.25,4.25,46,195.5,25,3.96,3.95,4.7,4.2,1.2, Competitive — Monitor
84985B,SET OF 72 BLACK PAPER DOILIES ,1.7052,0.0,3.04,101,194.95999999999998,25,1.62,1.81,2.03,1.82,-6.3, Competitive — Monitor
16202A,PASTEL PINK PHOTO ALBUM ,4.28375,0.0,12.13,233,194.70000000000002,23,3.96,4.17,4.53,4.22,1.5, Competitive — Monitor
47422,ASSORTED MONKEY SUCTION CUP HOOK,0.41172413793103446,0.36,0.42,517,194.1,24,0.37,0.4,0.47,0.41,0.4, Competitive — Monitor
20795,LARGE BLUE PROVENCAL CERAMIC BALL,3.0873684210526315,1.69,4.3,85,193.55,19,2.81,3.09,3.65,3.18,-2.9, Competitive — Monitor
90005A,JADE GREEN ENAMEL HAIR COMB,2.0522,0.0,2.16,-70,193.07,50,1.88,2.2,2.4,2.16,-5.0, Competitive — Monitor
21582,KINGS CHOICE SMALL TUBE MATCHES,1.5583333333333331,0.0,1.65,79,193.04999999999998,17,1.34,1.45,1.68,1.49,4.6, Competitive — Monitor
84510C,SET OF 4 POLKADOTS COASTERS,1.5635416666666666,1.06,2.57,143,192.77,48,1.41,1.53,1.71,1.55,0.9, Competitive — Monitor
90129E,PURPLE GLASS TASSLE BAG CHARM,1.9661702127659573,1.66,2.95,91,192.74,46,1.81,2.08,2.28,2.06,-4.6, Competitive — Monitor
20814,SILVER FINCH DECORATION,1.13625,0.0,1.25,161,192.64000000000001,15,0.98,1.12,1.21,1.1,3.3, Competitive — Monitor
20821,GOLDIE LOOKING MIRROR,7.831818181818182,0.0,10.39,-169,192.37,22,7.27,7.45,9.18,7.97,-1.7, Competitive — Monitor
84893,ANT WHITE IRON BASKET,5.541176470588235,0.0,5.95,17,192.3,16,5.03,5.47,6.42,5.64,-1.8, Competitive — Monitor
84255B,ORANGE COCKTAIL GLASS LAMP,3.9495238095238094,0.0,13.0,30,192.26000000000002,20,3.73,3.88,4.58,4.06,-2.7, Competitive — Monitor
90082A,DIAMANTE BOW BROOCH GREEN COLOUR,6.4673333333333325,6.35,6.79,30,192.26,15,5.52,6.9,6.89,6.44,0.4, Competitive — Monitor
90186A,AMETHYST HOOP EARRING FLORAL LEAF,2.961481481481482,2.95,3.03,65,192.22000000000003,25,2.6,3.09,3.43,3.04,-2.6, Competitive — Monitor
84899F,YELLOW PURPLE DAISY FELT PURSE KIT,1.8646296296296296,0.0,2.57,72,192.17,54,1.7,1.87,2.15,1.91,-2.4, Competitive — Monitor
35920,FOUR RABBIT EASTER DECORATIONS,1.0150000000000001,0.0,1.25,988,191.5,10,0.89,1.09,1.19,1.06,-4.2, Competitive — Monitor
90196B,BLACK GEMSTONE NECKLACE 45CM,12.75,12.75,12.75,15,191.25,10,11.75,12.68,13.47,12.63,1.0, Competitive — Monitor
90196A,PURPLE GEMSTONE NECKLACE 45CM,11.475,0.0,12.75,2,191.25,10,10.62,10.66,12.09,11.12,3.2, Competitive — Monitor
84906,PINK B'FLY C/COVER W BOBBLES,5.409090909090909,0.0,5.95,26,190.4,11,4.65,5.2,5.98,5.28,2.4, Competitive — Monitor
90163A,PINK ROSEBUD & PEARL NECKLACE,7.646,7.5,7.81,25,190.39,15,6.89,7.57,8.2,7.55,1.3, Competitive — Monitor
90201B,BLACK ENAMEL FLOWER RING,2.9717647058823533,2.95,3.03,64,189.63000000000002,34,2.68,2.81,3.37,2.95,0.7, Competitive — Monitor
84576,BLUE CAT BISCUIT BARREL PINK HEART,7.064666666666667,4.65,12.13,30,188.72,15,6.27,7.57,8.39,7.41,-4.7, Competitive — Monitor
72807b,SET/3 OCEAN SCENT CANDLE JEWEL BOX,8.542,8.47,8.65,22,187.78000000000003,15,8.06,8.91,9.47,8.81,-3.0, Competitive — Monitor
22976,CIRCUS PARADE CHILDRENS EGG CUP ,1.53,1.25,2.51,144,187.56,18,1.43,1.47,1.8,1.57,-2.5, Competitive — Monitor
21028,NINJA RABBIT BLACK,1.7537142857142856,1.06,2.57,137,187.17,35,1.61,1.78,1.84,1.74,0.8, Competitive — Monitor
21003,ROSE DU SUD CUSHION COVER,6.032222222222222,5.91,6.35,31,187.17,18,5.56,6.25,6.49,6.1,-1.1, Competitive — Monitor
78033,FLAG OF ST GEORGE CHAIR,3.6833333333333336,0.0,5.95,108,185.3,12,3.3,3.94,3.88,3.71,-0.7, Competitive — Monitor
35838A,S/6 MULTICOLOUR ORNAMENETAL CANDLE,1.058695652173913,0.0,6.95,258,185.25,22,1.0,1.12,1.16,1.09,-2.9, Competitive — Monitor
47421,ASSORTED COLOUR LIZARD SUCTION HOOK,0.4128,0.36,0.42,482,185.16,21,0.38,0.41,0.49,0.43,-4.0, Competitive — Monitor
20968,GREEN FLORAL FELTCRAFT SHOULDER BAG,4.317727272727272,0.0,7.78,-72,185.11,21,3.98,4.51,4.6,4.36,-1.0, Competitive — Monitor
85088,CANDY SPOT HAND BAG,2.250714285714286,2.1,4.21,86,184.82000000000002,28,2.11,2.27,2.57,2.32,-3.0, Competitive — Monitor
84926C,FAIRY CAKES TILE COASTER,1.5841666666666667,0.0,2.57,89,184.6,35,1.39,1.6,1.77,1.59,-0.4, Competitive — Monitor
84422,PINK/BLUE DISC/MIRROR STRING,1.0688,0.65,1.66,216,184.59,25,0.99,1.0,1.27,1.09,-1.9, Competitive — Monitor
84029D,LEOPARD PRINT HOT WATER BOTTLE,3.5194444444444444,0.0,7.78,105,183.98000000000002,18,3.06,3.31,3.76,3.38,4.1, Competitive — Monitor
20957,PORCELAIN HANGING BELL SMALL,1.4770588235294118,0.0,3.36,170,183.16,17,1.31,1.48,1.6,1.46,1.2, Competitive — Monitor
90206C,CRYSTAL DIAMANTE STAR BROOCH,5.105925925925926,4.95,5.2,36,182.97,27,4.51,4.92,5.38,4.94,3.4, Competitive — Monitor
84800M,MEDIUM WHITE/PINK ROSE ART FLOWER,1.625,0.65,1.69,123,182.91,16,1.54,1.5,1.81,1.62,0.3, Competitive — Monitor
85230G,ORANGE VOTIVE CANDLE,0.2691304347826087,0.21,0.29,696,182.64,23,0.25,0.28,0.29,0.27,-0.3, Competitive — Monitor
21025,SPACE FROG,1.4693103448275862,1.25,2.57,140,182.62,28,1.35,1.36,1.73,1.48,-0.7, Competitive — Monitor
90210B,CLEAR ACRYLIC FACETED BANGLE,2.937619047619048,2.55,3.03,65,182.29000000000002,20,2.71,2.98,3.35,3.01,-2.4, Competitive — Monitor
21018,BIRD BOX CHRISTMAS TREE DECORATION,0.8684090909090909,0.0,2.51,388,181.85999999999999,41,0.79,0.87,0.99,0.88,-1.3, Competitive — Monitor
84464,S/60 PINK FLUFFY CHICKS IN BOX,2.3076923076923075,0.0,2.55,86,181.64999999999998,12,2.18,2.48,2.61,2.42,-4.6, Competitive — Monitor
84725,FREESTYLE CANVAS ART PICTURE,3.6,1.65,4.25,94,181.09999999999997,12,3.24,3.59,3.83,3.55,1.4, Competitive — Monitor
22330,72 ROUND PINK DOILIES,1.7035999999999998,0.0,3.04,239,180.5,25,1.51,1.58,1.9,1.66,2.6, Competitive — Monitor
90201A,PURPLE ENAMEL FLOWER RING,2.9646153846153847,2.95,3.03,61,180.33,26,2.57,2.99,3.56,3.04,-2.5, Competitive — Monitor
21881,CUTE CATS TAPE,1.1209756097560977,0.65,1.7,243,180.29000000000002,41,1.04,1.18,1.32,1.18,-5.0, Competitive — Monitor
46000U,POLYESTER FILLER PAD 30CMx30CM,1.1160714285714286,0.0,1.25,109,180.0,28,1.03,1.2,1.32,1.18,-5.4, Competitive — Monitor
79190A,RETRO PLASTIC 70'S TRAY,0.5463934426229508,0.42,0.85,393,179.9,61,0.49,0.54,0.64,0.56,-2.4, Competitive — Monitor
47347B,BLUE FLOWER T-LIGHT HOLDER,1.5033333333333332,0.0,2.57,118,179.88,12,1.28,1.46,1.6,1.45,3.7, Competitive — Monitor
17011A,ORIGAMI VANILLA INCENSE+FLOWER ,2.7708333333333335,0.3,4.3,261,179.56,12,2.59,2.95,3.0,2.85,-2.8, Competitive — Monitor
90178B,PURPLE CHUNKY GLASS+BEAD NECKLACE,11.971,11.95,12.16,15,179.45999999999998,10,10.19,11.38,12.58,11.38,5.2, Competitive — Monitor
84803A,PINK ALLIUM  ARTIFICIAL FLOWER,1.5121052631578948,0.0,1.69,83,179.14000000000001,19,1.39,1.54,1.66,1.53,-1.2, Competitive — Monitor
90191,SILVER LARIAT 40CM,12.775454545454545,12.75,13.03,14,178.78,11,12.1,12.58,13.62,12.77,0.0, Competitive — Monitor
90211B,JET BLACK LAS VEGAS NECKLACE 45CM,5.960909090909092,5.94,6.07,30,178.73000000000002,22,5.33,5.52,6.68,5.84,2.1, Competitive — Monitor
90081A,LILY BROOCH AMETHYST COLOUR,4.7026315789473685,0.0,5.2,28,178.45000000000002,18,4.11,4.59,5.42,4.71,-0.2, Competitive — Monitor
90199B,5 STRAND GLASS NECKLACE AMETHYST,6.1196,0.0,6.5,22,178.39,25,5.63,5.89,7.23,6.25,-2.1, Competitive — Monitor
21460,GREEN EASTER EGG HUNT START POST,2.4522222222222223,1.95,4.21,77,177.26999999999998,18,2.28,2.53,2.85,2.55,-3.8, Competitive — Monitor
35911A,MULTICOLOUR RABBIT EGG WARMER,2.8567857142857145,2.1,4.3,70,176.72,26,2.58,3.06,3.4,3.01,-5.1, Competitive — Monitor
82607C,GLASS BONBON JAR. SUPERFINES,1.858409090909091,0.0,2.57,48,175.60999999999999,44,1.76,1.79,1.97,1.84,1.0, Competitive — Monitor
90056,CHUNKY CRACKED GLAZE NECKLACE IVORY,11.066363636363636,10.75,11.29,16,175.48000000000002,11,9.46,11.62,11.64,10.91,1.4, Competitive — Monitor
84564,6 SEGMENT COLOURED SNACK BOWL ,7.383076923076923,0.0,16.48,13,175.48000000000002,13,6.65,6.86,8.48,7.33,0.7, Competitive — Monitor
90036C,"FLOWER GLASS GARLAND NECKL.36""BLUE",8.003,7.95,8.24,22,175.43,10,7.38,8.05,8.75,8.06,-0.7, Competitive — Monitor
82011A,"BATHROOM SCALES, TROPICAL BEACH",4.651304347826087,3.75,7.62,40,175.33,23,4.35,4.33,5.06,4.58,1.6, Competitive — Monitor
79190D,RETRO PLASTIC DAISY TRAY,0.5227941176470587,0.42,0.85,387,174.22,68,0.45,0.56,0.57,0.53,-1.4, Competitive — Monitor
85129B,BEADED CRYSTAL HEART GREEN SMALL,1.454,0.0,2.51,115,174.03,30,1.35,1.52,1.59,1.49,-2.4, Competitive — Monitor
72812,LARGE ZINC/GLASS CANDLEHOLDER,2.9485,2.1,4.3,71,172.4,20,2.67,3.02,3.32,3.0,-1.7, Competitive — Monitor
90158,ST TROPEZ NECKLACE,5.081333333333333,4.95,5.2,34,172.38,30,4.52,5.34,5.67,5.18,-1.9, Competitive — Monitor
84800S,SMALL WHITE/PINK ROSE ART FLOWER,1.001,0.42,1.25,281,171.97,10,0.86,1.02,1.13,1.0,0.1, Competitive — Monitor
84247K,"FOLK ART GREETING CARD,pack/12",3.407,2.95,6.04,54,171.53000000000003,20,3.19,3.66,3.92,3.59,-5.1, Competitive — Monitor
16218,CARTOON  PENCIL SHARPENERS,0.9075675675675675,0.16,2.17,811,171.21,37,0.79,0.94,1.01,0.91,-0.3, Competitive — Monitor
85185C,COW  SOCK PUPPET,2.7596774193548392,0.0,2.95,69,171.10000000000002,29,2.43,2.95,3.0,2.79,-1.1, Competitive — Monitor
84711B,PINK OVAL SHAPE TRINKET BOX,8.979411764705883,8.47,9.95,19,171.07,17,7.89,9.0,9.65,8.85,1.5, Competitive — Monitor
84706B,FAIRY CAKES TABLE CLOCK,9.014999999999999,0.0,18.68,-1,170.82999999999998,12,8.45,8.46,9.94,8.95,0.7, Competitive — Monitor
90122A,PINK CRYSTAL+GLASS BRACELET,5.012352941176471,4.95,5.2,34,169.36,17,4.6,5.03,5.82,5.15,-2.7, Competitive — Monitor
90032,IVORY SHELL HEART NECKLACE,6.25,6.25,6.25,27,168.75,16,5.81,5.88,7.27,6.32,-1.1, Competitive — Monitor
90129C,GREEN GLASS TASSLE BAG CHARM,2.0922222222222224,1.66,2.95,75,168.6,36,1.83,2.12,2.41,2.12,-1.3, Competitive — Monitor
90019A,SILVER M.O.P ORBIT BRACELET,5.3324,4.95,5.63,32,168.52,25,4.87,5.32,5.79,5.33,0.0, Competitive — Monitor
90201D,GREEN ENAMEL FLOWER RING,2.9625925925925922,2.95,3.03,57,168.49,27,2.69,3.02,3.37,3.03,-2.2, Competitive — Monitor
85205A,IVORY FELT EASTER RABBIT GARLAND,2.44375,0.0,2.55,47,168.29999999999998,22,2.28,2.25,2.78,2.44,0.2, Competitive — Monitor
21372,MIRRORED WALL ART TABLE LAMP,3.7954999999999997,0.85,6.04,83,168.12,19,3.57,3.61,4.26,3.81,-0.4, Competitive — Monitor
90036A,FLOWER GARLAND NECKLACE RED,8.019375,7.95,8.24,21,168.06,16,6.83,8.01,9.08,7.97,0.6, Competitive — Monitor
21401,BLUE PUDDING SPOON,0.4878571428571428,0.42,0.85,392,167.88,41,0.45,0.52,0.55,0.51,-4.3, Competitive — Monitor
84457,SET/3 RABBITS FLOWER SKIPPPING ROPE,1.2446153846153847,0.85,1.66,166,167.01999999999998,38,1.06,1.22,1.41,1.23,1.2, Competitive — Monitor
84660B,BLACK STITCHED WALL CLOCK,4.878571428571429,3.75,7.78,38,166.2,21,4.41,4.82,5.65,4.96,-1.6, Competitive — Monitor
90146,FINE SILVER NECKLACE W PASTEL FLOWE,7.581428571428572,7.5,8.07,22,166.14,13,6.66,7.84,8.09,7.53,0.7, Competitive — Monitor
90085,CRYSTAL STILETTO PHONE CHARM,1.0204166666666665,0.0,1.7,66,165.59,24,0.9,1.04,1.19,1.04,-1.9, Competitive — Monitor
90201C,RED ENAMEL FLOWER RING,2.9624,2.95,3.03,56,165.52,25,2.62,2.87,3.17,2.89,2.5, Competitive — Monitor
85170B,SET/6 BLACK BIRD T-LIGHT CANDLES,2.805769230769231,1.69,4.3,71,165.46,26,2.56,2.77,2.97,2.77,1.3, Competitive — Monitor
22915,ASSORTED BOTTLE TOP  MAGNETS ,2.1847619047619045,0.36,5.06,309,164.34,21,1.93,2.09,2.61,2.21,-1.1, Competitive — Monitor
21370,MIRRORED WALL ART FOXY,8.300714285714285,1.25,13.0,40,164.01,14,7.66,8.92,9.91,8.83,-6.0, Competitive — Monitor
22975,SPACEBOY CHILDRENS EGG CUP,1.708181818181818,1.25,2.51,118,163.88,22,1.52,1.61,1.81,1.65,3.5, Competitive — Monitor
21095,SET/6 POSIES PAPER PLATES,0.9882758620689656,0.0,1.66,318,162.64,28,0.85,0.97,1.1,0.97,1.9, Competitive — Monitor
17012F,ORIGAMI SANDLEWOOD INCENSE/CAND SET,2.4738888888888884,0.85,5.06,143,162.6,18,2.3,2.29,2.67,2.42,2.2, Competitive — Monitor
90115,SUMMER BUTTERFLIES BAG CHARM,2.679090909090909,0.0,5.06,36,162.0,33,2.35,2.56,3.01,2.64,1.5, Competitive — Monitor
85130B,BEADED CRYSTAL HEART GREEN LARGE,2.6636363636363636,1.65,3.43,78,161.26,22,2.38,2.78,3.13,2.76,-3.5, Competitive — Monitor
21353,SILVER SLEIGHBELL  WREATH,7.359090909090909,0.0,17.35,-116,160.45,11,6.76,7.01,8.78,7.52,-2.1, Competitive — Monitor
84535A,ENGLISH ROSE NOTEBOOK A6 SIZE,0.8852173913043478,0.0,1.52,88,160.37,45,0.78,0.83,1.01,0.87,1.7, Competitive — Monitor
21373,MIRRORED WALL ART SNOWFLAKES,2.5535714285714284,0.85,6.04,124,159.85,14,2.18,2.54,2.82,2.51,1.7, Competitive — Monitor
90159,COTE D'AZURE NECKLACE,4.976,4.95,5.2,32,158.79000000000002,15,4.42,4.59,5.68,4.9,1.6, Competitive — Monitor
90155,RESIN NECKLACE W PASTEL BEADS,7.574285714285714,7.5,7.81,21,158.54,14,7.15,7.07,8.31,7.51,0.9, Competitive — Monitor
82587,TEXRIO TOMATOES CANDLE+CUP,1.37375,0.0,2.51,43,158.03,43,1.26,1.44,1.63,1.44,-4.6, Competitive — Monitor
20693,FLORAL DINOSAUR GREEN,4.666190476190477,0.0,8.65,3,157.64000000000001,21,4.28,4.87,5.51,4.89,-4.6, Competitive — Monitor
21306,SET/4 DAISY MIRROR MAGNETS,2.0955555555555554,0.38,3.36,190,157.62,27,1.91,2.23,2.38,2.17,-3.4, Competitive — Monitor
16052,TEATIME PUSH DOWN RUBBER,0.54,0.0,0.86,1027,157.62,25,0.47,0.57,0.59,0.54,0.0, Competitive — Monitor
21489,BLUE WHITE SCARF HOT WATER BOTTLE,4.638888888888889,0.0,8.65,-3,157.60000000000002,18,4.14,4.77,5.07,4.66,-0.5, Competitive — Monitor
90094,NECKLACE+BRACELET SET FRUIT SALAD ,2.4427586206896548,0.0,2.55,158,157.01999999999998,27,2.26,2.27,2.58,2.37,3.1, Competitive — Monitor
17178,FLAT PALM T-LIGHT HOLDER,1.1865384615384615,0.0,1.25,129,156.65,25,1.02,1.24,1.39,1.22,-2.7, Competitive — Monitor
84806B,WHITE CANDYSTUFT ARTIFICIAL FLOWER,1.3641666666666667,0.42,1.45,142,156.45999999999998,12,1.2,1.44,1.52,1.39,-1.9, Competitive — Monitor
37491C,GREEN/BLUE CERAMIC CANDLE HOLDER,1.9663636363636363,0.0,3.36,70,155.97,10,1.73,2.06,2.16,1.98,-0.7, Competitive — Monitor
90081C,LILY BROOCH OLIVE COLOUR,5.0640909090909085,4.95,5.2,31,155.96,22,4.52,5.07,5.68,5.09,-0.5, Competitive — Monitor
90019C,SILVER BLACK ORBIT BRACELET,5.1826923076923075,0.0,5.63,3,155.67,26,4.91,4.96,6.08,5.32,-2.6, Competitive — Monitor
85166A,WHITE METAL BAROQUE PHOTO FRAME,3.991333333333334,0.0,7.78,41,155.15,15,3.42,4.21,4.27,3.97,0.5, Competitive — Monitor
90065B,BLACK VINT ART DEC CRYSTAL BRACELET,6.590588235294118,0.0,7.37,-3,154.87,15,5.94,6.83,7.77,6.85,-3.8, Competitive — Monitor
47504H,ENGLISH ROSE SPIRIT LEVEL ,3.9976,1.95,7.78,53,154.54,25,3.47,4.31,4.74,4.17,-4.1, Competitive — Monitor
90096,NECKLACE+BRACELET SET BLUE BLOSSOM,2.384137931034483,0.0,5.06,-80,154.23,27,2.26,2.25,2.84,2.45,-2.7, Competitive — Monitor
90024B,NEW BAROQUE B'FLY NECKLACE RED,8.527058823529412,8.49,8.68,18,153.46,16,7.34,8.15,9.46,8.32,2.5, Competitive — Monitor
90042A,FRESHWATER PEARL BRACELET GOLD,2.4746875,0.0,2.59,50,153.14,32,2.2,2.36,2.68,2.41,2.7, Competitive — Monitor
90013D,PURPLE VINTAGE EARRINGS,3.6959999999999997,0.0,4.24,28,152.94,15,3.41,3.87,4.09,3.79,-2.5, Competitive — Monitor
90210A,GREY ACRYLIC FACETED BANGLE,2.924166666666667,2.55,3.03,55,152.74,11,2.69,2.78,3.22,2.9,0.8, Competitive — Monitor
47503A,ASS FLORAL PRINT MULTI SCREWDRIVER,1.2520588235294117,0.0,2.57,2771,152.64,33,1.12,1.17,1.35,1.21,3.5, Competitive — Monitor
21226,POCKET MIRROR WOODLAND,1.1904761904761905,0.0,1.25,156,152.5,19,1.05,1.29,1.36,1.23,-3.2, Competitive — Monitor
47566b,TEA TIME PARTY BUNTING,8.47,8.47,8.47,18,152.46,14,7.54,7.83,9.5,8.29,2.2, Competitive — Monitor
84884a,ANT WHITE WIRE HEART SPIRAL,8.47,8.47,8.47,18,152.46,13,7.42,8.92,9.99,8.78,-3.5, Competitive — Monitor
DCGSSGIRL,update,2.8000000000000003,0.0,3.36,144,151.2,12,2.44,2.74,2.95,2.71,3.3, Competitive — Monitor
84192,ASSORTED COLOUR METAL CAT ,1.1594444444444445,0.0,1.25,0,151.1,15,1.04,1.22,1.33,1.2,-3.4, Competitive — Monitor
37379A,PINK CHERRY BLOSSOM CUP & SAUCER,7.526470588235293,0.0,11.26,-72,150.45,17,6.6,7.59,8.76,7.65,-1.6, Competitive — Monitor
90122C,TURQUOISE CRYSTAL+GLASS BRACELET,5.022105263157894,4.95,5.2,30,149.87,19,4.41,5.34,5.85,5.2,-3.4, Competitive — Monitor
16202E,BLACK PHOTO ALBUM ,3.684285714285714,0.0,12.13,32,149.68,14,3.37,3.94,4.36,3.89,-5.3, Competitive — Monitor
90185B,AMETHYST DIAMANTE EXPANDABLE RING,4.104814814814815,0.0,4.33,-11,149.16,27,3.89,3.78,4.76,4.14,-0.8, Competitive — Monitor
17108D,FLOWER FAIRY SUMMER BOUQUET SACHET,0.3864,0.0,0.42,-364,149.1,25,0.35,0.36,0.46,0.39,-0.9, Competitive — Monitor
90087,CRYSTAL SEA HORSE PHONE CHARM,1.243939393939394,0.0,1.7,195,148.92,33,1.07,1.19,1.37,1.21,2.8, Competitive — Monitor
90040D,MURANO STYLE GLASS BRACELET PINK,3.43962962962963,0.0,3.9,25,148.87,27,2.95,3.53,3.87,3.45,-0.3, Competitive — Monitor
22259,FELT FARM ANIMAL HEN,1.6437499999999998,1.25,2.51,108,148.85999999999999,29,1.55,1.75,1.73,1.68,-2.2, Competitive — Monitor
84709A,SILVER OVAL JEWELLED MIRROR,5.25,0.0,5.95,50,148.75,15,4.62,5.22,5.52,5.12,2.5, Competitive — Monitor
85131C,BEADED CRYSTAL HEART BLUE ON STICK,1.0839999999999999,0.38,2.51,254,148.5,23,0.93,1.1,1.18,1.07,1.3, Competitive — Monitor
90197B,BLACK GLASS BRACELET W HEART CHARMS,5.105833333333333,4.95,5.2,29,147.79,24,4.65,4.85,5.44,4.98,2.5, Competitive — Monitor
84926E,FLOWERS TILE COASTER,1.43,1.25,2.51,116,147.51999999999998,13,1.3,1.5,1.56,1.45,-1.4, Competitive — Monitor
21402,RED  EGG  SPOON,0.5319672131147541,0.42,0.85,328,147.48,60,0.49,0.57,0.57,0.54,-1.5, Competitive — Monitor
84622,PINK GINGHAM ROSE CUSHION COVER,6.840909090909091,0.0,21.7,-11,146.65,11,6.0,6.59,7.21,6.6,3.7, Competitive — Monitor
90002A,FLOWER BURST SILVER RING OPAL,2.897727272727273,0.0,3.75,78,146.25,19,2.47,2.9,3.44,2.94,-1.4, Competitive — Monitor
21032,SPACE CADET WHITE,1.4060869565217389,1.06,2.51,115,145.63,22,1.33,1.31,1.48,1.37,2.6, Competitive — Monitor
22869,"NUMBER TILE COTTAGE GARDEN, 1",2.5957142857142856,1.95,4.21,70,145.54,14,2.27,2.62,3.01,2.63,-1.3, Competitive — Monitor
85024C,PINK SMALL JEWELLED PHOTOFRAME,1.65,1.65,1.65,88,145.2,34,1.51,1.65,1.77,1.64,0.6, Competitive — Monitor
90185D,CRYSTAL DIAMANTE EXPANDABLE RING,4.110689655172414,0.0,4.33,-14,144.7,29,3.78,3.88,4.88,4.18,-1.7, Competitive — Monitor
79161A,ST GEORGE SET OF 10 PARTY LIGHTS,2.7533333333333334,0.0,2.95,59,144.55,15,2.51,2.73,3.26,2.83,-2.7, Competitive — Monitor
47574A,ENGLISH ROSE SCENTED HANGING FLOWER,5.253529411764706,4.25,8.65,29,144.53,16,4.63,5.11,6.03,5.26,-0.1, Competitive — Monitor
85179A,GREEN BITTY LIGHT CHAIN,5.525625000000001,4.65,9.32,26,144.25,15,4.85,5.54,6.36,5.58,-1.0, Competitive — Monitor
90036F,"FLOWER GLASS GARLD NECKL36""TURQUOIS",8.044166666666667,7.95,8.24,18,144.23000000000002,12,7.32,8.15,8.45,7.97,0.9, Competitive — Monitor
22977,DOLLY GIRL CHILDRENS EGG CUP,1.6205882352941174,1.25,2.51,110,143.8,17,1.52,1.49,1.94,1.65,-1.8, Competitive — Monitor
90060F,FIRE POLISHED GLASS NECKL GREEN,5.955,5.94,6.07,24,142.87,13,5.63,6.2,7.04,6.29,-5.3, Competitive — Monitor
90040A,MURANO STYLE GLASS BRACELET RED,3.8848387096774197,0.0,4.33,30,142.26,31,3.34,4.02,4.6,3.99,-2.6, Competitive — Monitor
21102,"CANDLE IN JAR COLLAGE , VANILLA",2.899090909090909,0.0,4.3,-76,142.03,22,2.51,2.84,3.33,2.89,0.3, Competitive — Monitor
90133,TEAL/FUSCHIA COL BEAD NECKLACE,5.099130434782609,4.95,5.2,28,142.03,23,4.82,4.73,5.62,5.06,0.8, Competitive — Monitor
47503H,ASS FLORAL PRINT SPIRIT LEVEL ,2.4451724137931032,0.0,4.3,100,141.42,28,2.26,2.54,2.9,2.57,-4.9, Competitive — Monitor
21461,BLUE EASTER EGG HUNT START POST,2.201111111111111,1.95,4.21,69,141.32999999999998,18,2.07,2.36,2.41,2.28,-3.5, Competitive — Monitor
72740A,LARGE STRAWBERRY CHOCOLATE CANDLE,3.5646153846153843,0.0,5.17,22,141.23,13,3.1,3.42,4.04,3.52,1.3, Competitive — Monitor
84661A,WHITE SQUARE TABLE CLOCK,3.0413043478260864,0.65,5.17,118,141.2,23,2.76,2.96,3.24,2.99,1.7, Competitive — Monitor
84247N,PACK/12 BLUE FOLKART CARDS,2.106190476190476,0.0,2.95,176,141.13000000000002,42,1.94,2.0,2.5,2.15,-2.0, Competitive — Monitor
90018A,SILVER M.O.P ORBIT DROP EARRINGS,4.26409090909091,4.24,4.33,33,140.64,21,3.91,4.32,4.57,4.27,-0.1, Competitive — Monitor
84882,GREEN WIRE STANDING CANDLE HOLDER,4.911,3.75,7.62,30,139.59,18,4.37,4.64,5.32,4.78,2.7, Competitive — Monitor
79192A,RETRO PLASTIC 70'S TRAY,1.4370588235294117,1.25,2.57,103,138.89,34,1.22,1.4,1.63,1.42,1.2, Competitive — Monitor
84508C,BLUE CIRCLES DESIGN TEDDY,2.9085714285714284,2.55,5.06,51,137.57999999999998,21,2.64,3.0,3.39,3.01,-3.4, Competitive — Monitor
90042C,FRESHWATER PEARL BRACELET IVORY,2.2258333333333336,0.0,2.55,113,137.51,24,1.95,2.25,2.54,2.25,-1.1, Competitive — Monitor
85204,HANGING WOOD AND FELT FLOWER,0.5288888888888889,0.36,0.86,305,136.8,51,0.47,0.52,0.57,0.52,1.7, Competitive — Monitor
84461,12 PINK HEN+CHICKS IN BASKET,2.5414285714285714,0.0,5.06,103,136.48999999999998,28,2.4,2.51,2.67,2.53,0.5, Competitive — Monitor
90028,NEW BAROQUE LARGE NECKLACE BLK/WHIT,8.508461538461539,8.49,8.68,16,136.10999999999999,12,7.57,8.59,9.9,8.69,-2.1, Competitive — Monitor
84915,HAND TOWEL PINK FLOWER AND DAISY,5.408888888888889,4.21,11.87,24,135.5,18,5.05,4.98,6.48,5.5,-1.7, Competitive — Monitor
35015,JACOBS LADDER SMALL,0.089,0.0,1.28,-2282,134.08,40,0.08,0.08,0.1,0.09,-1.1, Competitive — Monitor
84555A,YELLOW VW BEETLE CERAMIC MONEY BOX,2.6184210526315788,0.0,2.95,27,133.85000000000002,18,2.4,2.78,2.93,2.7,-3.0, Competitive — Monitor
35980C,REDWHITE STRIPE SCANDINAVIAN HEART ,0.3981081081081081,0.0,2.57,739,133.58,34,0.38,0.37,0.47,0.41,-2.9, Competitive — Monitor
77079,DOLPHIN WINDMILL,1.7938461538461539,0.0,2.12,106,133.56,13,1.54,1.85,1.99,1.79,0.2, Competitive — Monitor
90129D,AMBER GLASS TASSLE BAG CHARM,2.1951724137931037,1.66,2.95,55,132.74,28,1.87,2.34,2.48,2.23,-1.6, Competitive — Monitor
21030,SPACE CADET RED,1.23,1.06,1.25,109,132.45,19,1.1,1.18,1.38,1.22,0.8, Competitive — Monitor
90144,SILVER DROP EARRINGS WITH FLOWER,3.7942105263157897,3.75,3.9,35,132.09,19,3.26,3.72,4.24,3.74,1.4, Competitive — Monitor
47592B,SCOTTIES DESIGN CHILD'S OVERALL,1.8083870967741935,0.0,2.1,74,131.9,31,1.67,1.83,2.11,1.87,-3.3, Competitive — Monitor
35646,VINTAGE BEAD PINK EVENING BAG,5.305000000000001,4.25,8.47,28,131.66,12,4.99,5.63,5.99,5.54,-4.2, Competitive — Monitor
72140E,BEST DAD CANDLE LETTERS,0.9063636363636363,0.64,1.7,188,131.22,21,0.81,0.97,0.99,0.92,-1.5, Competitive — Monitor
90123A,PINK HEART OF GLASS BRACELET,5.95,5.95,5.95,22,130.9,10,5.21,6.18,6.48,5.96,-0.2, Competitive — Monitor
84656,WHITE ROSE C/COVER,5.156666666666667,0.0,5.95,20,130.9,15,4.61,4.82,5.44,4.96,4.0, Competitive — Monitor
35609A,PINK FEATHER CHRISTMAS DECORATION,0.7170833333333332,0.0,2.57,402,130.72,24,0.66,0.74,0.82,0.74,-3.1, Competitive — Monitor
20899,VINTAGE NOTEBOOK RED ROSE,2.5566666666666666,0.0,2.95,48,129.8,14,2.18,2.52,2.77,2.49,2.7, Competitive — Monitor
22877,"NUMBER TILE COTTAGE GARDEN, 9",2.360909090909091,1.95,4.21,63,129.63,11,2.15,2.35,2.53,2.34,0.9, Competitive — Monitor
84886,BLUE METAL WALL SHELF,7.653846153846154,0.0,9.95,17,129.35,12,6.98,7.1,8.79,7.62,0.4, Competitive — Monitor
17084P,DRAGONS BLOOD INCENSE,0.33147058823529413,0.16,0.43,618,129.24,33,0.3,0.32,0.38,0.33,0.4, Competitive — Monitor
84858A,NATURAL RIVIERA HANDBAG,4.461818181818182,0.0,12.13,-52,128.83,11,3.9,4.67,5.19,4.59,-2.8, Competitive — Monitor
84927E,FLOWERS TILE HOOK,2.1158823529411763,0.08,4.21,243,128.79,17,1.95,2.1,2.38,2.14,-1.1, Competitive — Monitor
84559D,3D SHEET OF SEA WORLD STICKERS,0.8274285714285714,0.0,1.73,32,128.41,34,0.71,0.8,0.98,0.83,-0.3, Competitive — Monitor
84877A,PINK ROUND COMPACT MIRROR,3.482142857142857,0.0,3.75,12,127.5,14,3.03,3.42,4.15,3.53,-1.4, Competitive — Monitor
90016B,GOLD/M.O.P PENDANT ORBIT NECKLACE,8.498181818181818,8.49,8.5,15,127.48,11,7.97,8.98,9.95,8.97,-5.3, Competitive — Monitor
84927D,LA PALMIERA TILE HOOK,1.9917647058823529,0.08,4.21,474,126.98000000000002,17,1.84,2.07,2.28,2.06,-3.3, Competitive — Monitor
16168S,FUNKY MONKEY GIFT BAG SMALL,0.2653846153846154,0.0,0.57,852,126.82999999999998,13,0.23,0.26,0.29,0.26,2.1, Competitive — Monitor
35914,PINK CHICK EGG WARMER + EGG CUP,2.8821052631578947,2.1,4.3,50,126.19000000000001,17,2.52,2.71,3.45,2.89,-0.3, Competitive — Monitor
90065A,WHITE VINTAGE CRYSTAL BRACELET,6.655714285714287,0.0,7.37,-14,125.99000000000001,14,5.8,6.39,7.26,6.48,2.7, Competitive — Monitor
90073,VINTAGE ENAMEL & CRYSTAL EARRINGS,5.057222222222222,4.95,5.2,25,125.82000000000001,18,4.44,5.4,5.46,5.1,-0.8, Competitive — Monitor
16053,POPART COL BALLPOINT PEN ASST,0.1475,0.0,0.21,1901,125.73,12,0.13,0.15,0.16,0.15,-1.7, Competitive — Monitor
82607E,GLASS BONBON JAR. D'AMANDES,1.0546875,0.0,1.25,46,125.0,31,0.9,1.06,1.12,1.03,2.4, Competitive — Monitor
22878,"NUMBER TILE COTTAGE GARDEN, No",3.2361538461538464,2.1,4.21,52,123.97000000000001,13,2.9,3.29,3.87,3.35,-3.4, Competitive — Monitor
90185C,BLACK DIAMANTE EXPANDABLE RING,4.120333333333333,0.0,4.33,24,123.61,30,3.8,4.03,4.69,4.17,-1.2, Competitive — Monitor
84660c,PINK STITCHED WALL CLOCK,7.62,7.62,7.62,16,121.92,15,6.94,7.99,8.64,7.86,-3.1, Competitive — Monitor
85094,CANDY SPOT EGG WARMER RABBIT,1.5809523809523807,0.38,2.57,121,121.37,20,1.45,1.59,1.82,1.62,-2.4, Competitive — Monitor
90000A,RASPBERRY ANT COPPER FLOWER NECKLAC,6.066923076923077,5.95,6.5,20,121.07000000000001,13,5.21,5.69,6.82,5.91,2.7, Competitive — Monitor
16216,LETTER SHAPE PENCIL SHARPENER,0.28,0.16,1.3,715,120.04,45,0.26,0.26,0.3,0.27,3.7, Competitive — Monitor
79532,MOSAIC GLASS BALL CANDLEHOLDER,1.1875,0.0,1.25,192,120.0,20,1.11,1.19,1.36,1.22,-2.7, Competitive — Monitor
90016C,SILVER/BLACK PENDANT ORBIT NECKLACE,8.510909090909092,8.49,8.68,14,119.11,11,7.92,9.11,9.85,8.96,-5.0, Competitive — Monitor
85190,PINK FLOWER HANGING HEART ,1.0655,0.0,3.43,-29,119.06,19,0.99,1.03,1.19,1.07,-0.4, Competitive — Monitor
20887,BOX OF 6 PEBBLE CANDLES,4.492,0.0,7.78,33,118.39,10,4.24,4.76,5.23,4.74,-5.2, Competitive — Monitor
90139,FLOWER BROOCH 4 ASSORTED COLOURS,4.6370000000000005,0.0,5.2,18,118.24000000000001,20,4.19,4.83,5.03,4.68,-0.9, Competitive — Monitor
20896,VINTAGE NOTEBOOK PINK FLOWER,2.7764705882352945,0.0,2.95,25,118.00000000000001,15,2.42,2.66,3.01,2.7,2.8, Competitive — Monitor
90156,RESIN BRACELET W PASTEL BEADS,6.188181818181818,4.95,7.81,21,117.57000000000001,11,5.64,5.73,6.65,6.01,3.0, Competitive — Monitor
90212B,JET BLACK LAS VEGAS BRACELET ROUND,3.8072727272727276,3.75,3.9,31,117.51,22,3.52,3.56,4.21,3.76,1.3, Competitive — Monitor
84288B,SET/2 BLUE  NOODLE BASKETS,1.7482758620689653,0.0,1.95,85,117.0,28,1.62,1.81,2.06,1.83,-4.5, Competitive — Monitor
90002C,FLOWER BURST SILVER RING MIDN'T BLU,3.2882608695652173,0.0,3.9,7,116.88,23,2.97,3.13,3.86,3.32,-1.0, Competitive — Monitor
20847,ZINC HEART LATTICE CHARGER LARGE,5.5236363636363635,3.75,7.78,28,116.77,11,4.73,5.41,6.12,5.42,1.9, Competitive — Monitor
17012D,ORIGAMI ROSE INCENSE/CANDLE SET ,2.5638095238095238,0.85,5.06,61,116.49999999999999,21,2.27,2.56,2.92,2.58,-0.6, Competitive — Monitor
85169C,EAU DE NIL LOVE BIRD CANDLE,1.6884615384615385,1.25,2.57,77,116.47,26,1.59,1.75,1.96,1.77,-4.6, Competitive — Monitor
21228,"POCKET MIRROR ""GLAMOROUS""",1.252258064516129,0.0,2.57,74,116.32,30,1.14,1.17,1.36,1.22,2.6, Competitive — Monitor
90137,PINK COMBO MINI CRYSTALS NECKLACE,5.1466666666666665,4.95,5.63,23,116.21000000000001,12,4.65,5.07,5.53,5.08,1.3, Competitive — Monitor
90093,CLEAR CRYSTAL STAR PHONE CHARM,1.0322222222222222,0.85,1.7,131,115.47999999999999,18,0.91,1.03,1.23,1.06,-2.6, Competitive — Monitor
21031,SPACE CADET BLACK,1.3430434782608696,1.06,2.51,93,114.97,23,1.19,1.35,1.53,1.36,-1.2, Competitive — Monitor
44234,ASSORTED CIRCULAR MOBILE,0.3409090909090909,0.18,1.66,548,114.39999999999999,25,0.32,0.36,0.41,0.36,-5.3, Competitive — Monitor
35610B,BLACK CHRISTMAS FLOCK DROPLET ,1.1223076923076922,0.42,1.25,155,114.07,12,1.03,1.06,1.24,1.11,1.1, Competitive — Monitor
90125D,PURPLE BERTIE GLASS BEAD BAG CHARM,3.475882352941176,2.1,4.3,41,113.71000000000001,17,3.23,3.65,4.02,3.63,-4.2, Competitive — Monitor
90211A,DIAMOND LAS VEGAS NECKLACE 45CM,5.976,5.94,6.07,19,113.42000000000002,15,5.35,6.16,6.47,5.99,-0.2, Competitive — Monitor
17090A,LAVENDER INCENSE 40 CONES IN TIN,1.2055555555555555,0.85,1.25,106,113.3,18,1.1,1.22,1.31,1.21,-0.4, Competitive — Monitor
46138B,BLUE CHENILLE SHAGGY CUSHION COVER ,4.196153846153846,1.95,6.91,28,113.14,13,3.67,4.33,4.73,4.24,-1.0, Competitive — Monitor
84452,METAL RABBIT LADDER EASTER ,1.2941935483870968,0.0,1.7,2,113.05999999999999,30,1.19,1.28,1.42,1.3,-0.4, Competitive — Monitor
84614A,PINK BAROQUE FLOCK CANDLE HOLDER,7.564545454545454,5.95,11.87,15,112.93,11,6.75,7.13,8.13,7.34,3.1, Competitive — Monitor
90181B,AMETHYST GLASS/SHELL/PEARL NECKLACE,9.36,8.95,9.55,12,112.32,12,8.37,9.61,10.2,9.39,-0.3, Competitive — Monitor
90190C,SILVER/AMETHYST DROP EARRINGS LEAF,2.9585,2.95,3.03,38,112.27000000000001,20,2.71,2.97,3.12,2.93,1.0, Competitive — Monitor
35607A,PINK FLUFFY CHRISTMAS DECORATION,0.2787096774193549,0.0,1.66,430,110.99000000000001,30,0.26,0.28,0.32,0.29,-3.9, Competitive — Monitor
90170,DAISY HAIR BAND,1.6913513513513514,1.65,1.72,66,110.94,37,1.45,1.65,1.9,1.67,1.3, Competitive — Monitor
90024D,NEW BAROQUE B'FLY NECKLACE PINK,8.516363636363637,8.5,8.68,13,110.68,11,7.94,9.07,9.06,8.69,-2.0, Competitive — Monitor
90214S,"LETTER ""S"" BLING KEY RING",1.2084615384615385,0.85,2.57,91,110.39,51,1.06,1.23,1.3,1.2,0.7, Competitive — Monitor
47471,RAINBOW PEGS PHOTO CLIP STRING,0.8848275862068966,0.65,1.52,143,109.93,27,0.79,0.83,0.94,0.85,4.1, Competitive — Monitor
90000B,MIDNIGHT BLUE COPPER FLOWER NECKLAC,5.763529411764706,0.0,6.5,12,109.88000000000001,17,4.91,5.72,6.58,5.74,0.4, Competitive — Monitor
82069,BEECH WOOD P/FRAME,5.7525,0.0,7.25,12,109.85,12,5.06,5.99,6.12,5.72,0.6, Competitive — Monitor
90086,CRYSTAL FROG PHONE CHARM,1.3128571428571427,0.85,1.66,117,109.16999999999999,21,1.18,1.37,1.53,1.36,-3.5, Competitive — Monitor
85185F,LION SOCK PUPPET,2.5652173913043477,0.0,2.95,82,109.15,22,2.19,2.56,2.7,2.48,3.4, Competitive — Monitor
17191A,ROSE FLOWER CANDLE+INCENSE 16X16CM,3.75,3.75,3.75,29,108.75,10,3.37,3.99,4.08,3.81,-1.6, Competitive — Monitor
84558a,3D DOG PICTURE PLAYING CARDS,5.975,5.91,6.04,18,107.68,16,5.63,5.75,7.07,6.15,-2.8, Competitive — Monitor
16206B,RED PURSE WITH PINK HEART,1.1466666666666667,0.0,1.25,185,107.65,15,0.99,1.13,1.33,1.15,-0.3, Competitive — Monitor
35096B,RED VICTORIAN FABRIC HEART BOX,0.44749999999999995,0.0,0.86,229,107.33,26,0.41,0.48,0.47,0.45,-0.6, Competitive — Monitor
90030B,RED KUKUI COCONUT SEED NECKLACE,5.965833333333333,5.94,6.07,18,107.29,12,5.32,6.34,7.0,6.22,-4.1, Competitive — Monitor
44235,ASS COL CIRCLE MOBILE ,0.415,0.36,0.42,285,106.74,10,0.38,0.43,0.47,0.43,-3.5, Competitive — Monitor
90186B,CRYSTAL HOOP EARRING FLORAL LEAF,2.966470588235294,2.95,3.03,36,106.64000000000001,17,2.6,3.14,3.49,3.08,-3.7, Competitive — Monitor
90210D,PURPLE ACRYLIC FACETED BANGLE,2.976875,2.95,3.03,36,106.63000000000001,15,2.58,2.78,3.39,2.92,1.9, Competitive — Monitor
90129F,RED GLASS TASSLE BAG CHARM,2.1520689655172416,1.66,2.95,47,106.48,29,1.86,2.28,2.48,2.21,-2.6, Competitive — Monitor
35840,FLAT GLASS  BAUBLE WHITE FLOCK ,3.246153846153846,0.0,6.91,-34,106.28,13,2.78,3.15,3.89,3.27,-0.7, Competitive — Monitor
72038P,PRICE'S CANDLE PEACH,0.158,0.08,0.21,1000,106.0,10,0.14,0.15,0.17,0.15,5.3, Competitive — Monitor
84458,S/3 RABBIT FLOWER/EGG/CARROT ROPE,0.7727272727272727,0.0,0.85,76,105.39999999999999,22,0.71,0.74,0.88,0.78,-0.9, Competitive — Monitor
72351a,SET/6 TURQUOISE BUTTERFLY T-LIGHTS,4.21,4.21,4.21,25,105.25,18,3.95,4.15,4.71,4.27,-1.4, Competitive — Monitor
16169D,WRAP WINTER FOREST,0.34363636363636363,0.0,0.42,76,105.0,11,0.32,0.33,0.36,0.34,1.1, Competitive — Monitor
79191D,RETRO PLASTIC DAISY TRAY,1.1878048780487804,0.85,1.7,102,104.6,41,1.09,1.15,1.25,1.16,2.4, Competitive — Monitor
84531A,PINK KNITTED EGG COSY,2.2935,1.95,4.3,50,104.36999999999999,18,1.97,2.16,2.45,2.19,4.7, Competitive — Monitor
72051S,BAG OF SILVER STONES,0.6495652173913044,0.0,0.86,94,104.3,44,0.57,0.63,0.75,0.65,-0.1, Competitive — Monitor
21337,SILVER WASHBAG,3.465,2.95,6.04,33,103.53000000000002,12,3.05,3.51,3.93,3.5,-1.0, Competitive — Monitor
17038,PORCELAIN BUDAH INCENSE HOLDER,0.4082608695652174,0.0,0.85,-266,103.45,23,0.36,0.4,0.46,0.41,-0.4, Competitive — Monitor
79403,FROSTED WHITE BASE ,1.1908333333333332,0.85,1.7,108,103.25999999999999,24,1.07,1.16,1.26,1.16,2.7, Competitive — Monitor
90003D,CRYSTAL PAIR HEART HAIR SLIDES,3.5933333333333337,0.0,3.9,24,102.66,18,3.25,3.74,4.03,3.67,-2.1, Competitive — Monitor
17014A,ORIGAMI VANILLA INCENSE CONES,1.8591666666666666,0.0,3.43,113,102.29999999999998,12,1.65,1.98,2.21,1.95,-4.7, Competitive — Monitor
90003B,ROSE COLOUR PAIR HEART HAIR SLIDES,3.5889473684210524,0.0,3.9,19,102.06,18,3.18,3.74,3.98,3.63,-1.1, Competitive — Monitor
90214J,"LETTER ""J"" BLING KEY RING",1.21,0.85,2.57,85,101.81,51,1.13,1.18,1.38,1.23,-1.6, Competitive — Monitor
90199D,5 STRAND GLASS NECKLACE AMBER,6.356,6.35,6.37,16,101.66,10,5.9,6.6,7.42,6.64,-4.3, Competitive — Monitor
90114,SUMMER DAISIES BAG CHARM,2.5243999999999995,2.51,2.55,40,101.24,25,2.22,2.38,2.95,2.52,0.2, Competitive — Monitor
35966,FOLKART CHRISTMAS TREE T-LIGHT HOLD,0.6784,0.0,1.7,164,101.08000000000001,25,0.64,0.64,0.77,0.68,-0.2, Competitive — Monitor
16043,POP ART PUSH DOWN RUBBER ,0.31285714285714283,0.0,0.42,768,100.86,14,0.3,0.31,0.37,0.33,-5.2, Competitive — Monitor
DCGSSBOY,update,2.8000000000000003,0.0,3.36,40,100.8,12,2.47,2.94,3.1,2.84,-1.4, Competitive — Monitor
90214K,"LETTER ""K"" BLING KEY RING",1.296,0.85,2.57,79,100.65,49,1.15,1.24,1.53,1.31,-1.1, Competitive — Monitor
90164A,PINK ROSEBUD PEARL BRACELET,7.6890909090909085,7.5,7.81,13,99.72,11,6.92,7.15,8.35,7.47,2.9, Competitive — Monitor
90214A,"LETTER ""A"" BLING KEY RING",1.2084615384615385,0.85,2.57,83,99.59,52,1.14,1.14,1.32,1.2,0.7, Competitive — Monitor
10123G,ARMY CAMO WRAPPING TAPE,0.7005,0.0,1.7,1230,99.32,19,0.66,0.74,0.74,0.71,-1.3, Competitive — Monitor
10120,DOGGY RUBBER,0.2506122448979592,0.0,0.43,-8543,99.27,49,0.22,0.26,0.29,0.26,-3.6, Competitive — Monitor
21266,VINTAGE SILVER TINSEL REEL,3.8699999999999997,0.0,4.3,0,98.9,10,3.44,3.72,4.31,3.82,1.3, Competitive — Monitor
84970l,SINGLE HEART ZINC T-LIGHT HOLDER,2.13,2.13,2.13,46,97.97999999999999,21,1.93,2.15,2.31,2.13,0.0, Competitive — Monitor
84705D,CHERRY BLOSSOM PHOTO FRAME ,4.111875,0.0,4.65,16,97.9,15,3.7,4.13,4.46,4.1,0.3, Competitive — Monitor
90214M,"LETTER ""M"" BLING KEY RING",1.23725,0.5,2.57,86,97.6,39,1.08,1.27,1.47,1.27,-2.6, Competitive — Monitor
90160A,PURPLE BOUDICCA LARGE BRACELET,6.976999999999999,6.95,7.22,14,97.57000000000001,10,6.53,6.68,8.2,7.14,-2.3, Competitive — Monitor
20861,GOLD COSMETIC BAG PINK STAR,1.8789473684210527,0.0,2.1,32,96.60000000000001,17,1.72,1.99,2.13,1.95,-3.6, Competitive — Monitor
79051A,SMOKEY GREY COLOUR D.O.F. GLASS,1.5411111111111113,0.65,6.04,123,95.99000000000001,14,1.44,1.49,1.76,1.56,-1.2, Competitive — Monitor
47481,50CM METAL STRING WITH  7 CLIPS,1.2027272727272729,0.85,2.17,102,95.74,22,1.13,1.24,1.35,1.24,-3.0, Competitive — Monitor
35594,WOODEN CHRISTMAS TREE 3 HANGING,0.9471428571428572,0.0,1.7,109,95.5,41,0.88,0.87,1.05,0.93,1.8, Competitive — Monitor
84926A,WAKE UP COCKEREL TILE COASTER,1.6478947368421053,1.25,2.51,69,95.07,19,1.47,1.61,1.96,1.68,-1.9, Competitive — Monitor
72606A,BROWN ANTIQUE CUBE CANDLE,0.378,0.0,0.42,181,94.92,20,0.34,0.37,0.4,0.37,2.2, Competitive — Monitor
21367,MIRRORED WALL ART GENTS,3.555238095238095,0.85,5.17,44,94.21,21,3.08,3.58,3.96,3.54,0.4, Competitive — Monitor
84926D,LA PALMIERA TILE COASTER,1.754,1.25,2.51,68,93.82,14,1.61,1.63,1.93,1.72,2.0, Competitive — Monitor
84231,EASTER BUNNY WITH BASKET ON BACK,0.9580000000000001,0.65,1.49,122,93.58,30,0.83,1.0,1.08,0.97,-1.2, Competitive — Monitor
90214L,"LETTER ""L"" BLING KEY RING",1.2077142857142857,0.85,2.57,77,93.57,35,1.11,1.15,1.35,1.2,0.6, Competitive — Monitor
16219,HOUSE SHAPE PENCIL SHARPENER,0.7279310344827586,0.21,1.74,310,93.53,29,0.64,0.75,0.82,0.74,-1.6, Competitive — Monitor
21087,SET/6 POSIES PAPER CUPS,0.8876470588235295,0.65,1.66,119,93.51,16,0.76,0.93,0.95,0.88,0.9, Competitive — Monitor
35610A,PINK CHRISTMAS FLOCK DROPLET ,1.468,0.42,2.57,134,92.92,10,1.27,1.48,1.65,1.47,-0.1, Competitive — Monitor
90072,RUBY DROP CHANDELIER EARRINGS,4.134375,3.75,4.33,23,92.89,16,3.52,4.29,4.49,4.1,0.8, Competitive — Monitor
22859,EASTER TIN BUNNY BOUQUET,2.22,1.65,3.36,51,92.69999999999999,12,2.05,2.28,2.39,2.24,-0.9, Competitive — Monitor
84927F,PSYCHEDELIC TILE HOOK,2.944,2.1,4.21,36,92.48,20,2.72,2.88,3.12,2.91,1.2, Competitive — Monitor
81950B,FLOWER BLUE CLOCK W/SUCKER,1.1500000000000001,0.85,1.66,99,92.25,27,1.04,1.21,1.34,1.2,-4.2, Competitive — Monitor
84753A,PINK EAU DE COLOGNE BOTTLE,1.065,0.0,1.66,185,92.16999999999999,26,0.92,1.03,1.19,1.05,1.4, Competitive — Monitor
90214C,"LETTER ""C"" BLING KEY RING",1.1657142857142857,0.85,2.51,79,92.01,42,1.0,1.18,1.33,1.17,-0.4, Competitive — Monitor
47578A,ENGLISH ROSE SMALL SCENTED FLOWER,0.8765625,0.85,1.7,105,91.8,25,0.75,0.91,1.02,0.89,-1.5, Competitive — Monitor
20660,VIP LUGGAGE TAG ,1.1693548387096775,0.0,1.25,34,91.25,28,1.01,1.15,1.35,1.17,-0.1, Competitive — Monitor
84437A,S/6 PINK EASTER DECS IN BOX,0.8113636363636363,0.0,1.7,152,90.94999999999999,20,0.76,0.79,0.91,0.82,-1.1, Competitive — Monitor
85039a,SET/4 RED MINI ROSE CANDLE IN BOWL,3.36,3.36,3.36,27,90.72,18,2.94,3.34,3.72,3.33,0.9, Competitive — Monitor
81952V,ROUND PURPLE CLOCK W/SUCKER,1.2840909090909092,0.64,1.7,99,90.52,22,1.14,1.35,1.42,1.3,-1.2, Competitive — Monitor
84199,GLOW IN DARK DOLPHINS,0.21869565217391304,0.0,0.43,1367,90.21,41,0.19,0.23,0.25,0.22,-0.6, Competitive — Monitor
84531B,BLUE KNITTED EGG COSY,2.0805555555555553,1.95,4.3,45,90.1,16,1.81,2.1,2.34,2.08,0.0, Competitive — Monitor
90112,PINK DOLLY HAIR CLIPS,1.01,0.0,1.66,32,89.15,21,0.91,1.04,1.19,1.05,-3.8, Competitive — Monitor
47598,NEW ENGLAND EGG WARMER,0.6730555555555555,0.0,1.3,91,89.12,36,0.61,0.72,0.8,0.71,-5.2, Competitive — Monitor
90104,PURPLE FRANGIPANI HAIRCLIP,0.8159523809523809,0.0,0.85,124,89.11999999999999,40,0.71,0.76,0.88,0.78,4.6, Competitive — Monitor
90039D,FIRE POLISHED GLASS BRACELET GREEN,3.826875,3.75,3.9,23,87.78,16,3.27,3.66,4.1,3.68,4.0, Competitive — Monitor
37462B,"PET MUG, BUDGIE",0.7017142857142856,0.0,0.86,185,86.86,35,0.62,0.73,0.8,0.72,-2.5, Competitive — Monitor
79144C,PAINTED LIGHTBULB RAINBOW DESIGN,0.6806,0.37,0.86,160,86.64,49,0.59,0.72,0.75,0.69,-1.4, Competitive — Monitor
84424A,FOUR PICTURE WHITE GLASS FRAME,2.8846153846153846,0.0,3.75,47,86.25,13,2.52,3.05,3.04,2.87,0.5, Competitive — Monitor
35271S,GOLD PRINT PAPER BAG,0.2127272727272727,0.0,0.84,416,85.97,22,0.2,0.21,0.25,0.22,-3.3, Competitive — Monitor
90059A,DIAMANTE HAIR GRIP PACK/2 CRYSTAL,1.6904347826086954,1.65,1.72,51,85.83,23,1.54,1.58,1.83,1.65,2.5, Competitive — Monitor
90040C,MURANO STYLE GLASS BRACELET GOLD,3.626153846153846,3.5,3.9,24,85.64,13,3.28,3.59,4.31,3.73,-2.8, Competitive — Monitor
90162B,ANT SILVER LIME GREEN BOUDICCA RING,2.95,2.95,2.95,29,85.55000000000001,11,2.63,2.82,3.41,2.95,0.0, Competitive — Monitor
84454,WOBBLING METAL CHICKEN EASTER,0.9674999999999999,0.0,1.66,-239,85.53,20,0.86,0.94,1.13,0.98,-1.3, Competitive — Monitor
85099c,JUMBO  BAG BAROQUE BLACK WHITE,4.975,4.21,5.06,17,85.17,10,4.5,5.19,5.37,5.02,-0.9, Competitive — Monitor
90116,FRUIT SALAD BAG CHARM,1.9463636363636363,0.0,2.51,8,85.02,22,1.79,1.81,2.11,1.9,2.4, Competitive — Monitor
35838B,S/6 SILVER ORNAMENETAL CANDLE,0.7870370370370371,0.0,0.85,30,85.0,25,0.72,0.83,0.89,0.81,-2.8, Competitive — Monitor
84450B,YELLOW RABBIT SAT EASTER,0.7019444444444445,0.0,0.83,89,84.55,36,0.61,0.69,0.76,0.69,1.7, Competitive — Monitor
90165B,WHITE ROSEBUD  PEARL EARRINGS,2.5552941176470587,2.54,2.59,33,84.22,17,2.3,2.59,2.8,2.56,-0.2, Competitive — Monitor
35911B,PINK/FLOWER RABBIT EGG WARMER ,1.8900000000000001,0.0,2.1,31,84.0,10,1.68,1.77,2.08,1.84,2.7, Competitive — Monitor
84251F,"GREETING CARD, RITA",0.41641509433962265,0.0,0.86,287,83.97,53,0.39,0.41,0.45,0.42,-0.9, Competitive — Monitor
84926F,PSYCHEDELIC TILE COASTER,1.8419999999999999,1.25,2.57,55,83.92999999999999,14,1.68,1.72,1.99,1.8,2.3, Competitive — Monitor
90214E,"LETTER ""E"" BLING KEY RING",1.216190476190476,0.85,2.51,70,83.67999999999999,42,1.1,1.31,1.42,1.28,-5.0, Competitive — Monitor
79144B,PAINTED LIGHTBULB STAR+ MOON,0.5629545454545455,0.37,0.86,179,83.26,42,0.49,0.59,0.61,0.56,0.5, Competitive — Monitor
90190A,SILVER/CRYSTAL DROP EARRINGS W LEAF,2.9604761904761907,2.95,3.03,28,82.83000000000001,21,2.7,2.94,3.12,2.92,1.4, Competitive — Monitor
22918,HERB MARKER PARSLEY,0.9746428571428571,0.65,1.66,101,82.82000000000001,25,0.84,0.93,1.12,0.96,1.5, Competitive — Monitor
72779,SET/6 BLACK ROSE T-LIGHT CANDLES,1.69,1.69,1.69,49,82.81,15,1.49,1.81,2.02,1.77,-4.5, Competitive — Monitor
90002B,FLOWER BURST SILVER RING ROSE,3.771818181818182,3.75,3.81,22,82.74,11,3.26,3.68,4.15,3.7,1.9, Competitive — Monitor
90199A,5 STRAND GLASS NECKLACE BLACK,6.353076923076923,6.35,6.37,13,82.58999999999999,13,5.84,6.01,6.78,6.21,2.3, Competitive — Monitor
22916,HERB MARKER THYME,1.0384615384615385,0.65,1.66,98,81.88,26,0.9,1.05,1.18,1.04,-0.1, Competitive — Monitor
22920,HERB MARKER BASIL,0.9996153846153846,0.65,1.66,99,81.52,25,0.89,1.07,1.19,1.05,-4.8, Competitive — Monitor
84927A,WAKE UP COCKEREL TILE HOOK,2.2195,0.0,4.21,88,81.41000000000001,20,2.09,2.04,2.59,2.24,-0.9, Competitive — Monitor
90023,FILIGREE DIAMANTE EARRINGS,4.266153846153847,4.24,4.33,19,80.96000000000001,13,3.71,4.09,4.88,4.23,0.9, Competitive — Monitor
90166,PINK & WHITE ROSEBUD RING,4.253333333333334,4.24,4.33,19,80.89,18,3.83,4.55,4.67,4.35,-2.2, Competitive — Monitor
90018B,GOLD M.O.P ORBIT DROP EARRINGS,4.2543750000000005,4.24,4.33,19,80.82000000000001,16,3.79,4.03,4.81,4.21,1.1, Competitive — Monitor
84596I,WRAP SWEETS LIGHT PINK SMALL BOWL,1.235,0.0,2.51,144,80.62,11,1.05,1.16,1.31,1.17,5.6, Competitive — Monitor
90130B,TURQ STONE/CRYSTAL EARRINGS,2.9690000000000003,2.95,3.03,27,80.04,20,2.76,3.0,3.42,3.06,-3.0, Competitive — Monitor
79026B,"S/4 ICON COASTER,ELVIS LIVES",1.8643333333333334,0.0,2.57,23,79.89,29,1.6,1.97,2.16,1.91,-2.4, Competitive — Monitor
90038A,GLASS AND PAINTED BEADS BRACELET TO,3.8249999999999997,3.75,3.9,21,79.65,12,3.43,3.81,4.57,3.94,-2.9, Competitive — Monitor
90089,PINK CRYSTAL SKULL PHONE CHARM,1.2144444444444444,0.85,1.7,85,79.61999999999999,18,1.1,1.31,1.32,1.24,-2.1, Competitive — Monitor
21400,RED PUDDING SPOON,0.4835,0.42,0.85,185,79.4,20,0.44,0.5,0.51,0.48,0.7, Competitive — Monitor
22917,HERB MARKER ROSEMARY,1.0384615384615385,0.65,1.66,98,78.85000000000001,25,0.95,0.97,1.18,1.03,0.8, Competitive — Monitor
84455,SET OF 3 RABBIT CARROTS EASTER,1.006190476190476,0.85,1.7,86,78.81,20,0.88,1.09,1.16,1.04,-3.3, Competitive — Monitor
90138,WHITE/PINK MINI CRYSTALS NECKLACE,5.306363636363636,4.95,5.51,15,78.73,11,4.52,5.23,6.2,5.32,-0.3, Competitive — Monitor
90099,NECKLACE+BRACELET SET BLUE HIBISCUS,4.014166666666666,2.55,5.06,22,78.69,12,3.7,3.88,4.33,3.97,1.1, Competitive — Monitor
20796,SMALL BLUE PROVENCAL CERAMIC BALL,2.7076923076923074,1.65,3.43,37,78.22,13,2.45,2.73,2.95,2.71,-0.1, Competitive — Monitor
35931,PINK STAR CHRISTMAS DECORATION,0.48466666666666663,0.38,1.95,156,78.12,15,0.45,0.47,0.55,0.49,-1.1, Competitive — Monitor
72134,COLUMBIAN  CUBE CANDLE ,0.8875,0.19,1.66,235,77.89,19,0.83,0.83,0.98,0.88,0.9, Competitive — Monitor
17090D,VANILLA INCENSE 40 CONES IN TIN,1.2289473684210528,0.85,1.25,66,77.7,18,1.15,1.13,1.45,1.24,-0.9, Competitive — Monitor
90019B,GOLD M.O.P ORBIT BRACELET,5.255454545454546,4.95,5.51,15,77.61,11,4.72,5.21,5.89,5.27,-0.3, Competitive — Monitor
72821,CUPID SCENTED CANDLE IN GLASS,1.5230769230769228,0.0,1.65,45,77.55,12,1.35,1.61,1.78,1.58,-3.6, Competitive — Monitor
84388,WISE MAN STAR SHAPE EGG PAN,1.65,1.65,1.65,47,77.55,19,1.53,1.67,1.88,1.69,-2.4, Competitive — Monitor
90179C,BLACK FINE BEAD NECKLACE W TASSEL,5.949166666666667,5.94,5.95,13,77.34,12,5.33,6.42,6.94,6.23,-4.5, Competitive — Monitor
90202D,PINK ENAMEL FLOWER HAIR TIE,2.968461538461539,2.95,3.03,26,77.03000000000002,13,2.58,2.87,3.27,2.91,2.0, Competitive — Monitor
21595,Dad's Cab Electronic Meter,7.695,0.0,8.65,10,76.95,10,7.2,7.42,9.04,7.89,-2.5, Competitive — Monitor
90185A,AMBER DIAMANTE EXPANDABLE RING,4.01,0.0,4.33,-1,76.75,17,3.76,3.79,4.38,3.98,0.8, Competitive — Monitor
84247H,PACK/12 DECOUPAGE CARD,2.1430434782608696,0.0,2.95,82,76.68,23,1.92,2.03,2.43,2.13,0.6, Competitive — Monitor
84425A,WHITE GLASS TV TRIPLE FRAME,3.1916666666666664,0.0,4.3,19,76.6,12,2.74,3.08,3.45,3.09,3.3, Competitive — Monitor
84874B,BLUE TRAVEL FIRST AID KIT,1.5839999999999999,0.0,1.65,40,75.89999999999999,24,1.41,1.66,1.78,1.62,-2.2, Competitive — Monitor
84744,S/6 SEW ON CROCHET FLOWERS,1.313,1.25,2.51,59,75.01,17,1.22,1.4,1.44,1.35,-2.7, Competitive — Monitor
16161E,WRAP BOUDOIR ,0.09,0.0,0.1,505,75.0,10,0.08,0.1,0.1,0.09,0.0, Competitive — Monitor
84921,CREAM AND PINK FLOWERS PONY ,3.25,0.0,3.75,60,75.0,12,2.83,3.11,3.88,3.27,-0.6, Competitive — Monitor
90204,PAIR OF ENAMEL BUTTERFLY HAIRCLIP,3.405,3.35,3.46,22,74.95,20,2.92,3.61,3.66,3.4,0.1, Competitive — Monitor
84661C,PINK SQUARE TABLE CLOCK,2.619090909090909,0.65,5.17,79,74.91,11,2.46,2.55,3.06,2.69,-2.6, Competitive — Monitor
21267,VINTAGE PINK TINSEL REEL ,3.1090909090909093,0.0,4.3,2,74.6,11,2.76,2.92,3.72,3.13,-0.7, Competitive — Monitor
47343A,FUSCHIA FLOWER PURSE WITH BEADS,1.49,1.49,1.49,50,74.5,11,1.35,1.58,1.57,1.5,-0.7, Competitive — Monitor
90168,2 DAISIES HAIR COMB,2.974615384615385,2.95,3.03,25,74.16000000000001,13,2.82,3.04,3.44,3.1,-4.0, Competitive — Monitor
90100,NECKLACE+BRACELET SET PINK DAISY,2.3375,0.0,2.55,5,73.94999999999999,12,2.0,2.21,2.54,2.25,3.9, Competitive — Monitor
20664,TROPICAL HOLIDAY PURSE ,2.95,2.95,2.95,25,73.75,13,2.7,2.92,3.12,2.91,1.4, Competitive — Monitor
84447,6 RABBIT CHAIN EASTER,1.2145454545454546,0.0,1.66,21,73.27,21,1.04,1.17,1.35,1.19,2.1, Competitive — Monitor
84899E,YELLOW + BROWN BEAR FELT PURSE KIT,1.5295652173913044,0.0,2.57,26,72.68,23,1.36,1.59,1.82,1.59,-3.8, Competitive — Monitor
22921,HERB MARKER CHIVES ,1.0708333333333333,0.65,1.66,85,72.42,24,1.0,1.06,1.13,1.06,1.0, Competitive — Monitor
90194,SILVER LARIAT BLACK STONE EARRINGS,3.92,0.0,4.25,-34,72.21,13,3.5,4.23,4.46,4.06,-3.4, Competitive — Monitor
21950,SET OF 6 DOTS CHOPSTICKS,2.0681818181818183,0.0,2.57,11,71.57999999999998,22,1.96,1.92,2.33,2.07,-0.1, Competitive — Monitor
35937,CERISE+GOLD CHRISTMAS STOCKING DEC,0.35888888888888887,0.0,0.38,157,71.44,18,0.33,0.35,0.42,0.37,-3.0, Competitive — Monitor
84925C,FAIRY CAKES  WALL THERMOMETER,2.3181818181818183,0.0,2.55,-1,71.39999999999999,11,2.04,2.31,2.46,2.27,2.1, Competitive — Monitor
37509,NEW ENGLAND MUG W GIFT BOX,1.9428571428571426,0.0,2.55,60,71.39999999999999,20,1.69,1.94,2.24,1.96,-0.9, Competitive — Monitor
21368,MIRRORED WALL ART LADIES,3.2806666666666664,0.85,5.17,39,71.30999999999999,14,2.9,3.18,3.78,3.29,-0.3, Competitive — Monitor
84751B,BLACK MEDIUM GLASS CAKE STAND,3.482142857142857,0.0,3.75,-41,71.25,13,3.09,3.61,4.01,3.57,-2.5, Competitive — Monitor
90214R,"LETTER ""R"" BLING KEY RING",1.3017241379310345,0.85,2.57,56,71.22,28,1.12,1.38,1.55,1.35,-3.6, Competitive — Monitor
20698,LITTLE PINK MONSTER SOFT TOY,2.3035714285714284,0.0,2.55,90,71.1,14,2.04,2.47,2.7,2.4,-4.0, Competitive — Monitor
90162A,ANT SILVER TURQUOISE BOUDICCA RING,2.4583333333333335,0.0,2.95,35,70.80000000000001,12,2.2,2.58,2.6,2.46,-0.1, Competitive — Monitor
20958,PORCELAIN HANGING BELL LARGE,1.5999999999999999,0.0,1.95,-63,70.5,12,1.48,1.69,1.79,1.65,-3.0, Competitive — Monitor
72801d,S/4 SKY BLUE DINNER CANDLES,2.51,2.51,2.51,28,70.28,17,2.3,2.53,2.79,2.54,-1.2, Competitive — Monitor
84465,15 PINK FLUFFY CHICKS IN BOX,3.0741176470588236,2.95,5.06,23,69.96000000000001,16,2.83,3.23,3.37,3.14,-2.1, Competitive — Monitor
84510E,SET OF 4 GREEN CAROUSEL COASTERS,2.0225,0.38,2.57,114,69.48,12,1.72,1.96,2.26,1.98,2.1, Competitive — Monitor
84539,KNITTED RABBIT DOLL ,1.6499999999999997,1.65,1.65,42,69.3,10,1.44,1.62,1.83,1.63,1.2, Competitive — Monitor
72140F,HAPPY ANNIVERSARY CANDLE LETTERS,0.41600000000000004,0.36,0.42,175,69.17999999999999,14,0.38,0.4,0.46,0.41,1.5, Competitive — Monitor
90177D,DROP DIAMANTE EARRINGS PURPLE,2.973076923076923,2.95,3.03,23,68.15,13,2.67,2.96,3.56,3.06,-2.8, Competitive — Monitor
90018C,SILVER BLACK ORBIT DROP EARRINGS,3.9058333333333337,0.0,4.33,-8,68.11,12,3.32,3.77,4.15,3.75,4.2, Competitive — Monitor
90003C,MIDNIGHT BLUE PAIR HEART HAIR SLIDE,3.538,0.0,3.9,12,68.07,15,3.29,3.8,4.2,3.76,-5.9, Competitive — Monitor
90121B,VINTAGE ROSE BEAD BRACELET BLUE,3.5416666666666665,0.0,4.25,23,68.0,12,3.28,3.44,3.97,3.56,-0.5, Competitive — Monitor
72133,COLUMBIAN CANDLE RECTANGLE,1.2016666666666667,0.38,1.25,71,67.87,16,1.09,1.12,1.37,1.19,1.0, Competitive — Monitor
84926B,SCOTTS ROSES TILE COASTER,1.0416666666666667,0.0,1.25,68,67.5,12,0.89,1.05,1.22,1.05,-0.8, Competitive — Monitor
90059D,DIAMANTE HAIR GRIP PACK/2 PERIDOT,1.6895454545454547,1.65,1.72,40,66.97999999999999,22,1.57,1.57,1.87,1.67,1.2, Competitive — Monitor
72045D,ROSES ON BLUE TEACUP CANDLE ,1.957,0.0,4.3,572,66.89,10,1.78,1.84,2.18,1.93,1.4, Competitive — Monitor
90165A,PINK ROSEBUD PEARL EARRINGS,2.5541666666666667,2.54,2.59,26,66.50999999999999,12,2.37,2.44,2.84,2.55,0.2, Competitive — Monitor
84340,LARGE FIBRE OPTIC CHRISTMAS TREE,3.984166666666667,0.0,7.78,-40,65.76,12,3.69,3.96,4.41,4.02,-0.9, Competitive — Monitor
90088,CRYSTAL KEY+LOCK PHONE CHARM,0.85,0.0,1.7,53,65.45,17,0.79,0.84,1.01,0.88,-3.4, Competitive — Monitor
84989a,75 GREEN FAIRY CAKE CASES,1.9300000000000002,1.28,2.13,33,65.19,17,1.74,2.02,2.27,2.01,-4.0, Competitive — Monitor
16256C,HEARTS PENCIL/RUBBER+5 MINI PENCILS,0.3553846153846154,0.0,0.42,-250,65.10000000000001,13,0.31,0.37,0.38,0.35,1.5, Competitive — Monitor
90130A,WHITE STONE/CRYSTAL EARRINGS,2.961,2.95,3.03,22,65.01,10,2.72,2.93,3.16,2.94,0.7, Competitive — Monitor
21089,SET/6 GREEN SPRING PAPER CUPS,0.839375,0.65,1.66,92,64.85000000000001,16,0.77,0.82,0.94,0.84,-0.1, Competitive — Monitor
16020C,CLEAR STATIONERY BOX SET ,0.8145833333333333,0.0,0.85,43,64.6,23,0.75,0.79,0.87,0.8,1.8, Competitive — Monitor
85040a,S/4 PINK FLOWER CANDLES IN BOWL,3.3815384615384616,3.36,3.43,19,64.47,13,2.93,3.53,3.86,3.44,-1.7, Competitive — Monitor
71215,METAL BASE FOR CANDLES,0.4081818181818182,0.29,0.42,167,63.9,11,0.35,0.38,0.44,0.39,4.7, Competitive — Monitor
90037A,TINY CRYSTAL BRACELET RED,2.557272727272727,2.54,2.59,25,63.83,11,2.4,2.36,2.89,2.55,0.3, Competitive — Monitor
79534,MULTICOLOUR GLASS PLATE,0.5210526315789474,0.0,0.55,117,63.800000000000004,17,0.48,0.55,0.55,0.53,-1.7, Competitive — Monitor
35973,GERANIUM FOLKART HEART DECORATION,1.1842105263157894,0.0,1.25,-10,63.75,14,1.11,1.18,1.3,1.2,-1.3, Competitive — Monitor
84582,PINK CROCHET CAT WITH SCARF,3.642857142857143,0.0,4.25,11,63.75,13,3.37,3.43,4.2,3.67,-0.7, Competitive — Monitor
85018A,S/6 PAPER BOXES ROMANTIC IMAGES,3.5416666666666665,0.0,4.25,8,63.75,12,3.22,3.39,3.98,3.53,0.3, Competitive — Monitor
85018B,S/6 PAPER BOXES BLOSSOM IMAGES ,4.25,4.25,4.25,15,63.75,10,3.89,4.54,5.09,4.51,-5.8, Competitive — Monitor
35916C,PINK FELT HANGING HEART W FLOWER,1.535,0.85,1.7,53,63.15,24,1.44,1.62,1.81,1.62,-5.2, Competitive — Monitor
90092,BLUE CRYSTAL BOOT PHONE CHARM,0.7892857142857143,0.0,0.85,-49,62.9,11,0.72,0.82,0.87,0.8,-1.3, Competitive — Monitor
16008,SMALL FOLDING SCISSOR(POINTED EDGE),0.25,0.25,0.25,251,62.75,16,0.23,0.25,0.26,0.25,0.0, Competitive — Monitor
84596e,SMALL LICORICE DES PINK BOWL,2.51,2.51,2.51,25,62.74999999999999,16,2.17,2.52,2.95,2.55,-1.6, Competitive — Monitor
20620,RED SPOTTY PASSPORT COVER,3.59125,0.0,4.3,-31,61.76,16,3.22,3.86,4.26,3.78,-5.0, Competitive — Monitor
90022,EDWARDIAN DROP EARRINGS JET BLACK,3.797368421052632,3.75,3.9,16,60.9,16,3.5,4.08,4.45,4.01,-5.3, Competitive — Monitor
90071,RUBY GLASS CLUSTER EARRINGS,1.2644186046511627,1.25,1.29,48,60.67,43,1.11,1.21,1.35,1.22,3.6, Competitive — Monitor
84875A,PINK SQUARE COMPACT MIRROR,3.4615384615384617,0.0,3.75,-12,60.0,13,3.01,3.63,4.15,3.6,-3.8, Competitive — Monitor
90171,DAISY RING,1.227142857142857,0.0,1.29,-4,59.650000000000006,28,1.08,1.17,1.34,1.2,2.3, Competitive — Monitor
44241C,BLUE BUTTERFLY ON SPRING,0.6799999999999999,0.0,0.85,54,59.5,10,0.59,0.65,0.79,0.68,-0.0, Competitive — Monitor
84575A,PINK DOG CANNISTER,5.355,0.0,5.95,-4,59.5,10,4.67,5.51,6.35,5.51,-2.8, Competitive — Monitor
35913B,WHITE/PINK CHICK EASTER DECORATION,1.006875,0.85,3.36,67,59.459999999999994,11,0.9,0.99,1.09,0.99,1.7, Competitive — Monitor
90162D,ANT SILVER PURPLE BOUDICCA RING,2.95,2.95,2.95,20,59.0,10,2.78,3.15,3.5,3.14,-6.1, Competitive — Monitor
17129C,SKY BLUE COLOUR GLASS GEMS IN BAG,0.666,0.0,0.85,175,58.83,14,0.6,0.62,0.73,0.65,2.5, Competitive — Monitor
85023C,PINK LARGE JEWELED PHOTOFRAME,2.1857142857142855,0.0,2.55,16,58.65,13,1.9,2.19,2.62,2.24,-2.4, Competitive — Monitor
90169,DAISY HAIR COMB,2.5485714285714285,2.54,2.59,23,58.65,14,2.19,2.72,2.78,2.56,-0.4, Competitive — Monitor
84510a,SET OF 4 ENGLISH ROSE COASTERS,2.51,2.51,2.51,23,57.73,19,2.31,2.67,2.99,2.66,-5.6, Competitive — Monitor
72801c,S/4 ROSE PINK DINNER CANDLES,2.51,2.51,2.51,23,57.73,11,2.23,2.37,2.66,2.42,3.7, Competitive — Monitor
75178,ASSTD COL BUTTERFLY/CRYSTAL W/CHIME,1.6099999999999999,1.25,2.51,40,57.56,12,1.5,1.58,1.86,1.65,-2.4, Competitive — Monitor
22919,HERB MARKER MINT,0.9866666666666666,0.65,1.66,76,57.480000000000004,21,0.9,1.01,1.11,1.01,-2.3, Competitive — Monitor
35912B,WHITE/PINK CHICK DECORATION,2.097272727272727,1.25,5.91,38,56.82,10,1.95,1.98,2.35,2.09,0.3, Competitive — Monitor
90002E,FLOWER BURST SILVER RING GREEN,3.2680000000000002,0.0,3.9,-19,56.519999999999996,15,2.87,3.51,3.54,3.31,-1.3, Competitive — Monitor
85080,PADDED RED HEART DECORATION,0.4673076923076923,0.0,1.25,59,56.18,25,0.43,0.5,0.54,0.49,-4.6, Competitive — Monitor
71495B,CD WALL TIDY RED FLOWERS,0.5290909090909091,0.36,0.84,143,55.56,11,0.46,0.5,0.57,0.51,3.7, Competitive — Monitor
84527,FLAMES SUNGLASSES PINK LENSES,2.082941176470588,1.95,4.21,27,54.91,14,1.97,1.96,2.36,2.1,-0.8, Competitive — Monitor
35916A,YELLOW FELT HANGING HEART W FLOWER,1.4717647058823529,0.85,1.7,48,54.60999999999999,17,1.34,1.37,1.6,1.44,2.2, Competitive — Monitor
20953,PORCELAIN CHERUB BELL LARGE,1.4849999999999999,0.0,1.65,26,54.449999999999996,10,1.31,1.58,1.77,1.55,-4.2, Competitive — Monitor
84251G,"GREETING CARD, OVERCROWDED POOL.",0.51925,0.19,0.86,204,53.900000000000006,39,0.46,0.49,0.55,0.5,3.8, Competitive — Monitor
17084J,LOVE POTION MASALA INCENSE,0.195,0.0,0.21,177,53.76,14,0.17,0.19,0.21,0.19,2.6, Competitive — Monitor
90059E,DIAMANTE HAIR GRIP PACK/2 RUBY,1.6829999999999998,1.65,1.72,32,53.58,20,1.55,1.67,1.83,1.68,0.2, Competitive — Monitor
85023A,CRYSTAL LARGE JEWELLED PHOTO FRAME,2.1576923076923076,0.0,2.55,25,53.55,13,1.88,2.19,2.4,2.16,-0.1, Competitive — Monitor
37491D,PURPLE/BLUE CERAMIC CANDLE HOLDER,2.51,0.0,3.36,18,53.4,12,2.28,2.34,2.72,2.45,2.4, Competitive — Monitor
20697,LITTLE GREEN MONSTER SOFT TOY,2.475,2.1,2.55,23,53.25,12,2.17,2.37,2.78,2.44,1.4, Competitive — Monitor
46115B,GREEN POP ART MAO CUSHION COVER ,0.18136363636363637,0.0,0.19,568,53.2,22,0.17,0.19,0.21,0.19,-4.5, Competitive — Monitor
22954,HEN PARTY CORDON BARRIER TAPE,1.376,1.25,2.51,41,52.51,10,1.28,1.47,1.59,1.45,-5.1, Competitive — Monitor
90214B,"LETTER ""B"" BLING KEY RING",1.2147619047619047,0.85,2.51,43,52.21,21,1.13,1.27,1.38,1.26,-3.6, Competitive — Monitor
20870,OPULENT VELVET CANDLE IN BOX,2.2409090909090907,0.0,4.3,1,52.2,10,2.08,2.07,2.38,2.18,2.8, Competitive — Monitor
22257,FELT FARM ANIMAL SHEEP,1.6205882352941174,1.25,2.51,35,51.31,16,1.41,1.58,1.87,1.62,0.0, Competitive — Monitor
84845D,GERANIUM SQUARE HANDY TIN,1.0576923076923077,0.0,1.25,41,51.25,13,0.91,1.08,1.14,1.04,1.7, Competitive — Monitor
90214N,"LETTER ""N"" BLING KEY RING",1.2552173913043478,0.85,2.51,41,50.97,21,1.15,1.21,1.47,1.28,-1.9, Competitive — Monitor
17084A,TRANQUILITY MASALA INCENSE,0.1925,0.0,0.21,210,50.82,12,0.17,0.21,0.21,0.2,-3.8, Competitive — Monitor
84559a,3D SHEET OF DOG STICKERS,1.69,1.69,1.69,30,50.699999999999996,20,1.51,1.73,1.88,1.71,-1.2, Competitive — Monitor
90177B,DROP DIAMANTE EARRINGS BLACK DIAMON,2.9683333333333333,2.95,3.03,17,50.370000000000005,12,2.53,2.77,3.27,2.86,3.8, Competitive — Monitor
72129,COLUMBIAN CANDLE ROUND ,0.6679999999999999,0.0,1.66,58,49.760000000000005,19,0.59,0.71,0.79,0.7,-4.6, Competitive — Monitor
84537B,FAIRY CAKES GIFT BAG,0.3553846153846154,0.0,0.42,96,49.14,13,0.3,0.38,0.38,0.35,1.5, Competitive — Monitor
84845C,CARNATION SQUARE HANDY TIN,0.8928571428571429,0.0,1.25,53,48.75,21,0.84,0.83,1.01,0.89,0.3, Competitive — Monitor
62086A,PINK RETRO BIG FLOWER BAG,1.95,1.95,1.95,25,48.75,10,1.7,1.96,2.09,1.92,1.6, Competitive — Monitor
35603C,SET/16 WHITE SHINY & MATT BAUBLES,0.6623076923076923,0.0,2.1,31,48.3,25,0.6,0.64,0.77,0.67,-1.1, Competitive — Monitor
84510c,SET OF 4 POLKADOTS COASTERS,2.51,2.51,2.51,19,47.69,13,2.14,2.47,2.98,2.53,-0.8, Competitive — Monitor
90214G,"LETTER ""G"" BLING KEY RING",1.2726086956521738,0.85,2.51,37,47.63,23,1.17,1.21,1.42,1.27,0.2, Competitive — Monitor
85081,PADDED HOLLY CHRISTMAS DECORATION ,0.4357692307692308,0.0,1.25,69,47.43,22,0.38,0.44,0.49,0.44,-1.0, Competitive — Monitor
71495A,CD WALL TIDY BLUE OFFICE,0.5769230769230769,0.36,0.84,121,47.16,13,0.54,0.62,0.69,0.62,-6.9, Competitive — Monitor
20988,TRELLIS FLOWER CHOPSTICKS SET/5,1.7550000000000001,0.0,1.95,-2,46.8,10,1.65,1.76,1.98,1.8,-2.5, Competitive — Monitor
84227,HEN HOUSE W CHICK IN NEST,0.36,0.0,0.42,224,46.620000000000005,14,0.32,0.34,0.4,0.35,2.9, Competitive — Monitor
81952B,ROUND BLUE CLOCK W/SUCKER,1.1254545454545453,0.64,1.66,54,46.56,11,1.06,1.15,1.28,1.16,-3.0, Competitive — Monitor
90214H,"LETTER ""H"" BLING KEY RING",1.092857142857143,0.85,1.25,40,45.2,28,1.04,1.06,1.26,1.12,-2.4, Competitive — Monitor
90059F,DIAMANTE HAIR GRIP PACK/2 LT ROSE,1.6861538461538461,1.65,1.72,27,45.18,13,1.57,1.78,1.8,1.72,-2.0, Competitive — Monitor
90059C,DIAMANTE HAIR GRIP PACK/2 MONTANA,1.6821428571428572,1.65,1.72,27,45.03999999999999,14,1.57,1.66,1.97,1.73,-2.8, Competitive — Monitor
72724,SET/6 CHRISTMAS ICICLE T-LIGHTS,1.1458333333333333,0.0,1.25,81,45.0,11,1.0,1.09,1.28,1.12,2.3, Competitive — Monitor
35916B,BLUE FELT HANGING HEART W FLOWER,1.4466666666666665,0.85,1.7,42,44.65,15,1.31,1.38,1.53,1.41,2.6, Competitive — Monitor
90177E,DROP DIAMANTE EARRINGS GREEN,2.9735714285714288,2.95,3.03,15,44.589999999999996,14,2.55,3.1,3.47,3.04,-2.2, Competitive — Monitor
72796B,S/3 FRENCH VANILLA SQU CANDLE,1.532142857142857,0.0,1.65,31,44.55,13,1.32,1.47,1.7,1.5,2.1, Competitive — Monitor
35085E,IVORY ROSE LAMPSHADE ,0.9545454545454546,0.0,1.25,11,44.25,11,0.91,1.0,1.02,0.98,-2.6, Competitive — Monitor
35607B,BLACK FEATHER CHRISTMAS DECORATION,0.2841666666666667,0.0,1.7,39,44.06,12,0.25,0.27,0.33,0.28,1.5, Competitive — Monitor
90108,BLUE BLOSSOM HAIR CLIP,1.2369999999999999,0.0,2.51,-6,43.870000000000005,10,1.14,1.2,1.46,1.27,-2.6, Competitive — Monitor
90128A,PINK LEAVES AND BEADS PHONE CHARM,1.4800000000000002,0.0,2.51,45,43.79,10,1.38,1.47,1.75,1.53,-3.3, Competitive — Monitor
90027D,GLASS BEAD HOOP EARRINGS AMETHYST,2.8609090909090913,0.0,3.46,5,43.78,11,2.68,3.06,3.41,3.05,-6.2, Competitive — Monitor
90214D,"LETTER ""D"" BLING KEY RING",1.2366666666666666,0.85,2.51,35,43.47,21,1.17,1.32,1.46,1.32,-6.3, Competitive — Monitor
90084,PINK CRYSTAL GUITAR PHONE CHARM,0.5464285714285714,0.0,0.85,54,43.349999999999994,14,0.48,0.52,0.57,0.52,5.1, Competitive — Monitor
72798C,SET/4 GARDEN ROSE DINNER CANDLE,1.8906666666666667,0.0,3.43,12,43.21,15,1.61,1.85,2.09,1.85,2.2, Competitive — Monitor
90214T,"LETTER ""T"" BLING KEY RING",1.316153846153846,0.85,2.51,33,42.11,13,1.17,1.24,1.54,1.32,-0.3, Competitive — Monitor
90177C,DROP DIAMANTE EARRINGS CRYSTAL,2.9723076923076923,2.95,3.03,14,41.67,13,2.57,2.98,3.28,2.94,1.1, Competitive — Monitor
90214P,"LETTER ""P"" BLING KEY RING",1.2129999999999999,0.85,2.51,35,41.41,20,1.03,1.21,1.38,1.21,0.2, Competitive — Monitor
20994,JAZZ HEARTS SPIRAL NOTEPAD,0.7846153846153846,0.0,0.85,21,39.949999999999996,13,0.7,0.83,0.9,0.81,-3.1, Competitive — Monitor
20860,GOLD COSMETICS BAG WITH BUTTERFLY,1.75,0.0,2.1,1,39.900000000000006,12,1.62,1.87,1.93,1.81,-3.3, Competitive — Monitor
35963,FOLKART ZINC CLIP ON ANGEL WINGS,0.35764705882352943,0.0,0.38,94,39.52,12,0.32,0.35,0.42,0.36,-0.7, Competitive — Monitor
82545A,COGNAC AUX OEUFS METAL 1 HOOK,1.25,1.25,1.25,31,38.75,11,1.1,1.25,1.41,1.25,0.0, Competitive — Monitor
90188,DROP EARRINGS W FLOWER & LEAF,2.3913333333333333,0.0,2.59,-35,38.46,15,2.19,2.54,2.68,2.47,-3.2, Competitive — Monitor
90103,PURPLE FRANGIPANI NECKLACE,2.545714285714286,2.54,2.59,15,38.19,14,2.22,2.67,3.05,2.65,-3.9, Competitive — Monitor
84746,PINK EASTER HENS+FLOWER,2.727272727272727,0.0,3.75,-53,37.5,10,2.32,2.51,3.07,2.63,3.7, Competitive — Monitor
79413,GLASS WINE GLASS DECORATIONS,1.0227272727272727,0.0,1.25,27,37.5,11,0.95,0.99,1.1,1.01,1.3, Competitive — Monitor
71406C,BLACK ORANGE SQUEEZER,0.5275,0.42,0.86,85,37.42,16,0.48,0.52,0.59,0.53,-0.5, Competitive — Monitor
84251J,"GREETING CARD, THE BLACK CAT",0.7044444444444444,0.0,0.86,130,37.04,18,0.65,0.67,0.83,0.72,-2.2, Competitive — Monitor
72715,SPHERICAL IVORY CANDLE ,0.364,0.0,0.42,56,36.96,15,0.31,0.35,0.42,0.36,1.1, Competitive — Monitor
47013A,WINE BOTTLE DRESSING LT.BLUE,0.29,0.29,0.29,127,36.83,21,0.27,0.27,0.34,0.29,0.0, Competitive — Monitor
37489A,YELLOW/PINK FLOWER DESIGN BIG MUG,2.360909090909091,1.95,4.21,15,36.03,10,2.15,2.42,2.73,2.43,-2.8, Competitive — Monitor
90202C,GREEN ENAMEL FLOWER HAIR TIE,2.9758333333333336,2.95,3.03,12,35.71,12,2.7,2.86,3.24,2.93,1.6, Competitive — Monitor
90130C,GREEN STONE/CRYSTAL EARRINGS,2.9691666666666667,2.95,3.03,12,35.63,12,2.71,2.76,3.5,2.99,-0.7, Competitive — Monitor
90101,WHITE FRANGIPANI NECKLACE,2.5446153846153843,2.54,2.59,14,35.63,13,2.38,2.44,3.01,2.61,-2.5, Competitive — Monitor
DCGS0058,MISO PRETTY  GUM,0.8019354838709677,0.0,0.95,43,34.82,31,0.73,0.84,0.87,0.81,-1.0, Competitive — Monitor
37462E,"PET MUG, GOLDFISH",0.63,0.0,0.84,183,34.02,20,0.57,0.67,0.67,0.64,-1.6, Competitive — Monitor
84228,HEN HOUSE W CHICK STANDING,0.7619047619047619,0.42,0.86,59,33.66,21,0.72,0.76,0.91,0.8,-4.8, Competitive — Monitor
90033,IVORY SHELL HEART EARRINGS,2.5669999999999997,2.54,2.59,13,33.36,10,2.38,2.53,3.03,2.65,-3.1, Competitive — Monitor
90174,BUTTERFLY HAIR BAND,2.5574999999999997,2.54,2.59,13,33.24,12,2.29,2.75,3.03,2.69,-4.9, Competitive — Monitor
90118,PINK DAISY BAG CHARM,2.7729999999999997,2.51,5.06,12,32.75,10,2.55,2.64,3.28,2.82,-1.7, Competitive — Monitor
47420,ASSORTED COLOUR SUCTION CUP HOOK,0.18136363636363637,0.0,0.19,-829,32.49,20,0.16,0.17,0.21,0.18,0.8, Competitive — Monitor
15030,FAN BLACK FRAME ,0.29,0.29,0.29,111,32.19,14,0.25,0.28,0.33,0.29,0.0, Competitive — Monitor
17136A,BLUE STONES ON WIRE FOR CANDLE,0.11058823529411764,0.08,0.21,391,32.19,17,0.1,0.1,0.13,0.11,0.5, Competitive — Monitor
84803B,WHITE ALLIUM  ARTIFICIAL FLOWER,1.229090909090909,0.0,1.69,98,32.11,11,1.16,1.21,1.3,1.22,0.7, Competitive — Monitor
20952,PORCELAIN CHERUB BELL SMALL,0.6146666666666666,0.0,2.51,427,31.97999999999999,29,0.58,0.66,0.71,0.65,-5.4, Competitive — Monitor
37491A,YELLOW/PINK CERAMIC CANDLE HOLDER,2.2836363636363632,0.0,3.43,24,31.849999999999998,11,2.02,2.33,2.57,2.31,-1.1, Competitive — Monitor
79406,FROSTED WHITE BASE ,0.4107692307692308,0.22,0.84,115,31.5,13,0.37,0.4,0.47,0.41,0.2, Competitive — Monitor
72024U,LILAC VOTIVE CANDLE,0.16799999999999998,0.0,0.21,150,31.08,10,0.15,0.18,0.19,0.17,-1.2, Competitive — Monitor
44091C,MULTICOLOUR CRUSOE CHECK LAMPSHADE,0.483,0.0,0.84,127,30.66,20,0.46,0.45,0.54,0.48,0.6, Competitive — Monitor
37348,SET OF 4 PASTEL STACKING MUGS,2.0863636363636364,0.0,2.55,7,30.6,11,1.98,1.99,2.24,2.07,0.8, Competitive — Monitor
18010,ASSORTED FRAGRANCE BATH CONFETTI,0.45545454545454545,0.0,0.83,-708,30.16,11,0.42,0.46,0.5,0.46,-1.0, Competitive — Monitor
10138,ASSORTED COLOUR JUMBO PEN,0.43321428571428566,0.0,0.84,-260,29.32,28,0.4,0.44,0.47,0.44,-1.5, Competitive — Monitor
47013C,WINE BOTTLE DRESSING DARK BLUE,0.29,0.29,0.29,95,27.549999999999997,15,0.27,0.27,0.31,0.28,3.6, Competitive — Monitor
16161G,WRAP BAD HAIR DAY,0.1,0.1,0.1,275,27.5,11,0.09,0.1,0.12,0.1,0.0, Competitive — Monitor
90011A,MIDNIGHT BLUE CRYSTAL DROP EARRINGS,2.677,0.0,3.03,-1,26.77,10,2.29,2.74,2.87,2.63,1.8, Competitive — Monitor
90214I,"LETTER ""I"" BLING KEY RING",1.2841176470588234,0.85,2.57,20,25.580000000000002,17,1.15,1.32,1.4,1.29,-0.5, Competitive — Monitor
90054,CRACKED GLAZE EARRINGS RED,2.553,2.54,2.59,10,25.53,10,2.34,2.61,2.91,2.62,-2.6, Competitive — Monitor
90214O,"LETTER ""O"" BLING KEY RING",1.1928571428571428,0.85,1.25,21,25.45,14,1.09,1.16,1.36,1.2,-0.6, Competitive — Monitor
84251C,"GREETING CARD, TWO SISTERS.",0.16625,0.0,0.19,404,25.080000000000002,15,0.15,0.16,0.18,0.16,3.9, Competitive — Monitor
35633B,BLUE TINSEL GARLAND ,0.17538461538461542,0.0,0.19,267,24.7,13,0.17,0.17,0.21,0.18,-2.6, Competitive — Monitor
90214F,"LETTER ""F"" BLING KEY RING",1.1700000000000002,0.85,1.25,20,23.8,14,1.01,1.1,1.37,1.16,0.9, Competitive — Monitor
84456,SET OF 3 RABBIT EGG EASTER,0.95,0.85,1.7,25,22.95,17,0.86,1.02,1.03,0.97,-2.1, Competitive — Monitor
84745B,BLUE HANGING GINGHAM EASTER HEN,0.42,0.42,0.42,53,22.259999999999998,12,0.39,0.42,0.46,0.42,0.0, Competitive — Monitor
47552A,DOTS IRONING BOARD COVER,1.7892857142857144,0.0,1.95,10,22.05,13,1.65,1.74,2.13,1.84,-2.8, Competitive — Monitor
40005B,BLUE ORGANDY ROUND LAMPSHADE W BEA,0.85,0.85,0.85,23,19.55,10,0.78,0.89,1.0,0.89,-4.5, Competitive — Monitor
10124A,SPOTS ON RED BOOKCOVER TAPE,0.392,0.0,0.42,122,19.32,15,0.34,0.39,0.45,0.39,0.5, Competitive — Monitor
44089C,LILAC GAUZE BUTTERFLY LAMPSHADE,0.42,0.42,0.42,44,18.48,12,0.36,0.41,0.45,0.41,2.4, Competitive — Monitor
72796A,S/3 ENGLISH LAVENDER SQU CANDLE,0.8999999999999999,0.0,1.65,-1,18.15,10,0.82,0.94,1.0,0.92,-2.2, Competitive — Monitor
84745A,PINK HANGING GINGHAM EASTER HEN,0.42,0.42,0.42,42,17.64,10,0.38,0.44,0.48,0.43,-2.3, Competitive — Monitor
84993b,75 BLACK PETIT FOUR CASES,0.8492307692307691,0.84,0.85,20,16.99,13,0.74,0.87,0.92,0.84,1.1, Competitive — Monitor
90214V,"LETTER ""V"" BLING KEY RING",1.0961538461538463,0.85,1.25,15,16.35,12,1.01,1.02,1.22,1.08,1.5, Competitive — Monitor
84993a,75 GREEN PETIT FOUR CASES,0.85,0.85,0.85,19,16.15,11,0.76,0.86,0.97,0.86,-1.2, Competitive — Monitor
84250M,"GREETING CARD, BLACKPOOL ROCK",0.6926666666666667,0.0,0.86,-24,15.9,15,0.64,0.72,0.76,0.71,-2.4, Competitive — Monitor
84251B,"GREETING CARD, STICKY GORDON",0.32199999999999995,0.19,0.85,76,15.760000000000002,10,0.3,0.3,0.38,0.33,-2.4, Competitive — Monitor
35932,PINK CHRISTMAS TREE DECORATION,0.4881818181818182,0.0,1.95,41,15.63,11,0.42,0.47,0.57,0.49,-0.4, Competitive — Monitor
79323B,BLACK CHERRY LIGHTS,7.072500000000001,0.0,13.87,-132,15.250000000000028,107,6.03,7.51,7.77,7.1,-0.4, Competitive — Monitor
35936,CERISE+GOLD CHRISTMAS TREE DEC,0.34199999999999997,0.0,0.38,13,13.68,10,0.32,0.32,0.4,0.35,-2.3, Competitive — Monitor
PADS,PADS TO MATCH ALL CUSHIONS,2.4409333333333336,0.001,36.6,13,-36.586,15,2.22,2.54,2.6,2.45,-0.4, Competitive — Monitor
20879,TREE OF NOAH FESTIVE SCENTED CANDLE,1.2905555555555557,0.0,6.04,-56,-126.00000000000001,16,1.19,1.29,1.52,1.33,-3.0, Competitive — Monitor
S,SAMPLES,77.1709756097561,2.88,605.18,-39,-3016.41,19,72.06,76.51,82.8,77.12,0.1, Competitive — Monitor
D,Discount,73.16199999999999,0.01,1269.51,-1678,-7788.32,90,68.06,67.39,77.73,71.06,3.0, Competitive — Monitor
M,Manual,631.6972823529411,0.0,25111.09,1443,-14122.129999999997,789,597.64,663.98,724.09,661.9,-4.6, Competitive — Monitor
BANK CHARGES, Bank Charges,447.9364615384615,0.96,18910.69,-29,-28386.989999999998,61,404.75,437.89,502.04,448.23,-0.1, Competitive — Monitor
