StockCode,Description,Avg_Price,Total_Quantity,Total_Revenue,Transaction_Count,Competitor_A_Price,Competitor_B_Price,Competitor_C_Price,Market_Avg_Price,Price_vs_Market_Pct,Pricing_Flag,Elasticity,Elasticity_Category,Recommended_Price_Change,Final_Recommendation,Price_Change_Factor,Recommended_Price,Price_Difference,Pct_Price_Change,Estimated_Qty_Change_Pct,Estimated_New_Qty,Current_Revenue,Projected_Revenue,Revenue_Uplift
85123A,WHITE HANGING HEART T-LIGHT HOLDER,2.8556898192197906,56915,151624.31,3021,2.53,3.04,3.34,2.97,-3.8, Competitive — Monitor,-1.0,,,MONITOR — No Clear Signal,0.0,2.86,0.0,0.0,-0.0,56915.0,162531.5860608944,162776.9,245.31
22423,REGENCY CAKESTAND 3 TIER,12.43850439882698,12497,143893.35,1687,11.76,12.04,13.25,12.35,0.7, Competitive — Monitor,-1.0,,,MONITOR — No Clear Signal,0.0,12.44,0.0,0.0,-0.0,12497.0,155443.98947214076,155462.68,18.69
M,Manual,227.25538823529413,2630,98560.64,382,209.8,217.44,247.87,225.04,1.0, Competitive — Monitor,-1.0,,,MONITOR — No Clear Signal,0.0,227.26,0.0,0.0,-0.0,2630.0,597681.6710588236,597693.7999999999,12.13
85099B,JUMBO BAG RED WHITE SPOTTY ,1.9076349024110217,48802,85395.9,1708,1.74,1.88,2.25,1.96,-2.7, Competitive — Monitor,-1.0,,,MONITOR — No Clear Signal,0.0,1.91,0.0,0.0,-0.0,48802.0,93096.39850746268,93211.81999999999,115.42
84879,ASSORTED COLOUR BIRD ORNAMENT,1.6718845872899926,44551,70493.83,1333,1.45,1.6,1.84,1.63,2.6, Competitive — Monitor,-1.0,,,MONITOR — No Clear Signal,0.0,1.67,-0.0,0.0,-0.0,44551.0,74484.13024835647,74400.17,-83.96
POST,POSTAGE,27.052615176151765,2212,48741.08,738,23.42,27.8,32.35,27.86,-2.9, Competitive — Monitor,-1.0,,,MONITOR — No Clear Signal,0.0,27.05,-0.0,0.0,-0.0,2212.0,59840.3847696477,59834.6,-5.78
21843,RETRO SPOT CAKE STAND,10.872639198218263,4082,41718.34,895,9.3,11.44,13.01,11.25,-3.4, Competitive — Monitor,-1.0,,,MONITOR — No Clear Signal,0.0,10.87,-0.0,0.0,-0.0,4082.0,44382.113207126946,44371.34,-10.77
48138,DOOR MAT UNION FLAG,7.2238243902439025,6349,41275.99,1016,6.77,7.42,7.88,7.36,-1.9, Competitive — Monitor,-1.0,,,MONITOR — No Clear Signal,0.0,7.22,-0.0,0.0,-0.0,6349.0,45864.06105365854,45839.78,-24.28
84347,ROTATING SILVER ANGELS T-LIGHT HLDR,2.5065267175572514,21591,40186.65,244,2.28,2.64,2.65,2.52,-0.5, Competitive — Monitor,-1.0,,,MONITOR — No Clear Signal,0.0,2.51,0.0,0.0,-0.0,21591.0,54118.41835877862,54193.409999999996,74.99
22086,PAPER CHAIN KIT 50'S CHRISTMAS ,2.8974789915966386,13860,36933.5,796,2.67,2.85,3.35,2.96,-2.1, Competitive — Monitor,-1.0,,,MONITOR — No Clear Signal,0.0,2.9,0.0,0.0,-0.0,13860.0,40159.05882352941,40194.0,34.94
20685,RED SPOTTY COIR DOORMAT,7.210064102564102,5644,36431.28,934,6.14,6.81,8.06,7.0,3.0, Competitive — Monitor,-1.0,,,MONITOR — No Clear Signal,0.0,7.21,-0.0,0.0,-0.0,5644.0,40693.60179487179,40693.24,-0.36
47566,PARTY BUNTING,4.569793103448276,8316,35035.9,710,4.33,4.74,4.87,4.65,-1.7, Competitive — Monitor,-1.0,,,MONITOR — No Clear Signal,0.0,4.57,0.0,0.0,-0.0,8316.0,38002.399448275864,38004.12,1.72
15056N,EDWARDIAN PARASOL NATURAL,5.729175050301811,7201,34044.75,496,5.35,5.6,6.62,5.86,-2.2, Competitive — Monitor,-1.0,,,MONITOR — No Clear Signal,0.0,5.73,0.0,0.0,-0.0,7201.0,41255.78953722334,41261.73,5.94
85099F,JUMBO BAG STRAWBERRY,1.92,19291,33957.45,876,1.67,1.97,2.02,1.89,1.6, Competitive — Monitor,-1.0,,,MONITOR — No Clear Signal,0.0,1.92,0.0,0.0,-0.0,19291.0,37038.72,37038.72,0.0
21621,VINTAGE UNION JACK BUNTING,8.49632275132275,4002,33852.96,742,7.38,8.18,10.03,8.53,-0.4, Competitive — Monitor,-1.0,,,MONITOR — No Clear Signal,0.0,8.5,0.0,0.0,-0.0,4002.0,34002.28365079365,34017.0,14.72
20914,SET/5 RED SPOTTY LID GLASS BOWLS,2.9095588235294123,12354,33679.9,1051,2.53,2.71,3.12,2.79,4.3, Competitive — Monitor,-1.0,,,MONITOR — No Clear Signal,0.0,2.91,0.0,0.0,-0.0,12354.0,35944.68970588236,35950.14,5.45
20725,LUNCH BAG RED SPOTTY,1.6336443791329904,20417,31933.25,1318,1.44,1.76,1.75,1.65,-1.0, Competitive — Monitor,-1.0,,,MONITOR — No Clear Signal,0.0,1.63,-0.0,0.0,-0.0,20417.0,33354.117288758265,33279.71,-74.41
15056BL,EDWARDIAN PARASOL BLACK,5.7448811700182825,6709,31457.55,512,5.18,5.43,6.18,5.6,2.6, Competitive — Monitor,-1.0,,,MONITOR — No Clear Signal,0.0,5.74,-0.0,0.0,-0.0,6709.0,38542.40776965266,38509.66,-32.75
22386,JUMBO BAG PINK WITH WHITE SPOTS,1.9230096051227321,17546,31149.6,917,1.72,2.07,2.3,2.03,-5.3, Competitive — Monitor,-1.0,,,MONITOR — No Clear Signal,0.0,1.92,-0.0,0.0,-0.0,17546.0,33741.12653148346,33688.32,-52.81
22189,CREAM HEART CARD HOLDER,3.873757142857143,9918,29911.72,692,3.41,4.17,4.47,4.02,-3.6, Competitive — Monitor,-1.0,,,MONITOR — No Clear Signal,0.0,3.87,-0.0,0.0,-0.0,9918.0,38419.923342857146,38382.66,-37.26
21232,STRAWBERRY CERAMIC TRINKET BOX,1.2329850746268656,25398,29779.86,1335,1.12,1.29,1.44,1.28,-3.7, Competitive — Monitor,-1.0,,,MONITOR — No Clear Signal,0.0,1.23,-0.0,0.0,-0.0,25398.0,31315.354925373133,31239.54,-75.81
85099C,JUMBO  BAG BAROQUE BLACK WHITE,1.913625450180072,16654,29493.3,818,1.65,1.96,2.12,1.91,0.2, Competitive — Monitor,-1.0,,,MONITOR — No Clear Signal,0.0,1.91,-0.0,0.0,-0.0,16654.0,31869.518247298918,31809.14,-60.38
21623,VINTAGE UNION JACK MEMOBOARD,9.767781350482315,3903,28756.489999999998,310,8.59,9.89,10.75,9.74,0.3, Competitive — Monitor,-1.0,,,MONITOR — No Clear Signal,0.0,9.77,0.0,0.0,-0.0,3903.0,38123.65061093248,38132.31,8.66
21754,HOME BUILDING BLOCK WORD,5.931132075471698,4814,28206.800000000003,1174,5.26,6.28,6.44,5.99,-1.0, Competitive — Monitor,-1.0,,,MONITOR — No Clear Signal,0.0,5.93,-0.0,0.0,-0.0,4814.0,28552.469811320756,28547.02,-5.45
21137,BLACK RECORD COVER FRAME,3.5873221757322176,8223,28144.89,237,3.21,3.47,4.03,3.57,0.5, Competitive — Monitor,-1.0,,,MONITOR — No Clear Signal,0.0,3.59,0.0,0.0,-0.0,8223.0,29498.550251046025,29520.57,22.02
21212,PACK OF 72 RETRO SPOT CAKE CASES,0.5364312736443885,57570,27672.81,1522,0.5,0.53,0.61,0.55,-2.5, Competitive — Monitor,-1.0,,,MONITOR — No Clear Signal,0.0,0.54,0.0,0.0,-0.0,57570.0,30882.348423707444,31087.800000000003,205.45
21733,RED HANGING HEART T-LIGHT HOLDER,2.894467054263566,9884,27386.16,994,2.52,2.95,3.31,2.93,-1.2, Competitive — Monitor,-1.0,,,MONITOR — No Clear Signal,0.0,2.89,-0.0,0.0,-0.0,9884.0,28608.91236434109,28564.760000000002,-44.15
22139,RETRO SPOT TEA SET CERAMIC 11 PC ,4.904769230769231,5859,27316.82,1020,4.42,4.84,5.34,4.87,0.7, Competitive — Monitor,-1.0,,,MONITOR — No Clear Signal,0.0,4.9,-0.0,0.0,-0.0,5859.0,28737.042923076926,28709.100000000002,-27.94
79321,CHILLI LIGHTS,4.768669724770642,6085,26573.63,434,4.34,4.71,5.69,4.91,-2.9, Competitive — Monitor,-1.0,,,MONITOR — No Clear Signal,0.0,4.77,0.0,0.0,-0.0,6085.0,29017.355275229354,29025.449999999997,8.09
21931,JUMBO STORAGE BAG SUKI,1.9272912423625255,14723,26464.85,965,1.65,1.87,2.07,1.86,3.6, Competitive — Monitor,-1.0,,,MONITOR — No Clear Signal,0.0,1.93,0.0,0.0,-0.0,14723.0,28375.50896130346,28415.39,39.88
82484,WOOD BLACK BOARD ANT WHITE FINISH,6.266908315565032,4972,26035.079999999998,469,5.71,6.33,7.49,6.51,-3.7, Competitive — Monitor,-1.0,,,MONITOR — No Clear Signal,0.0,6.27,0.0,0.0,-0.0,4972.0,31159.068144989338,31174.44,15.37
48194,DOORMAT HEARTS,7.261248164464023,4285,25641.37,672,6.3,7.67,7.64,7.2,0.9, Competitive — Monitor,-1.0,,,MONITOR — No Clear Signal,0.0,7.26,-0.0,0.0,-0.0,4285.0,31114.448384728337,31109.1,-5.35
22411,JUMBO SHOPPER VINTAGE RED PAISLEY,1.928072033898305,14172,25610.4,921,1.65,1.84,2.16,1.88,2.6, Competitive — Monitor,-1.0,,,MONITOR — No Clear Signal,0.0,1.93,0.0,0.0,-0.0,14172.0,27324.63686440678,27351.96,27.32
21929,JUMBO BAG PINK VINTAGE PAISLEY,1.9121812596006142,14542,25453.9,640,1.81,2.05,2.1,1.99,-3.9, Competitive — Monitor,-1.0,,,MONITOR — No Clear Signal,0.0,1.91,-0.0,0.0,-0.0,14542.0,27806.939877112134,27775.219999999998,-31.72
71477,COLOUR GLASS. STAR T-LIGHT HOLDER,3.061688311688312,8837,24985.25,446,2.9,3.15,3.42,3.16,-3.1, Competitive — Monitor,-1.0,,,MONITOR — No Clear Signal,0.0,3.06,-0.0,0.0,-0.0,8837.0,27056.13961038961,27041.22,-14.92
21181,PLEASE ONE PERSON  METAL SIGN,2.0755629139072846,12550,24633.08,888,1.93,2.18,2.36,2.16,-3.9, Competitive — Monitor,-1.0,,,MONITOR — No Clear Signal,0.0,2.08,0.0,0.0,-0.0,12550.0,26048.314569536422,26104.0,55.69
21928,JUMBO BAG SCANDINAVIAN PAISLEY,1.9145151515151515,13914,24277.3,644,1.69,1.93,2.14,1.92,-0.3, Competitive — Monitor,-1.0,,,MONITOR — No Clear Signal,0.0,1.91,-0.0,0.0,-0.0,13914.0,26638.563818181818,26575.739999999998,-62.82
22111,SCOTTIE DOG HOT WATER BOTTLE,4.889709172259509,5228,24263.7,865,4.2,5.11,5.44,4.92,-0.6, Competitive — Monitor,-1.0,,,MONITOR — No Clear Signal,0.0,4.89,0.0,0.0,-0.0,5228.0,25563.39955257271,25564.92,1.52
22112,CHOCOLATE HOT WATER BOTTLE,4.883818181818182,5166,23931.600000000002,801,4.49,4.51,5.66,4.89,-0.1, Competitive — Monitor,-1.0,,,MONITOR — No Clear Signal,0.0,4.88,-0.0,0.0,-0.0,5166.0,25229.804727272727,25210.079999999998,-19.72
22083,PAPER CHAIN KIT RETRO SPOT,2.903678678678679,8809,23881.65,656,2.6,3.05,3.35,3.0,-3.2, Competitive — Monitor,-1.0,,,MONITOR — No Clear Signal,0.0,2.9,-0.0,0.0,-0.0,8809.0,25578.505480480482,25546.1,-32.41
37503,TEA TIME CAKE STAND IN GIFT BOX,10.619339019189766,2388,23827.8,465,9.16,9.84,12.48,10.49,1.2, Competitive — Monitor,-1.0,,,MONITOR — No Clear Signal,0.0,10.62,0.0,0.0,-0.0,2388.0,25358.98157782516,25360.559999999998,1.58
22470,HEART OF WICKER LARGE,2.934526315789474,8275,23636.730000000003,997,2.64,3.12,3.19,2.98,-1.5, Competitive — Monitor,-1.0,,,MONITOR — No Clear Signal,0.0,2.93,-0.0,0.0,-0.0,8275.0,24283.2052631579,24245.75,-37.46
84078A,SET/4 WHITE RETRO STORAGE CUBES ,38.1921875,650,23252.500000000004,128,32.59,41.2,43.59,39.13,-2.4, Competitive — Monitor,-1.0,,,MONITOR — No Clear Signal,0.0,38.19,-0.0,0.0,-0.0,650.0,24824.921875000004,24823.5,-1.42
82494L,WOODEN FRAME ANTIQUE WHITE ,2.8703109815354715,8425,23245.75,1009,2.7,2.78,3.27,2.92,-1.7, Competitive — Monitor,-1.0,,,MONITOR — No Clear Signal,0.0,2.87,-0.0,0.0,-0.0,8425.0,24182.37001943635,24179.75,-2.62
22090,PAPER BUNTING RETRO SPOTS,2.915902777777778,8454,23161.300000000003,706,2.55,2.78,3.22,2.85,2.3, Competitive — Monitor,-1.0,,,MONITOR — No Clear Signal,0.0,2.92,0.0,0.0,-0.0,8454.0,24651.042083333337,24685.68,34.64
21731,RED TOADSTOOL LED NIGHT LIGHT,1.6384751773049644,14996,23068.8,543,1.5,1.71,1.84,1.68,-2.5, Competitive — Monitor,-1.0,,,MONITOR — No Clear Signal,0.0,1.64,0.0,0.0,-0.0,14996.0,24570.573758865245,24593.44,22.87
20727,LUNCH BAG  BLACK SKULL.,1.636106719367589,14529,22561.65,973,1.44,1.57,1.79,1.6,2.3, Competitive — Monitor,-1.0,,,MONITOR — No Clear Signal,0.0,1.64,0.0,0.0,-0.0,14529.0,23770.994525691698,23827.559999999998,56.57
21523,FANCY FONT HOME SWEET HOME DOORMAT,7.115802707930367,3581,22534.65,514,6.42,7.53,7.62,7.19,-1.0, Competitive — Monitor,-1.0,,,MONITOR — No Clear Signal,0.0,7.12,0.0,0.0,-0.0,3581.0,25481.689497098643,25496.72,15.03
22197,"POPCORN HOLDER , SMALL ",0.8373979591836734,28788,21875.26,759,0.76,0.78,0.91,0.82,2.1, Competitive — Monitor,-1.0,,,MONITOR — No Clear Signal,0.0,0.84,0.0,0.0,-0.0,28788.0,24107.012448979593,24181.92,74.91
84029E,RED WOOLLY HOTTIE WHITE HEART.,3.645735900962861,6592,21830.56,711,3.17,3.43,3.89,3.5,4.2, Competitive — Monitor,-1.0,,,MONITOR — No Clear Signal,0.0,3.65,0.0,0.0,-0.0,6592.0,24032.69105914718,24060.8,28.11
48187,DOOR MAT NEW ENGLAND,7.2505,3484,21796.5,635,6.87,7.81,8.36,7.68,-5.6, Competitive — Monitor,-1.0,,,MONITOR — No Clear Signal,0.0,7.25,-0.0,0.0,-0.0,3484.0,25260.742,25259.0,-1.74
22910,PAPER CHAIN KIT VINTAGE CHRISTMAS,2.9020259319286876,7861,21570.75,604,2.69,2.98,3.33,3.0,-3.3, Competitive — Monitor,-1.0,,,MONITOR — No Clear Signal,0.0,2.9,-0.0,0.0,-0.0,7861.0,22812.825850891415,22796.899999999998,-15.93
21524,SPOTTY  HOME SWEET HOME DOORMAT,7.256237785016286,3468,21569.98,606,6.85,7.66,8.65,7.72,-6.0, Competitive — Monitor,-1.0,,,MONITOR — No Clear Signal,0.0,7.26,0.0,0.0,-0.0,3468.0,25164.63263843648,25177.68,13.05
22114,HOT WATER BOTTLE TEA AND SYMPATHY,3.9019675925925927,5589,20854.050000000003,841,3.67,3.79,4.52,3.99,-2.2, Competitive — Monitor,-1.0,,,MONITOR — No Clear Signal,0.0,3.9,-0.0,0.0,-0.0,5589.0,21808.096875,21797.1,-11.0
21755,LOVE BUILDING BLOCK WORD,5.934954407294833,3546,20789.600000000002,949,5.4,6.1,6.28,5.93,0.1, Competitive — Monitor,-1.0,,,MONITOR — No Clear Signal,0.0,5.93,-0.0,0.0,-0.0,3546.0,21045.34832826748,21027.78,-17.57
22328,"ROUND SNACK BOXES ,SET 4, FRUITS ",2.9156140350877195,7627,20609.65,550,2.75,2.96,3.45,3.05,-4.4, Competitive — Monitor,-1.0,,,MONITOR — No Clear Signal,0.0,2.92,0.0,0.0,-0.0,7627.0,22237.388245614038,22270.84,33.45
82486,WOOD S/3 CABINET ANT WHITE FINISH,7.705072463768116,2702,20162.9,664,6.62,7.83,9.09,7.85,-1.8, Competitive — Monitor,-1.0,,,MONITOR — No Clear Signal,0.0,7.71,0.0,0.0,-0.0,2702.0,20819.10579710145,20832.42,13.31
22138,BAKING SET 9 PIECE RETROSPOT ,4.916095661846496,4255,20147.510000000002,888,4.28,5.06,5.49,4.94,-0.5, Competitive — Monitor,-1.0,,,MONITOR — No Clear Signal,0.0,4.92,0.0,0.0,-0.0,4255.0,20917.98704115684,20934.6,16.61
21527,RETRO SPOT TRADITIONAL TEAPOT ,7.837093206951027,2842,20144.940000000002,615,6.7,7.93,8.92,7.85,-0.2, Competitive — Monitor,-1.0,,,MONITOR — No Clear Signal,0.0,7.84,0.0,0.0,-0.0,2842.0,22273.01889415482,22281.28,8.26
22188,BLACK HEART CARD HOLDER,3.8451928783382794,7538,20117.64,336,3.39,3.8,4.6,3.93,-2.2, Competitive — Monitor,-1.0,,,MONITOR — No Clear Signal,0.0,3.85,0.0,0.0,-0.0,7538.0,28985.06391691395,29021.3,36.24
20679,EDWARDIAN PARASOL RED,5.733243243243244,4504,20084.8,368,5.1,5.53,6.48,5.7,0.6, Competitive — Monitor,-1.0,,,MONITOR — No Clear Signal,0.0,5.73,-0.0,0.0,-0.0,4504.0,25822.527567567573,25807.920000000002,-14.61
22383,LUNCHBAG SUKI  DESIGN ,1.6421337266470009,12540,19909.0,986,1.44,1.71,1.95,1.7,-3.4, Competitive — Monitor,-1.0,,,MONITOR — No Clear Signal,0.0,1.64,-0.0,0.0,-0.0,12540.0,20592.35693215339,20565.6,-26.76
20728,LUNCH BAG CARS BLUE,1.6410171428571427,12755,19805.75,852,1.53,1.57,1.74,1.61,1.9, Competitive — Monitor,-1.0,,,MONITOR — No Clear Signal,0.0,1.64,-0.0,0.0,-0.0,12755.0,20931.173657142856,20918.199999999997,-12.97
21485,RED SPOT HEART HOT WATER BOTTLE,4.8922018348623855,4227,19687.45,739,4.33,5.04,5.28,4.88,0.3, Competitive — Monitor,-1.0,,,MONITOR — No Clear Signal,0.0,4.89,-0.0,0.0,-0.0,4227.0,20679.337155963305,20670.03,-9.31
84997D,PINK 3 PIECE MINI DOTS CUTLERY SET,3.7351644736842107,5463,19655.37,587,3.28,3.58,4.17,3.68,1.5, Competitive — Monitor,-1.0,,,MONITOR — No Clear Signal,0.0,3.74,0.0,0.0,-0.0,5463.0,20405.203519736842,20431.620000000003,26.42
85014B,RED/WHITE DOTS RUFFLED UMBRELLA,5.890537848605578,4209,19207.95,501,5.33,6.01,6.7,6.01,-2.0, Competitive — Monitor,-1.0,,,MONITOR — No Clear Signal,0.0,5.89,-0.0,0.0,-0.0,4209.0,24793.273804780878,24791.01,-2.26
22326,"ROUND SNACK BOXES ,SET4, WOODLAND ",2.9302721088435373,6821,18902.75,571,2.53,3.05,3.44,3.01,-2.6, Competitive — Monitor,-1.0,,,MONITOR — No Clear Signal,0.0,2.93,-0.0,0.0,-0.0,6821.0,19987.386054421768,19985.530000000002,-1.86
20726,LUNCH BAG WOODLAND,1.642892156862745,12000,18796.0,789,1.53,1.57,1.97,1.69,-2.8, Competitive — Monitor,-1.0,,,MONITOR — No Clear Signal,0.0,1.64,-0.0,0.0,-0.0,12000.0,19714.70588235294,19680.0,-34.71
72741,GRAND CHOCOLATECANDLE,1.42,13926,18723.899999999998,594,1.22,1.32,1.57,1.37,3.6, Competitive — Monitor,-1.0,,,MONITOR — No Clear Signal,0.0,1.42,0.0,0.0,-0.0,13926.0,19774.92,19774.92,0.0
84946,ANTIQUE SILVER TEA GLASS ETCHED,1.228557142857143,16008,18555.36,674,1.17,1.16,1.3,1.21,1.5, Competitive — Monitor,-1.0,,,MONITOR — No Clear Signal,0.0,1.23,0.0,0.0,-0.0,16008.0,19666.742742857143,19689.84,23.1
48185,DOOR MAT FAIRY CAKE,7.25588693957115,3001,18513.19,506,6.73,7.38,8.49,7.53,-3.6, Competitive — Monitor,-1.0,,,MONITOR — No Clear Signal,0.0,7.26,0.0,0.0,-0.0,3001.0,21774.91670565302,21787.26,12.34
21915,RED  HARMONICA IN BOX ,1.236619718309859,16122,18145.72,345,1.08,1.31,1.41,1.27,-2.6, Competitive — Monitor,-1.0,,,MONITOR — No Clear Signal,0.0,1.24,0.0,0.0,-0.0,16122.0,19936.783098591546,19991.28,54.5
84997B,RED 3 PIECE MINI DOTS CUTLERY SET,3.7358906249999997,4999,18113.07,624,3.18,3.46,4.03,3.56,4.9, Competitive — Monitor,-1.0,,,MONITOR — No Clear Signal,0.0,3.74,0.0,0.0,-0.0,4999.0,18675.717234375,18696.260000000002,20.54
84997C,BLUE 3 PIECE MINI DOTS CUTLERY SET,3.7380661157024795,4904,17728.68,588,3.48,3.88,4.2,3.85,-2.9, Competitive — Monitor,-1.0,,,MONITOR — No Clear Signal,0.0,3.74,0.0,0.0,-0.0,4904.0,18331.47623140496,18340.960000000003,9.48
82482,WOODEN PICTURE FRAME WHITE FINISH,2.459892729439809,7643,17677.95,818,2.26,2.4,2.86,2.51,-2.0, Competitive — Monitor,-1.0,,,MONITOR — No Clear Signal,0.0,2.46,0.0,0.0,-0.0,7643.0,18800.96013110846,18801.78,0.82
22178,VICTORIAN GLASS HANGING T-LIGHT,1.237260677466863,15418,17664.4,639,1.14,1.23,1.44,1.27,-2.6, Competitive — Monitor,-1.0,,,MONITOR — No Clear Signal,0.0,1.24,0.0,0.0,-0.0,15418.0,19076.085125184094,19118.32,42.23
84991,60 TEATIME FAIRY CAKE CASES,0.5405887300252313,35806,17503.2,1136,0.5,0.58,0.61,0.56,-3.5, Competitive — Monitor,-1.0,,,MONITOR — No Clear Signal,0.0,0.54,-0.0,0.0,-0.0,35806.0,19356.320067283432,19335.24,-21.08
79323W, WHITE CHERRY LIGHTS,6.398089171974522,2948,17384.8,313,5.49,6.23,7.01,6.24,2.5, Competitive — Monitor,-1.0,,,MONITOR — No Clear Signal,0.0,6.4,0.0,0.0,-0.0,2948.0,18861.56687898089,18867.2,5.63
47590B,PINK HAPPY BIRTHDAY BUNTING,5.413040685224839,3404,17105.800000000003,457,4.8,5.38,6.47,5.55,-2.5, Competitive — Monitor,-1.0,,,MONITOR — No Clear Signal,0.0,5.41,-0.0,0.0,-0.0,3404.0,18425.990492505352,18415.64,-10.35
21166,COOK WITH WINE METAL SIGN ,1.9196803652968037,9624,17072.16,643,1.65,1.77,2.21,1.88,2.1, Competitive — Monitor,-1.0,,,MONITOR — No Clear Signal,0.0,1.92,0.0,0.0,-0.0,9624.0,18475.00383561644,18478.079999999998,3.08
48111,DOOR MAT 3 SMILEY CATS,7.123535108958838,2999,17013.89,408,6.67,6.65,7.92,7.08,0.6, Competitive — Monitor,-1.0,,,MONITOR — No Clear Signal,0.0,7.12,-0.0,0.0,-0.0,2999.0,21363.481791767554,21352.88,-10.6
22457,NATURAL SLATE HEART CHALKBOARD ,2.9345021037868166,6028,16958.4,700,2.68,2.82,3.2,2.9,1.2, Competitive — Monitor,-1.0,,,MONITOR — No Clear Signal,0.0,2.93,-0.0,0.0,-0.0,6028.0,17689.17868162693,17662.04,-27.14
21622,VINTAGE UNION JACK CUSHION COVER,4.951129707112971,3199,16938.17,463,4.37,4.58,5.74,4.9,1.0, Competitive — Monitor,-1.0,,,MONITOR — No Clear Signal,0.0,4.95,-0.0,0.0,-0.0,3199.0,15838.663933054393,15835.050000000001,-3.61
22469,HEART OF WICKER SMALL,1.637210065645514,10407,16792.309999999998,874,1.4,1.67,1.78,1.62,1.1, Competitive — Monitor,-1.0,,,MONITOR — No Clear Signal,0.0,1.64,0.0,0.0,-0.0,10407.0,17038.445153172863,17067.48,29.03
20713,JUMBO BAG OWLS,1.9264925373134327,9366,16745.7,528,1.7,1.9,2.07,1.89,1.9, Competitive — Monitor,-1.0,,,MONITOR — No Clear Signal,0.0,1.93,0.0,0.0,-0.0,9366.0,18043.52910447761,18076.38,32.85
84836,ZINC METAL HEART DECORATION,1.2460895883777239,13958,16706.5,790,1.1,1.26,1.41,1.26,-1.1, Competitive — Monitor,-1.0,,,MONITOR — No Clear Signal,0.0,1.25,0.0,0.0,-0.0,13958.0,17392.91847457627,17447.5,54.58
22622,BOX OF VINTAGE ALPHABET BLOCKS,9.83036303630363,1824,16695.899999999998,298,9.07,9.32,10.75,9.71,1.2, Competitive — Monitor,-1.0,,,MONITOR — No Clear Signal,0.0,9.83,-0.0,0.0,-0.0,1824.0,17930.58217821782,17929.920000000002,-0.66
21217,RED SPOTTY ROUND CAKE TINS,9.851303538175046,1752,16691.399999999998,530,9.0,9.53,11.27,9.93,-0.8, Competitive — Monitor,-1.0,,,MONITOR — No Clear Signal,0.0,9.85,-0.0,0.0,-0.0,1752.0,17259.48379888268,17257.2,-2.28
48184,DOOR MAT ENGLISH ROSE ,7.24909756097561,2677,16521.51,407,6.8,7.44,7.74,7.33,-1.1, Competitive — Monitor,-1.0,,,MONITOR — No Clear Signal,0.0,7.25,0.0,0.0,-0.0,2677.0,19405.83417073171,19408.25,2.42
22379,RECYCLING BAG RETROSPOT ,2.0732018927444797,8419,16434.65,619,1.86,2.23,2.38,2.16,-4.0, Competitive — Monitor,-1.0,,,MONITOR — No Clear Signal,0.0,2.07,-0.0,0.0,-0.0,8419.0,17454.286735015776,17427.329999999998,-26.96
21175,GIN + TONIC DIET METAL SIGN,2.07813315926893,8439,16384.4,748,1.79,1.93,2.27,2.0,3.9, Competitive — Monitor,-1.0,,,MONITOR — No Clear Signal,0.0,2.08,0.0,0.0,-0.0,8439.0,17537.3657310705,17553.12,15.75
22384,LUNCHBAG PINK RETROSPOT,1.6441347150259067,10240,16332.0,928,1.51,1.75,1.73,1.66,-1.0, Competitive — Monitor,-1.0,,,MONITOR — No Clear Signal,0.0,1.64,-0.0,0.0,-0.0,10240.0,16835.939481865284,16793.6,-42.34
22158,3 HEARTS HANGING DECORATION RUSTIC,2.939041095890411,5544,15607.6,419,2.72,2.98,3.14,2.95,-0.4, Competitive — Monitor,-1.0,,,MONITOR — No Clear Signal,0.0,2.94,0.0,0.0,-0.0,5544.0,16294.04383561644,16299.36,5.32
22382,LUNCHBAG SPACEBOY DESIGN ,1.6370552147239263,9767,15604.75,954,1.48,1.65,1.95,1.69,-3.1, Competitive — Monitor,-1.0,,,MONITOR — No Clear Signal,0.0,1.64,0.0,0.0,-0.0,9767.0,15989.118282208588,16017.88,28.76
48188,DOOR MAT WELCOME PUPPIES,7.236039886039886,2749,15599.75,349,6.71,7.24,8.54,7.5,-3.5, Competitive — Monitor,-1.0,,,MONITOR — No Clear Signal,0.0,7.24,0.0,0.0,-0.0,2749.0,19891.873646723645,19902.760000000002,10.89
85152,HAND OVER THE CHOCOLATE   SIGN ,2.0650335570469798,8240,15598.94,730,1.86,1.92,2.24,2.01,2.7, Competitive — Monitor,-1.0,,,MONITOR — No Clear Signal,0.0,2.07,0.0,0.0,-0.0,8240.0,17015.87651006711,17056.8,40.92
20972,PINK CREAM FELT CRAFT TRINKET BOX ,1.2430095759233926,13170,15460.28,714,1.12,1.16,1.45,1.24,0.2, Competitive — Monitor,-1.0,,,MONITOR — No Clear Signal,0.0,1.24,-0.0,0.0,-0.0,13170.0,16370.436114911081,16330.8,-39.64
37449,CERAMIC CAKE STAND + HANGING CAKES,9.496875000000001,1749,15446.5,269,8.48,9.65,10.84,9.66,-1.7, Competitive — Monitor,-1.0,,,MONITOR — No Clear Signal,0.0,9.5,0.0,0.0,-0.0,1749.0,16610.034375000003,16615.5,5.47
22752,SET 7 BABUSHKA NESTING BOXES,8.382228915662651,1925,15357.800000000001,320,7.15,8.17,10.02,8.45,-0.8, Competitive — Monitor,-1.0,,,MONITOR — No Clear Signal,0.0,8.38,-0.0,0.0,-0.0,1925.0,16135.790662650603,16131.500000000002,-4.29
85066,CREAM SWEETHEART MINI CHEST,12.671618798955613,1292,15326.56,373,10.91,13.52,14.02,12.82,-1.2, Competitive — Monitor,-1.0,,,MONITOR — No Clear Signal,0.0,12.67,-0.0,0.0,-0.0,1292.0,16371.731488250653,16369.64,-2.09
21231,SWEETHEART CERAMIC TRINKET BOX,1.2351631701631702,13018,15276.140000000001,808,1.05,1.22,1.42,1.23,0.4, Competitive — Monitor,-1.0,,,MONITOR — No Clear Signal,0.0,1.24,0.0,0.0,-0.0,13018.0,16079.35414918415,16142.32,62.97
21977,PACK OF 60 PINK PAISLEY CAKE CASES,0.5402393340270553,31006,15103.75,928,0.49,0.51,0.57,0.52,3.9, Competitive — Monitor,-1.0,,,MONITOR — No Clear Signal,0.0,0.54,-0.0,0.0,-0.0,31006.0,16750.660790842874,16743.24,-7.42
71459,HANGING JAM JAR T-LIGHT HOLDER,0.8315,19303,15075.31,509,0.73,0.86,0.92,0.84,-1.0, Competitive — Monitor,-1.0,,,MONITOR — No Clear Signal,0.0,0.83,-0.0,0.0,-0.0,19303.0,16050.4445,16021.49,-28.95
85014A,BLACK/BLUE DOTS RUFFLED UMBRELLA,5.8738271604938275,3473,15044.75,399,5.29,5.68,7.02,6.0,-2.1, Competitive — Monitor,-1.0,,,MONITOR — No Clear Signal,0.0,5.87,-0.0,0.0,-0.0,3473.0,20399.80172839506,20386.510000000002,-13.29
84406B,CREAM CUPID HEARTS COAT HANGER,3.153063583815029,5016,14864.52,515,2.97,3.17,3.57,3.24,-2.7, Competitive — Monitor,-1.0,,,MONITOR — No Clear Signal,0.0,3.15,-0.0,0.0,-0.0,5016.0,15815.766936416187,15800.4,-15.37
22385,JUMBO BAG SPACEBOY DESIGN,1.9244444444444444,8309,14765.55,506,1.68,1.99,2.1,1.92,0.2, Competitive — Monitor,-1.0,,,MONITOR — No Clear Signal,0.0,1.92,-0.0,0.0,-0.0,8309.0,15990.208888888888,15953.279999999999,-36.93
21955,UNION JACK GUNS & ROSES  DOORMAT,7.127291196388262,2585,14652.59,432,6.35,7.58,7.61,7.18,-0.7, Competitive — Monitor,-1.0,,,MONITOR — No Clear Signal,0.0,7.13,0.0,0.0,-0.0,2585.0,18424.047742663657,18431.05,7.0
82483,WOOD 2 DRAWER CABINET WHITE FINISH,5.68109243697479,2657,14460.150000000001,581,5.26,5.95,6.56,5.92,-4.0, Competitive — Monitor,-1.0,,,MONITOR — No Clear Signal,0.0,5.68,-0.0,0.0,-0.0,2657.0,15094.662605042018,15091.759999999998,-2.9
20750, RED/WHITE DOT MINI CASES,7.792230623818526,1982,14364.98,522,6.8,8.01,8.94,7.92,-1.6, Competitive — Monitor,-1.0,,,MONITOR — No Clear Signal,0.0,7.79,-0.0,0.0,-0.0,1982.0,15444.201096408318,15439.78,-4.42
84755,COLOUR GLASS T-LIGHT HOLDER HANGING,0.6384105960264901,24032,14250.400000000001,580,0.55,0.66,0.71,0.64,-0.2, Competitive — Monitor,-1.0,,,MONITOR — No Clear Signal,0.0,0.64,0.0,0.0,-0.0,24032.0,15342.28344370861,15380.48,38.2
20712,JUMBO BAG WOODLAND ANIMALS,1.9283295711060948,7742,13992.9,435,1.69,2.07,2.3,2.02,-4.5, Competitive — Monitor,-1.0,,,MONITOR — No Clear Signal,0.0,1.93,0.0,0.0,-0.0,7742.0,14929.127539503386,14942.06,12.93
47566B,TEA TIME PARTY BUNTING,4.604621848739496,3355,13969.050000000001,348,3.99,4.45,4.85,4.43,3.9, Competitive — Monitor,-1.0,,,MONITOR — No Clear Signal,0.0,4.6,-0.0,0.0,-0.0,3355.0,15448.50630252101,15432.999999999998,-15.51
47590A,BLUE HAPPY BIRTHDAY BUNTING,5.384808362369339,2807,13798.150000000001,285,5.08,4.95,5.9,5.31,1.4, Competitive — Monitor,-1.0,,,MONITOR — No Clear Signal,0.0,5.38,-0.0,0.0,-0.0,2807.0,15115.157073170732,15101.66,-13.5
22585,PACK OF 6 BIRDY GIFT TAGS,1.243157894736842,11489,13705.18,664,1.16,1.2,1.48,1.28,-2.9, Competitive — Monitor,-1.0,,,MONITOR — No Clear Signal,0.0,1.24,-0.0,0.0,-0.0,11489.0,14282.641052631578,14246.36,-36.28
22061,LARGE CAKE STAND  HANGING STRAWBERY,9.782012383900927,1539,13669.32,319,8.93,9.34,10.74,9.67,1.2, Competitive — Monitor,-1.0,,,MONITOR — No Clear Signal,0.0,9.78,-0.0,0.0,-0.0,1539.0,15054.517058823527,15051.419999999998,-3.1
22294,HEART FILIGREE DOVE  SMALL,1.2459099804305283,11259,13563.03,476,1.17,1.28,1.36,1.27,-1.9, Competitive — Monitor,-1.0,,,MONITOR — No Clear Signal,0.0,1.25,0.0,0.0,-0.0,11259.0,14027.700469667318,14073.75,46.05
21314,SMALL GLASS HEART TRINKET POT,2.0792746113989637,6933,13491.300000000001,379,1.93,2.12,2.35,2.13,-2.4, Competitive — Monitor,-1.0,,,MONITOR — No Clear Signal,0.0,2.08,0.0,0.0,-0.0,6933.0,14415.610880829016,14420.640000000001,5.03
22734,SET OF 6 RIBBONS VINTAGE CHRISTMAS,2.530851063829787,6015,13462.65,271,2.2,2.57,2.97,2.58,-1.9, Competitive — Monitor,-1.0,,,MONITOR — No Clear Signal,0.0,2.53,-0.0,0.0,-0.0,6015.0,15223.069148936169,15217.949999999999,-5.12
21481,FAWN BLUE HOT WATER BOTTLE,2.9209803921568627,4907,13439.650000000001,496,2.74,2.69,3.11,2.85,2.5, Competitive — Monitor,-1.0,,,MONITOR — No Clear Signal,0.0,2.92,-0.0,0.0,-0.0,4907.0,14333.250784313725,14328.44,-4.81
21080,SET/20 RED SPOTTY PAPER NAPKINS ,0.8362537764350453,17901,13434.21,974,0.76,0.87,1.0,0.88,-5.0, Competitive — Monitor,-1.0,,,MONITOR — No Clear Signal,0.0,0.84,0.0,0.0,-0.0,17901.0,14969.778851963745,15036.84,67.06
84970S,HANGING HEART ZINC T-LIGHT HOLDER,0.8369444444444445,17297,13282.429999999998,741,0.78,0.81,0.98,0.86,-2.7, Competitive — Monitor,-1.0,,,MONITOR — No Clear Signal,0.0,0.84,0.0,0.0,-0.0,17297.0,14476.628055555557,14529.48,52.85
48129,DOOR MAT TOPIARY,7.246446540880503,2209,13260.67,311,6.81,7.44,7.81,7.35,-1.4, Competitive — Monitor,-1.0,,,MONITOR — No Clear Signal,0.0,7.25,0.0,0.0,-0.0,2209.0,16007.400408805031,16015.25,7.85
22865,HAND WARMER OWL DESIGN,2.0917627677100494,6508,13195.800000000001,549,1.84,2.11,2.42,2.12,-1.3, Competitive — Monitor,-1.0,,,MONITOR — No Clear Signal,0.0,2.09,-0.0,0.0,-0.0,6508.0,13613.192092257003,13601.72,-11.47
79323P,PINK CHERRY LIGHTS,6.42467248908297,2230,13171.1,228,5.53,6.26,7.12,6.3,2.0, Competitive — Monitor,-1.0,,,MONITOR — No Clear Signal,0.0,6.42,-0.0,0.0,-0.0,2230.0,14327.019650655022,14316.6,-10.42
22632,HAND WARMER RED POLKA DOT,2.083974358974359,6631,13118.1,435,1.82,1.96,2.31,2.03,2.7, Competitive — Monitor,-1.0,,,MONITOR — No Clear Signal,0.0,2.08,-0.0,0.0,-0.0,6631.0,13818.833974358975,13792.48,-26.35
22149,FELTCRAFT 6 FLOWER FRIENDS,2.087840909090909,6483,13089.800000000001,753,1.86,1.95,2.44,2.08,0.4, Competitive — Monitor,-1.0,,,MONITOR — No Clear Signal,0.0,2.09,0.0,0.0,-0.0,6483.0,13535.472613636364,13549.47,14.0
22866,HAND WARMER SCOTTY DOG DESIGN,2.091116751269036,6436,13002.600000000002,535,1.95,2.2,2.5,2.22,-5.8, Competitive — Monitor,-1.0,,,MONITOR — No Clear Signal,0.0,2.09,-0.0,0.0,-0.0,6436.0,13458.427411167515,13451.24,-7.19
22867,HAND WARMER BIRD DESIGN,2.0892857142857144,6457,12989.7,520,1.96,2.23,2.23,2.14,-2.4, Competitive — Monitor,-1.0,,,MONITOR — No Clear Signal,0.0,2.09,0.0,0.0,-0.0,6457.0,13490.517857142859,13495.13,4.61
82600,NO SINGING METAL SIGN,2.0611967213114757,6776,12936.960000000001,600,1.75,2.11,2.29,2.05,0.5, Competitive — Monitor,-1.0,,,MONITOR — No Clear Signal,0.0,2.06,-0.0,0.0,-0.0,6776.0,13966.66898360656,13958.56,-8.11
48173C,DOOR MAT BLACK FLOCK ,7.241644295302014,2272,12913.44,295,6.53,6.78,8.13,7.15,1.3, Competitive — Monitor,-1.0,,,MONITOR — No Clear Signal,0.0,7.24,-0.0,0.0,-0.0,2272.0,16453.015838926174,16449.28,-3.74
35004C,SET OF 3 COLOURED  FLYING DUCKS,5.13390243902439,2707,12869.150000000001,201,4.58,5.05,5.68,5.1,0.7, Competitive — Monitor,-1.0,,,MONITOR — No Clear Signal,0.0,5.13,-0.0,0.0,-0.0,2707.0,13897.473902439024,13886.91,-10.56
20711,JUMBO BAG TOYS ,1.9184562211981566,7271,12843.35,431,1.67,1.99,2.12,1.93,-0.6, Competitive — Monitor,-1.0,,,MONITOR — No Clear Signal,0.0,1.92,0.0,0.0,-0.0,7271.0,13949.095184331796,13960.32,11.22
21210,SET OF 72 RETRO SPOT PAPER  DOILIES,1.4421232876712327,9178,12813.9,579,1.24,1.51,1.53,1.43,0.8, Competitive — Monitor,-1.0,,,MONITOR — No Clear Signal,0.0,1.44,-0.0,0.0,-0.0,9178.0,13235.807534246573,13216.32,-19.49
15036,ASSORTED COLOURS SILK FAN,0.7254746835443038,19202,12784.880000000001,316,0.64,0.68,0.84,0.72,0.8, Competitive — Monitor,-1.0,,,MONITOR — No Clear Signal,0.0,0.73,0.0,0.0,-0.0,19202.0,13930.564873417721,14017.46,86.9
84029G,KNITTED UNION FLAG HOT WATER BOTTLE,3.688467583497053,3604,12728.04,489,3.48,3.39,4.11,3.66,0.8, Competitive — Monitor,-1.0,,,MONITOR — No Clear Signal,0.0,3.69,0.0,0.0,-0.0,3604.0,13293.23717092338,13298.76,5.52
85232B,SET/3 RUSSIAN DOLL STACKING TINS,4.913738738738739,2668,12722.2,437,4.34,5.08,5.3,4.91,0.1, Competitive — Monitor,-1.0,,,MONITOR — No Clear Signal,0.0,4.91,-0.0,0.0,-0.0,2668.0,13109.854954954955,13099.880000000001,-9.97
22077,6 RIBBONS RUSTIC CHARM,1.6479591836734695,7679,12468.749999999998,663,1.49,1.61,1.93,1.68,-1.9, Competitive — Monitor,-1.0,,,MONITOR — No Clear Signal,0.0,1.65,0.0,0.0,-0.0,7679.0,12654.678571428572,12670.349999999999,15.67
20971,PINK BLUE FELT CRAFT TRINKET BOX,1.2409369676320272,10634,12346.300000000001,570,1.14,1.19,1.45,1.26,-1.5, Competitive — Monitor,-1.0,,,MONITOR — No Clear Signal,0.0,1.24,-0.0,0.0,-0.0,10634.0,13196.123713798977,13186.16,-9.96
21930,JUMBO STORAGE BAG SKULLS,1.9303035714285715,6838,12342.1,550,1.71,1.78,2.17,1.89,2.1, Competitive — Monitor,-1.0,,,MONITOR — No Clear Signal,0.0,1.93,-0.0,0.0,-0.0,6838.0,13199.41582142857,13197.34,-2.08
22629,SPACEBOY LUNCH BOX ,1.9288636363636362,6742,12167.699999999999,425,1.83,1.94,2.11,1.96,-1.6, Competitive — Monitor,-1.0,,,MONITOR — No Clear Signal,0.0,1.93,0.0,0.0,-0.0,6742.0,13004.398636363636,13012.06,7.66
85042,ANTIQUE LILY FAIRY LIGHTS,4.827622377622378,2669,12085.95,281,4.57,5.1,5.53,5.07,-4.8, Competitive — Monitor,-1.0,,,MONITOR — No Clear Signal,0.0,4.83,0.0,0.0,-0.0,2669.0,12884.924125874126,12891.27,6.35
22837,HOT WATER BOTTLE BABUSHKA ,4.61923076923077,2666,11897.7,290,4.04,4.96,5.05,4.68,-1.3, Competitive — Monitor,-1.0,,,MONITOR — No Clear Signal,0.0,4.62,0.0,0.0,-0.0,2666.0,12314.869230769233,12316.92,2.05
72760B,VINTAGE CREAM 3 BASKET CAKE STAND,9.824215384615384,1285,11860.109999999999,315,8.84,9.93,10.66,9.81,0.1, Competitive — Monitor,-1.0,,,MONITOR — No Clear Signal,0.0,9.82,-0.0,0.0,-0.0,1285.0,12624.116769230768,12618.7,-5.42
22492,MINI PAINT SET VINTAGE ,0.6466153846153846,18733,11795.85,323,0.57,0.65,0.75,0.66,-2.0, Competitive — Monitor,-1.0,,,MONITOR — No Clear Signal,0.0,0.65,0.0,0.0,-0.0,18733.0,12113.046,12176.45,63.4
22556,PLASTERS IN TIN CIRCUS PARADE ,1.6459183673469389,7365,11691.449999999999,602,1.45,1.54,1.74,1.58,4.2, Competitive — Monitor,-1.0,,,MONITOR — No Clear Signal,0.0,1.65,0.0,0.0,-0.0,7365.0,12122.188775510205,12152.25,30.06
21791,VINTAGE HEADS AND TAILS CARD GAME ,1.241672077922078,10000,11673.12,591,1.06,1.25,1.32,1.21,2.6, Competitive — Monitor,-1.0,,,MONITOR — No Clear Signal,0.0,1.24,-0.0,0.0,-0.0,10000.0,12416.720779220781,12400.0,-16.72
21213,PACK OF 72 SKULL CAKE CASES,0.5385064011379802,24618,11657.82,671,0.49,0.53,0.57,0.53,1.6, Competitive — Monitor,-1.0,,,MONITOR — No Clear Signal,0.0,0.54,0.0,0.0,-0.0,24618.0,13256.950583214797,13293.720000000001,36.77
22551,PLASTERS IN TIN SPACEBOY,1.6443396226415095,7287,11584.349999999999,611,1.48,1.67,1.76,1.64,0.3, Competitive — Monitor,-1.0,,,MONITOR — No Clear Signal,0.0,1.64,-0.0,0.0,-0.0,7287.0,11982.302830188679,11950.679999999998,-31.62
22507,MEMO BOARD RETROSPOT  DESIGN,4.910025062656642,2650,11574.300000000001,397,4.2,4.82,5.21,4.74,3.6, Competitive — Monitor,-1.0,,,MONITOR — No Clear Signal,0.0,4.91,-0.0,0.0,-0.0,2650.0,13011.566416040101,13011.5,-0.07
15044A,PINK PAPER PARASOL ,2.9155172413793107,4472,11573.199999999999,116,2.56,2.79,3.5,2.95,-1.2, Competitive — Monitor,-1.0,,,MONITOR — No Clear Signal,0.0,2.92,0.0,0.0,-0.0,4472.0,13038.193103448277,13058.24,20.05
22605,WOODEN CROQUET GARDEN SET,12.610511182108628,1015,11447.33,312,11.86,11.79,13.79,12.48,1.0, Competitive — Monitor,-1.0,,,MONITOR — No Clear Signal,0.0,12.61,-0.0,0.0,-0.0,1015.0,12799.668849840256,12799.15,-0.52
22297,HEART IVORY TRELLIS SMALL,1.2479525862068965,9319,11425.31,440,1.09,1.21,1.34,1.21,3.1, Competitive — Monitor,-1.0,,,MONITOR — No Clear Signal,0.0,1.25,0.0,0.0,-0.0,9319.0,11629.670150862068,11648.75,19.08
84949,SILVER HANGING T-LIGHT HOLDER,1.633673469387755,7300,11323.8,377,1.41,1.53,1.77,1.57,4.1, Competitive — Monitor,-1.0,,,MONITOR — No Clear Signal,0.0,1.63,-0.0,0.0,-0.0,7300.0,11925.816326530612,11899.0,-26.82
84077,WORLD WAR 2 GLIDERS ASSTD DESIGNS,0.23113978494623655,54754,11319.619999999999,461,0.21,0.22,0.28,0.24,-3.7, Competitive — Monitor,1.888,Price Insensitive — Raise Price,+10%,RAISE PRICE +5% to +8%,0.065,0.25,0.02,6.5,12.271999999999998,61473.410879999996,12655.827784946236,15368.352719999999,2712.52
22630,DOLLY GIRL LUNCH BOX,1.9333734939759037,6287,11314.05,403,1.83,2.08,2.18,2.03,-4.8, Competitive — Monitor,-1.0,,,MONITOR — No Clear Signal,0.0,1.93,-0.0,0.0,-0.0,6287.0,12155.119156626506,12133.91,-21.21
21164,HOME SWEET HOME METAL SIGN ,2.9267254408060457,4198,11253.220000000001,393,2.56,2.9,3.23,2.9,0.9, Competitive — Monitor,-1.0,,,MONITOR — No Clear Signal,0.0,2.93,0.0,0.0,-0.0,4198.0,12286.393400503779,12300.140000000001,13.75
22087,PAPER BUNTING WHITE LACE,2.9010344827586207,4027,11231.6,415,2.66,2.92,3.43,3.0,-3.3, Competitive — Monitor,-1.0,,,MONITOR — No Clear Signal,0.0,2.9,-0.0,0.0,-0.0,4027.0,11682.465862068966,11678.3,-4.17
21908,CHOCOLATE THIS WAY METAL SIGN,2.0793832599118947,5935,11186.12,440,1.93,2.2,2.31,2.15,-3.3, Competitive — Monitor,-1.0,,,MONITOR — No Clear Signal,0.0,2.08,0.0,0.0,-0.0,5935.0,12341.139647577094,12344.800000000001,3.66
47591D,PINK FAIRY CAKE CHILD'S APRON,1.9275565610859728,6141,11134.11,652,1.68,2.08,2.12,1.96,-1.7, Competitive — Monitor,-1.0,,,MONITOR — No Clear Signal,0.0,1.93,0.0,0.0,-0.0,6141.0,11837.12484162896,11852.13,15.01
22381,TOY TIDY PINK RETROSPOT  ,2.0801346153846154,5669,11093.6,509,1.92,2.11,2.25,2.09,-0.5, Competitive — Monitor,-1.0,,,MONITOR — No Clear Signal,0.0,2.08,-0.0,0.0,-0.0,5669.0,11792.283134615385,11791.52,-0.76
22456,NATURAL SLATE CHALKBOARD LARGE ,4.874749163879598,2596,10962.36,298,4.32,5.12,5.39,4.94,-1.3, Competitive — Monitor,-1.0,,,MONITOR — No Clear Signal,0.0,4.87,-0.0,0.0,-0.0,2596.0,12654.848829431437,12642.52,-12.33
21258,VICTORIAN SEWING BOX LARGE,12.412068965517243,944,10961.4,255,11.34,12.07,13.62,12.34,0.6, Competitive — Monitor,-1.0,,,MONITOR — No Clear Signal,0.0,12.41,-0.0,0.0,-0.0,944.0,11716.993103448278,11715.04,-1.95
21156,RED SPOTTY CHILDS APRON,1.9211214953271027,6081,10903.05,524,1.75,1.86,2.21,1.94,-1.0, Competitive — Monitor,-1.0,,,MONITOR — No Clear Signal,0.0,1.92,-0.0,0.0,-0.0,6081.0,11682.339813084112,11675.52,-6.82
48116,DOOR MAT MULTICOLOUR STRIPE,7.090323886639676,1897,10805.93,246,6.41,6.98,7.75,7.05,0.6, Competitive — Monitor,-1.0,,,MONITOR — No Clear Signal,0.0,7.09,-0.0,0.0,-0.0,1897.0,13450.344412955465,13449.73,-0.61
21121,SET/10 RED SPOTTY PARTY CANDLES,1.2456367432150313,8963,10747.75,463,1.07,1.28,1.42,1.26,-1.1, Competitive — Monitor,-1.0,,,MONITOR — No Clear Signal,0.0,1.25,0.0,0.0,-0.0,8963.0,11164.642129436324,11203.75,39.11
35400,WOODEN BOX ADVENT CALENDAR ,8.884477611940298,1237,10692.199999999999,326,8.29,9.14,9.42,8.95,-0.7, Competitive — Monitor,-1.0,,,MONITOR — No Clear Signal,0.0,8.88,-0.0,0.0,-0.0,1237.0,10990.098805970149,10984.560000000001,-5.54
22296,HEART IVORY TRELLIS LARGE,1.6464566929133857,6611,10641.749999999998,483,1.45,1.6,1.78,1.61,2.3, Competitive — Monitor,-1.0,,,MONITOR — No Clear Signal,0.0,1.65,0.0,0.0,-0.0,6611.0,10884.725196850393,10908.15,23.42
82583,HOT BATHS METAL SIGN,2.0698920086393087,5563,10558.08,447,1.8,1.95,2.3,2.02,2.5, Competitive — Monitor,-1.0,,,MONITOR — No Clear Signal,0.0,2.07,0.0,0.0,-0.0,5563.0,11514.809244060474,11515.41,0.6
20724,RED SPOTTY CHARLOTTE BAG,0.8403949044585988,13190,10532.9,773,0.72,0.86,1.0,0.86,-2.3, Competitive — Monitor,-1.0,,,MONITOR — No Clear Signal,0.0,0.84,-0.0,0.0,-0.0,13190.0,11084.808789808918,11079.6,-5.21
85150,LADIES & GENTLEMEN METAL SIGN,2.5287658802177857,4325,10521.15,542,2.3,2.38,2.8,2.49,1.6, Competitive — Monitor,-1.0,,,MONITOR — No Clear Signal,0.0,2.53,0.0,0.0,-0.0,4325.0,10936.912431941922,10942.25,5.34
22505,MEMO BOARD COTTAGE DESIGN,4.916072289156626,2283,10506.550000000001,407,4.51,4.98,5.65,5.05,-2.7, Competitive — Monitor,-1.0,,,MONITOR — No Clear Signal,0.0,4.92,0.0,0.0,-0.0,2283.0,11223.393036144578,11232.36,8.97
71053,WHITE METAL LANTERN,3.6599999999999997,2931,10345.41,373,3.12,3.77,3.98,3.62,1.1, Competitive — Monitor,-1.0,,,MONITOR — No Clear Signal,0.0,3.66,0.0,0.0,-0.0,2931.0,10727.46,10727.460000000001,0.0
22444,GROW YOUR OWN PLANT IN A CAN ,1.2437500000000001,8440,10326.56,302,1.12,1.28,1.33,1.24,0.3, Competitive — Monitor,-1.0,,,MONITOR — No Clear Signal,0.0,1.24,-0.0,0.0,-0.0,8440.0,10497.250000000002,10465.6,-31.65
84992,72 SWEETHEART FAIRY CAKE CASES,0.540257104194858,21471,10200.32,694,0.47,0.56,0.57,0.53,1.9, Competitive — Monitor,-1.0,,,MONITOR — No Clear Signal,0.0,0.54,-0.0,0.0,-0.0,21471.0,11599.860284167795,11594.34,-5.52
22366,DOORMAT AIRMAIL ,7.330140350877193,1668,10192.86,283,6.7,7.77,8.03,7.5,-2.3, Competitive — Monitor,-1.0,,,MONITOR — No Clear Signal,0.0,7.33,-0.0,0.0,-0.0,1668.0,12226.674105263159,12226.44,-0.23
22624,IVORY KITCHEN SCALES,8.455357142857142,1231,10158.35,467,7.33,8.46,9.08,8.29,2.0, Competitive — Monitor,-1.0,,,MONITOR — No Clear Signal,0.0,8.46,0.0,0.0,-0.0,1231.0,10408.544642857143,10414.26,5.72
21535,RETRO SPOT SMALL MILK JUG,2.5361842105263155,4155,10136.25,647,2.33,2.63,2.73,2.56,-0.9, Competitive — Monitor,-1.0,,,MONITOR — No Clear Signal,0.0,2.54,0.0,0.0,-0.0,4155.0,10537.845394736842,10553.7,15.85
21936,RED/WHITE SPOT PICNIC BAG,2.9239130434782608,3645,10124.75,402,2.6,2.98,3.4,2.99,-2.2, Competitive — Monitor,-1.0,,,MONITOR — No Clear Signal,0.0,2.92,-0.0,0.0,-0.0,3645.0,10657.66304347826,10643.4,-14.26
22617,BAKING SET SPACEBOY DESIGN,4.928316008316008,2150,10124.220000000001,474,4.65,4.68,5.19,4.84,1.8, Competitive — Monitor,-1.0,,,MONITOR — No Clear Signal,0.0,4.93,0.0,0.0,-0.0,2150.0,10595.879417879418,10599.5,3.62
21790,VINTAGE SNAP CARDS,0.8436507936507935,12429,10011.369999999999,786,0.73,0.78,0.96,0.82,2.9, Competitive — Monitor,-1.0,,,MONITOR — No Clear Signal,0.0,0.84,-0.0,0.0,-0.0,12429.0,10485.735714285713,10440.359999999999,-45.38
21559,STRAWBERRY LUNCHBOX WITH CUTLERY,2.5314183123877916,4193,9961.35,537,2.24,2.44,2.8,2.49,1.7, Competitive — Monitor,-1.0,,,MONITOR — No Clear Signal,0.0,2.53,-0.0,0.0,-0.0,4193.0,10614.23698384201,10608.289999999999,-5.95
22569,FELTCRAFT CUSHION BUTTERFLY,3.725813953488372,2856,9931.2,416,3.21,3.69,4.2,3.7,0.7, Competitive — Monitor,-1.0,,,MONITOR — No Clear Signal,0.0,3.73,0.0,0.0,-0.0,2856.0,10640.92465116279,10652.88,11.96
22113,GREY HEART HOT WATER BOTTLE,3.669438444924406,2753,9841.47,442,3.46,3.74,4.16,3.79,-3.2, Competitive — Monitor,-1.0,,,MONITOR — No Clear Signal,0.0,3.67,0.0,0.0,-0.0,2753.0,10101.96403887689,10103.51,1.55
22198,"POPCORN HOLDER , LARGE",1.6373362445414847,6205,9829.849999999999,451,1.54,1.73,1.8,1.69,-3.1, Competitive — Monitor,-1.0,,,MONITOR — No Clear Signal,0.0,1.64,0.0,0.0,-0.0,6205.0,10159.671397379912,10176.199999999999,16.53
84050,PINK HEART SHAPE EGG FRYING PAN,1.5908970976253296,7067,9784.949999999999,371,1.39,1.51,1.74,1.55,2.6, Competitive — Monitor,-1.0,,,MONITOR — No Clear Signal,0.0,1.59,-0.0,0.0,-0.0,7067.0,11242.869788918204,11236.53,-6.34
84970L,SINGLE HEART ZINC T-LIGHT HOLDER,0.9418431372549019,10957,9778.43,497,0.86,0.89,1.09,0.95,-0.9, Competitive — Monitor,-1.0,,,MONITOR — No Clear Signal,0.0,0.94,-0.0,0.0,-0.0,10957.0,10319.77525490196,10299.58,-20.2
22084,PAPER CHAIN KIT EMPIRE,2.906891495601173,3589,9747.550000000001,337,2.71,3.12,3.43,3.09,-5.9, Competitive — Monitor,-1.0,,,MONITOR — No Clear Signal,0.0,2.91,0.0,0.0,-0.0,3589.0,10432.83357771261,10443.99,11.16
85048,15CM CHRISTMAS GLASS BALL 20 LIGHTS,7.747520661157025,1320,9717.0,233,7.02,7.26,8.36,7.55,2.6, Competitive — Monitor,-1.0,,,MONITOR — No Clear Signal,0.0,7.75,0.0,0.0,-0.0,1320.0,10226.727272727272,10230.0,3.27
20749,ASSORTED COLOUR MINI CASES,7.781128205128205,1341,9707.43,384,7.03,7.75,8.28,7.69,1.2, Competitive — Monitor,-1.0,,,MONITOR — No Clear Signal,0.0,7.78,-0.0,0.0,-0.0,1341.0,10434.492923076923,10432.98,-1.51
21136,PAINTED METAL PEARS ASSORTED,1.6837007874015748,5934,9678.06,375,1.47,1.71,1.99,1.72,-2.1, Competitive — Monitor,-1.0,,,MONITOR — No Clear Signal,0.0,1.68,-0.0,0.0,-0.0,5934.0,9991.080472440945,9969.119999999999,-21.96
84978,HANGING HEART JAR T-LIGHT HOLDER,1.2279558011049723,8236,9646.34,523,1.06,1.24,1.35,1.22,0.7, Competitive — Monitor,-1.0,,,MONITOR — No Clear Signal,0.0,1.23,0.0,0.0,-0.0,8236.0,10113.443977900552,10130.28,16.84
22171,3 HOOK PHOTO SHELF ANTIQUE WHITE,8.393346613545816,1332,9619.64,249,7.89,7.84,9.51,8.41,-0.2, Competitive — Monitor,-1.0,,,MONITOR — No Clear Signal,0.0,8.39,-0.0,0.0,-0.0,1332.0,11179.937689243026,11175.480000000001,-4.46
21174,POTTERING IN THE SHED METAL SIGN,1.9315049504950494,5412,9605.119999999999,493,1.82,1.79,2.13,1.91,1.1, Competitive — Monitor,-1.0,,,MONITOR — No Clear Signal,0.0,1.93,-0.0,0.0,-0.0,5412.0,10453.304792079207,10445.16,-8.14
22607,WOODEN ROUNDERS GARDEN SET ,8.519406779661017,1158,9576.130000000001,346,7.78,7.98,9.11,8.29,2.8, Competitive — Monitor,-1.0,,,MONITOR — No Clear Signal,0.0,8.52,0.0,0.0,-0.0,1158.0,9865.473050847457,9866.16,0.69
22606,WOODEN SKITTLES GARDEN SET,15.165727699530516,725,9513.59,207,13.41,15.37,17.26,15.35,-1.2, Competitive — Monitor,-1.0,,,MONITOR — No Clear Signal,0.0,15.17,0.0,0.0,-0.0,725.0,10995.152582159624,10998.25,3.1
84997A,GREEN 3 PIECE MINI DOTS CUTLERY SET,3.7337237237237235,2647,9512.61,326,3.3,3.76,4.21,3.76,-0.7, Competitive — Monitor,-1.0,,,MONITOR — No Clear Signal,0.0,3.73,-0.0,0.0,-0.0,2647.0,9883.166696696697,9873.31,-9.86
21844,RETRO SPOT MUG,2.903020134228188,3430,9501.7,295,2.68,2.78,3.14,2.87,1.2, Competitive — Monitor,-1.0,,,MONITOR — No Clear Signal,0.0,2.9,-0.0,0.0,-0.0,3430.0,9957.359060402685,9947.0,-10.36
22236,CAKE STAND 3 TIER MAGIC GARDEN,12.626470588235293,780,9484.199999999999,305,11.87,12.9,14.11,12.96,-2.6, Competitive — Monitor,-1.0,,,MONITOR — No Clear Signal,0.0,12.63,0.0,0.0,-0.0,780.0,9848.647058823528,9851.400000000001,2.75
22467,GUMBALL COAT RACK,2.495075,4164,9471.18,380,2.34,2.62,2.92,2.63,-5.1, Competitive — Monitor,-1.0,,,MONITOR — No Clear Signal,0.0,2.5,0.0,0.0,-0.0,4164.0,10389.4923,10410.0,20.51
21218,RED SPOTTY BISCUIT TIN,3.693324937027708,2679,9442.75,390,3.43,3.42,4.21,3.69,0.1, Competitive — Monitor,-1.0,,,MONITOR — No Clear Signal,0.0,3.69,-0.0,0.0,-0.0,2679.0,9894.41750629723,9885.51,-8.91
22352,LUNCHBOX WITH CUTLERY RETROSPOT ,2.510760667903525,3927,9395.1,525,2.3,2.51,2.67,2.49,0.8, Competitive — Monitor,-1.0,,,MONITOR — No Clear Signal,0.0,2.51,-0.0,0.0,-0.0,3927.0,9859.757142857143,9856.769999999999,-2.99
22147,FELTCRAFT BUTTERFLY HEARTS,1.4371364985163204,6803,9374.75,619,1.23,1.48,1.63,1.45,-0.9, Competitive — Monitor,-1.0,,,MONITOR — No Clear Signal,0.0,1.44,0.0,0.0,-0.0,6803.0,9776.839599406529,9796.32,19.48
84945,MULTI COLOUR SILVER T-LIGHT HOLDER,0.8396688741721854,11855,9346.67,297,0.73,0.81,0.97,0.84,-0.0, Competitive — Monitor,-1.0,,,MONITOR — No Clear Signal,0.0,0.84,0.0,0.0,-0.0,11855.0,9954.274503311257,9958.199999999999,3.93
20718,RED SPOTTY SHOPPER BAG,1.236869918699187,8072,9345.2,489,1.16,1.2,1.45,1.27,-2.6, Competitive — Monitor,-1.0,,,MONITOR — No Clear Signal,0.0,1.24,0.0,0.0,-0.0,8072.0,9984.013983739836,10009.28,25.27
21035,SET/2 RED SPOTTY TEA TOWELS ,2.943364928909953,3293,9307.15,412,2.68,3.0,3.37,3.02,-2.5, Competitive — Monitor,-1.0,,,MONITOR — No Clear Signal,0.0,2.94,-0.0,0.0,-0.0,3293.0,9692.500710900475,9681.42,-11.08
22295,HEART FILIGREE DOVE LARGE,1.6464835164835165,5745,9296.849999999999,422,1.4,1.75,1.77,1.64,0.4, Competitive — Monitor,-1.0,,,MONITOR — No Clear Signal,0.0,1.65,0.0,0.0,-0.0,5745.0,9459.047802197803,9479.25,20.2
21533,RETRO SPOT LARGE MILK JUG,4.894386873920553,1956,9265.0,546,4.21,5.14,5.66,5.0,-2.1, Competitive — Monitor,-1.0,,,MONITOR — No Clear Signal,0.0,4.89,-0.0,0.0,-0.0,1956.0,9573.420725388602,9564.84,-8.58
22633,HAND WARMER UNION JACK,2.0832285115303986,4594,9257.400000000001,428,1.91,2.11,2.4,2.14,-2.7, Competitive — Monitor,-1.0,,,MONITOR — No Clear Signal,0.0,2.08,-0.0,0.0,-0.0,4594.0,9570.35178197065,9555.52,-14.83
22554,PLASTERS IN TIN WOODLAND ANIMALS,1.6464349376114082,5764,9241.8,533,1.4,1.71,1.73,1.61,2.3, Competitive — Monitor,-1.0,,,MONITOR — No Clear Signal,0.0,1.65,0.0,0.0,-0.0,5764.0,9490.050980392158,9510.6,20.55
22570,FELTCRAFT CUSHION RABBIT,3.728877551020408,2567,9197.85,388,3.23,3.65,4.15,3.68,1.3, Competitive — Monitor,-1.0,,,MONITOR — No Clear Signal,0.0,3.73,0.0,0.0,-0.0,2567.0,9572.028673469387,9574.91,2.88
22555,PLASTERS IN TIN STRONGMAN,1.6464601769911502,5740,9135.0,438,1.49,1.68,1.81,1.66,-0.8, Competitive — Monitor,-1.0,,,MONITOR — No Clear Signal,0.0,1.65,0.0,0.0,-0.0,5740.0,9450.681415929203,9471.0,20.32
22365,DOORMAT RESPECTABLE HOUSE,7.291724137931035,1516,9074.96,231,6.7,7.25,8.39,7.45,-2.1, Competitive — Monitor,-1.0,,,MONITOR — No Clear Signal,0.0,7.29,-0.0,0.0,-0.0,1516.0,11054.25379310345,11051.64,-2.61
22635,CHILDS BREAKFAST SET DOLLY GIRL ,9.800515463917526,973,9043.35,287,8.97,9.31,10.61,9.63,1.8, Competitive — Monitor,-1.0,,,MONITOR — No Clear Signal,0.0,9.8,-0.0,0.0,-0.0,973.0,9535.901546391753,9535.400000000001,-0.5
22561,WOODEN SCHOOL COLOURING SET,1.6435897435897435,5597,9009.449999999999,456,1.43,1.7,1.87,1.67,-1.6, Competitive — Monitor,-1.0,,,MONITOR — No Clear Signal,0.0,1.64,-0.0,0.0,-0.0,5597.0,9199.171794871794,9179.08,-20.09
21975,PACK OF 60 DINOSAUR CAKE CASES,0.5395774647887325,18971,9006.53,611,0.5,0.54,0.64,0.56,-3.6, Competitive — Monitor,-1.0,,,MONITOR — No Clear Signal,0.0,0.54,0.0,0.0,-0.0,18971.0,10236.324084507043,10244.34,8.02
21704,BAG 250g SWIRLY MARBLES,0.834270462633452,11934,8981.699999999999,272,0.73,0.82,0.98,0.84,-0.7, Competitive — Monitor,-1.0,,,MONITOR — No Clear Signal,0.0,0.83,-0.0,0.0,-0.0,11934.0,9956.183701067615,9905.22,-50.96
21624,VINTAGE UNION JACK DOORSTOP,5.928297101449275,1521,8886.43,273,5.23,6.32,7.04,6.2,-4.4, Competitive — Monitor,-1.0,,,MONITOR — No Clear Signal,0.0,5.93,0.0,0.0,-0.0,1521.0,9016.939891304348,9019.529999999999,2.59
21484,CHICK GREY HOT WATER BOTTLE,3.417741935483871,2719,8882.550000000001,424,3.16,3.16,4.09,3.47,-1.5, Competitive — Monitor,-1.0,,,MONITOR — No Clear Signal,0.0,3.42,0.0,0.0,-0.0,2719.0,9292.840322580645,9298.98,6.14
21122,SET/10 PINK SPOTTY PARTY CANDLES,1.245922746781116,7375,8872.19,446,1.14,1.21,1.31,1.22,2.1, Competitive — Monitor,-1.0,,,MONITOR — No Clear Signal,0.0,1.25,0.0,0.0,-0.0,7375.0,9188.68025751073,9218.75,30.07
21877,HOME SWEET HOME MUG,1.230397877984085,8640,8856.0,370,1.15,1.14,1.41,1.23,0.0, Competitive — Monitor,-1.0,,,MONITOR — No Clear Signal,0.0,1.23,-0.0,0.0,-0.0,8640.0,10630.637665782495,10627.2,-3.44
17003,BROCADE RING PURSE ,0.20364583333333333,48166,8847.66,188,0.19,0.21,0.23,0.21,-3.0, Competitive — Monitor,-1.0,,,MONITOR — No Clear Signal,0.0,0.2,-0.0,0.0,-0.0,48166.0,9808.805208333333,9633.2,-175.61
22699,ROSES REGENCY TEACUP AND SAUCER ,2.8914826498422714,3242,8797.1,307,2.62,2.98,3.41,3.0,-3.6, Competitive — Monitor,-1.0,,,MONITOR — No Clear Signal,0.0,2.89,-0.0,0.0,-0.0,3242.0,9374.186750788644,9369.380000000001,-4.81
22271,FELTCRAFT DOLL ROSIE,2.932752688172043,3183,8779.79,445,2.52,2.85,3.19,2.85,2.9, Competitive — Monitor,-1.0,,,MONITOR — No Clear Signal,0.0,2.93,-0.0,0.0,-0.0,3183.0,9334.951806451614,9326.19,-8.76
22659,LUNCHBOX I LOVE LONDON,1.9224590163934427,4953,8768.55,293,1.7,1.98,2.3,1.99,-3.4, Competitive — Monitor,-1.0,,,MONITOR — No Clear Signal,0.0,1.92,-0.0,0.0,-0.0,4953.0,9521.939508196721,9509.76,-12.18
22634,CHILDS BREAKFAST SET SPACEBOY ,9.780319148936169,934,8706.05,276,8.57,9.62,11.17,9.79,-0.1, Competitive — Monitor,-1.0,,,MONITOR — No Clear Signal,0.0,9.78,-0.0,0.0,-0.0,934.0,9134.81808510638,9134.519999999999,-0.3
22557,PLASTERS IN TIN VINTAGE PAISLEY ,1.6454545454545453,5494,8663.9,541,1.44,1.71,1.92,1.69,-2.6, Competitive — Monitor,-1.0,,,MONITOR — No Clear Signal,0.0,1.65,0.0,0.0,-0.0,5494.0,9040.127272727272,9065.1,24.97
22355,"CHARLOTTE BAG , SUKI DESIGN",0.8382006369426751,10836,8629.5,620,0.79,0.83,0.89,0.84,-0.2, Competitive — Monitor,-1.0,,,MONITOR — No Clear Signal,0.0,0.84,0.0,0.0,-0.0,10836.0,9082.742101910828,9102.24,19.5
22169,FAMILY ALBUM WHITE PICTURE FRAME,8.35593220338983,1065,8624.1,293,7.43,8.24,9.0,8.22,1.7, Competitive — Monitor,-1.0,,,MONITOR — No Clear Signal,0.0,8.36,0.0,0.0,-0.0,1065.0,8899.06779661017,8903.4,4.33
22150, 3 STRIPEY MICE FELTCRAFT,1.9321940928270043,4844,8540.0,449,1.81,2.07,2.25,2.04,-5.3, Competitive — Monitor,-1.0,,,MONITOR — No Clear Signal,0.0,1.93,-0.0,0.0,-0.0,4844.0,9359.548185654008,9348.92,-10.63
22170,PICTURE FRAME WOOD TRIPLE PORTRAIT,6.6415254237288135,1321,8516.75,291,6.06,6.38,7.0,6.48,2.5, Competitive — Monitor,-1.0,,,MONITOR — No Clear Signal,0.0,6.64,-0.0,0.0,-0.0,1321.0,8773.455084745763,8771.439999999999,-2.02
22333,RETRO SPORT PARTY BAG + STICKER SET,1.638472622478386,5547,8496.55,341,1.52,1.54,1.92,1.66,-1.3, Competitive — Monitor,-1.0,,,MONITOR — No Clear Signal,0.0,1.64,0.0,0.0,-0.0,5547.0,9088.607636887607,9097.08,8.47
22636,CHILDS BREAKFAST SET CIRCUS PARADE,8.417433333333333,1046,8444.28,291,7.58,8.53,8.86,8.32,1.2, Competitive — Monitor,-1.0,,,MONITOR — No Clear Signal,0.0,8.42,0.0,0.0,-0.0,1046.0,8804.635266666666,8807.32,2.68
22835,HOT WATER BOTTLE I AM SO POORLY,4.626,1855,8419.35,343,4.2,4.97,5.31,4.83,-4.2, Competitive — Monitor,-1.0,,,MONITOR — No Clear Signal,0.0,4.63,0.0,0.0,-0.0,1855.0,8581.230000000001,8588.65,7.42
21390,FILIGRIS HEART WITH BUTTERFLY,1.2453086419753088,6929,8415.01,310,1.12,1.22,1.38,1.24,0.4, Competitive — Monitor,-1.0,,,MONITOR — No Clear Signal,0.0,1.25,0.0,0.0,-0.0,6929.0,8628.743580246915,8661.25,32.51
22413,METAL SIGN TAKE IT OR LEAVE IT ,2.9246436781609195,3186,8398.62,424,2.54,2.72,3.34,2.87,1.9, Competitive — Monitor,-1.0,,,MONITOR — No Clear Signal,0.0,2.92,-0.0,0.0,-0.0,3186.0,9317.91475862069,9303.119999999999,-14.79
22499,WOODEN UNION JACK BUNTING,5.938372093023256,1443,8393.85,341,5.48,5.79,6.86,6.04,-1.7, Competitive — Monitor,-1.0,,,MONITOR — No Clear Signal,0.0,5.94,0.0,0.0,-0.0,1443.0,8569.070930232558,8571.42,2.35
79323LP,LIGHT PINK CHERRY LIGHTS,6.44748427672956,1420,8311.0,159,5.66,6.45,7.1,6.4,0.7, Competitive — Monitor,-1.0,,,MONITOR — No Clear Signal,0.0,6.45,0.0,0.0,-0.0,1420.0,9155.427672955975,9159.0,3.57
84839,SWEETHEART KEY CABINET,6.607972602739726,1493,8302.95,351,5.63,6.25,7.05,6.31,4.7, Competitive — Monitor,-1.0,,,MONITOR — No Clear Signal,0.0,6.61,0.0,0.0,-0.0,1493.0,9865.70309589041,9868.730000000001,3.03
47567B,TEA TIME KITCHEN APRON,5.860550458715597,1568,8222.0,210,5.36,6.01,6.21,5.86,0.0, Competitive — Monitor,-1.0,,,MONITOR — No Clear Signal,0.0,5.86,-0.0,0.0,-0.0,1568.0,9189.343119266056,9188.480000000001,-0.86
84947,ANTIQUE SILVER TEA GLASS ENGRAVED,1.2314195583596215,7070,8203.66,292,1.07,1.33,1.4,1.27,-3.0, Competitive — Monitor,-1.0,,,MONITOR — No Clear Signal,0.0,1.23,-0.0,0.0,-0.0,7070.0,8706.136277602523,8696.1,-10.04
22941,CHRISTMAS LIGHTS 10 REINDEER,8.443956043956044,996,8129.400000000001,181,7.97,8.38,9.53,8.63,-2.2, Competitive — Monitor,-1.0,,,MONITOR — No Clear Signal,0.0,8.44,-0.0,0.0,-0.0,996.0,8410.18021978022,8406.24,-3.94
22501,PICNIC BASKET WICKER LARGE,9.821887550200803,876,8124.599999999999,246,9.29,9.59,11.41,10.1,-2.8, Competitive — Monitor,-1.0,,,MONITOR — No Clear Signal,0.0,9.82,-0.0,0.0,-0.0,876.0,8603.973493975904,8602.32,-1.65
21777,RECIPE BOX WITH METAL HEART,7.909119496855346,1066,8117.700000000001,312,7.45,7.78,8.91,8.05,-1.8, Competitive — Monitor,-1.0,,,MONITOR — No Clear Signal,0.0,7.91,0.0,0.0,-0.0,1066.0,8431.121383647798,8432.06,0.94
21479,WHITE SKULL HOT WATER BOTTLE ,3.730228832951945,2228,8091.48,418,3.31,3.5,4.15,3.65,2.2, Competitive — Monitor,-1.0,,,MONITOR — No Clear Signal,0.0,3.73,-0.0,0.0,-0.0,2228.0,8310.949839816934,8310.44,-0.51
22568,FELTCRAFT CUSHION OWL,3.727959183673469,2227,8065.41,389,3.17,3.96,4.14,3.76,-0.9, Competitive — Monitor,-1.0,,,MONITOR — No Clear Signal,0.0,3.73,0.0,0.0,-0.0,2227.0,8302.165102040815,8306.71,4.54
22625,RED KITCHEN SCALES,8.438611111111111,979,8030.8,354,7.96,8.32,8.89,8.39,0.6, Competitive — Monitor,-1.0,,,MONITOR — No Clear Signal,0.0,8.44,0.0,0.0,-0.0,979.0,8261.400277777779,8262.76,1.36
21340,CLASSIC METAL BIRDCAGE PLANT HOLDER,11.98984962406015,799,8023.65,130,10.7,11.77,13.19,11.89,0.8, Competitive — Monitor,-1.0,,,MONITOR — No Clear Signal,0.0,11.99,0.0,0.0,-0.0,799.0,9579.88984962406,9580.01,0.12
21906,PHARMACIE FIRST AID TIN,6.7179646017699115,1180,8014.84,221,6.36,6.89,8.04,7.1,-5.4, Competitive — Monitor,-1.0,,,MONITOR — No Clear Signal,0.0,6.72,0.0,0.0,-0.0,1180.0,7927.198230088496,7929.599999999999,2.4
22560,TRADITIONAL MODELLING CLAY,1.2306232294617565,6759,7967.67,335,1.16,1.22,1.45,1.28,-3.9, Competitive — Monitor,-1.0,,,MONITOR — No Clear Signal,0.0,1.23,-0.0,0.0,-0.0,6759.0,8317.782407932013,8313.57,-4.21
21539,RETRO SPOTS BUTTER DISH,4.906896551724138,1697,7963.35,388,4.59,5.02,5.39,5.0,-1.9, Competitive — Monitor,-1.0,,,MONITOR — No Clear Signal,0.0,4.91,0.0,0.0,-0.0,1697.0,8327.003448275862,8332.27,5.27
21094,SET/6 RED SPOTTY PAPER PLATES,0.8259374999999999,10927,7958.65,382,0.73,0.77,0.94,0.81,2.0, Competitive — Monitor,-1.0,,,MONITOR — No Clear Signal,0.0,0.83,0.0,0.0,-0.0,10927.0,9025.0190625,9069.41,44.39
20719,WOODLAND CHARLOTTE BAG,0.8377536231884057,10051,7958.35,543,0.74,0.88,0.99,0.87,-3.7, Competitive — Monitor,-1.0,,,MONITOR — No Clear Signal,0.0,0.84,0.0,0.0,-0.0,10051.0,8420.261666666665,8442.84,22.58
21769,VINTAGE POST OFFICE CABINET,77.62666666666667,123,7954.87,48,72.59,83.1,86.65,80.78,-3.9, Competitive — Monitor,-1.0,,,MONITOR — No Clear Signal,0.0,77.63,0.0,0.0,-0.0,123.0,9548.08,9548.49,0.41
21488,RED WHITE SCARF  HOT WATER BOTTLE,3.8985530546623797,2162,7933.900000000001,301,3.44,3.99,4.1,3.84,1.5, Competitive — Monitor,-1.0,,,MONITOR — No Clear Signal,0.0,3.9,0.0,0.0,-0.0,2162.0,8428.671704180066,8431.8,3.13
21380,WOODEN HAPPY BIRTHDAY GARLAND,2.942592592592593,2809,7933.750000000001,314,2.55,3.16,3.12,2.94,0.1, Competitive — Monitor,-1.0,,,MONITOR — No Clear Signal,0.0,2.94,-0.0,0.0,-0.0,2809.0,8265.742592592595,8258.46,-7.28
22952,72 CAKE CASES VINTAGE CHRISTMAS,0.5425198412698413,16005,7907.31,477,0.49,0.51,0.61,0.54,0.5, Competitive — Monitor,-1.0,,,MONITOR — No Clear Signal,0.0,0.54,-0.0,0.0,-0.0,16005.0,8683.03005952381,8642.7,-40.33
21216,"SET 3 RED SPOT TIN TEA,COFFEE,SUGAR",4.893243243243243,1702,7887.3,289,4.62,4.88,5.85,5.12,-4.4, Competitive — Monitor,-1.0,,,MONITOR — No Clear Signal,0.0,4.89,-0.0,0.0,-0.0,1702.0,8328.3,8322.779999999999,-5.52
15056P,EDWARDIAN PARASOL PINK,5.77041884816754,1723,7887.05,189,5.31,5.86,6.66,5.94,-2.9, Competitive — Monitor,-1.0,,,MONITOR — No Clear Signal,0.0,5.77,-0.0,0.0,-0.0,1723.0,9942.431675392672,9941.71,-0.72
22367,CHILDS APRON SPACEBOY DESIGN,1.9290155440414505,4236,7872.3,570,1.75,1.95,2.05,1.92,0.5, Competitive — Monitor,-1.0,,,MONITOR — No Clear Signal,0.0,1.93,0.0,0.0,-0.0,4236.0,8171.309844559584,8175.48,4.17
21982,PACK OF 12 SUKI TISSUES ,0.2901393728222996,24704,7857.82,276,0.25,0.29,0.31,0.28,3.6, Competitive — Monitor,-1.0,,,MONITOR — No Clear Signal,0.0,0.29,-0.0,0.0,-0.0,24704.0,7167.60306620209,7164.16,-3.44
21165,BEWARE OF THE CAT METAL SIGN ,1.6579194630872485,5127,7789.83,432,1.51,1.61,1.93,1.68,-1.3, Competitive — Monitor,-1.0,,,MONITOR — No Clear Signal,0.0,1.66,0.0,0.0,-0.0,5127.0,8500.153087248324,8510.82,10.67
21186,WHITE DOVE HONEYCOMB PAPER GARLAND,1.6226315789473684,5022,7737.299999999999,274,1.54,1.53,1.91,1.66,-2.3, Competitive — Monitor,-1.0,,,MONITOR — No Clear Signal,0.0,1.62,-0.0,0.0,-0.0,5022.0,8148.855789473684,8135.64,-13.22
84880,WHITE WIRE EGG HOLDER,5.783948339483395,1442,7732.900000000001,267,5.0,5.68,6.61,5.76,0.4, Competitive — Monitor,-1.0,,,MONITOR — No Clear Signal,0.0,5.78,-0.0,0.0,-0.0,1442.0,8340.453505535055,8334.76,-5.69
22273,FELTCRAFT DOLL MOLLY,2.933615560640732,2784,7717.4400000000005,418,2.65,2.78,3.36,2.93,0.1, Competitive — Monitor,-1.0,,,MONITOR — No Clear Signal,0.0,2.93,-0.0,0.0,-0.0,2784.0,8167.185720823798,8157.120000000001,-10.07
21889,WOODEN BOX OF DOMINOES,1.245,6415,7661.17,441,1.17,1.29,1.31,1.26,-1.2, Competitive — Monitor,-1.0,,,MONITOR — No Clear Signal,0.0,1.25,0.0,0.0,-0.0,6415.0,7986.675000000001,8018.75,32.07
22502,PICNIC BASKET WICKER SMALL,4.884550561797753,1640,7651.400000000001,348,4.51,4.66,5.74,4.97,-1.7, Competitive — Monitor,-1.0,,,MONITOR — No Clear Signal,0.0,4.88,-0.0,0.0,-0.0,1640.0,8010.662921348315,8003.2,-7.46
21868,POTTING SHED TEA MUG,1.2378039215686274,6588,7618.2,498,1.14,1.15,1.45,1.25,-1.0, Competitive — Monitor,-1.0,,,MONITOR — No Clear Signal,0.0,1.24,0.0,0.0,-0.0,6588.0,8154.652235294117,8169.12,14.47
20828,GLITTER BUTTERFLY CLIPS,2.526657060518732,3263,7597.05,331,2.33,2.55,2.75,2.54,-0.5, Competitive — Monitor,-1.0,,,MONITOR — No Clear Signal,0.0,2.53,0.0,0.0,-0.0,3263.0,8244.481988472622,8255.39,10.91
22487,WHITE WOOD GARDEN PLANT LADDER,9.727178899082569,805,7571.849999999999,433,8.62,9.88,11.25,9.92,-1.9, Competitive — Monitor,-1.0,,,MONITOR — No Clear Signal,0.0,9.73,0.0,0.0,-0.0,805.0,7830.379013761468,7832.650000000001,2.27
22356,"CHARLOTTE BAG , PINK/WHITE SPOTS",0.8430612244897959,9405,7557.45,631,0.74,0.89,0.91,0.85,-0.8, Competitive — Monitor,-1.0,,,MONITOR — No Clear Signal,0.0,0.84,-0.0,0.0,-0.0,9405.0,7928.990816326531,7900.2,-28.79
22468,BABUSHKA LIGHTS STRING OF 10,6.6215744680851065,1201,7453.75,234,6.16,6.7,6.99,6.62,0.0, Competitive — Monitor,-1.0,,,MONITOR — No Clear Signal,0.0,6.62,-0.0,0.0,-0.0,1201.0,7952.5109361702125,7950.62,-1.89
22652,TRAVEL SEWING KIT,1.6456043956043955,4719,7451.95,345,1.53,1.6,1.78,1.64,0.3, Competitive — Monitor,-1.0,,,MONITOR — No Clear Signal,0.0,1.65,0.0,0.0,-0.0,4719.0,7765.607142857142,7786.349999999999,20.74
22424,ENAMEL BREAD BIN CREAM,12.647142857142859,615,7445.25,243,11.85,13.26,13.62,12.91,-2.0, Competitive — Monitor,-1.0,,,MONITOR — No Clear Signal,0.0,12.65,0.0,0.0,-0.0,615.0,7777.992857142858,7779.75,1.76
85067,CREAM SWEETHEART WALL CABINET,18.512948717948717,473,7436.21,153,17.43,18.63,20.38,18.81,-1.6, Competitive — Monitor,-1.0,,,MONITOR — No Clear Signal,0.0,18.51,-0.0,0.0,-0.0,473.0,8756.624743589744,8755.230000000001,-1.39
21260,FIRST AID TIN,3.241009463722398,2320,7402.0,307,2.92,3.02,3.61,3.18,1.9, Competitive — Monitor,-1.0,,,MONITOR — No Clear Signal,0.0,3.24,-0.0,0.0,-0.0,2320.0,7519.141955835963,7516.8,-2.34
51008,AFGHAN SLIPPER SOCK PAIR,3.3798245614035087,2317,7388.65,57,3.04,3.42,3.81,3.42,-1.2, Competitive — Monitor,-1.0,,,MONITOR — No Clear Signal,0.0,3.38,0.0,0.0,-0.0,2317.0,7831.05350877193,7831.46,0.41
22946,WOODEN ADVENT CALENDAR CREAM,16.30121951219512,506,7367.099999999999,122,15.16,17.37,18.28,16.94,-3.8, Competitive — Monitor,-1.0,,,MONITOR — No Clear Signal,0.0,16.3,-0.0,0.0,-0.0,506.0,8248.41707317073,8247.800000000001,-0.62
21737,SET 3 WICKER LOG BASKETS,19.73181818181818,399,7360.05,163,18.05,19.4,21.52,19.66,0.4, Competitive — Monitor,-1.0,,,MONITOR — No Clear Signal,0.0,19.73,-0.0,0.0,-0.0,399.0,7872.995454545454,7872.27,-0.73
22082,RIBBON REEL STRIPES DESIGN ,1.647037037037037,4561,7355.65,505,1.52,1.59,1.74,1.62,1.7, Competitive — Monitor,-1.0,,,MONITOR — No Clear Signal,0.0,1.65,0.0,0.0,-0.0,4561.0,7512.135925925926,7525.65,13.51
20975,12 PENCILS SMALL TUBE RED SPOTTY,0.6492187500000001,11617,7351.05,481,0.6,0.61,0.74,0.65,-0.1, Competitive — Monitor,-1.0,,,MONITOR — No Clear Signal,0.0,0.65,0.0,0.0,-0.0,11617.0,7541.974218750001,7551.05,9.08
22275,WEEKEND BAG VINTAGE ROSE PAISLEY,8.3671875,906,7349.950000000001,280,7.86,7.9,9.28,8.35,0.2, Competitive — Monitor,-1.0,,,MONITOR — No Clear Signal,0.0,8.37,0.0,0.0,-0.0,906.0,7580.671875,7583.219999999999,2.55
22041,"RECORD FRAME 7"" SINGLE SIZE ",2.398905109489051,3350,7338.3,136,2.12,2.37,2.63,2.37,1.2, Competitive — Monitor,-1.0,,,MONITOR — No Clear Signal,0.0,2.4,0.0,0.0,-0.0,3350.0,8036.3321167883205,8040.0,3.67
21124,SET/10 BLUE SPOTTY PARTY CANDLES,1.2461323155216286,6056,7332.88,378,1.11,1.27,1.47,1.28,-2.6, Competitive — Monitor,-1.0,,,MONITOR — No Clear Signal,0.0,1.25,0.0,0.0,-0.0,6056.0,7546.577302798983,7570.0,23.42
47556B,TEA TIME TEA TOWELS ,2.9451219512195124,2542,7321.300000000001,406,2.53,2.75,3.42,2.9,1.6, Competitive — Monitor,-1.0,,,MONITOR — No Clear Signal,0.0,2.95,0.0,0.0,-0.0,2542.0,7486.5,7498.900000000001,12.4
21429,RED GINGHAM ROSE JEWELLERY BOX,1.647274275979557,4515,7315.349999999999,565,1.5,1.76,1.94,1.73,-4.8, Competitive — Monitor,-1.0,,,MONITOR — No Clear Signal,0.0,1.65,0.0,0.0,-0.0,4515.0,7437.443356047699,7449.75,12.31
22064,PINK DOUGHNUT TRINKET POT ,1.6293510324483778,4696,7307.999999999999,321,1.39,1.7,1.83,1.64,-0.6, Competitive — Monitor,-1.0,,,MONITOR — No Clear Signal,0.0,1.63,0.0,0.0,-0.0,4696.0,7651.432448377582,7654.48,3.05
47570B,TEA TIME TABLE CLOTH,10.56,754,7274.1,165,9.47,10.71,11.3,10.49,0.7, Competitive — Monitor,-1.0,,,MONITOR — No Clear Signal,0.0,10.56,0.0,0.0,-0.0,754.0,7962.240000000001,7962.240000000001,0.0
22649,STRAWBERRY FAIRY CAKE TEAPOT,4.914233576642336,1499,7156.85,259,4.44,5.17,5.67,5.09,-3.5, Competitive — Monitor,-1.0,,,MONITOR — No Clear Signal,0.0,4.91,-0.0,0.0,-0.0,1499.0,7366.436131386861,7360.09,-6.35
48189,DOOR MAT FRIENDSHIP ,7.1774038461538465,1227,7040.49,207,6.31,6.7,7.76,6.92,3.7, Competitive — Monitor,-1.0,,,MONITOR — No Clear Signal,0.0,7.18,0.0,0.0,-0.0,1227.0,8806.67451923077,8809.859999999999,3.19
72351B,SET/6 PINK  BUTTERFLY T-LIGHTS,2.066678445229682,3652,6984.5,274,1.88,2.06,2.31,2.08,-0.6, Competitive — Monitor,-1.0,,,MONITOR — No Clear Signal,0.0,2.07,0.0,0.0,-0.0,3652.0,7547.509681978799,7559.639999999999,12.13
22243,"HOOK, 5 HANGER ,MAGIC TOADSTOOL RED",1.6353448275862068,4556,6977.4,219,1.4,1.67,1.73,1.6,2.2, Competitive — Monitor,-1.0,,,MONITOR — No Clear Signal,0.0,1.64,0.0,0.0,-0.0,4556.0,7450.631034482758,7471.839999999999,21.21
22464,HANGING METAL HEART LANTERN,1.6404282115869018,4341,6958.649999999999,374,1.4,1.73,1.93,1.69,-2.9, Competitive — Monitor,-1.0,,,MONITOR — No Clear Signal,0.0,1.64,-0.0,0.0,-0.0,4341.0,7121.098866498741,7119.24,-1.86
84987,SET OF 36 TEATIME PAPER DOILIES,1.4466019417475728,4915,6950.15,406,1.35,1.51,1.55,1.47,-1.6, Competitive — Monitor,-1.0,,,MONITOR — No Clear Signal,0.0,1.45,0.0,0.0,-0.0,4915.0,7110.0485436893205,7126.75,16.7
22666,RECIPE BOX PANTRY YELLOW DESIGN,2.93562874251497,2434,6945.1,481,2.6,2.83,3.48,2.97,-1.2, Competitive — Monitor,-1.0,,,MONITOR — No Clear Signal,0.0,2.94,0.0,0.0,-0.0,2434.0,7145.320359281437,7155.96,10.64
22646,CERAMIC STRAWBERRY CAKE MONEY BANK,1.4412472647702406,4963,6932.349999999999,437,1.24,1.54,1.7,1.49,-3.3, Competitive — Monitor,-1.0,,,MONITOR — No Clear Signal,0.0,1.44,-0.0,0.0,-0.0,4963.0,7152.910175054704,7146.719999999999,-6.19
22584,PACK OF 6 PANNETONE GIFT BOXES,2.536870026525199,2841,6903.45,366,2.29,2.38,2.84,2.5,1.5, Competitive — Monitor,-1.0,,,MONITOR — No Clear Signal,0.0,2.54,0.0,0.0,-0.0,2841.0,7207.2477453580905,7216.14,8.89
84212,"ASSORTED FLOWER COLOUR ""LEIS""",0.6237974683544304,14375,6892.87,156,0.58,0.66,0.72,0.65,-4.0, Competitive — Monitor,-1.0,,,MONITOR — No Clear Signal,0.0,0.62,-0.0,0.0,-0.0,14375.0,8967.088607594937,8912.5,-54.59
22173,METAL 4 HOOK HANGER FRENCH CHATEAU,2.9203241895261844,2493,6885.55,395,2.55,3.14,3.34,3.01,-3.0, Competitive — Monitor,-1.0,,,MONITOR — No Clear Signal,0.0,2.92,-0.0,0.0,-0.0,2493.0,7280.368204488778,7279.5599999999995,-0.81
20829,GLITTER HANGING BUTTERFLY STRING,2.088832684824903,3463,6878.7,248,1.91,1.98,2.44,2.11,-1.0, Competitive — Monitor,-1.0,,,MONITOR — No Clear Signal,0.0,2.09,0.0,0.0,-0.0,3463.0,7233.627587548639,7237.669999999999,4.04
85220,SMALL FAIRY CAKE FRIDGE MAGNETS,1.3,12236,6875.0,5,1.12,1.35,1.45,1.31,-0.8, Competitive — Monitor,-1.0,,,MONITOR — No Clear Signal,0.0,1.3,0.0,0.0,-0.0,12236.0,15906.800000000001,15906.800000000001,0.0
22697,GREEN REGENCY TEACUP AND SAUCER,2.890845070422535,2489,6857.75,276,2.47,2.68,3.38,2.84,1.8, Competitive — Monitor,-1.0,,,MONITOR — No Clear Signal,0.0,2.89,-0.0,0.0,-0.0,2489.0,7195.31338028169,7193.21,-2.1
21672,WHITE SPOT RED CERAMIC DRAWER KNOB,1.2392771084337348,5813,6847.33,324,1.12,1.22,1.39,1.24,-0.1, Competitive — Monitor,-1.0,,,MONITOR — No Clear Signal,0.0,1.24,0.0,0.0,-0.0,5813.0,7203.9178313253005,7208.12,4.2
21781,MA CAMPAGNE CUTLERY BOX,14.871115537848604,473,6835.95,238,13.44,14.91,17.71,15.35,-3.1, Competitive — Monitor,-1.0,,,MONITOR — No Clear Signal,0.0,14.87,-0.0,0.0,-0.0,473.0,7034.037649402389,7033.509999999999,-0.53
22380,TOY TIDY SPACEBOY  ,2.068780487804878,3526,6828.05,360,1.89,2.1,2.32,2.1,-1.5, Competitive — Monitor,-1.0,,,MONITOR — No Clear Signal,0.0,2.07,0.0,0.0,-0.0,3526.0,7294.52,7298.82,4.3
21912,VINTAGE SNAKES & LADDERS,3.743095890410959,1860,6814.44,358,3.45,4.0,4.19,3.88,-3.5, Competitive — Monitor,-1.0,,,MONITOR — No Clear Signal,0.0,3.74,-0.0,0.0,-0.0,1860.0,6962.158356164384,6956.400000000001,-5.76
85064,CREAM SWEETHEART LETTER RACK,5.394497816593887,1522,6810.42,227,5.11,5.54,6.3,5.65,-4.5, Competitive — Monitor,-1.0,,,MONITOR — No Clear Signal,0.0,5.39,-0.0,0.0,-0.0,1522.0,8210.425676855895,8203.58,-6.85
21169,YOU'RE CONFUSING ME METAL SIGN ,1.6515686274509804,4438,6806.139999999999,295,1.49,1.65,1.94,1.69,-2.3, Competitive — Monitor,-1.0,,,MONITOR — No Clear Signal,0.0,1.65,-0.0,0.0,-0.0,4438.0,7329.661568627451,7322.7,-6.96
21735,TWO DOOR CURIO CABINET,12.549603174603174,589,6798.45,126,11.07,13.17,14.22,12.82,-2.1, Competitive — Monitor,-1.0,,,MONITOR — No Clear Signal,0.0,12.55,0.0,0.0,-0.0,589.0,7391.716269841269,7391.950000000001,0.23
22207,FRYING PAN UNION FLAG,4.199074074074074,1720,6792.0,215,3.9,4.5,4.52,4.31,-2.6, Competitive — Monitor,-1.0,,,MONITOR — No Clear Signal,0.0,4.2,0.0,0.0,-0.0,1720.0,7222.407407407408,7224.0,1.59
22357,KINGS CHOICE BISCUIT TIN,4.221772151898734,1567,6787.99,235,3.7,3.9,4.73,4.11,2.7, Competitive — Monitor,-1.0,,,MONITOR — No Clear Signal,0.0,4.22,-0.0,0.0,-0.0,1567.0,6615.516962025316,6612.74,-2.78
85065,CREAM SWEETHEART TRAYS,12.51271186440678,586,6785.5,232,11.19,13.48,14.96,13.21,-5.3, Competitive — Monitor,-1.0,,,MONITOR — No Clear Signal,0.0,12.51,-0.0,0.0,-0.0,586.0,7332.449152542374,7330.86,-1.59
22179,SET 10 LIGHTS NIGHT OWL,6.6952991452991455,1051,6769.45,234,5.74,6.25,7.79,6.59,1.6, Competitive — Monitor,-1.0,,,MONITOR — No Clear Signal,0.0,6.7,0.0,0.0,-0.0,1051.0,7036.759401709402,7041.7,4.94
20754,RETRO RED SPOTTY WASHING UP GLOVES,2.0820568927789935,3510,6765.84,454,1.78,2.19,2.44,2.14,-2.7, Competitive — Monitor,-1.0,,,MONITOR — No Clear Signal,0.0,2.08,-0.0,0.0,-0.0,3510.0,7308.019693654267,7300.8,-7.22
62018,SOMBRERO ,1.7828358208955224,5149,6728.15,67,1.69,1.72,1.88,1.76,1.3, Competitive — Monitor,-1.0,,,MONITOR — No Clear Signal,0.0,1.78,-0.0,0.0,-0.0,5149.0,9179.821641791044,9165.22,-14.6
22121,NOEL WOODEN BLOCK LETTERS ,5.925382059800664,1129,6709.750000000001,287,5.53,5.58,6.64,5.92,0.1, Competitive — Monitor,-1.0,,,MONITOR — No Clear Signal,0.0,5.93,0.0,0.0,-0.0,1129.0,6689.756345514949,6694.969999999999,5.21
21498,RED SPOTS  WRAP ,0.4167932489451477,16600,6688.0,472,0.38,0.41,0.48,0.42,-0.8, Competitive — Monitor,-1.0,,,MONITOR — No Clear Signal,0.0,0.42,0.0,0.0,-0.0,16600.0,6918.767932489452,6972.0,53.23
21749,LARGE RED SPOT WINDMILL,2.0699074074074075,3554,6686.400000000001,108,1.84,2.12,2.43,2.13,-2.8, Competitive — Monitor,-1.0,,,MONITOR — No Clear Signal,0.0,2.07,0.0,0.0,-0.0,3554.0,7356.450925925927,7356.78,0.33
22274,FELTCRAFT DOLL EMILY,2.9257640750670246,2427,6651.51,359,2.54,2.87,3.09,2.83,3.4, Competitive — Monitor,-1.0,,,MONITOR — No Clear Signal,0.0,2.93,0.0,0.0,-0.0,2427.0,7100.829410187669,7111.110000000001,10.28
21770,OPEN CLOSED METAL SIGN,4.945020746887967,1324,6640.200000000001,239,4.28,4.59,5.82,4.9,0.9, Competitive — Monitor,-1.0,,,MONITOR — No Clear Signal,0.0,4.95,0.0,0.0,-0.0,1324.0,6547.207468879668,6553.8,6.59
21428,SET3 BOOK BOX GREEN GINGHAM FLOWER ,4.1938775510204085,1706,6633.5,192,3.67,4.26,4.75,4.23,-0.9, Competitive — Monitor,-1.0,,,MONITOR — No Clear Signal,0.0,4.19,-0.0,0.0,-0.0,1706.0,7154.755102040817,7148.14,-6.62
22301,COFFEE MUG CAT + BIRD DESIGN,2.519117647058823,2745,6633.45,298,2.28,2.68,2.72,2.56,-1.6, Competitive — Monitor,-1.0,,,MONITOR — No Clear Signal,0.0,2.52,0.0,0.0,-0.0,2745.0,6914.977941176469,6917.4,2.42
85014D,PINK/BROWN DOTS RUFFLED UMBRELLA,5.825287356321839,1913,6613.55,86,5.37,5.72,6.39,5.83,-0.1, Competitive — Monitor,-1.0,,,MONITOR — No Clear Signal,0.0,5.83,0.0,0.0,-0.0,1913.0,11143.774712643679,11152.79,9.02
21259,VICTORIAN SEWING BOX SMALL ,5.917741935483871,1155,6596.25,334,5.42,5.65,6.46,5.84,1.3, Competitive — Monitor,-1.0,,,MONITOR — No Clear Signal,0.0,5.92,0.0,0.0,-0.0,1155.0,6834.991935483871,6837.6,2.61
22485,SET OF 2 WOODEN MARKET CRATES,12.639999999999999,541,6595.349999999999,179,11.1,12.52,14.28,12.63,0.1, Competitive — Monitor,-1.0,,,MONITOR — No Clear Signal,0.0,12.64,0.0,0.0,-0.0,541.0,6838.24,6838.240000000001,0.0
22353,LUNCHBOX WITH CUTLERY FAIRY CAKES ,2.5323033707865163,2745,6573.15,347,2.39,2.35,2.68,2.47,2.5, Competitive — Monitor,-1.0,,,MONITOR — No Clear Signal,0.0,2.53,-0.0,0.0,-0.0,2745.0,6951.172752808988,6944.849999999999,-6.32
21871,SAVE THE PLANET MUG,1.2298347107438017,6012,6570.6,352,1.14,1.29,1.32,1.25,-1.6, Competitive — Monitor,-1.0,,,MONITOR — No Clear Signal,0.0,1.23,0.0,0.0,-0.0,6012.0,7393.766280991736,7394.76,0.99
47599A,PINK PARTY BAGS,2.064578947368421,3547,6523.66,185,1.87,2.17,2.42,2.15,-4.0, Competitive — Monitor,-1.0,,,MONITOR — No Clear Signal,0.0,2.06,-0.0,0.0,-0.0,3547.0,7323.06152631579,7306.820000000001,-16.24
22348,TEA BAG PLATE RED SPOTTY ,0.8454185022026431,8121,6515.969999999999,443,0.77,0.86,0.9,0.84,0.6, Competitive — Monitor,-1.0,,,MONITOR — No Clear Signal,0.0,0.85,0.0,0.0,-0.0,8121.0,6865.643656387665,6902.849999999999,37.21
21980,PACK OF 12 RED SPOTTY TISSUES ,0.28886567164179106,24753,6513.87,329,0.26,0.28,0.31,0.28,3.2, Competitive — Monitor,-1.0,,,MONITOR — No Clear Signal,0.0,0.29,0.0,0.0,-0.0,24753.0,7150.291970149254,7178.37,28.08
84375,SET OF 20 KIDS COOKIE CUTTERS,1.9832653061224488,3436,6511.8,233,1.73,2.08,2.22,2.01,-1.3, Competitive — Monitor,-1.0,,,MONITOR — No Clear Signal,0.0,1.98,-0.0,0.0,-0.0,3436.0,6814.499591836734,6803.28,-11.22
21155,RED SPOTTY PEG BAG,2.054896373056995,3412,6502.22,380,1.82,2.07,2.32,2.07,-0.7, Competitive — Monitor,-1.0,,,MONITOR — No Clear Signal,0.0,2.05,-0.0,0.0,-0.0,3412.0,7011.306424870467,6994.599999999999,-16.71
22558,CLOTHES PEGS RETROSPOT PACK 24 ,1.2464182692307693,5451,6483.63,404,1.15,1.31,1.45,1.3,-4.1, Competitive — Monitor,-1.0,,,MONITOR — No Clear Signal,0.0,1.25,0.0,0.0,-0.0,5451.0,6794.225985576923,6813.75,19.52
21974,SET OF 36 PAISLEY FLOWER DOILIES,1.4448640483383686,4619,6436.799999999999,330,1.23,1.48,1.61,1.44,0.3, Competitive — Monitor,-1.0,,,MONITOR — No Clear Signal,0.0,1.44,-0.0,0.0,-0.0,4619.0,6673.827039274925,6651.36,-22.47
22088,PAPER BUNTING COLOURED LACE,2.9042056074766354,2349,6430.35,314,2.5,3.04,3.39,2.98,-2.5, Competitive — Monitor,-1.0,,,MONITOR — No Clear Signal,0.0,2.9,-0.0,0.0,-0.0,2349.0,6821.978971962617,6812.099999999999,-9.88
22242,"HOOK, 5 HANGER , MAGIC TOADSTOOL",1.6364864864864863,4104,6425.999999999999,283,1.4,1.66,1.87,1.64,-0.2, Competitive — Monitor,-1.0,,,MONITOR — No Clear Signal,0.0,1.64,0.0,0.0,-0.0,4104.0,6716.140540540539,6730.5599999999995,14.42
22940,FELTCRAFT CHRISTMAS FAIRY,4.239547038327526,1550,6419.5,276,3.62,4.18,4.52,4.11,3.2, Competitive — Monitor,-1.0,,,MONITOR — No Clear Signal,0.0,4.24,0.0,0.0,-0.0,1550.0,6571.297909407665,6572.0,0.7
22417,PACK OF 60 SPACEBOY CAKE CASES,0.542723880597015,12946,6418.3,513,0.51,0.58,0.58,0.56,-3.1, Competitive — Monitor,-1.0,,,MONITOR — No Clear Signal,0.0,0.54,-0.0,0.0,-0.0,12946.0,7026.103358208957,6990.84,-35.26
21888,BINGO SET,3.7450953678474117,1716,6339.24,362,3.45,3.77,4.18,3.8,-1.4, Competitive — Monitor,-1.0,,,MONITOR — No Clear Signal,0.0,3.75,0.0,0.0,-0.0,1716.0,6426.5836512261585,6435.0,8.42
21673,WHITE SPOT BLUE CERAMIC DRAWER KNOB,1.2370394736842105,5396,6337.4800000000005,297,1.11,1.26,1.37,1.25,-1.0, Competitive — Monitor,-1.0,,,MONITOR — No Clear Signal,0.0,1.24,0.0,0.0,-0.0,5396.0,6675.065,6691.04,15.98
22528,GARDENERS KNEELING PAD,1.2370833333333333,5369,6337.33,449,1.06,1.18,1.44,1.23,0.6, Competitive — Monitor,-1.0,,,MONITOR — No Clear Signal,0.0,1.24,0.0,0.0,-0.0,5369.0,6641.900416666666,6657.56,15.66
82582,AREA PATROLLED METAL SIGN,2.0834104046242774,3205,6323.780000000001,338,1.87,2.13,2.37,2.12,-1.7, Competitive — Monitor,-1.0,,,MONITOR — No Clear Signal,0.0,2.08,-0.0,0.0,-0.0,3205.0,6677.330346820809,6666.400000000001,-10.93
47502,POLKADOT CUTLERY 24 PCS IN TRAY,11.591379310344827,617,6307.15,58,10.4,11.72,12.85,11.66,-0.6, Competitive — Monitor,-1.0,,,MONITOR — No Clear Signal,0.0,11.59,-0.0,0.0,-0.0,617.0,7151.881034482758,7151.03,-0.85
22623,BOX OF VINTAGE JIGSAW BLOCKS ,4.926430976430977,1315,6297.85,293,4.27,4.68,5.3,4.75,3.7, Competitive — Monitor,-1.0,,,MONITOR — No Clear Signal,0.0,4.93,0.0,0.0,-0.0,1315.0,6478.256734006734,6482.95,4.69
84378,SET OF 3 HEART COOKIE CUTTERS,1.2474666666666667,5116,6281.0,441,1.11,1.16,1.35,1.21,3.1, Competitive — Monitor,-1.0,,,MONITOR — No Clear Signal,0.0,1.25,0.0,0.0,-0.0,5116.0,6382.039466666667,6395.0,12.96
22300,COFFEE MUG DOG + BALL DESIGN,2.5185314685314686,2575,6234.15,279,2.24,2.56,2.86,2.55,-1.2, Competitive — Monitor,-1.0,,,MONITOR — No Clear Signal,0.0,2.52,0.0,0.0,-0.0,2575.0,6485.218531468531,6489.0,3.78
21042,RED SPOTTY APRON ,5.913157894736842,1129,6230.05,242,5.39,6.16,6.58,6.04,-2.1, Competitive — Monitor,-1.0,,,MONITOR — No Clear Signal,0.0,5.91,-0.0,0.0,-0.0,1129.0,6675.9552631578945,6672.39,-3.57
21108,FAIRY CAKE FLANNEL ASSORTED COLOUR,2.5343478260869565,2540,6229.95,224,2.32,2.54,2.86,2.57,-1.4, Competitive — Monitor,-1.0,,,MONITOR — No Clear Signal,0.0,2.53,-0.0,0.0,-0.0,2540.0,6437.24347826087,6426.2,-11.04
20723,STRAWBERRY CHARLOTTE BAG,0.8404448742746615,7807,6229.05,505,0.72,0.8,0.9,0.81,3.8, Competitive — Monitor,-1.0,,,MONITOR — No Clear Signal,0.0,0.84,-0.0,0.0,-0.0,7807.0,6561.353133462282,6557.88,-3.47
22618,COOKING SET RETROSPOT,9.868130841121495,654,6226.98,211,8.76,10.13,11.34,10.08,-2.1, Competitive — Monitor,-1.0,,,MONITOR — No Clear Signal,0.0,9.87,0.0,0.0,-0.0,654.0,6453.757570093458,6454.98,1.22
21890,S/6 WOODEN SKITTLES IN COTTON BAG,2.9364367816091956,2269,6226.85,251,2.68,2.74,3.46,2.96,-0.8, Competitive — Monitor,-1.0,,,MONITOR — No Clear Signal,0.0,2.94,0.0,0.0,-0.0,2269.0,6662.7750574712645,6670.86,8.08
22180,RETRO SPOT LAMP,9.888559322033897,643,6223.849999999999,236,8.9,9.8,10.77,9.82,0.7, Competitive — Monitor,-1.0,,,MONITOR — No Clear Signal,0.0,9.89,0.0,0.0,-0.0,643.0,6358.343644067796,6359.27,0.93
22427,ENAMEL FLOWER JUG CREAM,5.91594982078853,1077,6222.650000000001,273,5.54,5.6,6.65,5.93,-0.2, Competitive — Monitor,-1.0,,,MONITOR — No Clear Signal,0.0,5.92,0.0,0.0,-0.0,1077.0,6371.477956989247,6375.84,4.36
22654,DELUXE SEWING KIT ,5.916666666666667,1092,6221.400000000001,232,5.42,5.62,7.08,6.04,-2.0, Competitive — Monitor,-1.0,,,MONITOR — No Clear Signal,0.0,5.92,0.0,0.0,-0.0,1092.0,6461.0,6464.64,3.64
21937,STRAWBERRY   PICNIC BAG,2.9317589576547234,2229,6195.55,297,2.54,2.79,3.22,2.85,2.9, Competitive — Monitor,-1.0,,,MONITOR — No Clear Signal,0.0,2.93,-0.0,0.0,-0.0,2229.0,6534.890716612378,6530.97,-3.92
22694,WICKER STAR ,2.095726495726496,3009,6183.900000000001,449,1.8,2.06,2.39,2.08,0.8, Competitive — Monitor,-1.0,,,MONITOR — No Clear Signal,0.0,2.1,0.0,0.0,-0.0,3009.0,6306.041025641026,6318.900000000001,12.86
35961,FOLKART ZINC HEART CHRISTMAS DEC,0.8434749034749035,8042,6161.78,250,0.77,0.78,0.9,0.82,2.9, Competitive — Monitor,-1.0,,,MONITOR — No Clear Signal,0.0,0.84,-0.0,0.0,-0.0,8042.0,6783.225173745174,6755.28,-27.95
20676,RED SPOTTY BOWL,1.2382068965517241,5235,6156.150000000001,432,1.06,1.22,1.41,1.23,0.7, Competitive — Monitor,-1.0,,,MONITOR — No Clear Signal,0.0,1.24,0.0,0.0,-0.0,5235.0,6482.013103448276,6491.4,9.39
22073,RETRO SPOT STORAGE JAR,3.721578947368421,1681,6120.15,319,3.38,3.73,3.96,3.69,0.9, Competitive — Monitor,-1.0,,,MONITOR — No Clear Signal,0.0,3.72,-0.0,0.0,-0.0,1681.0,6255.974210526316,6253.320000000001,-2.65
C2,CARRIAGE,50.916666666666664,120,6110.0,120,48.07,50.78,60.79,53.21,-4.3, Competitive — Monitor,-1.0,,,MONITOR — No Clear Signal,0.0,50.92,0.0,0.0,-0.0,120.0,6110.0,6110.400000000001,0.4
85068,CREAM SWEETHEART SHELF + HOOKS,7.7275,923,6105.51,173,7.01,7.58,8.94,7.84,-1.4, Competitive — Monitor,-1.0,,,MONITOR — No Clear Signal,0.0,7.73,0.0,0.0,-0.0,923.0,7132.4825,7134.79,2.31
75049L,LARGE CIRCULAR MIRROR MOBILE,1.1245762711864407,6769,6096.45,112,1.0,1.19,1.31,1.17,-3.9, Competitive — Monitor,-1.0,,,MONITOR — No Clear Signal,0.0,1.12,-0.0,0.0,-0.0,6769.0,7612.2567796610165,7581.280000000001,-30.98
22303,COFFEE MUG APPLES DESIGN,2.509090909090909,2553,6088.95,251,2.29,2.37,2.9,2.52,-0.4, Competitive — Monitor,-1.0,,,MONITOR — No Clear Signal,0.0,2.51,0.0,0.0,-0.0,2553.0,6405.70909090909,6408.03,2.32
22727,ALARM CLOCK BAKELIKE RED ,3.744495412844037,1635,6067.89,305,3.35,3.75,4.26,3.79,-1.2, Competitive — Monitor,-1.0,,,MONITOR — No Clear Signal,0.0,3.74,-0.0,0.0,-0.0,1635.0,6122.25,6114.900000000001,-7.35
10002,INFLATABLE POLITICAL GLOBE ,0.8398134328358209,7801,6061.97,258,0.76,0.78,0.94,0.83,1.2, Competitive — Monitor,-1.0,,,MONITOR — No Clear Signal,0.0,0.84,0.0,0.0,-0.0,7801.0,6551.384589552239,6552.84,1.46
22698,PINK REGENCY TEACUP AND SAUCER,2.894088669950739,2248,6059.2,200,2.73,2.7,3.41,2.95,-1.9, Competitive — Monitor,-1.0,,,MONITOR — No Clear Signal,0.0,2.89,-0.0,0.0,-0.0,2248.0,6505.911330049261,6496.72,-9.19
21669,BLUE STRIPE CERAMIC DRAWER KNOB,1.2410543130990415,5104,6054.56,297,1.1,1.26,1.48,1.28,-3.0, Competitive — Monitor,-1.0,,,MONITOR — No Clear Signal,0.0,1.24,-0.0,0.0,-0.0,5104.0,6334.341214057507,6328.96,-5.38
22759,SET OF 3 NOTEBOOKS IN PARCEL,1.644782608695652,3771,6049.349999999999,330,1.56,1.66,1.85,1.69,-2.7, Competitive — Monitor,-1.0,,,MONITOR — No Clear Signal,0.0,1.64,-0.0,0.0,-0.0,3771.0,6202.475217391304,6184.44,-18.04
85047,WHITE BEADED GARLAND STRING 20LIGHT,6.299268292682926,993,6036.749999999999,199,5.92,6.68,7.49,6.7,-6.0, Competitive — Monitor,-1.0,,,MONITOR — No Clear Signal,0.0,6.3,0.0,0.0,-0.0,993.0,6255.173414634146,6255.9,0.73
21257,VICTORIAN SEWING BOX MEDIUM,7.8954545454545455,805,6029.75,216,6.87,7.97,8.98,7.94,-0.6, Competitive — Monitor,-1.0,,,MONITOR — No Clear Signal,0.0,7.9,0.0,0.0,-0.0,805.0,6355.840909090909,6359.5,3.66
22804,CANDLEHOLDER PINK HANGING HEART,2.9123902439024394,2152,5996.72,196,2.5,3.13,3.29,2.97,-1.9, Competitive — Monitor,-1.0,,,MONITOR — No Clear Signal,0.0,2.91,-0.0,0.0,-0.0,2152.0,6267.46380487805,6262.320000000001,-5.14
21833,CAMOUFLAGE LED TORCH,1.6853982300884955,3609,5995.53,224,1.45,1.56,1.88,1.63,3.4, Competitive — Monitor,-1.0,,,MONITOR — No Clear Signal,0.0,1.69,0.0,0.0,-0.0,3609.0,6082.602212389381,6099.21,16.61
22909,SET OF 20 VINTAGE CHRISTMAS NAPKINS,0.8418181818181818,7750,5995.299999999999,443,0.72,0.79,0.91,0.81,3.9, Competitive — Monitor,-1.0,,,MONITOR — No Clear Signal,0.0,0.84,-0.0,0.0,-0.0,7750.0,6524.090909090909,6510.0,-14.09
84792,ENCHANTED BIRD COATHANGER 5 HOOK,4.589961089494164,1454,5981.34,256,3.94,4.26,4.82,4.34,5.8, Competitive — Monitor,-1.0,,,MONITOR — No Clear Signal,0.0,4.59,0.0,0.0,-0.0,1454.0,6673.803424124514,6673.86,0.06
21985,PACK OF 12 HEARTS DESIGN TISSUES ,0.29077858880778584,16369,5941.23,391,0.27,0.28,0.32,0.29,0.3, Competitive — Monitor,-1.0,,,MONITOR — No Clear Signal,0.0,0.29,-0.0,0.0,-0.0,16369.0,4759.754720194646,4747.009999999999,-12.74
21531,RETRO SPOT SUGAR JAM BOWL,2.522727272727273,2479,5929.95,415,2.16,2.54,2.84,2.51,0.5, Competitive — Monitor,-1.0,,,MONITOR — No Clear Signal,0.0,2.52,-0.0,0.0,-0.0,2479.0,6253.84090909091,6247.08,-6.76
22627,MINT KITCHEN SCALES,8.446481481481483,720,5926.2,264,7.45,8.64,9.35,8.48,-0.4, Competitive — Monitor,-1.0,,,MONITOR — No Clear Signal,0.0,8.45,0.0,0.0,-0.0,720.0,6081.466666666667,6083.999999999999,2.53
21984,PACK OF 12 PINK PAISLEY TISSUES ,0.28909090909090907,21986,5918.099999999999,199,0.27,0.27,0.32,0.29,-0.3, Competitive — Monitor,-1.0,,,MONITOR — No Clear Signal,0.0,0.29,0.0,0.0,-0.0,21986.0,6355.952727272726,6375.94,19.99
22667,RECIPE BOX RETRO SPOT DESIGN,2.935576923076923,2090,5915.900000000001,409,2.5,3.15,3.51,3.05,-3.8, Competitive — Monitor,-1.0,,,MONITOR — No Clear Signal,0.0,2.94,0.0,0.0,-0.0,2090.0,6135.3557692307695,6144.599999999999,9.24
22619,SET OF 6 SOLDIER SKITTLES,3.7417557251908398,1620,5905.8,252,3.49,3.95,4.13,3.86,-3.1, Competitive — Monitor,-1.0,,,MONITOR — No Clear Signal,0.0,3.74,-0.0,0.0,-0.0,1620.0,6061.64427480916,6058.8,-2.84
79000,MOROCCAN TEA GLASS,0.82916,7801,5872.21,243,0.73,0.8,0.93,0.82,1.1, Competitive — Monitor,-1.0,,,MONITOR — No Clear Signal,0.0,0.83,0.0,0.0,-0.0,7801.0,6468.27716,6474.83,6.55
22215,CAKE STAND WHITE TWO TIER LACE,8.435443037974684,712,5863.3,234,7.27,7.86,9.03,8.05,4.8, Competitive — Monitor,-1.0,,,MONITOR — No Clear Signal,0.0,8.44,0.0,0.0,-0.0,712.0,6006.035443037975,6009.28,3.24
21914,BLUE HARMONICA IN BOX ,1.2482407407407408,4725,5856.09,318,1.15,1.18,1.32,1.22,2.3, Competitive — Monitor,-1.0,,,MONITOR — No Clear Signal,0.0,1.25,0.0,0.0,-0.0,4725.0,5897.9375,5906.25,8.31
22553,PLASTERS IN TIN SKULLS,1.6484674329501916,3596,5851.799999999999,493,1.5,1.55,1.92,1.66,-0.7, Competitive — Monitor,-1.0,,,MONITOR — No Clear Signal,0.0,1.65,0.0,0.0,-0.0,3596.0,5927.888888888889,5933.4,5.51
21671,RED SPOT CERAMIC DRAWER KNOB,1.2394352159468438,4947,5840.07,295,1.16,1.16,1.41,1.24,-0.0, Competitive — Monitor,-1.0,,,MONITOR — No Clear Signal,0.0,1.24,0.0,0.0,-0.0,4947.0,6131.486013289036,6134.28,2.79
21870,I CAN ONLY PLEASE ONE PERSON MUG,1.2344262295081967,4868,5803.42,419,1.14,1.24,1.44,1.27,-2.8, Competitive — Monitor,-1.0,,,MONITOR — No Clear Signal,0.0,1.23,-0.0,0.0,-0.0,4868.0,6009.186885245901,5987.64,-21.55
21430,SET/3 RED GINGHAM ROSE STORAGE BOX,3.722114695340502,1594,5794.14,274,3.46,3.57,3.99,3.67,1.4, Competitive — Monitor,-1.0,,,MONITOR — No Clear Signal,0.0,3.72,-0.0,0.0,-0.0,1594.0,5933.05082437276,5929.68,-3.37
21172,PARTY METAL SIGN ,1.4369281045751634,4182,5790.299999999999,439,1.26,1.4,1.63,1.43,0.5, Competitive — Monitor,-1.0,,,MONITOR — No Clear Signal,0.0,1.44,0.0,0.0,-0.0,4182.0,6009.233333333334,6022.08,12.85
22690,DOORMAT HOME SWEET HOME BLUE ,7.472123287671233,908,5788.62,145,6.48,8.06,8.13,7.56,-1.2, Competitive — Monitor,-1.0,,,MONITOR — No Clear Signal,0.0,7.47,-0.0,0.0,-0.0,908.0,6784.68794520548,6782.76,-1.93
22580,ADVENT CALENDAR GINGHAM SACK,5.941416309012876,982,5746.900000000001,228,5.5,6.12,6.44,6.02,-1.3, Competitive — Monitor,-1.0,,,MONITOR — No Clear Signal,0.0,5.94,-0.0,0.0,-0.0,982.0,5834.470815450644,5833.080000000001,-1.39
21907,I'M ON HOLIDAY METAL SIGN,2.0922879177377895,2796,5742.6,376,1.95,2.24,2.2,2.13,-1.8, Competitive — Monitor,-1.0,,,MONITOR — No Clear Signal,0.0,2.09,-0.0,0.0,-0.0,2796.0,5850.0370179948595,5843.639999999999,-6.4
22488,NATURAL SLATE RECTANGLE CHALKBOARD,1.6398305084745763,3585,5719.65,351,1.56,1.55,1.75,1.62,1.2, Competitive — Monitor,-1.0,,,MONITOR — No Clear Signal,0.0,1.64,0.0,0.0,-0.0,3585.0,5878.792372881357,5879.4,0.61
21745,GAOLERS KEYS DECORATIVE GARDEN ,3.716578947368421,1778,5698.46,259,3.31,3.65,4.07,3.68,1.0, Competitive — Monitor,-1.0,,,MONITOR — No Clear Signal,0.0,3.72,0.0,0.0,-0.0,1778.0,6608.077368421053,6614.160000000001,6.08
21086,SET/6 RED SPOTTY PAPER CUPS,0.6438461538461538,9481,5657.21,348,0.57,0.65,0.69,0.64,0.6, Competitive — Monitor,-1.0,,,MONITOR — No Clear Signal,0.0,0.64,-0.0,0.0,-0.0,9481.0,6104.305384615384,6067.84,-36.47
20682,RED SPOTTY CHILDS UMBRELLA,3.2369281045751634,1798,5654.5,302,3.0,3.02,3.88,3.3,-1.9, Competitive — Monitor,-1.0,,,MONITOR — No Clear Signal,0.0,3.24,0.0,0.0,-0.0,1798.0,5819.996732026144,5825.52,5.52
21361,LOVE LARGE WOOD LETTERS ,12.698571428571428,457,5632.35,201,11.23,11.69,13.92,12.28,3.4, Competitive — Monitor,-1.0,,,MONITOR — No Clear Signal,0.0,12.7,0.0,0.0,-0.0,457.0,5803.2471428571425,5803.9,0.65
22131,FOOD CONTAINER SET 3 LOVE HEART ,1.9368804664723032,3142,5606.4,326,1.83,1.99,2.07,1.96,-1.2, Competitive — Monitor,-1.0,,,MONITOR — No Clear Signal,0.0,1.94,0.0,0.0,-0.0,3142.0,6085.678425655977,6095.48,9.8
22656,VINTAGE BLUE KITCHEN CABINET,295.0,19,5605.0,17,276.07,301.69,318.56,298.77,-1.3, Competitive — Monitor,-1.0,,,MONITOR — No Clear Signal,0.0,295.0,0.0,0.0,-0.0,19.0,5605.0,5605.0,0.0
22109,FULL ENGLISH BREAKFAST PLATE,3.6956326530612245,1556,5562.84,239,3.3,3.64,4.21,3.72,-0.7, Competitive — Monitor,-1.0,,,MONITOR — No Clear Signal,0.0,3.7,0.0,0.0,-0.0,1556.0,5750.4044081632655,5757.200000000001,6.8
21242,RED SPOTTY PLATE ,1.6805573770491802,3438,5527.98,304,1.55,1.68,1.78,1.67,0.6, Competitive — Monitor,-1.0,,,MONITOR — No Clear Signal,0.0,1.68,-0.0,0.0,-0.0,3438.0,5777.756262295082,5775.84,-1.92
21768,WALL MOUNTED VINTAGE ORGANISER,14.707301587301586,460,5507.74,123,13.61,14.51,17.35,15.16,-3.0, Competitive — Monitor,-1.0,,,MONITOR — No Clear Signal,0.0,14.71,0.0,0.0,-0.0,460.0,6765.3587301587295,6766.6,1.24
16014,SMALL CHINESE STYLE SCISSOR,0.3866666666666666,17041,5503.22,42,0.33,0.36,0.46,0.38,1.8, Competitive — Monitor,-1.0,,,MONITOR — No Clear Signal,0.0,0.39,0.0,0.0,-0.0,17041.0,6589.186666666666,6645.99,56.8
21385,IVORY HANGING DECORATION  HEART,0.8471383647798741,6737,5498.69,305,0.8,0.82,0.92,0.85,-0.3, Competitive — Monitor,-1.0,,,MONITOR — No Clear Signal,0.0,0.85,0.0,0.0,-0.0,6737.0,5707.171163522012,5726.45,19.28
22089,PAPER BUNTING VINTAGE PAISLEY,2.9240239043824703,2015,5470.200000000001,243,2.63,2.77,3.27,2.89,1.2, Competitive — Monitor,-1.0,,,MONITOR — No Clear Signal,0.0,2.92,-0.0,0.0,-0.0,2015.0,5891.908167330677,5883.8,-8.11
22812,PACK 3 BOXES CHRISTMAS PANNETONE,1.9442307692307692,2888,5458.799999999999,248,1.81,1.82,2.05,1.89,2.9, Competitive — Monitor,-1.0,,,MONITOR — No Clear Signal,0.0,1.94,-0.0,0.0,-0.0,2888.0,5614.9384615384615,5602.72,-12.22
72756,FAIRY CAKE CANDLES,1.469375,4003,5446.07,127,1.3,1.58,1.68,1.52,-3.3, Competitive — Monitor,-1.0,,,MONITOR — No Clear Signal,0.0,1.47,0.0,0.0,-0.0,4003.0,5881.908125000001,5884.41,2.5
37370,RETRO COFFEE MUGS ASSORTED,1.208158844765343,4775,5436.37,258,1.14,1.23,1.34,1.24,-2.6, Competitive — Monitor,-1.0,,,MONITOR — No Clear Signal,0.0,1.21,0.0,0.0,-0.0,4775.0,5768.9584837545135,5777.75,8.79
21981,PACK OF 12 WOODLAND TISSUES ,0.28937219730941705,20820,5416.5,205,0.26,0.3,0.32,0.29,-0.2, Competitive — Monitor,-1.0,,,MONITOR — No Clear Signal,0.0,0.29,0.0,0.0,-0.0,20820.0,6024.729147982063,6037.799999999999,13.07
22244,"HOOK, 3 HANGER ,MAGIC GARDEN",1.9268041237113402,2989,5414.549999999999,191,1.64,1.87,2.08,1.86,3.6, Competitive — Monitor,-1.0,,,MONITOR — No Clear Signal,0.0,1.93,0.0,0.0,-0.0,2989.0,5759.217525773196,5768.7699999999995,9.55
22221,CAKE STAND LOVEBIRD 2 TIER PINK,9.749479166666665,761,5384.55,94,9.17,9.58,11.19,9.98,-2.3, Competitive — Monitor,-1.0,,,MONITOR — No Clear Signal,0.0,9.75,0.0,0.0,-0.0,761.0,7419.353645833332,7419.75,0.4
22943,CHRISTMAS LIGHTS 10 VINTAGE BAUBLES,4.872727272727273,1181,5381.150000000001,152,4.19,4.67,5.42,4.76,2.4, Competitive — Monitor,-1.0,,,MONITOR — No Clear Signal,0.0,4.87,-0.0,0.0,-0.0,1181.0,5754.690909090909,5751.47,-3.22
21114,LAVENDER SCENTED FABRIC HEART,1.2467887323943663,4355,5360.15,340,1.1,1.17,1.34,1.2,3.9, Competitive — Monitor,-1.0,,,MONITOR — No Clear Signal,0.0,1.25,0.0,0.0,-0.0,4355.0,5429.764929577465,5443.75,13.99
21668,RED STRIPE CERAMIC DRAWER KNOB,1.2443918918918917,4461,5357.97,285,1.18,1.18,1.44,1.27,-2.0, Competitive — Monitor,-1.0,,,MONITOR — No Clear Signal,0.0,1.24,-0.0,0.0,-0.0,4461.0,5551.232229729729,5531.64,-19.59
21135,VICTORIAN  METAL POSTCARD SPRING,1.69,3152,5326.88,223,1.6,1.77,1.92,1.76,-4.0, Competitive — Monitor,-1.0,,,MONITOR — No Clear Signal,0.0,1.69,0.0,0.0,-0.0,3152.0,5326.88,5326.88,0.0
21432,SET OF 3 CASES WOODLAND DESIGN,5.895652173913043,928,5304.6,227,5.35,6.06,6.95,6.12,-3.7, Competitive — Monitor,-1.0,,,MONITOR — No Clear Signal,0.0,5.9,0.0,0.0,-0.0,928.0,5471.165217391304,5475.200000000001,4.03
21892,TRADITIONAL WOODEN CATCH CUP GAME ,1.2451002865329512,4475,5302.67,321,1.14,1.25,1.33,1.24,0.4, Competitive — Monitor,-1.0,,,MONITOR — No Clear Signal,0.0,1.25,0.0,0.0,-0.0,4475.0,5571.8237822349565,5593.75,21.93
22329,ROUND CONTAINER SET OF 5 RETROSPOT,1.6342857142857141,3414,5301.7,271,1.46,1.63,1.91,1.67,-2.1, Competitive — Monitor,-1.0,,,MONITOR — No Clear Signal,0.0,1.63,-0.0,0.0,-0.0,3414.0,5579.451428571428,5564.82,-14.63
84988,SET OF 72 PINK HEART PAPER DOILIES,1.4461230769230768,3726,5285.969999999999,319,1.27,1.54,1.66,1.49,-2.9, Competitive — Monitor,-1.0,,,MONITOR — No Clear Signal,0.0,1.45,0.0,0.0,-0.0,3726.0,5388.254584615384,5402.7,14.45
22834,HAND WARMER BABUSHKA DESIGN,2.0932692307692307,2580,5262.000000000001,241,1.85,1.95,2.23,2.01,4.1, Competitive — Monitor,-1.0,,,MONITOR — No Clear Signal,0.0,2.09,-0.0,0.0,-0.0,2580.0,5400.634615384615,5392.2,-8.43
22085,PAPER CHAIN KIT SKULLS ,2.92172131147541,1983,5259.85,121,2.68,2.82,3.37,2.96,-1.3, Competitive — Monitor,-1.0,,,MONITOR — No Clear Signal,0.0,2.92,-0.0,0.0,-0.0,1983.0,5793.7733606557385,5790.36,-3.41
22078,RIBBON REEL LACE DESIGN ,2.0950980392156864,2559,5251.4,248,1.94,2.04,2.34,2.11,-0.7, Competitive — Monitor,-1.0,,,MONITOR — No Clear Signal,0.0,2.1,0.0,0.0,-0.0,2559.0,5361.355882352941,5373.900000000001,12.54
22072,TEA CUP AND SAUCER RETRO SPOT,3.738904109589041,1435,5246.61,273,3.47,3.91,4.46,3.95,-5.3, Competitive — Monitor,-1.0,,,MONITOR — No Clear Signal,0.0,3.74,0.0,0.0,-0.0,1435.0,5365.327397260274,5366.900000000001,1.57
21667,GLASS CAKE COVER AND PLATE,16.607142857142858,327,5242.65,140,15.43,17.92,17.79,17.05,-2.6, Competitive — Monitor,-1.0,,,MONITOR — No Clear Signal,0.0,16.61,0.0,0.0,-0.0,327.0,5430.535714285715,5431.47,0.93
21875,KINGS CHOICE MUG,1.2352212389380532,4714,5241.86,220,1.06,1.18,1.42,1.22,1.2, Competitive — Monitor,-1.0,,,MONITOR — No Clear Signal,0.0,1.24,0.0,0.0,-0.0,4714.0,5822.832920353983,5845.36,22.53
35970,ZINC FOLKART SLEIGH BELLS,1.679090909090909,3251,5220.59,206,1.51,1.78,1.86,1.72,-2.4, Competitive — Monitor,-1.0,,,MONITOR — No Clear Signal,0.0,1.68,0.0,0.0,-0.0,3251.0,5458.7245454545455,5461.679999999999,2.96
22358,KINGS CHOICE TEA CADDY ,2.9194444444444447,1859,5212.85,280,2.5,3.07,3.48,3.02,-3.3, Competitive — Monitor,-1.0,,,MONITOR — No Clear Signal,0.0,2.92,0.0,0.0,-0.0,1859.0,5427.247222222223,5428.28,1.03
21491,SET OF THREE VINTAGE GIFT WRAPS,1.9265217391304346,2846,5204.099999999999,222,1.74,1.84,2.12,1.9,1.4, Competitive — Monitor,-1.0,,,MONITOR — No Clear Signal,0.0,1.93,0.0,0.0,-0.0,2846.0,5482.880869565217,5492.78,9.9
84380,SET OF 3 BUTTERFLY COOKIE CUTTERS,1.2419148936170212,4380,5201.400000000001,327,1.11,1.22,1.48,1.27,-2.2, Competitive — Monitor,-1.0,,,MONITOR — No Clear Signal,0.0,1.24,-0.0,0.0,-0.0,4380.0,5439.587234042553,5431.2,-8.39
21381,MINI WOODEN HAPPY BIRTHDAY GARLAND,1.6834375,3236,5183.72,242,1.58,1.66,2.0,1.75,-3.8, Competitive — Monitor,-1.0,,,MONITOR — No Clear Signal,0.0,1.68,-0.0,0.0,-0.0,3236.0,5447.603749999999,5436.48,-11.12
22327,ROUND SNACK BOXES SET OF 4 SKULLS,2.9377300613496935,1829,5179.55,311,2.6,3.16,3.2,2.99,-1.7, Competitive — Monitor,-1.0,,,MONITOR — No Clear Signal,0.0,2.94,0.0,0.0,-0.0,1829.0,5373.108282208589,5377.26,4.15
20979,36 PENCILS TUBE RED SPOTTY,1.2448993288590604,4281,5177.97,295,1.07,1.18,1.46,1.24,0.4, Competitive — Monitor,-1.0,,,MONITOR — No Clear Signal,0.0,1.24,-0.0,0.0,-0.0,4281.0,5329.414026845638,5308.44,-20.97
22942,CHRISTMAS LIGHTS 10 SANTAS ,8.407425742574258,643,5169.700000000001,101,7.27,8.81,10.08,8.72,-3.6, Competitive — Monitor,-1.0,,,MONITOR — No Clear Signal,0.0,8.41,0.0,0.0,-0.0,643.0,5405.974752475248,5407.63,1.66
22740,POLKA DOT PEN,0.845,6262,5147.98,103,0.78,0.82,0.92,0.84,0.6, Competitive — Monitor,-1.0,,,MONITOR — No Clear Signal,0.0,0.84,-0.01,0.0,-0.0,6262.0,5291.389999999999,5260.08,-31.31
22588,CARDHOLDER GINGHAM HEART,2.543571428571428,2086,5146.5,271,2.32,2.64,2.84,2.6,-2.2, Competitive — Monitor,-1.0,,,MONITOR — No Clear Signal,0.0,2.54,-0.0,0.0,-0.0,2086.0,5305.889999999999,5298.4400000000005,-7.45
22662,LUNCH BAG DOLLY GIRL DESIGN,1.6409830508474574,3282,5129.3,287,1.41,1.62,1.85,1.63,0.7, Competitive — Monitor,-1.0,,,MONITOR — No Clear Signal,0.0,1.64,-0.0,0.0,-0.0,3282.0,5385.7063728813555,5382.48,-3.23
22151,PLACE SETTING WHITE HEART,0.4190745501285347,12539,5127.0599999999995,367,0.36,0.42,0.46,0.41,2.2, Competitive — Monitor,-1.0,,,MONITOR — No Clear Signal,0.0,0.42,0.0,0.0,-0.0,12539.0,5254.775784061696,5266.38,11.6
21935,SUKI  SHOULDER BAG,1.6225490196078431,3285,5118.25,255,1.49,1.71,1.71,1.64,-1.1, Competitive — Monitor,-1.0,,,MONITOR — No Clear Signal,0.0,1.62,-0.0,0.0,-0.0,3285.0,5330.073529411765,5321.700000000001,-8.37
22302,COFFEE MUG PEARS  DESIGN,2.494573170731707,2527,5101.41,162,2.14,2.62,2.7,2.49,0.2, Competitive — Monitor,-1.0,,,MONITOR — No Clear Signal,0.0,2.49,-0.0,0.0,-0.0,2527.0,6303.786402439024,6292.2300000000005,-11.56
79029,GLASS HONEYPOT WASP CATCHER,1.929742765273312,2863,5100.45,292,1.8,2.04,2.11,1.98,-2.5, Competitive — Monitor,-1.0,,,MONITOR — No Clear Signal,0.0,1.93,0.0,0.0,-0.0,2863.0,5524.853536977492,5525.59,0.74
22055,MINI CAKE STAND  HANGING STRAWBERY,1.6325136612021858,3263,5099.15,334,1.5,1.52,1.82,1.61,1.4, Competitive — Monitor,-1.0,,,MONITOR — No Clear Signal,0.0,1.63,-0.0,0.0,-0.0,3263.0,5326.892076502732,5318.69,-8.2
22354,RETRO SPOT PADDED SEAT CUSHION,3.705254237288136,1410,5075.1,175,3.18,3.82,3.99,3.66,1.2, Competitive — Monitor,-1.0,,,MONITOR — No Clear Signal,0.0,3.71,0.0,0.0,-0.0,1410.0,5224.408474576271,5231.1,6.69
22199,FRYING PAN RED POLKADOT ,4.211675977653631,1307,5065.71,177,3.62,3.97,4.97,4.19,0.5, Competitive — Monitor,-1.0,,,MONITOR — No Clear Signal,0.0,4.21,-0.0,0.0,-0.0,1307.0,5504.6605027932965,5502.47,-2.19
21670,BLUE SPOT CERAMIC DRAWER KNOB,1.2446278317152102,4200,5049.96,298,1.18,1.23,1.44,1.28,-2.8, Competitive — Monitor,-1.0,,,MONITOR — No Clear Signal,0.0,1.24,-0.0,0.0,-0.0,4200.0,5227.436893203882,5208.0,-19.44
22418,10 COLOUR SPACEBOY PEN,0.8469047619047618,6041,5022.53,248,0.75,0.85,0.9,0.83,2.0, Competitive — Monitor,-1.0,,,MONITOR — No Clear Signal,0.0,0.85,0.0,0.0,-0.0,6041.0,5116.151666666667,5134.849999999999,18.7
22726,ALARM CLOCK BAKELIKE GREEN,3.748823529411765,1339,5019.81,296,3.33,3.69,4.3,3.77,-0.6, Competitive — Monitor,-1.0,,,MONITOR — No Clear Signal,0.0,3.75,0.0,0.0,-0.0,1339.0,5019.674705882353,5021.25,1.58
35832,WOOLLY HAT SOCK GLOVE ADVENT STRING,3.0018072289156628,1689,5001.750000000001,162,2.8,3.01,3.45,3.09,-2.9, Competitive — Monitor,-1.0,,,MONITOR — No Clear Signal,0.0,3.0,-0.0,0.0,-0.0,1689.0,5070.052409638554,5067.0,-3.05
20970,PINK FLORAL FELTCRAFT SHOULDER BAG,3.7389455782312924,1368,4985.64,289,3.53,4.04,4.46,4.01,-6.8, Competitive — Monitor,-1.0,,,MONITOR — No Clear Signal,0.0,3.74,0.0,0.0,-0.0,1368.0,5114.877551020408,5116.320000000001,1.44
21587,COSY HOUR GIANT TUBE MATCHES,2.541346153846154,1996,4981.799999999999,244,2.41,2.39,2.67,2.49,2.1, Competitive — Monitor,-1.0,,,MONITOR — No Clear Signal,0.0,2.54,-0.0,0.0,-0.0,1996.0,5072.526923076924,5069.84,-2.69
22283,6 EGG HOUSE PAINTED WOOD,7.8956989247311835,681,4949.95,183,7.31,8.12,8.58,8.0,-1.3, Competitive — Monitor,-1.0,,,MONITOR — No Clear Signal,0.0,7.9,0.0,0.0,-0.0,681.0,5376.970967741936,5379.900000000001,2.93
21243,PINK  SPOTTY PLATE ,1.6786614173228347,3098,4936.099999999999,252,1.49,1.65,2.0,1.71,-1.8, Competitive — Monitor,-1.0,,,MONITOR — No Clear Signal,0.0,1.68,0.0,0.0,-0.0,3098.0,5200.493070866142,5204.639999999999,4.15
22079,RIBBON REEL HEARTS DESIGN ,1.6457575757575758,3068,4916.2,321,1.41,1.55,1.96,1.64,0.4, Competitive — Monitor,-1.0,,,MONITOR — No Clear Signal,0.0,1.65,0.0,0.0,-0.0,3068.0,5049.184242424242,5062.2,13.02
22592,CARDHOLDER HOLLY WREATH METAL,3.7394736842105267,1327,4915.77,167,3.47,3.54,4.33,3.78,-1.1, Competitive — Monitor,-1.0,,,MONITOR — No Clear Signal,0.0,3.74,0.0,0.0,-0.0,1327.0,4962.281578947369,4962.9800000000005,0.7
22595,CHRISTMAS GINGHAM HEART,0.8456953642384106,6004,4897.48,298,0.77,0.91,0.99,0.89,-5.0, Competitive — Monitor,-1.0,,,MONITOR — No Clear Signal,0.0,0.85,0.0,0.0,-0.0,6004.0,5077.554966887417,5103.4,25.85
21716,BOYS VINTAGE TIN SEASIDE BUCKET,2.496896551724138,2159,4896.8099999999995,171,2.23,2.65,2.66,2.51,-0.5, Competitive — Monitor,-1.0,,,MONITOR — No Clear Signal,0.0,2.5,0.0,0.0,-0.0,2159.0,5390.799655172414,5397.5,6.7
21411,GINGHAM HEART  DOORSTOP RED,4.208298507462686,1256,4889.88,329,3.96,4.48,4.74,4.39,-4.1, Competitive — Monitor,-1.0,,,MONITOR — No Clear Signal,0.0,4.21,0.0,0.0,-0.0,1256.0,5285.6229253731335,5287.76,2.14
22466,FAIRY TALE COTTAGE NIGHTLIGHT,1.9311764705882353,2723,4856.25,167,1.66,2.08,2.09,1.94,-0.5, Competitive — Monitor,-1.0,,,MONITOR — No Clear Signal,0.0,1.93,-0.0,0.0,-0.0,2723.0,5258.593529411764,5255.389999999999,-3.2
21715,GIRLS VINTAGE TIN SEASIDE BUCKET,2.5191847826086957,2098,4855.62,181,2.27,2.4,2.71,2.46,2.4, Competitive — Monitor,-1.0,,,MONITOR — No Clear Signal,0.0,2.52,0.0,0.0,-0.0,2098.0,5285.249673913044,5286.96,1.71
22195,HEART MEASURING SPOONS LARGE,1.6438650306748466,3020,4845.599999999999,314,1.4,1.61,1.93,1.65,-0.4, Competitive — Monitor,-1.0,,,MONITOR — No Clear Signal,0.0,1.64,-0.0,0.0,-0.0,3020.0,4964.472392638037,4952.799999999999,-11.67
21658,GLASS  BEURRE DISH,3.9212820512820517,1264,4834.88,225,3.52,4.03,4.2,3.92,0.0, Competitive — Monitor,-1.0,,,MONITOR — No Clear Signal,0.0,3.92,-0.0,0.0,-0.0,1264.0,4956.500512820513,4954.88,-1.62
84937,KASHMIR FOLKART TUMBLERS,2.0902380952380955,2487,4829.92,83,1.79,2.08,2.34,2.07,1.0, Competitive — Monitor,-1.0,,,MONITOR — No Clear Signal,0.0,2.09,-0.0,0.0,-0.0,2487.0,5198.422142857144,5197.83,-0.59
79067,CORONA MEXICAN TRAY,3.7260299625468165,1349,4789.95,264,3.21,3.68,4.44,3.78,-1.4, Competitive — Monitor,-1.0,,,MONITOR — No Clear Signal,0.0,3.73,0.0,0.0,-0.0,1349.0,5026.414419475655,5031.7699999999995,5.36
84884A,ANT WHITE WIRE HEART SPIRAL,3.9096618357487927,1380,4788.400000000001,207,3.37,3.82,4.21,3.8,2.9, Competitive — Monitor,-1.0,,,MONITOR — No Clear Signal,0.0,3.91,0.0,0.0,-0.0,1380.0,5395.333333333334,5395.8,0.47
22549,PICTURE DOMINOES,1.4444272445820434,3375,4786.95,311,1.32,1.47,1.73,1.51,-4.3, Competitive — Monitor,-1.0,,,MONITOR — No Clear Signal,0.0,1.44,-0.0,0.0,-0.0,3375.0,4874.9419504643965,4860.0,-14.94
21756,BATH BUILDING BLOCK WORD,5.945408163265307,807,4774.05,290,5.5,6.02,7.13,6.22,-4.4, Competitive — Monitor,-1.0,,,MONITOR — No Clear Signal,0.0,5.95,0.0,0.0,-0.0,807.0,4797.944387755102,4801.650000000001,3.71
22631,CIRCUS PARADE LUNCHBOX ,1.9420353982300884,2548,4770.599999999999,220,1.76,1.84,2.2,1.93,0.6, Competitive — Monitor,-1.0,,,MONITOR — No Clear Signal,0.0,1.94,-0.0,0.0,-0.0,2548.0,4948.306194690265,4943.12,-5.19
84520B,PACK 20 ENGLISH ROSE PAPER NAPKINS,0.8416167664670658,6186,4766.7,483,0.8,0.84,0.91,0.85,-1.0, Competitive — Monitor,-1.0,,,MONITOR — No Clear Signal,0.0,0.84,-0.0,0.0,-0.0,6186.0,5206.241317365269,5196.24,-10.0
72807C,SET/3 VANILLA SCENTED CANDLE IN BOX,4.201824817518248,1196,4764.44,133,3.73,4.24,4.61,4.19,0.3, Competitive — Monitor,-1.0,,,MONITOR — No Clear Signal,0.0,4.2,-0.0,0.0,-0.0,1196.0,5025.382481751824,5023.2,-2.18
22220,CAKE STAND LOVEBIRD 2 TIER WHITE,9.865204678362572,499,4750.45,171,8.67,9.98,10.99,9.88,-0.1, Competitive — Monitor,-1.0,,,MONITOR — No Clear Signal,0.0,9.87,0.0,0.0,-0.0,499.0,4922.737134502923,4925.129999999999,2.39
82552,WASHROOM METAL SIGN,1.2734036939313984,3914,4747.54,372,1.19,1.21,1.4,1.27,0.3, Competitive — Monitor,-1.0,,,MONITOR — No Clear Signal,0.0,1.27,-0.0,0.0,-0.0,3914.0,4984.102058047493,4970.78,-13.32
22749,FELTCRAFT PRINCESS CHARLOTTE DOLL,3.742913385826772,1293,4745.07,240,3.27,3.89,4.09,3.75,-0.2, Competitive — Monitor,-1.0,,,MONITOR — No Clear Signal,0.0,3.74,-0.0,0.0,-0.0,1293.0,4839.587007874016,4835.820000000001,-3.77
11001,ASSTD DESIGN RACING CAR PEN,1.663888888888889,3073,4743.69,120,1.57,1.54,1.99,1.7,-2.1, Competitive — Monitor,-1.0,,,MONITOR — No Clear Signal,0.0,1.66,-0.0,0.0,-0.0,3073.0,5113.1305555555555,5101.179999999999,-11.95
22526,WHEELBARROW FOR CHILDREN ,12.57811475409836,407,4739.969999999999,120,10.71,12.29,13.5,12.17,3.4, Competitive — Monitor,-1.0,,,MONITOR — No Clear Signal,0.0,12.58,0.0,0.0,-0.0,407.0,5119.2927049180325,5120.06,0.77
21041,RED SPOTTY OVEN GLOVE DOUBLE,2.9383495145631073,1698,4735.1,202,2.78,3.07,3.41,3.09,-4.9, Competitive — Monitor,-1.0,,,MONITOR — No Clear Signal,0.0,2.94,0.0,0.0,-0.0,1698.0,4989.317475728156,4992.12,2.8
22332,SKULLS PARTY BAG + STICKER SET,1.6405660377358489,3103,4734.349999999999,209,1.4,1.66,1.72,1.59,3.2, Competitive — Monitor,-1.0,,,MONITOR — No Clear Signal,0.0,1.64,-0.0,0.0,-0.0,3103.0,5090.676415094339,5088.92,-1.76
21154,RED SPOTTY OVEN GLOVE ,1.2457777777777779,3983,4727.19,344,1.17,1.2,1.42,1.26,-1.1, Competitive — Monitor,-1.0,,,MONITOR — No Clear Signal,0.0,1.25,0.0,0.0,-0.0,3983.0,4961.9328888888895,4978.75,16.82
21891,TRADITIONAL WOODEN SKIPPING ROPE,1.24633608815427,3914,4726.06,339,1.13,1.29,1.48,1.3,-4.1, Competitive — Monitor,-1.0,,,MONITOR — No Clear Signal,0.0,1.25,0.0,0.0,-0.0,3914.0,4878.159449035813,4892.5,14.34
22655,VINTAGE RED KITCHEN CABINET,295.0,16,4720.0,15,280.04,298.18,322.49,300.24,-1.7, Competitive — Monitor,-1.0,,,MONITOR — No Clear Signal,0.0,295.0,0.0,0.0,-0.0,16.0,4720.0,4720.0,0.0
21558,SKULL LUNCHBOX WITH CUTLERY ,2.5325704225352115,1971,4705.65,275,2.17,2.65,2.73,2.52,0.5, Competitive — Monitor,-1.0,,,MONITOR — No Clear Signal,0.0,2.53,-0.0,0.0,-0.0,1971.0,4991.696302816902,4986.629999999999,-5.07
72351A,SET/6 TURQUOISE BUTTERFLY T-LIGHTS,2.068141592920354,2431,4690.7300000000005,223,1.87,2.15,2.37,2.13,-2.9, Competitive — Monitor,-1.0,,,MONITOR — No Clear Signal,0.0,2.07,0.0,0.0,-0.0,2431.0,5027.65221238938,5032.169999999999,4.52
21976,PACK OF 60 MUSHROOM CAKE CASES,0.5439148936170213,9322,4690.3,446,0.52,0.55,0.63,0.57,-4.6, Competitive — Monitor,-1.0,,,MONITOR — No Clear Signal,0.0,0.54,-0.0,0.0,-0.0,9322.0,5070.3746382978725,5033.88,-36.49
22414,DOORMAT NEIGHBOURHOOD WITCH ,7.267263157894737,873,4660.87,94,6.56,7.25,8.38,7.4,-1.8, Competitive — Monitor,-1.0,,,MONITOR — No Clear Signal,0.0,7.27,0.0,0.0,-0.0,873.0,6344.320736842105,6346.71,2.39
82001S,VINYL RECORD FRAME SILVER,3.6159574468085105,1341,4648.59,93,3.3,3.4,3.97,3.56,1.6, Competitive — Monitor,-1.0,,,MONITOR — No Clear Signal,0.0,3.62,0.0,0.0,-0.0,1341.0,4848.998936170213,4854.42,5.42
22212,FOUR HOOK  WHITE LOVEBIRDS,2.093554376657825,2359,4646.04,364,1.93,2.01,2.28,2.07,1.1, Competitive — Monitor,-1.0,,,MONITOR — No Clear Signal,0.0,2.09,-0.0,0.0,-0.0,2359.0,4938.694774535809,4930.3099999999995,-8.38
21033,JUMBO BAG CHARLIE AND LOLA TOYS,2.759183673469388,2527,4640.15,191,2.47,2.72,3.29,2.83,-2.5, Competitive — Monitor,-7.68,Highly Elastic — Consider Discount,-5%,MONITOR — No Clear Signal,0.0,2.76,0.0,0.0,-0.0,2527.0,6972.4571428571435,6974.5199999999995,2.06
84270,ASSTD DESIGN BUBBLE GUM RING,0.20935400516795866,22470,4634.7,385,0.19,0.21,0.25,0.22,-4.8, Competitive — Monitor,-1.0,,,MONITOR — No Clear Signal,0.0,0.21,0.0,0.0,-0.0,22470.0,4704.184496124031,4718.7,14.52
37450,CERAMIC CAKE BOWL + HANGING CAKES,2.8728070175438596,1695,4634.25,218,2.61,2.88,3.21,2.9,-0.9, Competitive — Monitor,-1.0,,,MONITOR — No Clear Signal,0.0,2.87,-0.0,0.0,-0.0,1695.0,4869.407894736842,4864.650000000001,-4.76
84508A,CAMOFLAGE DESIGN TEDDY,2.45625,2177,4633.35,71,2.31,2.37,2.89,2.52,-2.5, Competitive — Monitor,-1.0,,,MONITOR — No Clear Signal,0.0,2.46,0.0,0.0,-0.0,2177.0,5347.256249999999,5355.42,8.16
22130,PARTY CONE CHRISTMAS DECORATION ,0.8465217391304347,5613,4632.21,285,0.72,0.78,0.95,0.82,3.2, Competitive — Monitor,-1.0,,,MONITOR — No Clear Signal,0.0,0.85,0.0,0.0,-0.0,5613.0,4751.52652173913,4771.05,19.52
84032B,CHARLIE + LOLA RED HOT WATER BOTTLE,2.8176573426573426,2214,4621.2,283,2.47,2.82,3.14,2.81,0.3, Competitive — Monitor,-1.0,,,MONITOR — No Clear Signal,0.0,2.82,0.0,0.0,-0.0,2214.0,6238.293356643357,6243.48,5.19
21326,AGED GLASS SILVER T-LIGHT HOLDER,0.6436842105263159,7490,4614.1,274,0.61,0.62,0.69,0.64,0.6, Competitive — Monitor,-1.0,,,MONITOR — No Clear Signal,0.0,0.64,-0.0,0.0,-0.0,7490.0,4821.194736842106,4793.6,-27.59
22776,SWEETHEART CAKESTAND 3 TIER,9.79783950617284,495,4612.05,162,9.2,10.17,10.91,10.09,-2.9, Competitive — Monitor,-1.0,,,MONITOR — No Clear Signal,0.0,9.8,0.0,0.0,-0.0,495.0,4849.930555555556,4851.0,1.07
22341,LOVE GARLAND PAINTED ZINC ,1.6441176470588235,2940,4601.4,99,1.47,1.52,1.86,1.62,1.5, Competitive — Monitor,-1.0,,,MONITOR — No Clear Signal,0.0,1.64,-0.0,0.0,-0.0,2940.0,4833.7058823529405,4821.599999999999,-12.11
20969,RED FLORAL FELTCRAFT SHOULDER BAG,3.738351254480287,1262,4601.1,276,3.41,3.79,3.94,3.71,0.8, Competitive — Monitor,-1.0,,,MONITOR — No Clear Signal,0.0,3.74,0.0,0.0,-0.0,1262.0,4717.799283154122,4719.88,2.08
22120,WELCOME  WOODEN BLOCK LETTERS,9.865882352941176,473,4542.13,152,8.66,10.56,11.02,10.08,-2.1, Competitive — Monitor,-1.0,,,MONITOR — No Clear Signal,0.0,9.87,0.0,0.0,-0.0,473.0,4666.562352941176,4668.509999999999,1.95
20677,PINK SPOTTY BOWL,1.2398816568047337,3856,4532.72,331,1.08,1.18,1.45,1.24,-0.0, Competitive — Monitor,-1.0,,,MONITOR — No Clear Signal,0.0,1.24,0.0,0.0,-0.0,3856.0,4780.983668639054,4781.44,0.46
21592,RETRO SPOT  CIGAR BOX MATCHES ,1.2445714285714287,3825,4525.89,269,1.12,1.24,1.43,1.26,-1.2, Competitive — Monitor,-1.0,,,MONITOR — No Clear Signal,0.0,1.24,-0.0,0.0,-0.0,3825.0,4760.4857142857145,4743.0,-17.49
22508,DOORSTOP RETROSPOT HEART,3.7381318681318683,1225,4517.79,352,3.31,3.49,4.28,3.69,1.3, Competitive — Monitor,-1.0,,,MONITOR — No Clear Signal,0.0,3.74,0.0,0.0,-0.0,1225.0,4579.211538461539,4581.5,2.29
47568,ENGLISH ROSE DESIGN PEG BAG,2.0861656441717793,2267,4489.280000000001,320,1.9,2.13,2.48,2.17,-3.9, Competitive — Monitor,-1.0,,,MONITOR — No Clear Signal,0.0,2.09,0.0,0.0,-0.0,2267.0,4729.337515337424,4738.03,8.69
85063,CREAM SWEETHEART MAGAZINE RACK,16.726315789473684,277,4489.15,150,14.35,16.86,17.61,16.27,2.8, Competitive — Monitor,-1.0,,,MONITOR — No Clear Signal,0.0,16.73,0.0,0.0,-0.0,277.0,4633.1894736842105,4634.21,1.02
22191,EAU DE NIL DINER WALL CLOCK,8.46822429906542,543,4482.9,213,8.02,8.34,9.6,8.65,-2.1, Competitive — Monitor,-1.0,,,MONITOR — No Clear Signal,0.0,8.47,0.0,0.0,-0.0,543.0,4598.245794392524,4599.21,0.96
21584,RETRO SPOT SMALL TUBE MATCHES,1.6473799126637554,2803,4480.15,211,1.56,1.65,1.92,1.71,-3.7, Competitive — Monitor,-1.0,,,MONITOR — No Clear Signal,0.0,1.65,0.0,0.0,-0.0,2803.0,4617.605895196506,4624.95,7.34
22063,CERAMIC BOWL WITH STRAWBERRY DESIGN,2.916137566137566,1641,4476.150000000001,178,2.68,3.1,3.3,3.03,-3.8, Competitive — Monitor,-1.0,,,MONITOR — No Clear Signal,0.0,2.92,0.0,0.0,-0.0,1641.0,4785.381746031746,4791.72,6.34
21586,KINGS CHOICE GIANT TUBE MATCHES,2.519371727748691,1917,4471.65,178,2.28,2.4,2.77,2.48,1.6, Competitive — Monitor,-1.0,,,MONITOR — No Clear Signal,0.0,2.52,0.0,0.0,-0.0,1917.0,4829.635602094241,4830.84,1.2
22645,CERAMIC HEART FAIRY CAKE MONEY BANK,1.4437499999999999,3158,4466.3,337,1.27,1.33,1.55,1.38,4.6, Competitive — Monitor,-1.0,,,MONITOR — No Clear Signal,0.0,1.44,-0.0,0.0,-0.0,3158.0,4559.362499999999,4547.5199999999995,-11.84
21787,RAIN PONCHO WITH RED SPOTS,0.8322222222222221,5997,4449.45,173,0.78,0.88,0.98,0.88,-5.4, Competitive — Monitor,-1.0,,,MONITOR — No Clear Signal,0.0,0.83,-0.0,0.0,-0.0,5997.0,4990.836666666666,4977.509999999999,-13.33
85184D,S/4 BLUE ROUND DECOUPAGE BOXES,2.8318867924528304,8295,4448.09,52,2.6,2.87,3.17,2.88,-1.7, Competitive — Monitor,-1.0,,,MONITOR — No Clear Signal,0.0,2.83,-0.0,0.0,-0.0,8295.0,23490.50094339623,23474.850000000002,-15.65
48197,DOOR MAT BIRD ON THE WIRE,7.057737226277372,785,4437.95,137,6.11,7.5,8.34,7.32,-3.6, Competitive — Monitor,-1.0,,,MONITOR — No Clear Signal,0.0,7.06,0.0,0.0,-0.0,785.0,5540.323722627737,5542.099999999999,1.78
21588,RETRO SPOT GIANT  TUBE MATCHES,2.5232142857142854,1901,4418.25,161,2.37,2.56,2.87,2.6,-3.0, Competitive — Monitor,-1.0,,,MONITOR — No Clear Signal,0.0,2.52,-0.0,0.0,-0.0,1901.0,4796.630357142856,4790.52,-6.11
22059,CERAMIC STRWBERRY DESIGN MUG,1.4764150943396226,3194,4416.34,229,1.38,1.55,1.7,1.54,-4.1, Competitive — Monitor,-1.0,,,MONITOR — No Clear Signal,0.0,1.48,0.0,0.0,-0.0,3194.0,4715.669811320755,4727.12,11.45
22218,CAKE STAND LACE WHITE,4.192934782608695,1115,4415.25,182,3.96,4.15,4.91,4.34,-3.4, Competitive — Monitor,-1.0,,,MONITOR — No Clear Signal,0.0,4.19,-0.0,0.0,-0.0,1115.0,4675.122282608695,4671.85,-3.27
37448,CERAMIC CAKE DESIGN SPOTTED MUG,1.477652733118971,3081,4400.61,285,1.36,1.54,1.7,1.53,-3.4, Competitive — Monitor,-1.0,,,MONITOR — No Clear Signal,0.0,1.48,0.0,0.0,-0.0,3081.0,4552.648070739549,4559.88,7.23
22637,PIGGY BANK RETROSPOT ,2.5359922178988326,1789,4399.95,253,2.31,2.7,2.81,2.61,-2.8, Competitive — Monitor,-1.0,,,MONITOR — No Clear Signal,0.0,2.54,0.0,0.0,-0.0,1789.0,4536.890077821012,4544.06,7.17
84467,ENGLISH ROSE DESIGN QUILTED THROW,21.212222222222223,306,4391.1,45,18.92,21.46,23.91,21.43,-1.0, Competitive — Monitor,-5.294,Highly Elastic — Consider Discount,-5%,MONITOR — No Clear Signal,0.0,21.21,-0.0,0.0,-0.0,306.0,6490.9400000000005,6490.26,-0.68
22498,WOODEN REGATTA BUNTING,5.940243902439025,768,4377.6,199,5.6,5.64,6.95,6.06,-2.0, Competitive — Monitor,-1.0,,,MONITOR — No Clear Signal,0.0,5.94,-0.0,0.0,-0.0,768.0,4562.107317073171,4561.92,-0.19
22080,RIBBON REEL SPOTS DESIGN ,1.6481818181818182,2659,4337.35,318,1.54,1.59,1.82,1.65,-0.1, Competitive — Monitor,-1.0,,,MONITOR — No Clear Signal,0.0,1.65,0.0,0.0,-0.0,2659.0,4382.515454545454,4387.349999999999,4.83
22847,"BREAD BIN, DINER STYLE, IVORY",16.31283185840708,276,4330.2,113,13.94,15.53,18.08,15.85,2.9, Competitive — Monitor,-1.0,,,MONITOR — No Clear Signal,0.0,16.31,-0.0,0.0,-0.0,276.0,4502.341592920354,4501.5599999999995,-0.78
22750,FELTCRAFT PRINCESS LOLA DOLL,3.7427710843373494,1182,4328.82,243,3.19,3.59,3.98,3.59,4.3, Competitive — Monitor,-1.0,,,MONITOR — No Clear Signal,0.0,3.74,-0.0,0.0,-0.0,1182.0,4423.955421686747,4420.68,-3.28
21989,PACK OF 20 SKULL PAPER NAPKINS,0.8370181818181819,6034,4322.5,266,0.74,0.81,0.99,0.85,-1.5, Competitive — Monitor,-1.0,,,MONITOR — No Clear Signal,0.0,0.84,0.0,0.0,-0.0,6034.0,5050.567709090909,5068.5599999999995,17.99
22575,METAL MERRY CHRISTMAS WREATH,1.9463562753036436,2266,4319.7,230,1.81,1.96,2.07,1.95,-0.2, Competitive — Monitor,-1.0,,,MONITOR — No Clear Signal,0.0,1.95,0.0,0.0,-0.0,2266.0,4410.443319838057,4418.7,8.26
21614,SET OF 12 ROSE BOTANICAL T-LIGHTS,2.927142857142857,1560,4314.0,171,2.78,2.97,3.36,3.04,-3.7, Competitive — Monitor,-1.0,,,MONITOR — No Clear Signal,0.0,2.93,0.0,0.0,-0.0,1560.0,4566.342857142857,4570.8,4.46
84568,GIRLS ALPHABET IRON ON PATCHES ,0.20591836734693877,22177,4311.57,49,0.18,0.2,0.23,0.2,3.0, Competitive — Monitor,-1.0,,,MONITOR — No Clear Signal,0.0,0.21,0.0,0.0,-0.0,22177.0,4566.651632653061,4657.17,90.52
22219,LOVEBIRD HANGING DECORATION WHITE ,0.8485327313769752,5143,4309.929999999999,426,0.77,0.86,0.94,0.86,-1.3, Competitive — Monitor,-1.0,,,MONITOR — No Clear Signal,0.0,0.85,0.0,0.0,-0.0,5143.0,4364.003837471783,4371.55,7.55
22168,"ORGANISER WOOD, ANTIQUE WHITE ",8.478033472803347,521,4305.5,237,7.53,7.91,9.77,8.4,0.9, Competitive — Monitor,-1.0,,,MONITOR — No Clear Signal,0.0,8.48,0.0,0.0,-0.0,521.0,4417.055439330544,4418.08,1.02
84692,BOX OF 24 COCKTAIL PARASOLS,0.41619289340101523,10829,4290.68,376,0.39,0.39,0.44,0.41,1.5, Competitive — Monitor,-1.0,,,MONITOR — No Clear Signal,0.0,0.42,0.0,0.0,-0.0,10829.0,4506.952842639594,4548.179999999999,41.23
21238,RED SPOTTY CUP,0.8456179775280899,5233,4270.21,435,0.79,0.8,0.96,0.85,-0.5, Competitive — Monitor,-1.0,,,MONITOR — No Clear Signal,0.0,0.85,0.0,0.0,-0.0,5233.0,4425.118876404495,4448.05,22.93
21903,MAN FLU METAL SIGN,2.088177339901478,2239,4268.400000000001,198,1.95,2.09,2.43,2.16,-3.3, Competitive — Monitor,-1.0,,,MONITOR — No Clear Signal,0.0,2.09,0.0,0.0,-0.0,2239.0,4675.429064039409,4679.509999999999,4.08
22663,JUMBO BAG DOLLY GIRL DESIGN,1.9361751152073732,2292,4241.4,215,1.74,1.85,2.27,1.95,-0.7, Competitive — Monitor,-1.0,,,MONITOR — No Clear Signal,0.0,1.94,0.0,0.0,-0.0,2292.0,4437.713364055299,4446.48,8.77
21115,ROSE CARAVAN DOORSTOP,6.729399141630902,650,4240.3,231,6.0,6.5,7.24,6.58,2.3, Competitive — Monitor,-1.0,,,MONITOR — No Clear Signal,0.0,6.73,0.0,0.0,-0.0,650.0,4374.109442060086,4374.5,0.39
16156S,WRAP PINK FAIRY CAKES ,0.4143307086614173,10886,4238.12,254,0.36,0.41,0.49,0.42,-1.3, Competitive — Monitor,-1.0,,,MONITOR — No Clear Signal,0.0,0.41,-0.0,0.0,-0.0,10886.0,4510.404094488189,4463.259999999999,-47.14
22377,BOTTLE BAG RETROSPOT ,2.0798387096774196,2176,4234.6,183,1.78,2.18,2.39,2.12,-1.9, Competitive — Monitor,-1.0,,,MONITOR — No Clear Signal,0.0,2.08,0.0,0.0,-0.0,2176.0,4525.729032258065,4526.08,0.35
21244,BLUE  SPOTTY PLATE ,1.6793333333333331,2652,4228.44,221,1.57,1.55,1.99,1.7,-1.2, Competitive — Monitor,-1.0,,,MONITOR — No Clear Signal,0.0,1.68,0.0,0.0,-0.0,2652.0,4453.592,4455.36,1.77
20747,PICCADILLY TEA SET,14.733098591549295,310,4227.5,70,13.72,15.09,16.54,15.12,-2.6, Competitive — Monitor,-1.0,,,MONITOR — No Clear Signal,0.0,14.73,-0.0,0.0,-0.0,310.0,4567.260563380281,4566.3,-0.96
85175,CACTI T-LIGHT CANDLES,0.4148958333333333,10437,4197.3,284,0.39,0.43,0.47,0.43,-3.5, Competitive — Monitor,-1.0,,,MONITOR — No Clear Signal,0.0,0.41,-0.0,0.0,-0.0,10437.0,4330.267812499999,4279.17,-51.1
37500,TEA TIME TEAPOT IN GIFT BOX,9.832949640287769,489,4194.11,138,9.34,10.3,11.68,10.44,-5.8, Competitive — Monitor,-1.0,,,MONITOR — No Clear Signal,0.0,9.83,-0.0,0.0,-0.0,489.0,4808.312374100719,4806.87,-1.44
22060,LARGE CAKE STAND HANGING HEARTS,9.76330357142857,485,4194.07,110,8.84,10.44,11.57,10.28,-5.0, Competitive — Monitor,-1.0,,,MONITOR — No Clear Signal,0.0,9.76,-0.0,0.0,-0.0,485.0,4735.202232142857,4733.599999999999,-1.6
22904,CALENDAR PAPER CUT DESIGN,2.941666666666667,1473,4173.35,172,2.73,2.72,3.29,2.91,1.1, Competitive — Monitor,-1.0,,,MONITOR — No Clear Signal,0.0,2.94,-0.0,0.0,-0.0,1473.0,4333.075000000001,4330.62,-2.46
22364,GLASS JAR DIGESTIVE BISCUITS,2.924962962962963,1383,4153.13,132,2.76,2.76,3.19,2.9,0.9, Competitive — Monitor,-1.0,,,MONITOR — No Clear Signal,0.0,2.92,-0.0,0.0,-0.0,1383.0,4045.2237777777777,4038.36,-6.86
21098,CHRISTMAS TOILET ROLL,1.2390136054421768,3505,4153.06,273,1.16,1.32,1.37,1.28,-3.2, Competitive — Monitor,-1.0,,,MONITOR — No Clear Signal,0.0,1.24,0.0,0.0,-0.0,3505.0,4342.7426870748295,4346.2,3.46
85049E,SCANDINAVIAN REDS RIBBONS,1.2490180878552972,3365,4151.53,368,1.09,1.24,1.38,1.24,0.7, Competitive — Monitor,-1.0,,,MONITOR — No Clear Signal,0.0,1.25,0.0,0.0,-0.0,3365.0,4202.945865633075,4206.25,3.3
22193,RED DINER WALL CLOCK,8.429166666666667,511,4149.7,152,7.54,8.52,9.21,8.42,0.1, Competitive — Monitor,-1.0,,,MONITOR — No Clear Signal,0.0,8.43,0.0,0.0,-0.0,511.0,4307.304166666667,4307.73,0.43
22950,36 DOILIES VINTAGE CHRISTMAS,1.443103448275862,3036,4143.0,141,1.25,1.48,1.57,1.43,0.9, Competitive — Monitor,-1.0,,,MONITOR — No Clear Signal,0.0,1.44,-0.0,0.0,-0.0,3036.0,4381.262068965517,4371.84,-9.42
21590,KINGS CHOICE CIGAR BOX MATCHES ,1.2461486486486486,3446,4138.78,280,1.18,1.28,1.47,1.31,-4.9, Competitive — Monitor,-1.0,,,MONITOR — No Clear Signal,0.0,1.25,0.0,0.0,-0.0,3446.0,4294.228243243243,4307.5,13.27
22429,ENAMEL MEASURING JUG CREAM,4.243478260869566,1008,4134.0,223,3.86,4.54,4.5,4.3,-1.3, Competitive — Monitor,-1.0,,,MONITOR — No Clear Signal,0.0,4.24,-0.0,0.0,-0.0,1008.0,4277.426086956522,4273.92,-3.51
79341,WILLOW BRANCH LIGHTS.,6.628125,703,4121.25,63,5.79,7.16,7.63,6.86,-3.4, Competitive — Monitor,-1.0,,,MONITOR — No Clear Signal,0.0,6.63,0.0,0.0,-0.0,703.0,4659.571875,4660.89,1.32
22224,WHITE LOVEBIRD LANTERN,2.929695431472081,1442,4117.1,195,2.69,3.03,3.15,2.96,-1.0, Competitive — Monitor,-1.0,,,MONITOR — No Clear Signal,0.0,2.93,0.0,0.0,-0.0,1442.0,4224.62081218274,4225.06,0.44
22465,HANGING METAL STAR LANTERN,1.645275590551181,2518,4077.8999999999996,235,1.5,1.59,1.81,1.63,0.9, Competitive — Monitor,-1.0,,,MONITOR — No Clear Signal,0.0,1.65,0.0,0.0,-0.0,2518.0,4142.803937007874,4154.7,11.9
21107,CREAM SLICE FLANNEL PINK SPOT ,2.9128415300546453,1470,4058.1000000000004,174,2.58,3.09,3.09,2.92,-0.2, Competitive — Monitor,-1.0,,,MONITOR — No Clear Signal,0.0,2.91,-0.0,0.0,-0.0,1470.0,4281.877049180329,4277.7,-4.18
21474,SWEETHEART CREAM STEEL FOLDIN BENCH,19.95,203,4049.85,92,17.18,18.51,21.76,19.15,4.2, Competitive — Monitor,-1.0,,,MONITOR — No Clear Signal,0.0,19.95,0.0,0.0,-0.0,203.0,4049.85,4049.85,0.0
22890,NOVELTY BISCUITS CAKE STAND 3 TIER,9.740721649484534,438,4010.1,96,8.93,9.32,11.35,9.87,-1.3, Competitive — Monitor,-1.0,,,MONITOR — No Clear Signal,0.0,9.74,-0.0,0.0,-0.0,438.0,4266.436082474226,4266.12,-0.32
21561,DINOSAUR LUNCHBOX WITH CUTLERY,2.535739436619718,1655,3998.85,276,2.29,2.7,3.0,2.66,-4.7, Competitive — Monitor,-1.0,,,MONITOR — No Clear Signal,0.0,2.54,0.0,0.0,-0.0,1655.0,4196.648767605633,4203.7,7.05
21922,UNION STRIPE WITH FRINGE  HAMMOCK,7.854191616766467,527,3989.65,165,7.28,7.55,8.51,7.78,1.0, Competitive — Monitor,-1.0,,,MONITOR — No Clear Signal,0.0,7.85,-0.0,0.0,-0.0,527.0,4139.158982035929,4136.95,-2.21
22644,CERAMIC CHERRY CAKE MONEY BANK,1.498841059602649,2748,3987.8999999999996,291,1.35,1.43,1.68,1.49,0.6, Competitive — Monitor,-1.0,,,MONITOR — No Clear Signal,0.0,1.5,0.0,0.0,-0.0,2748.0,4118.8152317880795,4122.0,3.18
20974,12 PENCILS SMALL TUBE SKULL,0.6484126984126984,6227,3984.3500000000004,412,0.61,0.61,0.73,0.65,-0.2, Competitive — Monitor,-1.0,,,MONITOR — No Clear Signal,0.0,0.65,0.0,0.0,-0.0,6227.0,4037.6658730158733,4047.55,9.88
22192,BLUE DINER WALL CLOCK,8.420967741935483,484,3982.8500000000004,183,7.62,8.9,9.95,8.82,-4.5, Competitive — Monitor,-1.0,,,MONITOR — No Clear Signal,0.0,8.42,-0.0,0.0,-0.0,484.0,4075.7483870967735,4075.2799999999997,-0.47
22620,4 TRADITIONAL SPINNING TOPS,1.2494080996884736,3205,3975.85,304,1.13,1.25,1.45,1.28,-2.4, Competitive — Monitor,-1.0,,,MONITOR — No Clear Signal,0.0,1.25,0.0,0.0,-0.0,3205.0,4004.3529595015575,4006.25,1.9
22119, PEACE WOODEN BLOCK LETTERS,6.93804780876494,576,3960.0,238,6.51,7.13,7.82,7.15,-3.0, Competitive — Monitor,-1.0,,,MONITOR — No Clear Signal,0.0,6.94,0.0,0.0,-0.0,576.0,3996.315537848606,3997.44,1.12
21874,GIN AND TONIC MUG,1.2251272727272728,3405,3954.15,271,1.09,1.17,1.41,1.22,0.4, Competitive — Monitor,-1.0,,,MONITOR — No Clear Signal,0.0,1.23,0.0,0.0,-0.0,3405.0,4171.558363636364,4188.15,16.59
20717,STRAWBERRY SHOPPER BAG,1.2425622775800713,3335,3942.65,275,1.07,1.29,1.46,1.27,-2.2, Competitive — Monitor,-1.0,,,MONITOR — No Clear Signal,0.0,1.24,-0.0,0.0,-0.0,3335.0,4143.945195729538,4135.4,-8.55
79320, FLAMINGO LIGHTS,4.84672131147541,862,3940.7000000000003,122,4.13,5.05,5.1,4.76,1.8, Competitive — Monitor,-1.0,,,MONITOR — No Clear Signal,0.0,4.85,0.0,0.0,-0.0,862.0,4177.873770491804,4180.7,2.83
85174,S/4 CACTI CANDLES,4.862,856,3939.0,159,4.5,4.72,5.4,4.87,-0.2, Competitive — Monitor,-1.0,,,MONITOR — No Clear Signal,0.0,4.86,-0.0,0.0,-0.0,856.0,4161.872,4160.16,-1.71
22833,HALL CABINET WITH 3 DRAWERS,41.78666666666667,116,3913.6899999999996,9,38.11,41.19,49.56,42.95,-2.7, Competitive — Monitor,-1.0,,,MONITOR — No Clear Signal,0.0,41.79,0.0,0.0,-0.0,116.0,4847.253333333334,4847.64,0.39
47599B,BLUE PARTY BAGS ,2.078834355828221,2066,3907.2000000000003,159,1.91,1.98,2.41,2.1,-1.0, Competitive — Monitor,-1.0,,,MONITOR — No Clear Signal,0.0,2.08,0.0,0.0,-0.0,2066.0,4294.8717791411045,4297.28,2.41
82599,FANNY'S REST STOPMETAL SIGN,2.081166077738516,1931,3900.1200000000003,277,1.81,2.24,2.35,2.13,-2.3, Competitive — Monitor,-1.0,,,MONITOR — No Clear Signal,0.0,2.08,-0.0,0.0,-0.0,1931.0,4018.7316961130746,4016.48,-2.25
22665,RECIPE BOX BLUE SKETCHBOOK DESIGN,2.9349829351535837,1367,3898.2500000000005,287,2.53,3.0,3.31,2.95,-0.5, Competitive — Monitor,-1.0,,,MONITOR — No Clear Signal,0.0,2.93,-0.0,0.0,-0.0,1367.0,4012.1216723549487,4005.3100000000004,-6.81
21988,PACK OF 6 SKULL PAPER PLATES,0.8371226415094339,5473,3896.0499999999997,205,0.71,0.9,0.92,0.84,-0.3, Competitive — Monitor,-1.0,,,MONITOR — No Clear Signal,0.0,0.84,0.0,0.0,-0.0,5473.0,4581.5722169811315,4597.32,15.75
21500,PINK SPOTS  WRAP ,0.4157446808510638,9700,3886.0,281,0.37,0.4,0.47,0.41,1.4, Competitive — Monitor,-1.0,,,MONITOR — No Clear Signal,0.0,0.42,0.0,0.0,-0.0,9700.0,4032.723404255319,4074.0,41.28
22612,TEA COSY VINTAGE UNION JACK,3.746938775510204,988,3885.93,96,3.41,3.92,4.3,3.88,-3.4, Competitive — Monitor,-1.0,,,MONITOR — No Clear Signal,0.0,3.75,0.0,0.0,-0.0,988.0,3701.9755102040817,3705.0,3.02
22349,"DOG BOWL , CHASING BALL DESIGN",3.727596153846154,1058,3884.82,206,3.31,3.89,4.15,3.78,-1.4, Competitive — Monitor,-1.0,,,MONITOR — No Clear Signal,0.0,3.73,0.0,0.0,-0.0,1058.0,3943.796730769231,3946.34,2.54
22790,"MIRROR, ARCHED GEORGIAN",19.42,200,3884.0000000000005,1,17.36,20.02,22.47,19.95,-2.7, Competitive — Monitor,-1.0,,,MONITOR — No Clear Signal,0.0,19.42,0.0,0.0,-0.0,200.0,3884.0000000000005,3884.0000000000005,0.0
20751,FUNKY WASHING UP GLOVES ASSORTED,2.0972013651877135,1861,3873.6600000000003,249,1.97,2.25,2.47,2.23,-6.0, Competitive — Monitor,-1.0,,,MONITOR — No Clear Signal,0.0,2.1,0.0,0.0,-0.0,1861.0,3902.8917406143346,3908.1000000000004,5.21
22443,GROW YOUR OWN HERBS SET OF 3,7.900346820809249,513,3872.19,166,6.99,7.77,8.48,7.75,1.9, Competitive — Monitor,-1.0,,,MONITOR — No Clear Signal,0.0,7.9,-0.0,0.0,-0.0,513.0,4052.8779190751447,4052.7000000000003,-0.18
37495,FAIRY CAKE BIRTHDAY CANDLE SET,3.7196682464454978,1093,3868.35,209,3.35,3.5,4.16,3.67,1.4, Competitive — Monitor,-1.0,,,MONITOR — No Clear Signal,0.0,3.72,0.0,0.0,-0.0,1093.0,4065.597393364929,4065.96,0.36
22360,"GLASS JAR, ENGLISH CONFECTIONERY",2.895562130177515,1423,3866.65,164,2.69,2.98,3.22,2.96,-2.2, Competitive — Monitor,-1.0,,,MONITOR — No Clear Signal,0.0,2.9,0.0,0.0,-0.0,1423.0,4120.384911242604,4126.7,6.32
21563,RED HEART SHAPE LOVE BUCKET ,2.940909090909091,1356,3856.2000000000003,172,2.62,3.05,3.39,3.02,-2.6, Competitive — Monitor,-1.0,,,MONITOR — No Clear Signal,0.0,2.94,-0.0,0.0,-0.0,1356.0,3987.8727272727274,3986.64,-1.23
22276,WASH BAG VINTAGE ROSE PAISLEY,2.510557768924303,1576,3852.2999999999997,245,2.29,2.54,2.73,2.52,-0.4, Competitive — Monitor,-1.0,,,MONITOR — No Clear Signal,0.0,2.51,-0.0,0.0,-0.0,1576.0,3956.6390438247013,3955.7599999999998,-0.88
21153,RED SPOTTY TABLECLOTH ,10.632439024390244,370,3832.5,123,9.95,10.13,12.19,10.76,-1.2, Competitive — Monitor,-1.0,,,MONITOR — No Clear Signal,0.0,10.63,-0.0,0.0,-0.0,370.0,3934.0024390243902,3933.1000000000004,-0.9
21933,PINK VINTAGE PAISLEY PICNIC BAG,2.8908163265306124,1405,3831.15,192,2.73,2.89,3.42,3.01,-4.0, Competitive — Monitor,-1.0,,,MONITOR — No Clear Signal,0.0,2.89,-0.0,0.0,-0.0,1405.0,4061.5969387755104,4060.4500000000003,-1.15
21207,SKULL AND CROSSBONES  GARLAND ,1.6330769230769229,2513,3828.0499999999997,130,1.41,1.58,1.82,1.6,2.1, Competitive — Monitor,-1.0,,,MONITOR — No Clear Signal,0.0,1.63,-0.0,0.0,-0.0,2513.0,4103.922307692307,4096.19,-7.73
22668,PINK BABY BUNTING,2.9364406779661016,1336,3821.2,177,2.77,2.9,3.48,3.05,-3.7, Competitive — Monitor,-1.0,,,MONITOR — No Clear Signal,0.0,2.94,0.0,0.0,-0.0,1336.0,3923.084745762712,3927.84,4.76
21700,BIG DOUGHNUT FRIDGE MAGNETS,0.8448412698412698,4586,3816.9799999999996,247,0.76,0.86,1.01,0.88,-4.0, Competitive — Monitor,-1.0,,,MONITOR — No Clear Signal,0.0,0.84,-0.0,0.0,-0.0,4586.0,3874.4420634920634,3852.24,-22.2
85062,PEARL CRYSTAL PUMPKIN T-LIGHT HLDR,1.6341463414634145,2424,3814.7999999999997,150,1.43,1.7,1.74,1.62,0.9, Competitive — Monitor,-1.0,,,MONITOR — No Clear Signal,0.0,1.63,-0.0,0.0,-0.0,2424.0,3961.170731707317,3951.12,-10.05
20681,PINK SPOTTY CHILDS UMBRELLA,3.2399598393574296,1202,3807.5,246,2.9,3.1,3.52,3.17,2.2, Competitive — Monitor,-1.0,,,MONITOR — No Clear Signal,0.0,3.24,0.0,0.0,-0.0,1202.0,3894.4317269076305,3894.4800000000005,0.05
22809,SET OF 6 T-LIGHTS SANTA,2.9318181818181817,1345,3804.55,169,2.78,2.89,3.5,3.06,-4.2, Competitive — Monitor,-1.0,,,MONITOR — No Clear Signal,0.0,2.93,-0.0,0.0,-0.0,1345.0,3943.2954545454545,3940.8500000000004,-2.45
22185,SLATE TILE NATURAL HANGING,1.6352713178294573,2381,3803.8499999999995,254,1.47,1.57,1.95,1.66,-1.5, Competitive — Monitor,-1.0,,,MONITOR — No Clear Signal,0.0,1.64,0.0,0.0,-0.0,2381.0,3893.5810077519377,3904.8399999999997,11.26
21463,MIRRORED DISCO BALL ,5.789937106918239,703,3790.5,155,5.11,5.51,6.16,5.59,3.6, Competitive — Monitor,-1.0,,,MONITOR — No Clear Signal,0.0,5.79,0.0,0.0,-0.0,703.0,4070.325786163522,4070.37,0.04
20675,BLUE SPOTTY BOWL,1.2416614420062695,3194,3787.3,316,1.13,1.3,1.31,1.25,-0.7, Competitive — Monitor,-1.0,,,MONITOR — No Clear Signal,0.0,1.24,-0.0,0.0,-0.0,3194.0,3965.8666457680247,3960.56,-5.31
22945,CHRISTMAS METAL TAGS ASSORTED ,0.8427777777777777,4692,3782.2799999999997,155,0.74,0.9,0.91,0.85,-0.8, Competitive — Monitor,-1.0,,,MONITOR — No Clear Signal,0.0,0.84,-0.0,0.0,-0.0,4692.0,3954.313333333333,3941.2799999999997,-13.03
84971S,SMALL HEART FLOWERS HOOK ,0.8471748878923766,4663,3782.1099999999997,216,0.73,0.83,1.02,0.86,-1.5, Competitive — Monitor,-1.0,,,MONITOR — No Clear Signal,0.0,0.85,0.0,0.0,-0.0,4663.0,3950.376502242152,3963.5499999999997,13.17
85049A,TRADITIONAL CHRISTMAS RIBBONS,1.248865671641791,3068,3780.28,322,1.08,1.3,1.35,1.24,0.7, Competitive — Monitor,-1.0,,,MONITOR — No Clear Signal,0.0,1.25,0.0,0.0,-0.0,3068.0,3831.519880597015,3835.0,3.48
21528,DAIRY MAID TRADITIONAL TEAPOT ,6.8318518518518525,662,3777.1,132,5.89,7.27,7.69,6.95,-1.7, Competitive — Monitor,-1.0,,,MONITOR — No Clear Signal,0.0,6.83,-0.0,0.0,-0.0,662.0,4522.685925925926,4521.46,-1.23
84032A,CHARLIE+LOLA PINK HOT WATER BOTTLE,2.8119140625,1880,3776.9,249,2.43,2.97,3.31,2.9,-3.0, Competitive — Monitor,-1.0,,,MONITOR — No Clear Signal,0.0,2.81,-0.0,0.0,-0.0,1880.0,5286.3984375,5282.8,-3.6
22567,20 DOLLY PEGS RETROSPOT,1.2231954887218046,3225,3774.63,260,1.06,1.16,1.29,1.17,4.5, Competitive — Monitor,-1.0,,,MONITOR — No Clear Signal,0.0,1.22,-0.0,0.0,-0.0,3225.0,3944.8054511278197,3934.5,-10.31
22029,SPACE BOY BIRTHDAY CARD,0.41395061728395055,9433,3764.58,479,0.38,0.44,0.47,0.43,-3.7, Competitive — Monitor,-1.0,,,MONITOR — No Clear Signal,0.0,0.41,-0.0,0.0,-0.0,9433.0,3904.7961728395057,3867.5299999999997,-37.27
22282,12 EGG HOUSE PAINTED WOOD,12.50759493670886,364,3751.4,79,10.86,12.26,13.65,12.26,2.0, Competitive — Monitor,-1.0,,,MONITOR — No Clear Signal,0.0,12.51,0.0,0.0,-0.0,364.0,4552.764556962025,4553.64,0.88
82580,BATHROOM METAL SIGN,0.5476083188908146,7217,3736.21,557,0.48,0.53,0.65,0.55,-0.4, Competitive — Monitor,-1.0,,,MONITOR — No Clear Signal,0.0,0.55,0.0,0.0,-0.0,7217.0,3952.089237435009,3969.3500000000004,17.26
21407,BROWN CHECK CAT DOORSTOP ,4.215587044534413,910,3705.0,242,3.96,3.92,4.61,4.16,1.3, Competitive — Monitor,-1.0,,,MONITOR — No Clear Signal,0.0,4.22,0.0,0.0,-0.0,910.0,3836.184210526316,3840.2,4.02
47559B,TEA TIME OVEN GLOVE,1.2418434343434344,3072,3693.7,382,1.11,1.24,1.43,1.26,-1.4, Competitive — Monitor,-1.0,,,MONITOR — No Clear Signal,0.0,1.24,-0.0,0.0,-0.0,3072.0,3814.9430303030304,3809.2799999999997,-5.66
22335,HEART DECORATION PAINTED ZINC ,0.6456331877729258,6072,3685.2000000000003,218,0.59,0.61,0.74,0.65,-0.7, Competitive — Monitor,-1.0,,,MONITOR — No Clear Signal,0.0,0.65,0.0,0.0,-0.0,6072.0,3920.2847161572054,3946.8,26.52
21625,VINTAGE UNION JACK APRON,6.936301369863014,558,3678.1000000000004,140,6.02,6.66,7.51,6.73,3.1, Competitive — Monitor,-1.0,,,MONITOR — No Clear Signal,0.0,6.94,0.0,0.0,-0.0,558.0,3870.456164383562,3872.5200000000004,2.06
21872,GLAMOROUS  MUG,1.2273563218390804,3792,3658.52,170,1.07,1.19,1.3,1.19,3.1, Competitive — Monitor,-1.0,,,MONITOR — No Clear Signal,0.0,1.23,0.0,0.0,-0.0,3792.0,4654.135172413793,4664.16,10.02
22692,DOORMAT WELCOME TO OUR HOME,7.565327868852459,559,3652.23,122,6.46,7.94,8.41,7.6,-0.5, Competitive — Monitor,-1.0,,,MONITOR — No Clear Signal,0.0,7.57,0.0,0.0,-0.0,559.0,4229.018278688524,4231.63,2.61
21795,SET OF 3 BLUE STRIPE BASKET,12.6725,436,3632.9700000000003,76,10.99,13.43,13.86,12.76,-0.7, Competitive — Monitor,-1.0,,,MONITOR — No Clear Signal,0.0,12.67,-0.0,0.0,-0.0,436.0,5525.21,5524.12,-1.09
21363,HOME SMALL WOOD LETTERS,4.95,733,3628.3500000000004,249,4.35,4.79,5.8,4.98,-0.6, Competitive — Monitor,-1.0,,,MONITOR — No Clear Signal,0.0,4.95,0.0,0.0,-0.0,733.0,3628.35,3628.35,0.0
21832,CHOCOLATE CALCULATOR,1.6466101694915254,2268,3622.2,171,1.43,1.74,1.93,1.7,-3.1, Competitive — Monitor,-1.0,,,MONITOR — No Clear Signal,0.0,1.65,0.0,0.0,-0.0,2268.0,3734.5118644067798,3742.2,7.69
22371,AIRLINE BAG VINTAGE TOKYO 78,5.161272727272727,723,3604.35,270,4.43,5.46,5.77,5.22,-1.1, Competitive — Monitor,-1.0,,,MONITOR — No Clear Signal,0.0,5.16,-0.0,0.0,-0.0,723.0,3731.6001818181817,3730.6800000000003,-0.92
22810,SET OF 6 T-LIGHTS SNOWMEN,2.9311764705882353,1274,3599.9000000000005,163,2.53,3.06,3.34,2.98,-1.6, Competitive — Monitor,-1.0,,,MONITOR — No Clear Signal,0.0,2.93,-0.0,0.0,-0.0,1274.0,3734.318823529412,3732.82,-1.5
22563,HAPPY STENCIL CRAFT,1.239609375,3141,3588.05,240,1.11,1.17,1.41,1.23,0.8, Competitive — Monitor,-1.0,,,MONITOR — No Clear Signal,0.0,1.24,0.0,0.0,-0.0,3141.0,3893.613046875,3894.84,1.23
21497,FANCY FONTS BIRTHDAY WRAP,0.4171875,8975,3579.5,256,0.36,0.43,0.49,0.43,-3.0, Competitive — Monitor,-1.0,,,MONITOR — No Clear Signal,0.0,0.42,0.0,0.0,-0.0,8975.0,3744.2578125,3769.5,25.24
22830,UTILTY CABINET WITH HOOKS,25.219285714285714,175,3576.25,14,22.36,27.01,28.09,25.82,-2.3, Competitive — Monitor,-1.0,,,MONITOR — No Clear Signal,0.0,25.22,0.0,0.0,-0.0,175.0,4413.375,4413.5,0.12
22582,PACK OF 6 SWEETIE GIFT BOXES,2.5357142857142856,1448,3574.5,181,2.28,2.61,2.77,2.55,-0.6, Competitive — Monitor,-1.0,,,MONITOR — No Clear Signal,0.0,2.54,0.0,0.0,-0.0,1448.0,3671.7142857142853,3677.92,6.21
22442,GROW YOUR OWN FLOWERS SET OF 3,7.858282828282829,577,3563.31,96,7.22,7.65,8.56,7.81,0.6, Competitive — Monitor,-1.0,,,MONITOR — No Clear Signal,0.0,7.86,0.0,0.0,-0.0,577.0,4534.229191919192,4535.22,0.99
22127,PARTY CONES CARNIVAL ASSORTED,1.2399242424242423,3073,3556.25,128,1.06,1.24,1.4,1.23,0.8, Competitive — Monitor,-1.0,,,MONITOR — No Clear Signal,0.0,1.24,0.0,0.0,-0.0,3073.0,3810.2871969696967,3810.52,0.23
22451,SILK PURSE RUSSIAN DOLL RED,3.3433333333333337,1089,3552.15,172,3.11,3.42,3.74,3.42,-2.2, Competitive — Monitor,-1.0,,,MONITOR — No Clear Signal,0.0,3.34,-0.0,0.0,-0.0,1089.0,3640.8900000000003,3637.2599999999998,-3.63
22616,PACK OF 12 LONDON TISSUES ,0.2891608391608391,12739,3542.95,272,0.26,0.29,0.32,0.29,-0.3, Competitive — Monitor,-1.0,,,MONITOR — No Clear Signal,0.0,0.29,0.0,0.0,-0.0,12739.0,3683.6199300699295,3694.31,10.69
ADJUST,Adjustment by john on 26/01/2010 16,110.57875,32,3538.52,32,94.9,103.85,117.62,105.46,4.9, Competitive — Monitor,-1.0,,,MONITOR — No Clear Signal,0.0,110.58,0.0,0.0,-0.0,32.0,3538.52,3538.56,0.04
22739,"RIBBON REEL, XMAS SOCK/BAUBLE",1.6476377952755905,2187,3536.55,245,1.54,1.6,1.91,1.68,-1.9, Competitive — Monitor,-1.0,,,MONITOR — No Clear Signal,0.0,1.65,0.0,0.0,-0.0,2187.0,3603.3838582677163,3608.5499999999997,5.17
22621,TRADITIONAL KNITTING NANCY,1.4412663755458517,2506,3535.2999999999997,213,1.36,1.51,1.56,1.48,-2.6, Competitive — Monitor,-1.0,,,MONITOR — No Clear Signal,0.0,1.44,-0.0,0.0,-0.0,2506.0,3611.813537117904,3608.64,-3.17
22165,"DIAMANTE HEART SHAPED WALL MIRROR, ",11.450111111111111,516,3529.76,89,9.8,12.11,12.36,11.42,0.3, Competitive — Monitor,-1.0,,,MONITOR — No Clear Signal,0.0,11.45,-0.0,0.0,-0.0,516.0,5908.257333333333,5908.2,-0.06
85040B,SET/4 BLUE FLOWER CANDLES IN BOWL,1.6367924528301887,2307,3525.7499999999995,199,1.44,1.54,1.82,1.6,2.3, Competitive — Monitor,-1.0,,,MONITOR — No Clear Signal,0.0,1.64,0.0,0.0,-0.0,2307.0,3776.0801886792456,3783.4799999999996,7.4
21143,ANTIQUE GLASS HEART DECORATION ,1.944039735099338,1851,3523.0499999999997,139,1.81,2.08,2.11,2.0,-2.8, Competitive — Monitor,-1.0,,,MONITOR — No Clear Signal,0.0,1.94,-0.0,0.0,-0.0,1851.0,3598.4175496688745,3590.94,-7.48
22125,UNION JACK HOT WATER BOTTLE ,5.926047904191616,609,3520.55,156,5.48,5.76,6.74,5.99,-1.1, Competitive — Monitor,-1.0,,,MONITOR — No Clear Signal,0.0,5.93,0.0,0.0,-0.0,609.0,3608.9631736526944,3611.37,2.41
15044B,BLUE PAPER PARASOL ,2.9147058823529415,1319,3516.65,102,2.53,2.99,3.22,2.91,0.2, Competitive — Monitor,-1.0,,,MONITOR — No Clear Signal,0.0,2.91,-0.0,0.0,-0.0,1319.0,3844.4970588235296,3838.29,-6.21
22947,WOODEN ADVENT CALENDAR RED,16.34032258064516,243,3514.0499999999997,61,14.23,17.0,18.26,16.5,-1.0, Competitive — Monitor,-1.0,,,MONITOR — No Clear Signal,0.0,16.34,-0.0,0.0,-0.0,243.0,3970.6983870967742,3970.62,-0.08
22969,HOMEMADE JAM SCENTED CANDLES,1.4393617021276595,2496,3499.2,94,1.28,1.51,1.63,1.47,-2.1, Competitive — Monitor,-1.0,,,MONITOR — No Clear Signal,0.0,1.44,0.0,0.0,-0.0,2496.0,3592.646808510638,3594.24,1.59
21071,VINTAGE BILLBOARD DRINK ME MUG,1.2002966101694914,3326,3497.98,228,1.08,1.29,1.3,1.22,-1.6, Competitive — Monitor,-1.0,,,MONITOR — No Clear Signal,0.0,1.2,-0.0,0.0,-0.0,3326.0,3992.186525423728,3991.2,-0.99
84968B,S/16 VINTAGE IVORY CUTLERY,12.705555555555557,282,3496.5,78,11.59,12.33,13.64,12.52,1.5, Competitive — Monitor,-1.0,,,MONITOR — No Clear Signal,0.0,12.71,0.0,0.0,-0.0,282.0,3582.966666666667,3584.2200000000003,1.25
22493,PAINT YOUR OWN CANVAS SET,1.6346153846153846,2224,3487.2,179,1.45,1.73,1.93,1.7,-3.8, Competitive — Monitor,-1.0,,,MONITOR — No Clear Signal,0.0,1.63,-0.0,0.0,-0.0,2224.0,3635.3846153846152,3625.12,-10.26
22748,POPPY'S PLAYHOUSE KITCHEN,2.0968354430379748,1709,3480.9,299,1.88,1.97,2.34,2.06,1.8, Competitive — Monitor,-1.0,,,MONITOR — No Clear Signal,0.0,2.1,0.0,0.0,-0.0,1709.0,3583.4917721518987,3588.9,5.41
22602,CHRISTMAS RETROSPOT HEART WOOD,0.8437349397590361,4351,3479.95,239,0.78,0.87,0.94,0.86,-1.9, Competitive — Monitor,-1.0,,,MONITOR — No Clear Signal,0.0,0.84,-0.0,0.0,-0.0,4351.0,3671.090722891566,3654.8399999999997,-16.25
22200,FRYING PAN PINK POLKADOT ,4.224683544303797,848,3474.0,158,3.61,4.39,4.46,4.15,1.8, Competitive — Monitor,-1.0,,,MONITOR — No Clear Signal,0.0,4.22,-0.0,0.0,-0.0,848.0,3582.53164556962,3578.56,-3.97
21577,SAVE THE PLANET COTTON TOTE BAG,2.2276785714285716,1688,3474.0,221,1.95,2.29,2.51,2.25,-1.0, Competitive — Monitor,-1.0,,,MONITOR — No Clear Signal,0.0,2.23,0.0,0.0,-0.0,1688.0,3760.321428571429,3764.24,3.92
22738,RIBBON REEL SNOWY VILLAGE,1.6459183673469386,2162,3471.3,195,1.52,1.58,1.87,1.66,-0.8, Competitive — Monitor,-1.0,,,MONITOR — No Clear Signal,0.0,1.65,0.0,0.0,-0.0,2162.0,3558.4755102040813,3567.2999999999997,8.82
21911,GARDEN METAL SIGN ,1.6450617283950617,2288,3467.9999999999995,239,1.55,1.74,1.87,1.72,-4.4, Competitive — Monitor,-1.0,,,MONITOR — No Clear Signal,0.0,1.65,0.0,0.0,-0.0,2288.0,3763.901234567901,3775.2,11.3
22472,TV DINNER TRAY DOLLY GIRL,4.902265625,766,3459.7000000000003,126,4.42,4.64,5.67,4.91,-0.2, Competitive — Monitor,-1.0,,,MONITOR — No Clear Signal,0.0,4.9,-0.0,0.0,-0.0,766.0,3755.13546875,3753.4,-1.74
22628,PICNIC BOXES SET OF 3 RETROSPOT ,4.924074074074074,744,3458.8,132,4.45,4.57,5.3,4.77,3.2, Competitive — Monitor,-1.0,,,MONITOR — No Clear Signal,0.0,4.92,-0.0,0.0,-0.0,744.0,3663.511111111111,3660.48,-3.03
20692,FLORAL ELEPHANT SOFT TOY,4.179752066115703,883,3451.25,116,3.6,4.33,4.55,4.16,0.5, Competitive — Monitor,-1.0,,,MONITOR — No Clear Signal,0.0,4.18,0.0,0.0,-0.0,883.0,3690.7210743801656,3690.9399999999996,0.22
22187,GREEN CHRISTMAS TREE CARD HOLDER,4.221337579617835,839,3445.75,156,3.78,4.2,4.95,4.31,-2.1, Competitive — Monitor,-1.0,,,MONITOR — No Clear Signal,0.0,4.22,-0.0,0.0,-0.0,839.0,3541.7022292993634,3540.58,-1.12
22203,MILK PAN RED RETROSPOT,3.7382608695652175,927,3428.01,182,3.38,3.95,4.46,3.93,-4.9, Competitive — Monitor,-1.0,,,MONITOR — No Clear Signal,0.0,3.74,0.0,0.0,-0.0,927.0,3465.3678260869565,3466.98,1.61
22399,MAGNETS PACK OF 4 CHILDHOOD MEMORY,1.238125,2918,3414.94,172,1.08,1.22,1.33,1.21,2.3, Competitive — Monitor,-1.0,,,MONITOR — No Clear Signal,0.0,1.24,0.0,0.0,-0.0,2918.0,3612.8487499999997,3618.32,5.47
21499,BLUE SPOTS  WRAP,0.41552,8500,3388.0,249,0.36,0.39,0.47,0.41,1.3, Competitive — Monitor,-1.0,,,MONITOR — No Clear Signal,0.0,0.42,0.0,0.0,-0.0,8500.0,3531.92,3570.0,38.08
22669,RED BABY BUNTING ,2.943258426966292,1168,3385.6,174,2.61,3.1,3.18,2.96,-0.6, Competitive — Monitor,-1.0,,,MONITOR — No Clear Signal,0.0,2.94,-0.0,0.0,-0.0,1168.0,3437.7258426966287,3433.92,-3.81
22454,MEASURING TAPE RUSSIAN DOLL RED,2.9295620437956207,1224,3370.8,134,2.5,2.95,3.1,2.85,2.8, Competitive — Monitor,-1.0,,,MONITOR — No Clear Signal,0.0,2.93,0.0,0.0,-0.0,1224.0,3585.7839416058396,3586.32,0.54
22156,HEART DECORATION WITH PEARLS ,0.849103448275862,4007,3368.5099999999998,270,0.75,0.81,0.93,0.83,2.3, Competitive — Monitor,-1.0,,,MONITOR — No Clear Signal,0.0,0.85,0.0,0.0,-0.0,4007.0,3402.3575172413794,3405.95,3.59
22968,ROSE COTTAGE KEEPSAKE BOX ,9.755042016806723,364,3366.6,115,8.5,10.1,10.45,9.68,0.8, Competitive — Monitor,-1.0,,,MONITOR — No Clear Signal,0.0,9.76,0.0,0.0,-0.0,364.0,3550.835294117647,3552.64,1.8
22763,KEY CABINET MA CAMPAGNE,9.856764705882354,468,3363.2400000000002,32,8.7,9.87,11.4,9.99,-1.3, Competitive — Monitor,-1.0,,,MONITOR — No Clear Signal,0.0,9.86,0.0,0.0,-0.0,468.0,4612.965882352942,4614.48,1.51
22745,POPPY'S PLAYHOUSE BEDROOM ,2.096539792387543,1651,3359.1000000000004,270,1.81,2.13,2.37,2.1,-0.2, Competitive — Monitor,-1.0,,,MONITOR — No Clear Signal,0.0,2.1,0.0,0.0,-0.0,1651.0,3461.3871972318334,3467.1000000000004,5.71
21707,"FOLDING UMBRELLA , BLACK/BLUE  SPOT",4.737500000000001,837,3357.15,85,4.45,4.71,5.08,4.75,-0.3, Competitive — Monitor,-1.0,,,MONITOR — No Clear Signal,0.0,4.74,0.0,0.0,-0.0,837.0,3965.287500000001,3967.38,2.09
21730,GLASS STAR FROSTED T-LIGHT HOLDER,4.851685393258427,711,3357.05,168,4.41,5.11,5.1,4.87,-0.4, Competitive — Monitor,-1.0,,,MONITOR — No Clear Signal,0.0,4.85,-0.0,0.0,-0.0,711.0,3449.5483146067418,3448.35,-1.2
21986,PACK OF 12 PINK SPOT TISSUES ,0.291551724137931,9169,3354.15,225,0.27,0.31,0.34,0.31,-6.0, Competitive — Monitor,-1.0,,,MONITOR — No Clear Signal,0.0,0.29,-0.0,0.0,-0.0,9169.0,2673.2377586206894,2659.0099999999998,-14.23
72802C,VANILLA SCENT CANDLE JEWELLED BOX,4.233396226415095,805,3349.97,157,3.93,4.38,4.56,4.29,-1.3, Competitive — Monitor,-1.0,,,MONITOR — No Clear Signal,0.0,4.23,-0.0,0.0,-0.0,805.0,3407.8839622641513,3405.1500000000005,-2.73
22728,ALARM CLOCK BAKELIKE PINK,3.7425773195876286,905,3348.39,185,3.37,3.51,4.27,3.72,0.6, Competitive — Monitor,-1.0,,,MONITOR — No Clear Signal,0.0,3.74,-0.0,0.0,-0.0,905.0,3387.032474226804,3384.7000000000003,-2.33
21201,TROPICAL  HONEYCOMB PAPER GARLAND ,2.480769230769231,1469,3346.35,113,2.13,2.62,2.73,2.49,-0.4, Competitive — Monitor,-1.0,,,MONITOR — No Clear Signal,0.0,2.48,-0.0,0.0,-0.0,1469.0,3644.25,3643.12,-1.13
22430,ENAMEL WATERING CAN CREAM,4.9193288590604025,758,3339.1400000000003,148,4.45,5.05,5.6,5.03,-2.2, Competitive — Monitor,-1.0,,,MONITOR — No Clear Signal,0.0,4.92,0.0,0.0,-0.0,758.0,3728.851275167785,3729.36,0.51
47505,MINATURE COLOURED GARDENING SET,4.8490797546012265,717,3336.65,160,4.41,5.0,5.32,4.91,-1.2, Competitive — Monitor,-1.0,,,MONITOR — No Clear Signal,0.0,4.85,0.0,0.0,-0.0,717.0,3476.7901840490795,3477.45,0.66
20973,12 PENCIL SMALL TUBE WOODLAND,0.6488929889298892,5248,3332.0000000000005,251,0.6,0.63,0.69,0.64,1.4, Competitive — Monitor,-1.0,,,MONITOR — No Clear Signal,0.0,0.65,0.0,0.0,-0.0,5248.0,3405.3904059040588,3411.2000000000003,5.81
22359,GLASS JAR KINGS CHOICE,2.94010101010101,1080,3319.28,96,2.63,3.12,3.19,2.98,-1.3, Competitive — Monitor,-1.0,,,MONITOR — No Clear Signal,0.0,2.94,-0.0,0.0,-0.0,1080.0,3175.309090909091,3175.2,-0.11
22045,SPACE BOY GIFT WRAP,0.4191011235955056,8040,3318.8,267,0.36,0.43,0.45,0.41,2.2, Competitive — Monitor,-1.0,,,MONITOR — No Clear Signal,0.0,0.42,0.0,0.0,-0.0,8040.0,3369.5730337078653,3376.7999999999997,7.23
85178,VICTORIAN SEWING KIT,1.236046511627907,3068,3316.6,164,1.09,1.16,1.38,1.21,2.2, Competitive — Monitor,-1.0,,,MONITOR — No Clear Signal,0.0,1.24,0.0,0.0,-0.0,3068.0,3792.1906976744185,3804.32,12.13
22534,MAGIC DRAWING SLATE SPACEBOY ,0.4177319587628866,8191,3316.38,276,0.37,0.41,0.48,0.42,-0.5, Competitive — Monitor,-1.0,,,MONITOR — No Clear Signal,0.0,0.42,0.0,0.0,-0.0,8191.0,3421.642474226804,3440.22,18.58
22202,MILK PAN PINK RETROSPOT,3.722876712328767,925,3310.35,142,3.4,3.95,4.06,3.8,-2.0, Competitive — Monitor,-1.0,,,MONITOR — No Clear Signal,0.0,3.72,-0.0,0.0,-0.0,925.0,3443.6609589041095,3441.0,-2.66
22441,GROW YOUR OWN BASIL IN ENAMEL MUG,2.0969262295081967,1599,3309.9,236,1.9,1.95,2.21,2.02,3.8, Competitive — Monitor,-1.0,,,MONITOR — No Clear Signal,0.0,2.1,0.0,0.0,-0.0,1599.0,3352.9850409836067,3357.9,4.91
22304,COFFEE MUG BLUE PAISLEY DESIGN,2.462647058823529,1632,3304.35,102,2.18,2.64,2.78,2.53,-2.7, Competitive — Monitor,-1.0,,,MONITOR — No Clear Signal,0.0,2.46,-0.0,0.0,-0.0,1632.0,4019.0399999999995,4014.72,-4.32
22070,SMALL RETRO SPOT MUG IN BOX  RED,3.7464356435643564,887,3300.33,195,3.55,3.85,4.27,3.89,-3.7, Competitive — Monitor,-1.0,,,MONITOR — No Clear Signal,0.0,3.75,0.0,0.0,-0.0,887.0,3323.0884158415843,3326.25,3.16
22764,"RUSTIC WOODEN CABINET, GLASS DOORS",23.39818181818182,178,3287.72,22,21.31,23.89,27.95,24.38,-4.0, Competitive — Monitor,-1.0,,,MONITOR — No Clear Signal,0.0,23.4,0.0,0.0,-0.0,178.0,4164.876363636364,4165.2,0.32
22730,ALARM CLOCK BAKELIKE IVORY,3.7418644067796607,887,3280.89,174,3.27,3.6,4.26,3.71,0.9, Competitive — Monitor,-1.0,,,MONITOR — No Clear Signal,0.0,3.74,-0.0,0.0,-0.0,887.0,3319.0337288135593,3317.38,-1.65
84598,BOYS ALPHABET IRON ON PATCHES,0.20555555555555555,16993,3280.5299999999997,36,0.18,0.2,0.23,0.2,2.8, Competitive — Monitor,-1.0,,,MONITOR — No Clear Signal,0.0,0.21,0.0,0.0,-0.0,16993.0,3493.0055555555555,3568.5299999999997,75.52
22838,3 TIER CAKE TIN RED AND CREAM,14.752,231,3277.45,96,12.76,15.8,16.76,15.11,-2.4, Competitive — Monitor,-1.0,,,MONITOR — No Clear Signal,0.0,14.75,-0.0,0.0,-0.0,231.0,3407.712,3407.25,-0.46
21472,LADYBIRD + BEE RAFFIA FOOD COVER,3.742344497607655,890,3260.7,206,3.27,3.62,4.45,3.78,-1.0, Competitive — Monitor,-1.0,,,MONITOR — No Clear Signal,0.0,3.74,-0.0,0.0,-0.0,890.0,3330.686602870813,3328.6000000000004,-2.09
21239,PINK  SPOTTY CUP,0.8460821917808219,3975,3241.47,359,0.73,0.88,0.99,0.87,-2.7, Competitive — Monitor,-1.0,,,MONITOR — No Clear Signal,0.0,0.85,0.0,0.0,-0.0,3975.0,3363.176712328767,3378.75,15.57
22840,ROUND CAKE TIN VINTAGE RED,7.870289855072465,427,3238.65,135,6.84,7.74,8.65,7.74,1.7, Competitive — Monitor,-1.0,,,MONITOR — No Clear Signal,0.0,7.87,-0.0,0.0,-0.0,427.0,3360.6137681159425,3360.4900000000002,-0.12
22318,FIVE HEART HANGING DECORATION,2.9462441314553995,1105,3238.1500000000005,204,2.59,2.78,3.2,2.86,3.0, Competitive — Monitor,-1.0,,,MONITOR — No Clear Signal,0.0,2.95,0.0,0.0,-0.0,1105.0,3255.5997652582164,3259.75,4.15
21706,"FOLDING UMBRELLA , RED/WHITE SPOT",4.627685950413223,988,3234.6,118,4.01,4.27,5.04,4.44,4.2, Competitive — Monitor,-1.0,,,MONITOR — No Clear Signal,0.0,4.63,0.0,0.0,-0.0,988.0,4572.1537190082645,4574.44,2.29
21732,RED HANGING METAL STAR TLIGHT HLDR,3.6839999999999997,931,3229.17,56,3.46,3.71,4.15,3.77,-2.3, Competitive — Monitor,-1.0,,,MONITOR — No Clear Signal,0.0,3.68,-0.0,0.0,-0.0,931.0,3429.8039999999996,3426.08,-3.72
82551,LAUNDRY 15C METAL SIGN,1.2847231270358308,2597,3226.97,304,1.1,1.38,1.49,1.32,-2.7, Competitive — Monitor,-6.475,Highly Elastic — Consider Discount,-5%,MONITOR — No Clear Signal,0.0,1.28,-0.0,0.0,-0.0,2597.0,3336.4259609120527,3324.16,-12.27
21900,"KEY FOB , SHED",0.6488461538461539,5089,3224.21,399,0.59,0.64,0.73,0.65,-0.2, Competitive — Monitor,-1.0,,,MONITOR — No Clear Signal,0.0,0.65,0.0,0.0,-0.0,5089.0,3301.978076923077,3307.85,5.87
85061W,WHITE JEWELLED HEART DECORATION,0.8482644628099174,4004,3216.9199999999996,224,0.76,0.83,0.9,0.83,2.2, Competitive — Monitor,-1.0,,,MONITOR — No Clear Signal,0.0,0.85,0.0,0.0,-0.0,4004.0,3396.450909090909,3403.4,6.95
22611,VINTAGE UNION JACK SHOPPING BAG,4.911,678,3215.7000000000003,145,4.66,4.79,5.69,5.05,-2.8, Competitive — Monitor,-1.0,,,MONITOR — No Clear Signal,0.0,4.91,-0.0,0.0,-0.0,678.0,3329.658,3328.98,-0.68
22434,BALLOON PUMP WITH 10 BALLOONS,1.931707317073171,1782,3210.9,155,1.66,1.94,2.26,1.95,-0.9, Competitive — Monitor,-1.0,,,MONITOR — No Clear Signal,0.0,1.93,-0.0,0.0,-0.0,1782.0,3442.3024390243904,3439.2599999999998,-3.04
22765,NEWSPAPER STAND,14.471666666666666,300,3210.3,42,12.88,14.33,15.82,14.34,0.9, Competitive — Monitor,-1.0,,,MONITOR — No Clear Signal,0.0,14.47,-0.0,0.0,-0.0,300.0,4341.5,4341.0,-0.5
22504,CABIN BAG VINTAGE RETROSPOT,29.325,117,3204.15,40,27.77,31.11,33.71,30.86,-5.0, Competitive — Monitor,-1.0,,,MONITOR — No Clear Signal,0.0,29.32,-0.0,0.0,-0.0,117.0,3431.025,3430.44,-0.59
22272,FELTCRAFT DOLL MARIA,2.9309836065573776,1173,3202.61,240,2.75,2.93,3.27,2.98,-1.6, Competitive — Monitor,-1.0,,,MONITOR — No Clear Signal,0.0,2.93,-0.0,0.0,-0.0,1173.0,3438.043770491804,3436.8900000000003,-1.15
22766,PHOTO FRAME CORNICE,2.941608391608392,1137,3200.55,139,2.74,2.95,3.48,3.06,-3.9, Competitive — Monitor,-1.0,,,MONITOR — No Clear Signal,0.0,2.94,-0.0,0.0,-0.0,1137.0,3344.6087412587417,3342.7799999999997,-1.83
22489,PACK OF 12 TRADITIONAL CRAYONS,0.41726384364820845,7930,3199.56,299,0.37,0.39,0.49,0.42,-0.7, Competitive — Monitor,-1.0,,,MONITOR — No Clear Signal,0.0,0.42,0.0,0.0,-0.0,7930.0,3308.902280130293,3330.6,21.7
40016,CHINESE DRAGON PAPER LANTERNS,0.402734375,10035,3198.7799999999997,126,0.35,0.43,0.45,0.41,-1.8, Competitive — Monitor,-1.0,,,MONITOR — No Clear Signal,0.0,0.4,-0.0,0.0,-0.0,10035.0,4041.439453125,4014.0,-27.44
84968D,S/16 VINTAGE RED CUTLERY,12.57,281,3193.95,30,11.52,12.07,14.5,12.7,-1.0, Competitive — Monitor,-1.0,,,MONITOR — No Clear Signal,0.0,12.57,0.0,0.0,-0.0,281.0,3532.17,3532.17,0.0
22186,RED STAR CARD HOLDER,2.931714285714286,1129,3193.7500000000005,174,2.76,2.73,3.47,2.99,-1.9, Competitive — Monitor,-1.0,,,MONITOR — No Clear Signal,0.0,2.93,-0.0,0.0,-0.0,1129.0,3309.9054285714287,3307.9700000000003,-1.94
21110,LARGE CAKE TOWEL PINK SPOTS,6.714779874213837,485,3192.15,156,6.08,6.89,7.55,6.84,-1.8, Competitive — Monitor,-1.0,,,MONITOR — No Clear Signal,0.0,6.71,-0.0,0.0,-0.0,485.0,3256.668238993711,3254.35,-2.32
21746,SMALL RED SPOT  WINDMILL,1.242549019607843,2666,3186.58,197,1.13,1.26,1.36,1.25,-0.6, Competitive — Monitor,-1.0,,,MONITOR — No Clear Signal,0.0,1.24,-0.0,0.0,-0.0,2666.0,3312.6356862745097,3305.84,-6.8
22583,PACK OF 6 HANDBAG GIFT BOXES,2.5467532467532465,1260,3170.3999999999996,211,2.24,2.51,2.96,2.57,-0.9, Competitive — Monitor,-1.0,,,MONITOR — No Clear Signal,0.0,2.55,0.0,0.0,-0.0,1260.0,3208.9090909090905,3213.0,4.09
21056,DOCTOR'S BAG SOFT TOY,8.924358974358974,365,3166.75,116,8.27,8.81,9.67,8.92,0.0, Competitive — Monitor,-1.0,,,MONITOR — No Clear Signal,0.0,8.92,-0.0,0.0,-0.0,365.0,3257.3910256410254,3255.8,-1.59
21349,IVY HEART WREATH,6.6988,488,3166.0,122,5.82,7.0,7.42,6.75,-0.8, Competitive — Monitor,-1.0,,,MONITOR — No Clear Signal,0.0,6.7,0.0,0.0,-0.0,488.0,3269.0144,3269.6,0.59
85038,6 CHOCOLATE LOVE HEART T-LIGHTS,2.0792670157068067,1603,3161.88,181,1.83,1.98,2.45,2.09,-0.5, Competitive — Monitor,-1.0,,,MONITOR — No Clear Signal,0.0,2.08,0.0,0.0,-0.0,1603.0,3333.065026178011,3334.2400000000002,1.17
21452,TOADSTOOL MONEY BOX,2.942825112107623,1088,3149.6000000000004,207,2.63,3.09,3.41,3.04,-3.2, Competitive — Monitor,-1.0,,,MONITOR — No Clear Signal,0.0,2.94,-0.0,0.0,-0.0,1088.0,3201.793721973094,3198.72,-3.07
22769,CHALKBOARD KITCHEN ORGANISER,24.25030303030303,162,3148.9,33,21.84,24.83,26.93,24.53,-1.1, Competitive — Monitor,-1.0,,,MONITOR — No Clear Signal,0.0,24.25,-0.0,0.0,-0.0,162.0,3928.549090909091,3928.5,-0.05
22432,WATERING CAN PINK BUNNY,1.9307999999999998,1763,3148.77,200,1.69,1.91,2.09,1.9,1.6, Competitive — Monitor,-1.0,,,MONITOR — No Clear Signal,0.0,1.93,-0.0,0.0,-0.0,1763.0,3404.0004,3402.5899999999997,-1.41
22550,HOLIDAY FUN LUDO,3.7479775280898875,841,3140.79,176,3.23,3.72,4.14,3.7,1.3, Competitive — Monitor,-1.0,,,MONITOR — No Clear Signal,0.0,3.75,0.0,0.0,-0.0,841.0,3152.0491011235954,3153.75,1.7
21078,SET/20 STRAWBERRY PAPER NAPKINS ,0.8403999999999999,4072,3138.64,339,0.77,0.81,0.92,0.83,1.3, Competitive — Monitor,-1.0,,,MONITOR — No Clear Signal,0.0,0.84,-0.0,0.0,-0.0,4072.0,3422.1087999999995,3420.48,-1.63
20967,GREY FLORAL FELTCRAFT SHOULDER BAG,3.7419555555555557,853,3133.59,218,3.29,3.89,4.03,3.74,0.1, Competitive — Monitor,-1.0,,,MONITOR — No Clear Signal,0.0,3.74,-0.0,0.0,-0.0,853.0,3191.888088888889,3190.2200000000003,-1.67
84968C,S/16 VINTAGE PISTACHIO CUTLERY,12.680769230769231,266,3132.2999999999997,52,11.52,12.71,14.73,12.99,-2.4, Competitive — Monitor,-1.0,,,MONITOR — No Clear Signal,0.0,12.68,-0.0,0.0,-0.0,266.0,3373.0846153846155,3372.88,-0.2
21713,CITRONELLA CANDLE FLOWERPOT,2.025233644859813,1912,3124.9500000000003,202,1.75,1.97,2.2,1.97,2.8, Competitive — Monitor,-1.0,,,MONITOR — No Clear Signal,0.0,2.03,0.0,0.0,-0.0,1912.0,3872.246728971963,3881.3599999999997,9.11
21544,SKULLS  WATER TRANSFER TATTOOS ,0.8446768060836503,3932,3123.0,259,0.76,0.86,0.94,0.85,-0.6, Competitive — Monitor,-1.0,,,MONITOR — No Clear Signal,0.0,0.84,-0.0,0.0,-0.0,3932.0,3321.2692015209127,3302.8799999999997,-18.39
21934,SKULL SHOULDER BAG,1.620334928229665,1996,3117.4,205,1.46,1.75,1.8,1.67,-3.0, Competitive — Monitor,-1.0,,,MONITOR — No Clear Signal,0.0,1.62,-0.0,0.0,-0.0,1996.0,3234.1885167464116,3233.5200000000004,-0.67
21355,TOAST ITS - I LOVE YOU ,1.2422222222222221,2634,3110.5,178,1.06,1.23,1.49,1.26,-1.4, Competitive — Monitor,-1.0,,,MONITOR — No Clear Signal,0.0,1.24,-0.0,0.0,-0.0,2634.0,3272.013333333333,3266.16,-5.85
79323GR,GREEN CHERRY LIGHTS,6.493421052631579,524,3100.2000000000003,76,5.74,6.93,7.2,6.62,-1.9, Competitive — Monitor,-1.0,,,MONITOR — No Clear Signal,0.0,6.49,-0.0,0.0,-0.0,524.0,3402.552631578947,3400.76,-1.79
21743,STAR PORTABLE TABLE LIGHT ,2.924193548387097,1109,3098.75,118,2.52,2.85,3.11,2.83,3.3, Competitive — Monitor,-1.0,,,MONITOR — No Clear Signal,0.0,2.92,-0.0,0.0,-0.0,1109.0,3242.9306451612906,3238.2799999999997,-4.65
22483,RED GINGHAM TEDDY BEAR ,2.9250000000000003,1104,3092.0,174,2.5,2.72,3.11,2.78,5.2, Competitive — Monitor,-1.0,,,MONITOR — No Clear Signal,0.0,2.92,-0.01,0.0,-0.0,1104.0,3229.2000000000003,3223.68,-5.52
84975,HEART SHAPED MIRROR,1.676206896551724,1943,3074.87,167,1.59,1.6,1.91,1.7,-1.4, Competitive — Monitor,-1.0,,,MONITOR — No Clear Signal,0.0,1.68,0.0,0.0,-0.0,1943.0,3256.87,3264.24,7.37
22900, SET 2 TEA TOWELS I LOVE LONDON ,2.943782383419689,1071,3069.8500000000004,169,2.6,2.91,3.36,2.96,-0.5, Competitive — Monitor,-1.0,,,MONITOR — No Clear Signal,0.0,2.94,-0.0,0.0,-0.0,1071.0,3152.790932642487,3148.74,-4.05
21067,VINTAGE RED TEATIME MUG,1.0562758620689654,4322,3063.34,139,0.98,1.01,1.18,1.06,-0.4, Competitive — Monitor,-3.971,Highly Elastic — Consider Discount,-5%,MONITOR — No Clear Signal,0.0,1.06,0.0,0.0,-0.0,4322.0,4565.224275862069,4581.320000000001,16.1
37446,MINI CAKE STAND WITH HANGING CAKES,1.411142857142857,2318,3062.1,171,1.24,1.3,1.57,1.37,3.0, Competitive — Monitor,-1.0,,,MONITOR — No Clear Signal,0.0,1.41,-0.0,0.0,-0.0,2318.0,3271.0291428571427,3268.3799999999997,-2.65
22305,COFFEE MUG PINK PAISLEY DESIGN,2.455764705882353,1570,3061.56,85,2.25,2.62,2.6,2.49,-1.4, Competitive — Monitor,-1.0,,,MONITOR — No Clear Signal,0.0,2.46,0.0,0.0,-0.0,1570.0,3855.550588235294,3862.2,6.65
22737,RIBBON REEL CHRISTMAS PRESENT ,1.6473094170403586,1893,3051.45,211,1.53,1.74,1.86,1.71,-3.7, Competitive — Monitor,-1.0,,,MONITOR — No Clear Signal,0.0,1.65,0.0,0.0,-0.0,1893.0,3118.356726457399,3123.45,5.09
22660,DOORMAT I LOVE LONDON,7.331264367816092,513,3050.43,84,6.67,7.62,8.25,7.51,-2.4, Competitive — Monitor,-1.0,,,MONITOR — No Clear Signal,0.0,7.33,-0.0,0.0,-0.0,513.0,3760.938620689655,3760.29,-0.65
22122,SET OF 2 FANCY FONT TEA TOWELS,2.947546012269939,1055,3048.2500000000005,156,2.64,2.79,3.16,2.86,3.1, Competitive — Monitor,-1.0,,,MONITOR — No Clear Signal,0.0,2.95,0.0,0.0,-0.0,1055.0,3109.6610429447855,3112.25,2.59
22350,CAT BOWL ,2.537514792899408,1247,3040.29,167,2.26,2.38,2.7,2.45,3.6, Competitive — Monitor,-1.0,,,MONITOR — No Clear Signal,0.0,2.54,0.0,0.0,-0.0,1247.0,3164.280946745562,3167.38,3.1
22813,PACK 3 BOXES BIRD PANNETONE ,1.9444444444444444,1604,3027.0,149,1.72,1.81,2.08,1.87,4.0, Competitive — Monitor,-1.0,,,MONITOR — No Clear Signal,0.0,1.94,-0.0,0.0,-0.0,1604.0,3118.8888888888887,3111.7599999999998,-7.13
22768,FAMILY PHOTO FRAME CORNICE,9.89313725490196,313,3021.5499999999997,101,9.33,10.25,10.54,10.04,-1.5, Competitive — Monitor,-1.0,,,MONITOR — No Clear Signal,0.0,9.89,-0.0,0.0,-0.0,313.0,3096.5519607843135,3095.57,-0.98
37410,BLACK AND WHITE PAISLEY FLOWER MUG,1.045,25685,3019.57,18,0.98,1.12,1.19,1.1,-5.0, Competitive — Monitor,-1.0,,,MONITOR — No Clear Signal,0.0,1.04,-0.0,0.0,-0.0,25685.0,26840.824999999997,26712.4,-128.42
22670,FRENCH WC SIGN BLUE METAL,1.2468333333333335,2585,3012.37,113,1.18,1.23,1.35,1.25,-0.3, Competitive — Monitor,-1.0,,,MONITOR — No Clear Signal,0.0,1.25,0.0,0.0,-0.0,2585.0,3223.064166666667,3231.25,8.19
84832,ZINC WILLIE WINKIE  CANDLE STICK,0.8471323529411764,3630,3010.62,261,0.73,0.8,0.92,0.82,3.3, Competitive — Monitor,-1.0,,,MONITOR — No Clear Signal,0.0,0.85,0.0,0.0,-0.0,3630.0,3075.0904411764704,3085.5,10.41
85132A,CHARLIE + LOLA BISCUITS TINS,7.2642999999999995,737,3002.95,98,6.71,7.28,7.82,7.27,-0.1, Competitive — Monitor,-6.908,Highly Elastic — Consider Discount,-5%,MONITOR — No Clear Signal,0.0,7.26,-0.0,0.0,-0.0,737.0,5353.7891,5350.62,-3.17
22071,SMALL RETRO SPOT MUG IN BOX  WHITE,3.7438983050847456,814,3000.66,170,3.53,3.65,4.47,3.88,-3.5, Competitive — Monitor,-1.0,,,MONITOR — No Clear Signal,0.0,3.74,-0.0,0.0,-0.0,814.0,3047.533220338983,3044.36,-3.17
21240,BLUE  SPOTTY CUP,0.8464187327823691,3676,2999.8,359,0.73,0.83,1.0,0.85,-0.4, Competitive — Monitor,-1.0,,,MONITOR — No Clear Signal,0.0,0.85,0.0,0.0,-0.0,3676.0,3111.435261707989,3124.6,13.16
21578,WOODLAND DESIGN  COTTON TOTE BAG,2.2403846153846154,1340,2997.0,199,1.92,2.28,2.43,2.21,1.4, Competitive — Monitor,-1.0,,,MONITOR — No Clear Signal,0.0,2.24,-0.0,0.0,-0.0,1340.0,3002.1153846153848,3001.6000000000004,-0.52
21064,BOOM BOX SPEAKER BOYS,5.798214285714286,569,2993.55,55,5.36,6.0,6.37,5.91,-1.9, Competitive — Monitor,-1.0,,,MONITOR — No Clear Signal,0.0,5.8,0.0,0.0,-0.0,569.0,3299.1839285714286,3300.2,1.02
22115,METAL SIGN EMPIRE TEA,2.921257142857143,1231,2982.8700000000003,171,2.65,2.74,3.16,2.85,2.5, Competitive — Monitor,-1.0,,,MONITOR — No Clear Signal,0.0,2.92,-0.0,0.0,-0.0,1231.0,3596.0675428571435,3594.52,-1.55
22299,PIG KEYRING WITH LIGHT & SOUND ,1.2414606741573033,2528,2977.6,88,1.16,1.15,1.4,1.24,0.1, Competitive — Monitor,-1.0,,,MONITOR — No Clear Signal,0.0,1.24,-0.0,0.0,-0.0,2528.0,3138.4125842696626,3134.72,-3.69
22437,SET OF 9 BLACK SKULL BALLOONS,0.8486868686868686,3653,2975.05,190,0.73,0.92,0.89,0.85,-0.2, Competitive — Monitor,-1.0,,,MONITOR — No Clear Signal,0.0,0.85,0.0,0.0,-0.0,3653.0,3100.253131313131,3105.0499999999997,4.8
22474,SPACEBOY TV DINNER TRAY,4.904152542372882,661,2973.55,113,4.56,4.69,5.64,4.96,-1.1, Competitive — Monitor,-1.0,,,MONITOR — No Clear Signal,0.0,4.9,-0.0,0.0,-0.0,661.0,3241.6448305084746,3238.9,-2.74
21477,STRING OF 20 ROSE LIGHTS,12.458108108108108,262,2962.5,37,10.84,11.57,14.06,12.16,2.5, Competitive — Monitor,-1.0,,,MONITOR — No Clear Signal,0.0,12.46,0.0,0.0,-0.0,262.0,3264.0243243243244,3264.5200000000004,0.5
22030,SWALLOWS GREETING CARD,0.417984496124031,7303,2953.5,366,0.36,0.4,0.5,0.42,-0.5, Competitive — Monitor,-1.0,,,MONITOR — No Clear Signal,0.0,0.42,0.0,0.0,-0.0,7303.0,3052.5407751937983,3067.2599999999998,14.72
22196,SMALL HEART MEASURING SPOONS,0.8485393258426965,3521,2949.8199999999997,329,0.74,0.79,0.91,0.81,4.8, Competitive — Monitor,-1.0,,,MONITOR — No Clear Signal,0.0,0.85,0.0,0.0,-0.0,3521.0,2987.7069662921344,2992.85,5.14
84837,WHITE SWEETHEARTS CABINET 4 DRAWERS,12.617647058823529,241,2940.75,133,11.75,12.4,14.77,12.97,-2.7, Competitive — Monitor,-1.0,,,MONITOR — No Clear Signal,0.0,12.62,0.0,0.0,-0.0,241.0,3040.8529411764703,3041.4199999999996,0.57
21932,SCANDINAVIAN PAISLEY PICNIC BAG,2.9033333333333333,1066,2939.1,179,2.66,3.04,3.39,3.03,-4.2, Competitive — Monitor,-1.0,,,MONITOR — No Clear Signal,0.0,2.9,-0.0,0.0,-0.0,1066.0,3094.9533333333334,3091.4,-3.55
22347,PIZZA SLICE DISH,1.23,2641,2936.4500000000003,76,1.11,1.2,1.31,1.21,1.7, Competitive — Monitor,-1.0,,,MONITOR — No Clear Signal,0.0,1.23,0.0,0.0,-0.0,2641.0,3248.43,3248.43,0.0
21679,SKULLS  STICKERS,0.846578947368421,3717,2933.25,185,0.75,0.84,0.94,0.84,0.8, Competitive — Monitor,-1.0,,,MONITOR — No Clear Signal,0.0,0.85,0.0,0.0,-0.0,3717.0,3146.733947368421,3159.45,12.72
21069,VINTAGE BILLBOARD TEA MUG,1.2327007299270072,3084,2924.1,131,1.16,1.27,1.33,1.25,-1.4, Competitive — Monitor,-1.0,,,MONITOR — No Clear Signal,0.0,1.23,-0.0,0.0,-0.0,3084.0,3801.64905109489,3793.32,-8.33
22562,MONSTERS STENCIL CRAFT,1.2397297297297296,2575,2923.87,181,1.1,1.24,1.35,1.23,0.8, Competitive — Monitor,-1.0,,,MONITOR — No Clear Signal,0.0,1.24,0.0,0.0,-0.0,2575.0,3192.3040540540537,3193.0,0.7
21918,SET 12 KIDS COLOUR  CHALK STICKS,0.4185139318885449,7242,2920.68,314,0.39,0.44,0.46,0.43,-2.7, Competitive — Monitor,-1.0,,,MONITOR — No Clear Signal,0.0,0.42,0.0,0.0,-0.0,7242.0,3030.8778947368423,3041.64,10.76
21364,PEACE SMALL WOOD LETTERS,6.752945736434109,422,2916.9,126,6.04,7.15,7.65,6.95,-2.8, Competitive — Monitor,-1.0,,,MONITOR — No Clear Signal,0.0,6.75,-0.0,0.0,-0.0,422.0,2849.743100775194,2848.5,-1.24
20983,12 PENCILS TALL TUBE RED SPOTTY,0.8496084337349398,3456,2912.64,320,0.75,0.78,0.94,0.82,3.6, Competitive — Monitor,-1.0,,,MONITOR — No Clear Signal,0.0,0.85,0.0,0.0,-0.0,3456.0,2936.246746987952,2937.6,1.35
47580,TEA TIME DES TEA COSY,2.5319095477386933,1232,2907.15,194,2.27,2.64,3.02,2.64,-4.1, Competitive — Monitor,-1.0,,,MONITOR — No Clear Signal,0.0,2.53,-0.0,0.0,-0.0,1232.0,3119.31256281407,3116.9599999999996,-2.35
22412,METAL SIGN NEIGHBOURHOOD WITCH ,2.0902439024390245,1421,2901.6000000000004,197,1.84,2.08,2.23,2.05,2.0, Competitive — Monitor,-1.0,,,MONITOR — No Clear Signal,0.0,2.09,-0.0,0.0,-0.0,1421.0,2970.236585365854,2969.89,-0.35
84030E,ENGLISH ROSE HOT WATER BOTTLE,4.210691823899371,712,2897.25,152,3.89,4.54,5.04,4.49,-6.2, Competitive — Monitor,-1.0,,,MONITOR — No Clear Signal,0.0,4.21,-0.0,0.0,-0.0,712.0,2998.012578616352,2997.52,-0.49
22278,OVERNIGHT BAG VINTAGE ROSE PAISLEY,4.945833333333333,591,2869.4500000000003,165,4.45,4.93,5.36,4.91,0.7, Competitive — Monitor,-1.0,,,MONITOR — No Clear Signal,0.0,4.95,0.0,0.0,-0.0,591.0,2922.9874999999997,2925.4500000000003,2.46
22057,CERAMIC PLATE STRAWBERRY DESIGN,1.4537190082644629,2346,2867.46,119,1.27,1.57,1.69,1.51,-3.7, Competitive — Monitor,-1.0,,,MONITOR — No Clear Signal,0.0,1.45,-0.0,0.0,-0.0,2346.0,3410.42479338843,3401.7,-8.72
21537,RETRO SPOTS PUDDING BOWL,4.2363387978142075,685,2858.25,172,3.98,4.41,4.66,4.35,-2.6, Competitive — Monitor,-1.0,,,MONITOR — No Clear Signal,0.0,4.24,0.0,0.0,-0.0,685.0,2901.8920765027324,2904.4,2.51
21333,CLASSIC WHITE FRAME,2.9436170212765957,976,2855.2000000000003,187,2.62,2.83,3.15,2.87,2.6, Competitive — Monitor,-1.0,,,MONITOR — No Clear Signal,0.0,2.94,-0.0,0.0,-0.0,976.0,2872.9702127659575,2869.44,-3.53
22577,WOODEN HEART CHRISTMAS SCANDINAVIAN,0.85,3352,2849.2,280,0.77,0.86,1.0,0.88,-3.4, Competitive — Monitor,-1.0,,,MONITOR — No Clear Signal,0.0,0.85,0.0,0.0,-0.0,3352.0,2849.2,2849.2,0.0
21591,COSY HOUR CIGAR BOX MATCHES ,1.2492213114754098,2283,2849.19,226,1.18,1.35,1.37,1.3,-3.9, Competitive — Monitor,-1.0,,,MONITOR — No Clear Signal,0.0,1.25,0.0,0.0,-0.0,2283.0,2851.9722540983607,2853.75,1.78
22110,BIRD HOUSE HOT WATER BOTTLE,2.790526315789474,1318,2847.9,183,2.55,2.95,3.21,2.9,-3.8, Competitive — Monitor,-9.748,Highly Elastic — Consider Discount,-5%,MONITOR — No Clear Signal,0.0,2.79,-0.0,0.0,-0.0,1318.0,3677.9136842105268,3677.2200000000003,-0.69
22689,DOORMAT MERRY CHRISTMAS RED ,7.6574,392,2847.1,100,6.6,7.16,8.69,7.48,2.4, Competitive — Monitor,-1.0,,,MONITOR — No Clear Signal,0.0,7.66,0.0,0.0,-0.0,392.0,3001.7008,3002.7200000000003,1.02
22172,METAL SHELF WITH RAIL ,8.472929936305732,339,2839.0,156,8.0,8.75,9.5,8.75,-3.2, Competitive — Monitor,-1.0,,,MONITOR — No Clear Signal,0.0,8.47,-0.0,0.0,-0.0,339.0,2872.3232484076434,2871.3300000000004,-0.99
84352,SILVER CHRISTMAS TREE BAUBLE STAND ,16.71470588235294,174,2833.2999999999997,102,15.26,16.3,18.79,16.78,-0.4, Competitive — Monitor,-1.0,,,MONITOR — No Clear Signal,0.0,16.71,-0.0,0.0,-0.0,174.0,2908.358823529412,2907.54,-0.82
22449,SILK PURSE RUSSIAN DOLL PINK,3.3450617283950614,859,2829.65,158,2.96,3.08,3.88,3.31,1.1, Competitive — Monitor,-1.0,,,MONITOR — No Clear Signal,0.0,3.35,0.0,0.0,-0.0,859.0,2873.4080246913577,2877.65,4.24
37447,CERAMIC CAKE DESIGN SPOTTED PLATE,1.4757216494845362,1968,2819.7599999999998,191,1.27,1.45,1.57,1.43,3.2, Competitive — Monitor,-1.0,,,MONITOR — No Clear Signal,0.0,1.48,0.0,0.0,-0.0,1968.0,2904.2202061855673,2912.64,8.42
22331,WOODLAND PARTY BAG + STICKER SET,1.642488262910798,1761,2819.25,209,1.53,1.57,1.89,1.66,-1.1, Competitive — Monitor,-1.0,,,MONITOR — No Clear Signal,0.0,1.64,-0.0,0.0,-0.0,1761.0,2892.421830985915,2888.04,-4.38
21718,RED METAL BEACH SPADE ,1.2418235294117648,2417,2817.65,166,1.13,1.31,1.47,1.3,-4.5, Competitive — Monitor,-1.0,,,MONITOR — No Clear Signal,0.0,1.24,-0.0,0.0,-0.0,2417.0,3001.4874705882353,2997.08,-4.41
21967,PACK OF 12 SKULL TISSUES,0.28944954128440364,10536,2813.52,212,0.26,0.28,0.31,0.28,3.4, Competitive — Monitor,-1.0,,,MONITOR — No Clear Signal,0.0,0.29,0.0,0.0,-0.0,10536.0,3049.640366972477,3055.4399999999996,5.8
22118,JOY WOODEN BLOCK LETTERS,4.943406593406594,566,2812.5000000000005,172,4.64,5.2,5.29,5.04,-1.9, Competitive — Monitor,-1.0,,,MONITOR — No Clear Signal,0.0,4.94,-0.0,0.0,-0.0,566.0,2797.968131868132,2796.0400000000004,-1.93
21100,CHARLIE AND LOLA CHARLOTTE BAG,1.5755974842767295,2188,2809.6,153,1.46,1.45,1.82,1.58,-0.3, Competitive — Monitor,-1.0,,,MONITOR — No Clear Signal,0.0,1.58,0.0,0.0,-0.0,2188.0,3447.4072955974843,3457.04,9.63
35004B,SET OF 3 BLACK FLYING DUCKS,4.4071428571428575,779,2809.15,77,3.81,4.27,4.92,4.33,1.8, Competitive — Monitor,-1.0,,,MONITOR — No Clear Signal,0.0,4.41,0.0,0.0,-0.0,779.0,3433.164285714286,3435.3900000000003,2.23
22855,FINE WICKER HEART ,1.2407567567567568,2311,2806.67,177,1.09,1.19,1.38,1.22,1.7, Competitive — Monitor,-1.0,,,MONITOR — No Clear Signal,0.0,1.24,-0.0,0.0,-0.0,2311.0,2867.388864864865,2865.64,-1.75
22378,WALL TIDY RETROSPOT ,2.0894736842105264,1384,2806.4,188,1.83,2.0,2.24,2.02,3.4, Competitive — Monitor,-1.0,,,MONITOR — No Clear Signal,0.0,2.09,0.0,0.0,-0.0,1384.0,2891.8315789473686,2892.56,0.73
22491,PACK OF 12 COLOURED PENCILS,0.8423076923076923,3536,2805.9199999999996,165,0.78,0.78,0.95,0.84,0.3, Competitive — Monitor,-1.0,,,MONITOR — No Clear Signal,0.0,0.84,-0.0,0.0,-0.0,3536.0,2978.4,2970.24,-8.16
22846,BREAD BIN DINER STYLE RED ,16.374657534246573,178,2801.1,72,13.97,15.55,17.5,15.67,4.5, Competitive — Monitor,-1.0,,,MONITOR — No Clear Signal,0.0,16.37,-0.0,0.0,-0.0,178.0,2914.68904109589,2913.86,-0.83
22497,SET OF 2 TINS VINTAGE BATHROOM ,4.243377483443709,670,2797.5,150,3.85,4.28,4.76,4.3,-1.3, Competitive — Monitor,-1.0,,,MONITOR — No Clear Signal,0.0,4.24,-0.0,0.0,-0.0,670.0,2843.062913907285,2840.8,-2.26
22509,SEWING BOX RETROSPOT DESIGN ,16.655263157894737,174,2793.2999999999997,94,15.43,16.1,19.4,16.98,-1.9, Competitive — Monitor,-1.0,,,MONITOR — No Clear Signal,0.0,16.66,0.0,0.0,-0.0,174.0,2898.0157894736844,2898.84,0.82
22593,CHRISTMAS GINGHAM STAR,0.8472340425531915,3372,2791.3199999999997,184,0.79,0.84,0.92,0.85,-0.3, Competitive — Monitor,-1.0,,,MONITOR — No Clear Signal,0.0,0.85,0.0,0.0,-0.0,3372.0,2856.8731914893615,2866.2,9.33
22167,"WALL MIRROR , DIAMANTE OVAL SHAPE",9.378181818181817,407,2790.85,109,8.29,9.19,10.52,9.33,0.5, Competitive — Monitor,-1.0,,,MONITOR — No Clear Signal,0.0,9.38,0.0,0.0,-0.0,407.0,3816.9199999999996,3817.6600000000003,0.74
84909A,PINK PAISLEY QUILT ,17.329310344827586,208,2784.8,29,16.15,18.37,20.77,18.43,-6.0, Competitive — Monitor,-1.0,,,MONITOR — No Clear Signal,0.0,17.33,0.0,0.0,-0.0,208.0,3604.496551724138,3604.6399999999994,0.14
21901,"KEY FOB , BACK DOOR ",0.6487096774193549,4405,2779.61,350,0.56,0.69,0.75,0.67,-3.2, Competitive — Monitor,-1.0,,,MONITOR — No Clear Signal,0.0,0.65,0.0,0.0,-0.0,4405.0,2857.5661290322582,2863.25,5.68
84950,ASSORTED COLOUR T-LIGHT HOLDER,0.7671328671328671,4193,2776.9700000000003,136,0.72,0.77,0.9,0.8,-4.1, Competitive — Monitor,-5.254,Highly Elastic — Consider Discount,-5%,MONITOR — No Clear Signal,0.0,0.77,0.0,0.0,-0.0,4193.0,3216.5881118881116,3228.61,12.02
46000S,POLYESTER FILLER PAD 40x40cm,1.45,1915,2776.75,190,1.25,1.41,1.61,1.42,2.1, Competitive — Monitor,-1.0,,,MONITOR — No Clear Signal,0.0,1.45,0.0,0.0,-0.0,1915.0,2776.75,2776.75,0.0
21796,SET OF 3 RED STRIPE BASKETS,12.660757575757575,323,2769.44,66,11.26,11.86,14.75,12.62,0.3, Competitive — Monitor,-1.0,,,MONITOR — No Clear Signal,0.0,12.66,-0.0,0.0,-0.0,323.0,4089.424696969697,4089.18,-0.24
84558A,3D DOG PICTURE PLAYING CARDS,2.9469465648854962,977,2766.9500000000003,117,2.74,3.16,3.11,3.0,-1.8, Competitive — Monitor,-1.0,,,MONITOR — No Clear Signal,0.0,2.95,0.0,0.0,-0.0,977.0,2879.16679389313,2882.15,2.98
21495,SKULLS WRAP,0.4184905660377358,6665,2763.3,212,0.36,0.39,0.45,0.4,4.6, Competitive — Monitor,-1.0,,,MONITOR — No Clear Signal,0.0,0.42,0.0,0.0,-0.0,6665.0,2789.2396226415094,2799.2999999999997,10.06
22751,FELTCRAFT PRINCESS OLIVIA DOLL,3.746086956521739,745,2759.19,177,3.27,3.62,4.05,3.65,2.6, Competitive — Monitor,-1.0,,,MONITOR — No Clear Signal,0.0,3.75,0.0,0.0,-0.0,745.0,2790.8347826086956,2793.75,2.92
22027,TEA PARTY BIRTHDAY CARD,0.41719480519480523,6799,2758.38,381,0.38,0.4,0.46,0.41,1.8, Competitive — Monitor,-1.0,,,MONITOR — No Clear Signal,0.0,0.42,0.0,0.0,-0.0,6799.0,2836.507480519481,2855.58,19.07
22361,GLASS JAR DAISY FRESH COTTON WOOL,2.914137931034483,1002,2747.1,142,2.69,2.83,3.43,2.98,-2.2, Competitive — Monitor,-1.0,,,MONITOR — No Clear Signal,0.0,2.91,-0.0,0.0,-0.0,1002.0,2919.966206896552,2915.82,-4.15
20748,KENSINGTON COFFEE SET,11.988636363636363,310,2746.5,88,10.96,11.34,13.21,11.84,1.3, Competitive — Monitor,-1.0,,,MONITOR — No Clear Signal,0.0,11.99,0.0,0.0,-0.0,310.0,3716.4772727272725,3716.9,0.42
22795,SWEETHEART RECIPE BOOK STAND,6.703284671532847,420,2732.6,132,6.16,7.01,7.7,6.96,-3.7, Competitive — Monitor,-1.0,,,MONITOR — No Clear Signal,0.0,6.7,-0.0,0.0,-0.0,420.0,2815.379562043796,2814.0,-1.38
85049G,CHOCOLATE BOX RIBBONS ,1.2476923076923077,2250,2730.42,240,1.13,1.17,1.44,1.25,-0.2, Competitive — Monitor,-1.0,,,MONITOR — No Clear Signal,0.0,1.25,0.0,0.0,-0.0,2250.0,2807.3076923076924,2812.5,5.19
15060B,FAIRY CAKE DESIGN UMBRELLA,3.7371657754010696,745,2726.55,186,3.27,3.82,4.25,3.78,-1.1, Competitive — Monitor,-1.0,,,MONITOR — No Clear Signal,0.0,3.74,0.0,0.0,-0.0,745.0,2784.188502673797,2786.3,2.11
20702,PINK PADDED MOBILE,4.233173076923077,651,2723.25,199,3.74,3.98,4.67,4.13,2.5, Competitive — Monitor,-1.0,,,MONITOR — No Clear Signal,0.0,4.23,-0.0,0.0,-0.0,651.0,2755.795673076923,2753.7300000000005,-2.07
22065,CHRISTMAS PUDDING TRINKET POT ,1.4417525773195876,1940,2717.0,178,1.25,1.34,1.64,1.41,2.3, Competitive — Monitor,-1.0,,,MONITOR — No Clear Signal,0.0,1.44,-0.0,0.0,-0.0,1940.0,2797.0,2793.6,-3.4
20961,STRAWBERRY BATH SPONGE ,1.2463809523809524,2246,2716.3,198,1.17,1.33,1.37,1.29,-3.4, Competitive — Monitor,-1.0,,,MONITOR — No Clear Signal,0.0,1.25,0.0,0.0,-0.0,2246.0,2799.371619047619,2807.5,8.13
22571,ROCKING HORSE RED CHRISTMAS ,0.8453982300884956,3325,2713.93,217,0.77,0.8,0.9,0.82,3.1, Competitive — Monitor,-1.0,,,MONITOR — No Clear Signal,0.0,0.85,0.0,0.0,-0.0,3325.0,2810.9491150442477,2826.25,15.3
22626,BLACK KITCHEN SCALES,8.456884057971013,327,2706.4,135,7.53,8.89,10.14,8.85,-4.4, Competitive — Monitor,-1.0,,,MONITOR — No Clear Signal,0.0,8.46,0.0,0.0,-0.0,327.0,2765.4010869565213,2766.42,1.02
22285,"DECORATION HEN ON NEST, HANGING",1.6406015037593984,1829,2705.2499999999995,123,1.47,1.65,1.75,1.62,1.3, Competitive — Monitor,-1.0,,,MONITOR — No Clear Signal,0.0,1.64,-0.0,0.0,-0.0,1829.0,3000.66015037594,2999.56,-1.1
22311,OFFICE MUG WARMER BLACK+SILVER ,3.5576190476190477,901,2704.55,101,3.36,3.32,3.77,3.48,2.2, Competitive — Monitor,-5.136,Highly Elastic — Consider Discount,-5%,MONITOR — No Clear Signal,0.0,3.56,0.0,0.0,-0.0,901.0,3205.414761904762,3207.56,2.15
21728,METAL MEDINA LANTERN ,12.405263157894737,296,2696.1,36,10.73,13.31,14.66,12.9,-3.8, Competitive — Monitor,-1.0,,,MONITOR — No Clear Signal,0.0,12.41,0.0,0.0,-0.0,296.0,3671.9578947368423,3673.36,1.4
20978,36 PENCILS TUBE SKULLS,1.2459915611814347,2203,2695.99,225,1.13,1.2,1.36,1.23,1.3, Competitive — Monitor,-1.0,,,MONITOR — No Clear Signal,0.0,1.25,0.0,0.0,-0.0,2203.0,2744.9194092827006,2753.75,8.83
22406,MONEY BOX KINGS CHOICE DESIGN,1.2435833333333333,2132,2694.64,113,1.12,1.32,1.43,1.29,-3.6, Competitive — Monitor,-1.0,,,MONITOR — No Clear Signal,0.0,1.24,-0.0,0.0,-0.0,2132.0,2651.3196666666663,2643.68,-7.64
22746,POPPY'S PLAYHOUSE LIVINGROOM ,2.0958847736625517,1332,2689.2000000000003,229,1.91,1.98,2.3,2.06,1.7, Competitive — Monitor,-1.0,,,MONITOR — No Clear Signal,0.0,2.1,0.0,0.0,-0.0,1332.0,2791.718518518519,2797.2000000000003,5.48
21765,HANGING METAL BIRD BATH,7.903125,347,2685.45,119,6.73,8.35,8.76,7.95,-0.6, Competitive — Monitor,-1.0,,,MONITOR — No Clear Signal,0.0,7.9,-0.0,0.0,-0.0,347.0,2742.384375,2741.3,-1.08
21471,STRAWBERRY RAFFIA FOOD COVER,3.733098591549296,743,2671.05,140,3.5,3.44,4.07,3.67,1.7, Competitive — Monitor,-1.0,,,MONITOR — No Clear Signal,0.0,3.73,-0.0,0.0,-0.0,743.0,2773.692253521127,2771.39,-2.3
22435,SET OF 9 HEART SHAPED BALLOONS,1.249260700389105,2148,2666.0,242,1.18,1.25,1.38,1.27,-1.6, Competitive — Monitor,-1.0,,,MONITOR — No Clear Signal,0.0,1.25,0.0,0.0,-0.0,2148.0,2683.4119844357974,2685.0,1.59
22245,"HOOK, 1 HANGER ,MAGIC GARDEN",0.8439393939393939,3252,2665.44,221,0.77,0.88,0.94,0.86,-1.9, Competitive — Monitor,-1.0,,,MONITOR — No Clear Signal,0.0,0.84,-0.0,0.0,-0.0,3252.0,2744.490909090909,2731.68,-12.81
22128,PARTY CONES CANDY ASSORTED,1.243719008264463,2228,2658.46,118,1.14,1.33,1.44,1.3,-4.3, Competitive — Monitor,-1.0,,,MONITOR — No Clear Signal,0.0,1.24,-0.0,0.0,-0.0,2228.0,2771.005950413223,2762.72,-8.29
84968E,S/16 VINTAGE BLACK CUTLERY,12.615,228,2647.7999999999997,40,11.89,13.44,14.21,13.18,-4.3, Competitive — Monitor,-1.0,,,MONITOR — No Clear Signal,0.0,12.62,0.0,0.0,-0.0,228.0,2876.2200000000003,2877.3599999999997,1.14
22729,ALARM CLOCK BAKELIKE ORANGE,3.7478313253012048,705,2642.31,162,3.45,3.94,4.47,3.95,-5.1, Competitive — Monitor,-1.0,,,MONITOR — No Clear Signal,0.0,3.75,0.0,0.0,-0.0,705.0,2642.2210843373496,2643.75,1.53
20966,SANDWICH BATH SPONGE,1.25,2101,2626.25,206,1.08,1.33,1.32,1.24,0.8, Competitive — Monitor,-1.0,,,MONITOR — No Clear Signal,0.0,1.25,0.0,0.0,-0.0,2101.0,2626.25,2626.25,0.0
71038,WHITE HANGING BEADS CANDLE HOLDER,5.4183168316831685,490,2609.7000000000003,99,4.92,5.16,6.1,5.39,0.5, Competitive — Monitor,-1.0,,,MONITOR — No Clear Signal,0.0,5.42,0.0,0.0,-0.0,490.0,2654.9752475247524,2655.8,0.82
21987,PACK OF 6 SKULL PAPER CUPS,0.6477033492822967,4291,2607.71,202,0.59,0.63,0.74,0.65,-0.4, Competitive — Monitor,-1.0,,,MONITOR — No Clear Signal,0.0,0.65,0.0,0.0,-0.0,4291.0,2779.295071770335,2789.15,9.85
84279P, CHERRY BLOSSOM  DECORATIVE FLASK,3.7258389261744966,726,2607.3,148,3.32,3.6,4.43,3.78,-1.4, Competitive — Monitor,-1.0,,,MONITOR — No Clear Signal,0.0,3.73,0.0,0.0,-0.0,726.0,2704.9590604026844,2707.98,3.02
21054,NURSE'S BAG SOFT TOY,8.943006993006993,293,2602.35,138,8.26,8.77,9.46,8.83,1.3, Competitive — Monitor,-1.0,,,MONITOR — No Clear Signal,0.0,8.94,-0.0,0.0,-0.0,293.0,2620.301048951049,2619.42,-0.88
84849B,FAIRY SOAP SOAP HOLDER,1.6804,1620,2596.68,174,1.59,1.65,1.91,1.72,-2.3, Competitive — Monitor,-1.0,,,MONITOR — No Clear Signal,0.0,1.68,-0.0,0.0,-0.0,1620.0,2722.248,2721.6,-0.65
21564,PINK  HEART SHAPE LOVE BUCKET ,2.9449044585987263,896,2595.2000000000003,155,2.78,2.97,3.47,3.07,-4.1, Competitive — Monitor,-1.0,,,MONITOR — No Clear Signal,0.0,2.94,-0.0,0.0,-0.0,896.0,2638.6343949044585,2634.24,-4.39
22177,5 HOOK BLACKBOARD ORGANISER ,9.876019417475728,301,2589.5899999999997,102,8.84,9.34,10.73,9.64,2.4, Competitive — Monitor,-1.0,,,MONITOR — No Clear Signal,0.0,9.88,0.0,0.0,-0.0,301.0,2972.681844660194,2973.88,1.2
21214,SET OF 72 IVORY PAPER DOILIES,1.4421875,1885,2579.6499999999996,125,1.24,1.49,1.7,1.48,-2.6, Competitive — Monitor,-1.0,,,MONITOR — No Clear Signal,0.0,1.44,-0.0,0.0,-0.0,1885.0,2718.5234375,2714.4,-4.12
21534,DAIRY MAID LARGE MILK JUG,4.904594594594594,544,2577.3,172,4.65,4.64,5.16,4.82,1.8, Competitive — Monitor,-1.0,,,MONITOR — No Clear Signal,0.0,4.9,-0.0,0.0,-0.0,544.0,2668.0994594594595,2665.6000000000004,-2.5
22145,CHRISTMAS CRAFT HEART STOCKING ,2.0915254237288137,1264,2574.4,169,1.95,2.03,2.43,2.14,-2.3, Competitive — Monitor,-1.0,,,MONITOR — No Clear Signal,0.0,2.09,-0.0,0.0,-0.0,1264.0,2643.6881355932205,2641.7599999999998,-1.93
21589,SWALLOW GIANT TUBE MATCHES,2.503448275862069,1115,2573.25,86,2.16,2.5,2.98,2.55,-1.8, Competitive — Monitor,-1.0,,,MONITOR — No Clear Signal,0.0,2.5,-0.0,0.0,-0.0,1115.0,2791.344827586207,2787.5,-3.84
72807B,SET/3 OCEAN SCENT CANDLE JEWEL BOX,4.20741935483871,636,2572.76,90,3.96,4.41,4.83,4.4,-4.4, Competitive — Monitor,-1.0,,,MONITOR — No Clear Signal,0.0,4.21,0.0,0.0,-0.0,636.0,2675.91870967742,2677.56,1.64
21351,CINAMMON & ORANGE WREATH,4.866363636363636,918,2572.5,109,4.56,5.05,5.43,5.01,-2.9, Competitive — Monitor,-1.0,,,MONITOR — No Clear Signal,0.0,4.87,0.0,0.0,-0.0,918.0,4467.321818181818,4470.66,3.34
84968A,S/16 VINTAGE ROSE CUTLERY,12.699295774647887,208,2565.6,71,11.45,13.0,13.42,12.62,0.6, Competitive — Monitor,-1.0,,,MONITOR — No Clear Signal,0.0,12.7,0.0,0.0,-0.0,208.0,2641.4535211267603,2641.6,0.15
22600,CHRISTMAS RETROSPOT STAR WOOD,0.8463551401869159,3125,2550.17,209,0.77,0.8,1.01,0.86,-1.6, Competitive — Monitor,-1.0,,,MONITOR — No Clear Signal,0.0,0.85,0.0,0.0,-0.0,3125.0,2644.8598130841124,2656.25,11.39
72802A,ROSE SCENT CANDLE IN JEWELLED BOX,4.228536585365854,616,2549.36,120,3.76,4.26,4.74,4.25,-0.5, Competitive — Monitor,-1.0,,,MONITOR — No Clear Signal,0.0,4.23,0.0,0.0,-0.0,616.0,2604.778536585366,2605.6800000000003,0.9
22175,PINK OWL SOFT TOY,2.931309523809524,929,2541.53,163,2.51,2.74,3.09,2.78,5.4, Competitive — Monitor,-1.0,,,MONITOR — No Clear Signal,0.0,2.93,-0.0,0.0,-0.0,929.0,2723.186547619048,2721.9700000000003,-1.22
21899,"KEY FOB , GARAGE DESIGN",0.648532110091743,4032,2537.1600000000003,314,0.57,0.64,0.75,0.65,-0.2, Competitive — Monitor,-1.0,,,MONITOR — No Clear Signal,0.0,0.65,0.0,0.0,-0.0,4032.0,2614.881467889908,2620.8,5.92
20963,APPLE BATH SPONGE,1.246020942408377,2101,2535.05,185,1.16,1.23,1.4,1.26,-1.1, Competitive — Monitor,-1.0,,,MONITOR — No Clear Signal,0.0,1.25,0.0,0.0,-0.0,2101.0,2617.8900000000003,2626.25,8.36
21473,SWEETHEART CREAM STEEL TABLE RECT,19.95,127,2533.65,68,16.97,18.48,21.32,18.92,5.4, Competitive — Monitor,-1.0,,,MONITOR — No Clear Signal,0.0,19.95,0.0,0.0,-0.0,127.0,2533.65,2533.65,0.0
85049B,LUSH GREENS RIBBONS,1.2487820512820513,2048,2530.36,306,1.1,1.2,1.35,1.22,2.4, Competitive — Monitor,-1.0,,,MONITOR — No Clear Signal,0.0,1.25,0.0,0.0,-0.0,2048.0,2557.505641025641,2560.0,2.49
21913,VINTAGE SEASIDE JIGSAW PUZZLES,3.732439024390244,705,2529.99,120,3.32,4.0,3.96,3.76,-0.7, Competitive — Monitor,-1.0,,,MONITOR — No Clear Signal,0.0,3.73,-0.0,0.0,-0.0,705.0,2631.369512195122,2629.65,-1.72
21068,VINTAGE BILLBOARD LOVE/HATE MUG,1.154640522875817,2692,2527.7400000000002,149,1.04,1.24,1.31,1.2,-3.8, Competitive — Monitor,-1.0,,,MONITOR — No Clear Signal,0.0,1.15,-0.0,0.0,-0.0,2692.0,3108.2922875816994,3095.7999999999997,-12.49
15044D,RED PAPER PARASOL,2.915811965811966,915,2520.05,115,2.75,2.85,3.33,2.98,-2.2, Competitive — Monitor,-1.0,,,MONITOR — No Clear Signal,0.0,2.92,0.0,0.0,-0.0,915.0,2667.967948717949,2671.7999999999997,3.83
22530,MAGIC DRAWING SLATE DOLLY GIRL ,0.416555023923445,6310,2505.48,204,0.37,0.39,0.47,0.41,1.6, Competitive — Monitor,-1.0,,,MONITOR — No Clear Signal,0.0,0.42,0.0,0.0,-0.0,6310.0,2628.462200956938,2650.2,21.74
22194,BLACK DINER WALL CLOCK,8.446875,304,2501.55,112,7.47,8.01,9.9,8.46,-0.2, Competitive — Monitor,-1.0,,,MONITOR — No Clear Signal,0.0,8.45,0.0,0.0,-0.0,304.0,2567.85,2568.7999999999997,0.95
21923,RED/CREAM STRIPE FRINGE HAMMOCK,7.876605504587157,327,2499.65,108,7.28,7.74,9.29,8.1,-2.8, Competitive — Monitor,-1.0,,,MONITOR — No Clear Signal,0.0,7.88,0.0,0.0,-0.0,327.0,2575.65,2576.7599999999998,1.11
21896,POTTING SHED TWINE,2.083076923076923,1366,2497.38,138,1.86,2.23,2.38,2.16,-3.6, Competitive — Monitor,-1.0,,,MONITOR — No Clear Signal,0.0,2.08,-0.0,0.0,-0.0,1366.0,2845.483076923077,2841.28,-4.2
21916,SET 12 RETRO WHITE CHALK STICKS,0.4184615384615385,6186,2495.88,300,0.37,0.39,0.44,0.4,4.6, Competitive — Monitor,-1.0,,,MONITOR — No Clear Signal,0.0,0.42,0.0,0.0,-0.0,6186.0,2588.603076923077,2598.12,9.52
20665,RED SPOTTY PURSE ,2.9423076923076925,847,2486.6500000000005,154,2.63,3.07,3.4,3.03,-2.9, Competitive — Monitor,-1.0,,,MONITOR — No Clear Signal,0.0,2.94,-0.0,0.0,-0.0,847.0,2492.1346153846157,2490.18,-1.95
16161P,WRAP ENGLISH ROSE ,0.41835897435897434,6072,2486.48,193,0.36,0.39,0.47,0.41,2.0, Competitive — Monitor,-1.0,,,MONITOR — No Clear Signal,0.0,0.42,0.0,0.0,-0.0,6072.0,2540.275692307692,2550.24,9.96
72349B,SET/6 PURPLE BUTTERFLY T-LIGHTS,2.0733766233766233,1259,2486.46,150,1.8,2.23,2.35,2.13,-2.7, Competitive — Monitor,-1.0,,,MONITOR — No Clear Signal,0.0,2.07,-0.0,0.0,-0.0,1259.0,2610.381168831169,2606.1299999999997,-4.25
22938,CUPCAKE LACE PAPER SET 6,1.9141304347826087,1369,2482.35,91,1.72,1.88,2.2,1.93,-0.8, Competitive — Monitor,-1.0,,,MONITOR — No Clear Signal,0.0,1.91,-0.0,0.0,-0.0,1369.0,2620.4445652173913,2614.79,-5.65
22610,PENS ASSORTED FUNNY FACE,0.8475471698113208,3096,2481.8399999999997,53,0.76,0.88,0.93,0.86,-1.4, Competitive — Monitor,-1.0,,,MONITOR — No Clear Signal,0.0,0.85,0.0,0.0,-0.0,3096.0,2624.006037735849,2631.6,7.59
22862,LOVE HEART NAPKIN BOX ,4.246644295302014,586,2474.5,144,4.0,4.14,5.04,4.39,-3.3, Competitive — Monitor,-1.0,,,MONITOR — No Clear Signal,0.0,4.25,0.0,0.0,-0.0,586.0,2488.53355704698,2490.5,1.97
21486,PINK HEART DOTS HOT WATER BOTTLE,3.6296511627906973,843,2474.37,168,3.22,3.7,3.88,3.6,0.8, Competitive — Monitor,-1.0,,,MONITOR — No Clear Signal,0.0,3.63,0.0,0.0,-0.0,843.0,3059.795930232558,3060.0899999999997,0.29
21470,FLOWER VINE RAFFIA FOOD COVER,3.7350931677018635,690,2472.3,157,3.39,3.55,4.3,3.75,-0.4, Competitive — Monitor,-1.0,,,MONITOR — No Clear Signal,0.0,3.74,0.0,0.0,-0.0,690.0,2577.214285714286,2580.6000000000004,3.39
22136,LOVE HEART SOCK HANGER,1.6432432432432431,1554,2468.1,142,1.5,1.55,1.73,1.59,3.3, Competitive — Monitor,-1.0,,,MONITOR — No Clear Signal,0.0,1.64,-0.0,0.0,-0.0,1554.0,2553.6,2548.56,-5.04
21360,JOY LARGE WOOD LETTERS,9.590123456790122,399,2467.05,80,8.16,10.26,11.4,9.94,-3.5, Competitive — Monitor,-1.0,,,MONITOR — No Clear Signal,0.0,9.59,-0.0,0.0,-0.0,399.0,3826.459259259259,3826.41,-0.05
20977,36 PENCILS TUBE WOODLAND,1.2491739130434782,1975,2465.71,221,1.14,1.33,1.33,1.27,-1.6, Competitive — Monitor,-1.0,,,MONITOR — No Clear Signal,0.0,1.25,0.0,0.0,-0.0,1975.0,2467.1184782608693,2468.75,1.63
22374,AIRLINE BAG VINTAGE JET SET RED,5.439119170984456,461,2454.25,191,4.72,5.78,5.79,5.43,0.2, Competitive — Monitor,-1.0,,,MONITOR — No Clear Signal,0.0,5.44,0.0,0.0,-0.0,461.0,2507.433937823834,2507.84,0.41
21112,"SWISS ROLL TOWEL, PINK  SPOTS",2.9267441860465118,840,2444.4000000000005,85,2.77,2.99,3.22,2.99,-2.1, Competitive — Monitor,-1.0,,,MONITOR — No Clear Signal,0.0,2.93,0.0,0.0,-0.0,840.0,2458.4651162790697,2461.2000000000003,2.73
21506,"FANCY FONT BIRTHDAY CARD, ",0.4167721518987341,6098,2440.92,309,0.36,0.44,0.46,0.42,-0.8, Competitive — Monitor,-1.0,,,MONITOR — No Clear Signal,0.0,0.42,0.0,0.0,-0.0,6098.0,2541.4765822784807,2561.16,19.68
22415,WHITE TISSUE REAM,7.95,307,2440.65,197,7.09,7.4,8.6,7.7,3.2, Competitive — Monitor,-1.0,,,MONITOR — No Clear Signal,0.0,7.95,0.0,0.0,-0.0,307.0,2440.65,2440.65,0.0
21717,EASTER TIN BUCKET,2.5079439252336444,1003,2431.65,105,2.15,2.44,2.85,2.48,1.1, Competitive — Monitor,-1.0,,,MONITOR — No Clear Signal,0.0,2.51,0.0,0.0,-0.0,1003.0,2515.4677570093454,2517.5299999999997,2.06
22661,CHARLOTTE BAG DOLLY GIRL DESIGN,0.8405797101449275,3058,2430.3,201,0.8,0.82,0.94,0.85,-1.1, Competitive — Monitor,-1.0,,,MONITOR — No Clear Signal,0.0,0.84,-0.0,0.0,-0.0,3058.0,2570.4927536231885,2568.72,-1.77
22732,3D VINTAGE CHRISTMAS STICKERS ,1.2441984732824427,2021,2428.21,126,1.12,1.27,1.31,1.23,1.2, Competitive — Monitor,-1.0,,,MONITOR — No Clear Signal,0.0,1.24,-0.0,0.0,-0.0,2021.0,2514.525114503817,2506.04,-8.49
22291,"SPRING DEC , HANGING CHICK CREAM",1.4064516129032258,1877,2426.45,119,1.28,1.37,1.54,1.4,0.5, Competitive — Monitor,-1.0,,,MONITOR — No Clear Signal,0.0,1.41,0.0,0.0,-0.0,1877.0,2639.909677419355,2646.5699999999997,6.66
22075,6 RIBBONS ELEGANT CHRISTMAS ,1.6435064935064934,1527,2418.7499999999995,149,1.41,1.55,1.93,1.63,0.8, Competitive — Monitor,-1.0,,,MONITOR — No Clear Signal,0.0,1.64,-0.0,0.0,-0.0,1527.0,2509.6344155844154,2504.2799999999997,-5.35
22433,WATERING CAN GREEN DINOSAUR,1.9270930232558139,1372,2418.54,166,1.78,1.96,2.22,1.99,-3.2, Competitive — Monitor,-1.0,,,MONITOR — No Clear Signal,0.0,1.93,0.0,0.0,-0.0,1372.0,2643.9716279069767,2647.96,3.99
84509F,NEW ENGLAND PLACEMATS,3.6802325581395348,2776,2418.0,43,3.21,3.87,4.26,3.78,-2.6, Competitive — Monitor,-1.0,,,MONITOR — No Clear Signal,0.0,3.68,-0.0,0.0,-0.0,2776.0,10216.32558139535,10215.68,-0.65
21249,WOODLAND  HEIGHT CHART STICKERS ,2.907105263157895,906,2414.7000000000003,112,2.73,2.85,3.36,2.98,-2.4, Competitive — Monitor,-1.0,,,MONITOR — No Clear Signal,0.0,2.91,0.0,0.0,-0.0,906.0,2633.837368421053,2636.46,2.62
16161U,"WRAP,SUKI AND FRIENDS",0.416972972972973,5976,2407.92,185,0.36,0.39,0.46,0.4,4.2, Competitive — Monitor,-1.0,,,MONITOR — No Clear Signal,0.0,0.42,0.0,0.0,-0.0,5976.0,2491.8304864864867,2509.92,18.09
21653,GLASS ETCHED T-LIGHT HOLDER LARGE,2.081651376146789,1208,2407.8,100,1.81,1.98,2.22,2.0,4.1, Competitive — Monitor,-1.0,,,MONITOR — No Clear Signal,0.0,2.08,-0.0,0.0,-0.0,1208.0,2514.6348623853214,2512.64,-1.99
85041,SET/4 PINK ORCHID CANDLES IN BOWL,1.6204597701149424,1823,2406.0299999999997,79,1.38,1.55,1.77,1.57,3.2, Competitive — Monitor,-1.0,,,MONITOR — No Clear Signal,0.0,1.62,-0.0,0.0,-0.0,1823.0,2954.09816091954,2953.26,-0.84
21714,CITRONELLA CANDLE GARDEN POT,1.2315121951219512,2311,2399.87,197,1.1,1.19,1.45,1.25,-1.5, Competitive — Monitor,-1.0,,,MONITOR — No Clear Signal,0.0,1.23,-0.0,0.0,-0.0,2311.0,2846.0246829268294,2842.5299999999997,-3.49
82581,TOILET METAL SIGN,0.5492427616926504,4479,2397.4900000000002,434,0.5,0.56,0.66,0.57,-3.6, Competitive — Monitor,-1.0,,,MONITOR — No Clear Signal,0.0,0.55,0.0,0.0,-0.0,4479.0,2460.0583296213813,2463.4500000000003,3.39
22589,CARDHOLDER GINGHAM STAR,2.5470198675496687,957,2397.15,145,2.18,2.59,2.86,2.54,0.3, Competitive — Monitor,-1.0,,,MONITOR — No Clear Signal,0.0,2.55,0.0,0.0,-0.0,957.0,2437.498013245033,2440.35,2.85
21648,ASSORTED TUTTI FRUTTI SMALL PURSE,1.2398936170212767,1992,2394.2400000000002,90,1.15,1.28,1.3,1.24,-0.0, Competitive — Monitor,-1.0,,,MONITOR — No Clear Signal,0.0,1.24,0.0,0.0,-0.0,1992.0,2469.868085106383,2470.08,0.21
22162,HEART GARLAND RUSTIC PADDED,2.946521739130435,831,2393.85,108,2.64,2.88,3.16,2.89,2.0, Competitive — Monitor,-1.0,,,MONITOR — No Clear Signal,0.0,2.95,0.0,0.0,-0.0,831.0,2448.5595652173915,2451.4500000000003,2.89
18098C,PORCELAIN BUTTERFLY OIL BURNER,2.889622641509434,963,2389.65,146,2.61,3.04,3.17,2.94,-1.7, Competitive — Monitor,-1.0,,,MONITOR — No Clear Signal,0.0,2.89,0.0,0.0,-0.0,963.0,2782.706603773585,2783.07,0.36
22334,DINOSAUR PARTY BAG + STICKER SET,1.6400621118012424,1530,2388.5,157,1.47,1.56,1.86,1.63,0.6, Competitive — Monitor,-1.0,,,MONITOR — No Clear Signal,0.0,1.64,-0.0,0.0,-0.0,1530.0,2509.295031055901,2509.2,-0.1
82597,BOMBS AWAY METAL SIGN,2.0830177514792902,1179,2387.34,163,1.85,2.07,2.21,2.04,2.1, Competitive — Monitor,-1.0,,,MONITOR — No Clear Signal,0.0,2.08,-0.0,0.0,-0.0,1179.0,2455.877928994083,2452.32,-3.56
22431,WATERING CAN BLUE ELEPHANT,1.9473684210526316,1233,2386.35,226,1.76,2.04,2.32,2.04,-4.5, Competitive — Monitor,-1.0,,,MONITOR — No Clear Signal,0.0,1.95,0.0,0.0,-0.0,1233.0,2401.105263157895,2404.35,3.24
22174,PHOTO CUBE,1.6381645569620251,1497,2378.2499999999995,151,1.42,1.55,1.81,1.59,3.0, Competitive — Monitor,-1.0,,,MONITOR — No Clear Signal,0.0,1.64,0.0,0.0,-0.0,1497.0,2452.3323417721517,2455.08,2.75
22460,EMBOSSED GLASS TEALIGHT HOLDER,1.2441984732824427,1933,2359.25,130,1.08,1.17,1.48,1.24,0.3, Competitive — Monitor,-1.0,,,MONITOR — No Clear Signal,0.0,1.24,-0.0,0.0,-0.0,1933.0,2405.035648854962,2396.92,-8.12
22895,SET OF 2 TEA TOWELS APPLE AND PEARS,2.946899224806202,813,2358.3500000000004,122,2.76,3.13,3.44,3.11,-5.2, Competitive — Monitor,-1.0,,,MONITOR — No Clear Signal,0.0,2.95,0.0,0.0,-0.0,813.0,2395.829069767442,2398.3500000000004,2.52
22691,DOORMAT WELCOME SUNRISE,7.5519101123595505,377,2357.01,88,7.13,7.36,8.79,7.76,-2.7, Competitive — Monitor,-1.0,,,MONITOR — No Clear Signal,0.0,7.55,-0.0,0.0,-0.0,377.0,2847.0701123595504,2846.35,-0.72
22574,HEART WOODEN CHRISTMAS DECORATION,0.848452380952381,2828,2353.8799999999997,164,0.75,0.87,0.97,0.86,-1.3, Competitive — Monitor,-1.0,,,MONITOR — No Clear Signal,0.0,0.85,0.0,0.0,-0.0,2828.0,2399.423333333333,2403.7999999999997,4.38
22146,EASTER CRAFT IVY WREATH WITH CHICK,1.9121359223300969,1346,2348.7,98,1.68,1.77,2.19,1.88,1.7, Competitive — Monitor,-1.0,,,MONITOR — No Clear Signal,0.0,1.91,-0.0,0.0,-0.0,1346.0,2573.7349514563102,2570.8599999999997,-2.87
21245,GREEN  SPOTTY PLATE ,1.6841104294478526,1442,2344.8199999999997,157,1.54,1.74,1.93,1.74,-3.2, Competitive — Monitor,-1.0,,,MONITOR — No Clear Signal,0.0,1.68,-0.0,0.0,-0.0,1442.0,2428.4872392638035,2422.56,-5.93
22241,"GARLAND , WOODEN  "" HAPPY EASTER""",1.2457714285714285,2048,2340.28,171,1.11,1.21,1.43,1.25,-0.3, Competitive — Monitor,-1.0,,,MONITOR — No Clear Signal,0.0,1.25,0.0,0.0,-0.0,2048.0,2551.3398857142856,2560.0,8.66
37501,TEA TIME TEA SET IN GIFT BOX,6.941735537190083,340,2339.0,118,5.92,6.45,7.87,6.75,2.8, Competitive — Monitor,-1.0,,,MONITOR — No Clear Signal,0.0,6.94,-0.0,0.0,-0.0,340.0,2360.190082644628,2359.6,-0.59
21313,GLASS HEART T-LIGHT HOLDER ,0.8252941176470587,3128,2333.93,133,0.71,0.84,0.99,0.85,-2.9, Competitive — Monitor,-1.0,,,MONITOR — No Clear Signal,0.0,0.83,0.0,0.0,-0.0,3128.0,2581.5199999999995,2596.24,14.72
22594,CHRISTMAS GINGHAM TREE,0.8485142857142858,2786,2330.66,174,0.78,0.81,0.98,0.86,-1.3, Competitive — Monitor,-1.0,,,MONITOR — No Clear Signal,0.0,0.85,0.0,0.0,-0.0,2786.0,2363.9608000000003,2368.1,4.14
22596,CHRISTMAS STAR WISH LIST CHALKBOARD,0.8470114942528736,2830,2330.62,168,0.78,0.83,0.99,0.87,-2.6, Competitive — Monitor,-1.0,,,MONITOR — No Clear Signal,0.0,0.85,0.0,0.0,-0.0,2830.0,2397.0425287356325,2405.5,8.46
22578,WOODEN STAR CHRISTMAS SCANDINAVIAN,0.85,2739,2328.15,243,0.72,0.79,1.0,0.84,1.2, Competitive — Monitor,-1.0,,,MONITOR — No Clear Signal,0.0,0.85,0.0,0.0,-0.0,2739.0,2328.15,2328.15,0.0
20886,BOX OF 9 PEBBLE CANDLES,1.9347457627118643,1241,2323.65,168,1.69,1.83,2.09,1.87,3.5, Competitive — Monitor,-1.0,,,MONITOR — No Clear Signal,0.0,1.93,-0.0,0.0,-0.0,1241.0,2401.0194915254237,2395.13,-5.89
46000M,POLYESTER FILLER PAD 45x45cm,1.5500000000000003,1497,2320.35,213,1.35,1.5,1.65,1.5,3.3, Competitive — Monitor,-1.0,,,MONITOR — No Clear Signal,0.0,1.55,-0.0,0.0,-0.0,1497.0,2320.3500000000004,2320.35,-0.0
21116,OWL DOORSTOP,4.934558823529412,483,2319.4500000000003,135,4.53,4.61,5.54,4.89,0.9, Competitive — Monitor,-1.0,,,MONITOR — No Clear Signal,0.0,4.93,-0.0,0.0,-0.0,483.0,2383.391911764706,2381.19,-2.2
22320,BIRDS MOBILE VINTAGE DESIGN,5.935294117647058,399,2314.05,101,5.06,6.33,6.69,6.03,-1.6, Competitive — Monitor,-1.0,,,MONITOR — No Clear Signal,0.0,5.94,0.0,0.0,-0.0,399.0,2368.1823529411763,2370.06,1.88
37502,TEA TIME MUG IN GIFT BOX,2.9421568627450982,810,2312.7000000000003,148,2.53,2.71,3.46,2.9,1.5, Competitive — Monitor,-1.0,,,MONITOR — No Clear Signal,0.0,2.94,-0.0,0.0,-0.0,810.0,2383.1470588235297,2381.4,-1.75
21924,BLUE/CREAM STRIPE FRINGE HAMMOCK,7.870353982300885,304,2307.8,112,7.32,7.85,8.79,7.99,-1.5, Competitive — Monitor,-1.0,,,MONITOR — No Clear Signal,0.0,7.87,-0.0,0.0,-0.0,304.0,2392.587610619469,2392.48,-0.11
21878,PACK OF 6 SANDCASTLE FLAGS ASSORTED,0.8437241379310345,2995,2307.0699999999997,140,0.73,0.79,0.96,0.83,1.7, Competitive — Monitor,-1.0,,,MONITOR — No Clear Signal,0.0,0.84,-0.0,0.0,-0.0,2995.0,2526.9537931034483,2515.7999999999997,-11.15
35924,HANGING FAIRY CAKE DECORATION,2.0344,1284,2302.8,70,1.86,1.97,2.3,2.04,-0.3, Competitive — Monitor,-1.0,,,MONITOR — No Clear Signal,0.0,2.03,-0.0,0.0,-0.0,1284.0,2612.1696,2606.5199999999995,-5.65
10135,COLOURING PENCILS BROWN TUBE,1.2444525547445255,1982,2302.7,136,1.09,1.33,1.31,1.24,0.4, Competitive — Monitor,-1.0,,,MONITOR — No Clear Signal,0.0,1.24,-0.0,0.0,-0.0,1982.0,2466.50496350365,2457.68,-8.82
22601,CHRISTMAS RETROSPOT ANGEL WOOD,0.8473333333333333,2815,2299.1499999999996,192,0.73,0.8,0.97,0.83,2.1, Competitive — Monitor,-1.0,,,MONITOR — No Clear Signal,0.0,0.85,0.0,0.0,-0.0,2815.0,2385.2433333333333,2392.75,7.51
22733,3D STICKERS TRADITIONAL CHRISTMAS ,1.2456153846153846,1881,2292.73,125,1.09,1.34,1.46,1.3,-4.2, Competitive — Monitor,-1.0,,,MONITOR — No Clear Signal,0.0,1.25,0.0,0.0,-0.0,1881.0,2343.0025384615383,2351.25,8.25
21431,GREEN GINGHAM FLOWER JEWELLERY BOX,1.6482608695652172,1417,2290.0499999999997,225,1.52,1.57,1.77,1.62,1.7, Competitive — Monitor,-1.0,,,MONITOR — No Clear Signal,0.0,1.65,0.0,0.0,-0.0,1417.0,2335.585652173913,2338.0499999999997,2.46
85206B,PINK FELT EASTER EGG BASKET,1.6376543209876544,1465,2288.45,158,1.53,1.7,1.87,1.7,-3.7, Competitive — Monitor,-1.0,,,MONITOR — No Clear Signal,0.0,1.64,0.0,0.0,-0.0,1465.0,2399.1635802469136,2402.6,3.44
22767,TRIPLE PHOTO FRAME CORNICE ,9.913749999999999,233,2271.95,79,9.25,9.99,11.29,10.18,-2.6, Competitive — Monitor,-1.0,,,MONITOR — No Clear Signal,0.0,9.91,-0.0,0.0,-0.0,233.0,2309.9037499999995,2309.03,-0.87
85232D,SET/3 DECOUPAGE STACKING TINS,4.928787878787879,478,2265.3,124,4.39,5.23,5.3,4.97,-0.8, Competitive — Monitor,-1.0,,,MONITOR — No Clear Signal,0.0,4.93,0.0,0.0,-0.0,478.0,2355.960606060606,2356.54,0.58
22906,12 MESSAGE CARDS WITH ENVELOPES,1.644949494949495,1415,2262.75,169,1.51,1.66,1.76,1.64,0.3, Competitive — Monitor,-1.0,,,MONITOR — No Clear Signal,0.0,1.64,-0.0,0.0,-0.0,1415.0,2327.6035353535353,2320.6,-7.0
20982,12 PENCILS TALL TUBE SKULLS,0.8486868686868687,2659,2255.47,283,0.74,0.85,1.02,0.87,-2.4, Competitive — Monitor,-1.0,,,MONITOR — No Clear Signal,0.0,0.85,0.0,0.0,-0.0,2659.0,2256.658383838384,2260.15,3.49
21324,HANGING MEDINA LANTERN SMALL,2.924786324786325,885,2254.35,108,2.57,2.78,3.24,2.86,2.3, Competitive — Monitor,-1.0,,,MONITOR — No Clear Signal,0.0,2.92,-0.0,0.0,-0.0,885.0,2588.4358974358975,2584.2,-4.24
22591,CARDHOLDER GINGHAM CHRISTMAS TREE,2.542173913043478,922,2253.9,112,2.39,2.41,2.76,2.52,0.9, Competitive — Monitor,-1.0,,,MONITOR — No Clear Signal,0.0,2.54,-0.0,0.0,-0.0,922.0,2343.884347826087,2341.88,-2.0
22284,HEN HOUSE DECORATION,1.6440140845070421,1482,2247.8999999999996,135,1.4,1.75,1.77,1.64,0.2, Competitive — Monitor,-1.0,,,MONITOR — No Clear Signal,0.0,1.64,-0.0,0.0,-0.0,1482.0,2436.4288732394366,2430.48,-5.95
22796,PHOTO FRAME 3 CLASSIC HANGING,9.916279069767441,231,2246.25,85,8.51,9.64,11.41,9.85,0.7, Competitive — Monitor,-1.0,,,MONITOR — No Clear Signal,0.0,9.92,0.0,0.0,-0.0,231.0,2290.660465116279,2291.52,0.86
22961,JAM MAKING SET PRINTED,1.4479999999999997,1562,2245.7,98,1.26,1.42,1.65,1.44,0.6, Competitive — Monitor,-1.0,,,MONITOR — No Clear Signal,0.0,1.45,0.0,0.0,-0.0,1562.0,2261.7759999999994,2264.9,3.12
21203,BUTTERFLIES  HONEYCOMB GARLAND,1.6336363636363636,1447,2243.5499999999997,106,1.39,1.7,1.87,1.65,-1.0, Competitive — Monitor,-1.0,,,MONITOR — No Clear Signal,0.0,1.63,-0.0,0.0,-0.0,1447.0,2363.871818181818,2358.6099999999997,-5.26
22458,CAST IRON HOOK GARDEN FORK,2.5367605633802817,980,2243.48,140,2.2,2.47,2.7,2.46,3.1, Competitive — Monitor,-1.0,,,MONITOR — No Clear Signal,0.0,2.54,0.0,0.0,-0.0,980.0,2486.025352112676,2489.2,3.17
72802B,OCEAN SCENT CANDLE IN JEWELLED BOX,4.235691056910569,540,2240.44,121,3.85,4.54,5.02,4.47,-5.2, Competitive — Monitor,-1.0,,,MONITOR — No Clear Signal,0.0,4.24,0.0,0.0,-0.0,540.0,2287.273170731707,2289.6,2.33
84795C,OCEAN STRIPE HAMMOCK ,7.892857142857143,292,2237.4,104,7.04,8.19,8.75,7.99,-1.2, Competitive — Monitor,-1.0,,,MONITOR — No Clear Signal,0.0,7.89,-0.0,0.0,-0.0,292.0,2304.714285714286,2303.88,-0.83
21469,POLKA DOT RAFFIA FOOD COVER,3.6037037037037036,849,2236.95,108,3.38,3.66,3.95,3.66,-1.5, Competitive — Monitor,-1.0,,,MONITOR — No Clear Signal,0.0,3.6,-0.0,0.0,-0.0,849.0,3059.5444444444443,3056.4,-3.14
22459,CAST IRON HOOK GARDEN TROWEL,2.536474820143885,973,2232.83,136,2.36,2.69,2.84,2.63,-3.6, Competitive — Monitor,-1.0,,,MONITOR — No Clear Signal,0.0,2.54,0.0,0.0,-0.0,973.0,2467.9900000000002,2471.42,3.43
85049C,ROMANTIC PINKS RIBBONS ,1.2492962962962963,1784,2227.72,261,1.1,1.16,1.38,1.21,3.2, Competitive — Monitor,-1.0,,,MONITOR — No Clear Signal,0.0,1.25,0.0,0.0,-0.0,1784.0,2228.7445925925927,2230.0,1.26
22067,CHOC TRUFFLE GOLD TRINKET POT ,1.631560283687943,1424,2227.2,134,1.43,1.57,1.92,1.64,-0.5, Competitive — Monitor,-1.0,,,MONITOR — No Clear Signal,0.0,1.63,-0.0,0.0,-0.0,1424.0,2323.341843971631,2321.12,-2.22
21437,24 HANGING EASTER EGGS FLORAL TUB,3.7346153846153842,655,2225.85,99,3.32,3.71,4.44,3.82,-2.2, Competitive — Monitor,-1.0,,,MONITOR — No Clear Signal,0.0,3.73,-0.0,0.0,-0.0,655.0,2446.1730769230767,2443.15,-3.02
21876,POTTERING MUG,1.2473611111111111,1801,2221.61,213,1.13,1.19,1.37,1.23,1.4, Competitive — Monitor,-1.0,,,MONITOR — No Clear Signal,0.0,1.25,0.0,0.0,-0.0,1801.0,2246.4973611111113,2251.25,4.75
22653,BUTTON BOX ,1.947560975609756,1170,2221.5,122,1.71,2.02,2.3,2.01,-3.1, Competitive — Monitor,-1.0,,,MONITOR — No Clear Signal,0.0,1.95,0.0,0.0,-0.0,1170.0,2278.6463414634145,2281.5,2.85
21323,HANGING MEDINA LANTERN LARGE,4.174137931034482,708,2218.25,54,3.81,4.45,4.87,4.38,-4.7, Competitive — Monitor,-1.0,,,MONITOR — No Clear Signal,0.0,4.17,-0.0,0.0,-0.0,708.0,2955.2896551724134,2952.36,-2.93
85049D,BRIGHT BLUES RIBBONS ,1.249330985915493,1792,2212.64,275,1.11,1.23,1.49,1.28,-2.4, Competitive — Monitor,-1.0,,,MONITOR — No Clear Signal,0.0,1.25,0.0,0.0,-0.0,1792.0,2238.8011267605634,2240.0,1.2
21246,RED SPOTTY BIG BOWL,4.942929292929293,449,2205.75,99,4.47,4.82,5.37,4.89,1.1, Competitive — Monitor,-1.0,,,MONITOR — No Clear Signal,0.0,4.94,-0.0,0.0,-0.0,449.0,2219.3752525252526,2218.0600000000004,-1.32
22603,CHRISTMAS RETROSPOT TREE WOOD,0.8465608465608465,2719,2205.0699999999997,185,0.76,0.91,0.96,0.88,-3.8, Competitive — Monitor,-1.0,,,MONITOR — No Clear Signal,0.0,0.85,0.0,0.0,-0.0,2719.0,2301.7989417989415,2311.15,9.35
21540,DAIRY MAID CERAMIC BUTTER DISH,4.19,1300,2204.0,73,3.68,4.15,4.57,4.13,1.5, Competitive — Monitor,-1.0,,,MONITOR — No Clear Signal,0.0,4.19,0.0,0.0,-0.0,1300.0,5447.000000000001,5447.000000000001,0.0
22564,ALPHABET STENCIL CRAFT,1.2428301886792454,1907,2199.07,156,1.17,1.24,1.46,1.29,-3.7, Competitive — Monitor,-1.0,,,MONITOR — No Clear Signal,0.0,1.24,-0.0,0.0,-0.0,1907.0,2370.0771698113213,2364.68,-5.4
85114B,IVORY ENCHANTED FOREST PLACEMAT,1.6429203539823007,1399,2196.35,109,1.52,1.6,1.73,1.62,1.4, Competitive — Monitor,-1.0,,,MONITOR — No Clear Signal,0.0,1.64,-0.0,0.0,-0.0,1399.0,2298.445575221239,2294.3599999999997,-4.09
22827,GIANT SEVENTEEN DRAWER SIDEBOARD,159.54545454545453,14,2190.0,11,137.85,170.0,181.04,162.96,-2.1, Competitive — Monitor,-1.0,,,MONITOR — No Clear Signal,0.0,159.55,0.0,0.0,-0.0,14.0,2233.6363636363635,2233.7000000000003,0.06
22960,JAM MAKING SET WITH JARS,4.155797101449275,551,2188.75,67,3.89,4.2,4.58,4.22,-1.5, Competitive — Monitor,-1.0,,,MONITOR — No Clear Signal,0.0,4.16,0.0,0.0,-0.0,551.0,2289.8442028985505,2292.16,2.32
21709,FOLDING UMBRELLA  CHOC/WHITE  SPOT,4.700980392156863,557,2187.15,50,4.22,4.9,5.16,4.76,-1.2, Competitive — Monitor,-1.0,,,MONITOR — No Clear Signal,0.0,4.7,-0.0,0.0,-0.0,557.0,2618.446078431373,2617.9,-0.55
84840,SWEETHEART CARRY-ALL BASKET,8.458870967741936,262,2186.2,123,7.95,8.88,9.7,8.84,-4.3, Competitive — Monitor,-1.0,,,MONITOR — No Clear Signal,0.0,8.46,0.0,0.0,-0.0,262.0,2216.224193548387,2216.5200000000004,0.3
22672,FRENCH BATHROOM SIGN BLUE METAL,1.645945945945946,1357,2181.45,143,1.53,1.6,1.94,1.69,-2.6, Competitive — Monitor,-1.0,,,MONITOR — No Clear Signal,0.0,1.65,0.0,0.0,-0.0,1357.0,2233.548648648649,2239.0499999999997,5.5
22227,"DECORATION, HANGING HEART+MIRROR ",0.6486899563318778,3363,2178.75,217,0.58,0.64,0.74,0.65,-0.2, Competitive — Monitor,-1.0,,,MONITOR — No Clear Signal,0.0,0.65,0.0,0.0,-0.0,3363.0,2181.544323144105,2185.9500000000003,4.41
79072,TEATIME CAKE TIN WITH HANDLE,9.715625,231,2178.45,63,8.28,10.26,11.44,9.99,-2.7, Competitive — Monitor,-1.0,,,MONITOR — No Clear Signal,0.0,9.72,0.0,0.0,-0.0,231.0,2244.309375,2245.32,1.01
22450,SILK PURSE RUSSIAN DOLL BLUE,3.346923076923077,655,2170.25,125,2.93,3.27,3.65,3.28,2.0, Competitive — Monitor,-1.0,,,MONITOR — No Clear Signal,0.0,3.35,0.0,0.0,-0.0,655.0,2192.2346153846156,2194.25,2.02
20981,12 PENCILS TALL TUBE WOODLAND,0.8483261802575107,2641,2169.97,228,0.77,0.89,0.96,0.87,-2.5, Competitive — Monitor,-1.0,,,MONITOR — No Clear Signal,0.0,0.85,0.0,0.0,-0.0,2641.0,2240.429442060086,2244.85,4.42
20960,WATERMELON BATH SPONGE,1.2486805555555556,1739,2169.95,141,1.14,1.34,1.4,1.29,-3.2, Competitive — Monitor,-1.0,,,MONITOR — No Clear Signal,0.0,1.25,0.0,0.0,-0.0,1739.0,2171.455486111111,2173.75,2.29
22482,BLUE TEA TOWEL CLASSIC DESIGN,1.2422222222222221,1838,2169.82,163,1.09,1.27,1.31,1.22,1.8, Competitive — Monitor,-1.0,,,MONITOR — No Clear Signal,0.0,1.24,-0.0,0.0,-0.0,1838.0,2283.204444444444,2279.12,-4.08
85014C,BLUE/BROWN DOTS RUFFLED UMBRELLA,5.843846153846155,539,2167.85,65,5.05,6.07,6.62,5.91,-1.1, Competitive — Monitor,-1.0,,,MONITOR — No Clear Signal,0.0,5.84,-0.0,0.0,-0.0,539.0,3149.8330769230774,3147.7599999999998,-2.07
21681,GIANT MEDINA STAMPED METAL BOWL ,9.891216216216215,228,2164.2,72,9.23,10.37,11.37,10.32,-4.2, Competitive — Monitor,-1.0,,,MONITOR — No Clear Signal,0.0,9.89,-0.0,0.0,-0.0,228.0,2255.197297297297,2254.92,-0.28
22398,MAGNETS PACK OF 4 SWALLOWS,1.247877094972067,1733,2159.41,173,1.18,1.32,1.42,1.31,-4.7, Competitive — Monitor,-1.0,,,MONITOR — No Clear Signal,0.0,1.25,0.0,0.0,-0.0,1733.0,2162.571005586592,2166.25,3.68
22736,"RIBBON REEL, MAKING SNOWMEN ",1.6488165680473372,1323,2158.95,163,1.49,1.62,1.91,1.67,-1.3, Competitive — Monitor,-1.0,,,MONITOR — No Clear Signal,0.0,1.65,0.0,0.0,-0.0,1323.0,2181.384319526627,2182.95,1.57
21830,ASSORTED CREEPY CRAWLIES,0.4184210526315789,5245,2158.2599999999998,148,0.36,0.39,0.48,0.41,2.1, Competitive — Monitor,-1.0,,,MONITOR — No Clear Signal,0.0,0.42,0.0,0.0,-0.0,5245.0,2194.618421052631,2202.9,8.28
20674,GREEN SPOTTY BOWL,1.2465296803652968,1770,2157.78,215,1.09,1.23,1.32,1.21,3.0, Competitive — Monitor,-1.0,,,MONITOR — No Clear Signal,0.0,1.25,0.0,0.0,-0.0,1770.0,2206.357534246575,2212.5,6.14
35001W,HAND OPEN SHAPE DECO.WHITE,3.4111504424778762,748,2156.2000000000003,107,2.91,3.51,3.64,3.35,1.8, Competitive — Monitor,-1.0,,,MONITOR — No Clear Signal,0.0,3.41,-0.0,0.0,-0.0,748.0,2551.5405309734515,2550.6800000000003,-0.86
84279B,CHERRY BLOSSOM DECORATIVE FLASK,3.7225190839694653,598,2153.2200000000003,131,3.5,3.69,4.24,3.81,-2.3, Competitive — Monitor,-1.0,,,MONITOR — No Clear Signal,0.0,3.72,-0.0,0.0,-0.0,598.0,2226.06641221374,2224.56,-1.51
22309,TEA COSY RED  STRIPE,2.5247663551401867,918,2149.2,105,2.18,2.63,2.76,2.52,0.2, Competitive — Monitor,-1.0,,,MONITOR — No Clear Signal,0.0,2.52,-0.0,0.0,-0.0,918.0,2317.7355140186914,2313.36,-4.38
22445,PENCIL CASE LIFE IS BEAUTIFUL,2.9440298507462686,735,2146.65,125,2.67,2.88,3.13,2.89,1.9, Competitive — Monitor,-1.0,,,MONITOR — No Clear Signal,0.0,2.94,-0.0,0.0,-0.0,735.0,2163.8619402985073,2160.9,-2.96
22536,MAGIC DRAWING SLATE PURDEY,0.4176699029126213,5369,2142.42,193,0.37,0.43,0.47,0.42,-0.6, Competitive — Monitor,-1.0,,,MONITOR — No Clear Signal,0.0,0.42,0.0,0.0,-0.0,5369.0,2242.4697087378636,2254.98,12.51
21330,WOODLAND ANIMAL  WRITING SET ,1.6454887218045113,1361,2139.6499999999996,127,1.49,1.56,1.86,1.64,0.3, Competitive — Monitor,-1.0,,,MONITOR — No Clear Signal,0.0,1.65,0.0,0.0,-0.0,1361.0,2239.5101503759397,2245.65,6.14
85049F,BABY BOOM RIBBONS ,1.2491363636363637,1730,2135.14,215,1.14,1.3,1.37,1.27,-1.6, Competitive — Monitor,-1.0,,,MONITOR — No Clear Signal,0.0,1.25,0.0,0.0,-0.0,1730.0,2161.0059090909094,2162.5,1.49
22791,T-LIGHT GLASS FLUTED ANTIQUE,1.228888888888889,1817,2134.4500000000003,86,1.15,1.24,1.42,1.27,-3.2, Competitive — Monitor,-1.0,,,MONITOR — No Clear Signal,0.0,1.23,0.0,0.0,-0.0,1817.0,2232.891111111111,2234.91,2.02
21902,"KEY FOB , FRONT  DOOR ",0.6482022471910112,3405,2129.61,253,0.56,0.62,0.74,0.64,1.3, Competitive — Monitor,-1.0,,,MONITOR — No Clear Signal,0.0,0.65,0.0,0.0,-0.0,3405.0,2207.128651685393,2213.25,6.12
21494,ROTATING LEAVES T-LIGHT HOLDER,1.5665079365079364,1661,2125.55,123,1.33,1.51,1.72,1.52,3.1, Competitive — Monitor,-3.029,Highly Elastic — Consider Discount,-5%,MONITOR — No Clear Signal,0.0,1.57,0.0,0.0,-0.0,1661.0,2601.9696825396823,2607.77,5.8
21611,SET OF 12 LILY BOTANICAL T-LIGHTS,2.9414893617021276,739,2122.4500000000003,134,2.54,3.06,3.42,3.01,-2.3, Competitive — Monitor,-1.0,,,MONITOR — No Clear Signal,0.0,2.94,-0.0,0.0,-0.0,739.0,2173.7606382978724,2172.66,-1.1
21034,REX CASH+CARRY JUMBO SHOPPER,0.95,2227,2115.65,1041,0.89,0.95,1.09,0.98,-3.1, Competitive — Monitor,-1.0,,,MONITOR — No Clear Signal,0.0,0.95,0.0,0.0,-0.0,2227.0,2115.65,2115.65,0.0
21467,CHERRY CROCHET FOOD COVER,3.673943661971831,742,2114.1,138,3.44,3.51,4.21,3.72,-1.2, Competitive — Monitor,-1.0,,,MONITOR — No Clear Signal,0.0,3.67,-0.0,0.0,-0.0,742.0,2726.0661971830987,2723.14,-2.93
21466,RED FLOWER CROCHET FOOD COVER,3.7396103896103896,566,2112.9,153,3.4,4.02,4.24,3.89,-3.9, Competitive — Monitor,-1.0,,,MONITOR — No Clear Signal,0.0,3.74,0.0,0.0,-0.0,566.0,2116.6194805194805,2116.84,0.22
22639,SET OF 4 NAPKIN CHARMS HEARTS,2.529850746268657,861,2109.15,127,2.3,2.62,2.66,2.53,-0.0, Competitive — Monitor,-1.0,,,MONITOR — No Clear Signal,0.0,2.53,0.0,0.0,-0.0,861.0,2178.2014925373137,2178.33,0.13
22894,TABLECLOTH RED APPLES DESIGN ,8.47536231884058,258,2108.0,67,7.77,9.1,9.78,8.88,-4.6, Competitive — Monitor,-1.0,,,MONITOR — No Clear Signal,0.0,8.48,0.0,0.0,-0.0,258.0,2186.6434782608694,2187.84,1.2
22494,EMERGENCY FIRST AID TIN ,1.2489839572192514,1700,2106.76,184,1.08,1.23,1.38,1.23,1.5, Competitive — Monitor,-1.0,,,MONITOR — No Clear Signal,0.0,1.25,0.0,0.0,-0.0,1700.0,2123.2727272727275,2125.0,1.73
21609,SET 12 LAVENDER  BOTANICAL T-LIGHTS,2.9273049645390072,742,2102.5,139,2.76,2.92,3.49,3.06,-4.3, Competitive — Monitor,-1.0,,,MONITOR — No Clear Signal,0.0,2.93,0.0,0.0,-0.0,742.0,2172.0602836879434,2174.06,2.0
21096,SET/6 FRUIT SALAD  PAPER PLATES,0.7637499999999999,14638,2097.34,31,0.68,0.81,0.9,0.8,-4.5, Competitive — Monitor,-1.0,,,MONITOR — No Clear Signal,0.0,0.76,-0.0,0.0,-0.0,14638.0,11179.7725,11124.880000000001,-54.89
47570,ENGLISH ROSE TABLE CLOTH,10.61776119402985,207,2096.55,66,9.43,10.66,12.08,10.72,-1.0, Competitive — Monitor,-1.0,,,MONITOR — No Clear Signal,0.0,10.62,0.0,0.0,-0.0,207.0,2197.876567164179,2198.3399999999997,0.46
22731,3D CHRISTMAS STAMPS STICKERS ,1.245128205128205,1720,2091.48,113,1.12,1.29,1.35,1.25,-0.4, Competitive — Monitor,-1.0,,,MONITOR — No Clear Signal,0.0,1.25,0.0,0.0,-0.0,1720.0,2141.620512820513,2150.0,8.38
84469,ROSE DES PADDED FLOOR CUSHION,4.370769230769231,653,2090.68,39,3.74,4.2,4.72,4.22,3.6, Competitive — Monitor,-1.0,,,MONITOR — No Clear Signal,0.0,4.37,-0.0,0.0,-0.0,653.0,2854.112307692308,2853.61,-0.5
22148,EASTER CRAFT 4 CHICKS ,1.9,1185,2082.75,84,1.65,1.88,2.09,1.87,1.6, Competitive — Monitor,-1.0,,,MONITOR — No Clear Signal,0.0,1.9,0.0,0.0,-0.0,1185.0,2251.5,2251.5,0.0
22747,POPPY'S PLAYHOUSE BATHROOM,2.0957865168539325,1036,2082.6,172,1.94,1.97,2.35,2.09,0.3, Competitive — Monitor,-1.0,,,MONITOR — No Clear Signal,0.0,2.1,0.0,0.0,-0.0,1036.0,2171.234831460674,2175.6,4.37
21272,SALLE DE BAIN HOOK,1.2491620111731843,1705,2079.29,173,1.07,1.19,1.37,1.21,3.2, Competitive — Monitor,-1.0,,,MONITOR — No Clear Signal,0.0,1.25,0.0,0.0,-0.0,1705.0,2129.8212290502793,2131.25,1.43
22107,PIZZA PLATE IN BOX,3.721428571428571,572,2077.32,123,3.39,3.42,4.19,3.67,1.4, Competitive — Monitor,-1.0,,,MONITOR — No Clear Signal,0.0,3.72,-0.0,0.0,-0.0,572.0,2128.657142857143,2127.84,-0.82
21703,BAG 125g SWIRLY MARBLES,0.4152,5229,2073.78,213,0.36,0.38,0.45,0.4,3.8, Competitive — Monitor,-1.0,,,MONITOR — No Clear Signal,0.0,0.42,0.0,0.0,-0.0,5229.0,2171.0808,2196.18,25.1
21211,SET OF 72 SKULL PAPER  DOILIES,1.4467479674796746,1522,2072.5,121,1.29,1.56,1.73,1.53,-5.4, Competitive — Monitor,-1.0,,,MONITOR — No Clear Signal,0.0,1.45,0.0,0.0,-0.0,1522.0,2201.9504065040646,2206.9,4.95
22480,RED TEA TOWEL CLASSIC DESIGN,1.2462,1714,2069.54,190,1.1,1.19,1.33,1.21,3.0, Competitive — Monitor,-1.0,,,MONITOR — No Clear Signal,0.0,1.25,0.0,0.0,-0.0,1714.0,2135.9868,2142.5,6.51
21179,NO JUNK MAIL METAL SIGN,1.1947826086956521,2289,2061.73,197,1.06,1.23,1.42,1.24,-3.6, Competitive — Monitor,-1.0,,,MONITOR — No Clear Signal,0.0,1.19,-0.0,0.0,-0.0,2289.0,2734.857391304348,2723.91,-10.95
72807A,SET/3 ROSE CANDLE IN JEWELLED BOX,4.204285714285715,509,2058.53,76,3.88,4.43,4.99,4.43,-5.1, Competitive — Monitor,-1.0,,,MONITOR — No Clear Signal,0.0,4.2,-0.0,0.0,-0.0,509.0,2139.9814285714288,2137.8,-2.18
84509A,ENGLISH ROSE PLACEMATS,3.720149253731343,574,2056.5,133,3.27,3.75,4.2,3.74,-0.5, Competitive — Monitor,-1.0,,,MONITOR — No Clear Signal,0.0,3.72,-0.0,0.0,-0.0,574.0,2135.365671641791,2135.28,-0.09
84670,JAPANESE CROCHETED ANIMAL,0.416,5119,2056.38,168,0.38,0.39,0.48,0.42,-1.0, Competitive — Monitor,-1.0,,,MONITOR — No Clear Signal,0.0,0.42,0.0,0.0,-0.0,5119.0,2129.504,2149.98,20.48
84580,MOUSE TOY WITH PINK T-SHIRT,3.75,548,2055.0,201,3.37,3.89,4.18,3.81,-1.6, Competitive — Monitor,-1.0,,,MONITOR — No Clear Signal,0.0,3.75,0.0,0.0,-0.0,548.0,2055.0,2055.0,0.0
51014A,"FEATHER PEN,HOT PINK",0.8471739130434782,2499,2049.27,92,0.78,0.86,0.97,0.87,-2.6, Competitive — Monitor,-1.0,,,MONITOR — No Clear Signal,0.0,0.85,0.0,0.0,-0.0,2499.0,2117.087608695652,2124.15,7.06
22544,MINI JIGSAW SPACEBOY,0.4187586206896552,4950,2048.7599999999998,144,0.4,0.43,0.46,0.43,-2.6, Competitive — Monitor,-1.0,,,MONITOR — No Clear Signal,0.0,0.42,0.0,0.0,-0.0,4950.0,2072.8551724137933,2079.0,6.14
85132C,CHARLIE AND LOLA FIGURES TINS,6.815522388059701,517,2045.6299999999999,67,6.29,7.11,7.46,6.95,-1.9, Competitive — Monitor,-1.0,,,MONITOR — No Clear Signal,0.0,6.82,0.0,0.0,-0.0,517.0,3523.6250746268656,3525.94,2.31
22144,CHRISTMAS CRAFT LITTLE FRIENDS,2.091721854304636,1007,2043.2,143,1.82,2.25,2.38,2.15,-2.7, Competitive — Monitor,-1.0,,,MONITOR — No Clear Signal,0.0,2.09,-0.0,0.0,-0.0,1007.0,2106.3639072847686,2104.6299999999997,-1.73
21274,EMBOSSED HEART 3 DRAWER SHELF,12.730434782608697,161,2038.35,89,10.86,12.88,14.32,12.69,0.3, Competitive — Monitor,-1.0,,,MONITOR — No Clear Signal,0.0,12.73,-0.0,0.0,-0.0,161.0,2049.6000000000004,2049.53,-0.07
85206A,CREAM FELT EASTER EGG BASKET,1.64247311827957,1263,2037.1499999999999,181,1.44,1.6,1.87,1.64,0.2, Competitive — Monitor,-1.0,,,MONITOR — No Clear Signal,0.0,1.64,-0.0,0.0,-0.0,1263.0,2074.443548387097,2071.3199999999997,-3.12
21812,GARLAND WITH HEARTS AND BELLS,4.95,411,2034.4500000000003,85,4.5,5.07,5.41,4.99,-0.8, Competitive — Monitor,-1.0,,,MONITOR — No Clear Signal,0.0,4.95,0.0,0.0,-0.0,411.0,2034.45,2034.45,0.0
22725,ALARM CLOCK BAKELIKE CHOCOLATE,3.7373684210526315,554,2033.58,108,3.2,3.48,4.13,3.6,3.8, Competitive — Monitor,-1.0,,,MONITOR — No Clear Signal,0.0,3.74,0.0,0.0,-0.0,554.0,2070.502105263158,2071.96,1.46
21973,SET OF 36 MUSHROOM PAPER DOILIES,1.4393939393939394,1461,2032.05,132,1.29,1.53,1.53,1.45,-0.7, Competitive — Monitor,-1.0,,,MONITOR — No Clear Signal,0.0,1.44,0.0,0.0,-0.0,1461.0,2102.9545454545455,2103.84,0.89
22292,"SPRING DEC , HANGING CHICK  YELLOW",1.442156862745098,1564,2030.1999999999998,96,1.31,1.35,1.53,1.4,3.0, Competitive — Monitor,-1.0,,,MONITOR — No Clear Signal,0.0,1.44,-0.0,0.0,-0.0,1564.0,2255.5333333333333,2252.16,-3.37
21123,SET/10 IVORY SPOTTY PARTY CANDLES,1.246122448979592,1631,2029.63,95,1.1,1.21,1.36,1.22,2.1, Competitive — Monitor,-1.0,,,MONITOR — No Clear Signal,0.0,1.25,0.0,0.0,-0.0,1631.0,2032.4257142857143,2038.75,6.32
21786,RAIN HAT WITH RED SPOTS,0.4115032679738562,5559,2025.18,136,0.38,0.43,0.44,0.42,-2.0, Competitive — Monitor,-1.0,,,MONITOR — No Clear Signal,0.0,0.41,-0.0,0.0,-0.0,5559.0,2287.5466666666666,2279.19,-8.36
84990,60 GOLD AND SILVER FAIRY CAKE CASES,0.5399411764705883,4227,2020.53,159,0.46,0.55,0.58,0.53,1.9, Competitive — Monitor,-1.0,,,MONITOR — No Clear Signal,0.0,0.54,0.0,0.0,-0.0,4227.0,2282.3313529411766,2282.58,0.25
84676,BATH DUCK WATERING CAN,2.8837755102040816,832,2016.5200000000002,98,2.47,2.83,3.38,2.89,-0.2, Competitive — Monitor,-1.0,,,MONITOR — No Clear Signal,0.0,2.88,-0.0,0.0,-0.0,832.0,2399.301224489796,2396.16,-3.14
22461,SAVOY ART DECO CLOCK,12.525,167,2014.05,87,11.56,12.47,13.22,12.42,0.8, Competitive — Monitor,-1.0,,,MONITOR — No Clear Signal,0.0,12.52,-0.01,0.0,-0.0,167.0,2091.675,2090.84,-0.84
40018F,CHERRY DESIGN PAPERLANTERNS,1.9394949494949494,1065,2002.3899999999999,97,1.74,2.05,2.23,2.01,-3.5, Competitive — Monitor,-1.0,,,MONITOR — No Clear Signal,0.0,1.94,0.0,0.0,-0.0,1065.0,2065.562121212121,2066.1,0.54
21509,COWBOYS AND INDIANS BIRTHDAY CARD ,0.40827814569536425,4994,2000.28,300,0.38,0.4,0.45,0.41,-0.4, Competitive — Monitor,-1.0,,,MONITOR — No Clear Signal,0.0,0.41,0.0,0.0,-0.0,4994.0,2038.9410596026491,2047.54,8.6
47503J,SET/3 FLORAL GARDEN TOOLS IN BAG,7.7023809523809526,280,1994.0,42,6.88,8.16,9.09,8.04,-4.2, Competitive — Monitor,-1.0,,,MONITOR — No Clear Signal,0.0,7.7,-0.0,0.0,-0.0,280.0,2156.6666666666665,2156.0,-0.67
22314,OFFICE MUG WARMER CHOC+BLUE,4.025,541,1993.5500000000002,93,3.52,3.76,4.52,3.93,2.4, Competitive — Monitor,-2.721,Highly Elastic — Consider Discount,-5%,MONITOR — No Clear Signal,0.0,4.03,0.0,0.0,-0.0,541.0,2177.525,2180.23,2.7
21077,SET/20 WOODLAND PAPER NAPKINS ,0.8305780346820809,2748,1993.08,167,0.77,0.87,0.91,0.85,-2.3, Competitive — Monitor,-1.0,,,MONITOR — No Clear Signal,0.0,0.83,-0.0,0.0,-0.0,2748.0,2282.4284393063585,2280.8399999999997,-1.59
22476,EMPIRE UNION JACK TV DINNER TRAY,4.932051282051282,423,1993.0500000000002,115,4.59,5.21,5.56,5.12,-3.7, Competitive — Monitor,-1.0,,,MONITOR — No Clear Signal,0.0,4.93,-0.0,0.0,-0.0,423.0,2086.257692307692,2085.39,-0.87
21949,SET OF 6 STRAWBERRY CHOPSTICKS,1.238125,1758,1992.3000000000002,80,1.14,1.18,1.37,1.23,0.7, Competitive — Monitor,-1.0,,,MONITOR — No Clear Signal,0.0,1.24,0.0,0.0,-0.0,1758.0,2176.6237499999997,2179.92,3.3
22277,COSMETIC BAG VINTAGE ROSE PAISLEY,2.0903846153846155,986,1984.6000000000001,127,1.83,2.07,2.37,2.09,0.0, Competitive — Monitor,-1.0,,,MONITOR — No Clear Signal,0.0,2.09,-0.0,0.0,-0.0,986.0,2061.119230769231,2060.74,-0.38
21651,HANGING GLASS ETCHED TEALIGHT,1.6407407407407406,1243,1978.9499999999998,101,1.49,1.55,1.75,1.6,2.5, Competitive — Monitor,-1.0,,,MONITOR — No Clear Signal,0.0,1.64,-0.0,0.0,-0.0,1243.0,2039.4407407407405,2038.52,-0.92
21039,RED SPOTTY SHOPPING BAG,2.5464285714285713,777,1978.6499999999999,126,2.26,2.63,3.05,2.65,-3.9, Competitive — Monitor,-1.0,,,MONITOR — No Clear Signal,0.0,2.55,0.0,0.0,-0.0,777.0,1978.5749999999998,1981.35,2.78
22959,WRAP CHRISTMAS VILLAGE,0.41776223776223775,4862,1978.04,141,0.36,0.42,0.47,0.42,-0.5, Competitive — Monitor,-1.0,,,MONITOR — No Clear Signal,0.0,0.42,0.0,0.0,-0.0,4862.0,2031.1599999999999,2042.04,10.88
21354,TOAST ITS - BEST MUM,1.2224770642201834,1705,1977.65,108,1.15,1.25,1.35,1.25,-2.2, Competitive — Monitor,-1.0,,,MONITOR — No Clear Signal,0.0,1.22,-0.0,0.0,-0.0,1705.0,2084.3233944954127,2080.1,-4.22
22047,EMPIRE GIFT WRAP,0.41793548387096774,4875,1977.5,155,0.36,0.4,0.48,0.41,1.9, Competitive — Monitor,-1.0,,,MONITOR — No Clear Signal,0.0,0.42,0.0,0.0,-0.0,4875.0,2037.4354838709678,2047.5,10.06
22687,DOORMAT CHRISTMAS VILLAGE,7.676923076923076,269,1975.23,78,7.25,7.32,8.48,7.68,-0.0, Competitive — Monitor,-1.0,,,MONITOR — No Clear Signal,0.0,7.68,0.0,0.0,-0.0,269.0,2065.0923076923077,2065.92,0.83
21655,HANGING RIDGE GLASS T-LIGHT HOLDER,1.644782608695652,1272,1974.0,68,1.47,1.52,1.93,1.64,0.3, Competitive — Monitor,-1.0,,,MONITOR — No Clear Signal,0.0,1.64,-0.0,0.0,-0.0,1272.0,2092.1634782608694,2086.08,-6.08
21826,EIGHT PIECE DINOSAUR SET,1.246918918918919,1612,1973.96,172,1.08,1.21,1.39,1.23,1.4, Competitive — Monitor,-1.0,,,MONITOR — No Clear Signal,0.0,1.25,0.0,0.0,-0.0,1612.0,2010.0332972972974,2015.0,4.97
21447,12 IVORY ROSE PEG PLACE SETTINGS,1.244864864864865,1650,1973.58,141,1.13,1.26,1.44,1.28,-2.7, Competitive — Monitor,-1.0,,,MONITOR — No Clear Signal,0.0,1.24,-0.0,0.0,-0.0,1650.0,2054.027027027027,2046.0,-8.03
22402,MAGNETS PACK OF 4 VINTAGE COLLAGE,1.2386,1710,1973.3400000000001,96,1.16,1.31,1.32,1.26,-1.7, Competitive — Monitor,-1.0,,,MONITOR — No Clear Signal,0.0,1.24,0.0,0.0,-0.0,1710.0,2118.006,2120.4,2.39
22222,CAKE PLATE LOVEBIRD WHITE,4.931818181818182,405,1962.7500000000002,153,4.55,5.06,5.8,5.14,-4.1, Competitive — Monitor,-1.0,,,MONITOR — No Clear Signal,0.0,4.93,-0.0,0.0,-0.0,405.0,1997.3863636363635,1996.6499999999999,-0.74
18097C,WHITE TALL PORCELAIN T-LIGHT HOLDER,2.5123931623931623,915,1960.05,113,2.34,2.49,2.92,2.58,-2.6, Competitive — Monitor,-1.0,,,MONITOR — No Clear Signal,0.0,2.51,-0.0,0.0,-0.0,915.0,2298.8397435897436,2296.6499999999996,-2.19
21507,"ELEPHANT, BIRTHDAY CARD, ",0.4154181818181818,4860,1956.24,274,0.38,0.45,0.45,0.43,-3.4, Competitive — Monitor,-1.0,,,MONITOR — No Clear Signal,0.0,0.42,0.0,0.0,-0.0,4860.0,2018.9323636363636,2041.1999999999998,22.27
20703,BLUE PADDED SOFT MOBILE,4.235029940119761,462,1951.0,164,3.89,4.38,4.54,4.27,-0.8, Competitive — Monitor,-1.0,,,MONITOR — No Clear Signal,0.0,4.24,0.0,0.0,-0.0,462.0,1956.5838323353294,1958.88,2.3
22788,BROCANTE COAT RACK,9.772307692307692,261,1945.55,26,9.14,10.44,10.72,10.1,-3.2, Competitive — Monitor,-1.0,,,MONITOR — No Clear Signal,0.0,9.77,-0.0,0.0,-0.0,261.0,2550.5723076923077,2549.97,-0.6
22839,"CAKE TIN, 3 TIER MINT/IVORY",14.803333333333333,136,1945.1999999999998,59,12.95,14.87,17.71,15.18,-2.5, Competitive — Monitor,-1.0,,,MONITOR — No Clear Signal,0.0,14.8,-0.0,0.0,-0.0,136.0,2013.2533333333333,2012.8000000000002,-0.45
22409,MONEY BOX BISCUITS DESIGN,1.2476190476190476,1454,1942.8999999999999,80,1.12,1.2,1.36,1.23,1.4, Competitive — Monitor,-1.0,,,MONITOR — No Clear Signal,0.0,1.25,0.0,0.0,-0.0,1454.0,1814.0380952380951,1817.5,3.46
85045,GREEN CHRISTMAS TREE STRING 20LIGHT,4.8953125,421,1941.15,62,4.27,4.55,5.48,4.77,2.6, Competitive — Monitor,-1.0,,,MONITOR — No Clear Signal,0.0,4.9,0.0,0.0,-0.0,421.0,2060.9265625000003,2062.9,1.97
22604,SET OF 4 NAPKIN CHARMS CUTLERY,2.5391999999999997,779,1936.05,118,2.41,2.63,2.68,2.57,-1.2, Competitive — Monitor,-1.0,,,MONITOR — No Clear Signal,0.0,2.54,0.0,0.0,-0.0,779.0,1978.0367999999999,1978.66,0.62
79323S, SILVER CHERRY LIGHTS,6.636956521739131,323,1933.25,46,6.27,6.23,7.36,6.62,0.3, Competitive — Monitor,-1.0,,,MONITOR — No Clear Signal,0.0,6.64,0.0,0.0,-0.0,323.0,2143.736956521739,2144.72,0.98
79164,BLACK WINE GLASS,1.578627450980392,1988,1925.6399999999999,50,1.35,1.53,1.79,1.56,1.2, Competitive — Monitor,-1.0,,,MONITOR — No Clear Signal,0.0,1.58,0.0,0.0,-0.0,1988.0,3138.3113725490193,3141.04,2.73
22780,LIGHT GARLAND BUTTERFILES PINK,4.215185185185185,504,1919.04,52,3.88,4.24,5.03,4.38,-3.8, Competitive — Monitor,-1.0,,,MONITOR — No Clear Signal,0.0,4.22,0.0,0.0,-0.0,504.0,2124.4533333333334,2126.8799999999997,2.43
84912A,PINK ROSE WASHBAG,3.7222222222222223,791,1916.25,62,3.51,3.76,4.2,3.82,-2.6, Competitive — Monitor,-1.0,,,MONITOR — No Clear Signal,0.0,3.72,-0.0,0.0,-0.0,791.0,2944.277777777778,2942.52,-1.76
21171,BATHROOM METAL SIGN ,1.4215976331360947,1400,1914.8,167,1.23,1.44,1.67,1.45,-2.0, Competitive — Monitor,-1.0,,,MONITOR — No Clear Signal,0.0,1.42,-0.0,0.0,-0.0,1400.0,1990.2366863905324,1988.0,-2.24
21612,SET 12 WILDFLOWER BOTANICAL T-LIGHT,2.9255102040816325,676,1912.6000000000001,97,2.65,2.77,3.31,2.91,0.5, Competitive — Monitor,-1.0,,,MONITOR — No Clear Signal,0.0,2.93,0.0,0.0,-0.0,676.0,1977.6448979591837,1980.68,3.04
22844,VINTAGE CREAM DOG FOOD CONTAINER,8.456746987951806,230,1906.64,81,7.96,8.29,8.93,8.39,0.8, Competitive — Monitor,-1.0,,,MONITOR — No Clear Signal,0.0,8.46,0.0,0.0,-0.0,230.0,1945.0518072289155,1945.8000000000002,0.75
21864,UNION JACK FLAG PASSPORT COVER ,2.0884180790960456,959,1905.66,170,1.78,2.13,2.29,2.07,0.9, Competitive — Monitor,-1.0,,,MONITOR — No Clear Signal,0.0,2.09,0.0,0.0,-0.0,959.0,2002.7929378531078,2004.31,1.52
85162B,BLACK RETRODISC LAMPSHADE,1.9499999999999997,977,1905.15,13,1.79,2.1,2.22,2.04,-4.4, Competitive — Monitor,-1.0,,,MONITOR — No Clear Signal,0.0,1.95,0.0,0.0,-0.0,977.0,1905.1499999999996,1905.1499999999999,0.0
21482,MUSHROOM BLUE HOT WATER BOTTLE,2.9386524822695037,669,1901.5500000000002,136,2.59,3.05,3.5,3.05,-3.7, Competitive — Monitor,-1.0,,,MONITOR — No Clear Signal,0.0,2.94,0.0,0.0,-0.0,669.0,1965.9585106382979,1966.86,0.9
84754,S/15 SILVER GLASS BAUBLES IN BAG,1.2446478873239437,1575,1900.3500000000001,135,1.17,1.33,1.47,1.32,-5.7, Competitive — Monitor,-1.0,,,MONITOR — No Clear Signal,0.0,1.24,-0.0,0.0,-0.0,1575.0,1960.3204225352113,1953.0,-7.32
21811,CHRISTMAS HANGING HEART WITH BELL,1.2486896551724138,1537,1893.89,126,1.18,1.3,1.35,1.28,-2.4, Competitive — Monitor,-1.0,,,MONITOR — No Clear Signal,0.0,1.25,0.0,0.0,-0.0,1537.0,1919.236,1921.25,2.01
22426,ENAMEL WASH BOWL CREAM,3.696268656716418,535,1890.25,134,3.49,3.75,4.0,3.75,-1.4, Competitive — Monitor,-1.0,,,MONITOR — No Clear Signal,0.0,3.7,0.0,0.0,-0.0,535.0,1977.5037313432836,1979.5,2.0
21784,SHOE SHINE BOX ,9.93632075471698,192,1887.1999999999998,103,8.92,9.45,10.73,9.7,2.4, Competitive — Monitor,-1.0,,,MONITOR — No Clear Signal,0.0,9.94,0.0,0.0,-0.0,192.0,1907.7735849056603,1908.48,0.71
22518,CHILDS GARDEN BRUSH BLUE,2.0748,987,1885.68,147,1.94,2.13,2.47,2.18,-4.8, Competitive — Monitor,-1.0,,,MONITOR — No Clear Signal,0.0,2.07,-0.0,0.0,-0.0,987.0,2047.8276000000003,2043.09,-4.74
21682,LARGE MEDINA STAMPED METAL BOWL ,4.942553191489362,391,1885.05,94,4.62,5.04,5.82,5.16,-4.2, Competitive — Monitor,-1.0,,,MONITOR — No Clear Signal,0.0,4.94,-0.0,0.0,-0.0,391.0,1932.5382978723408,1931.5400000000002,-1.0
70006,LOVE HEART POCKET WARMER,1.5532075471698112,1592,1884.0,97,1.37,1.58,1.81,1.59,-2.3, Competitive — Monitor,-1.0,,,MONITOR — No Clear Signal,0.0,1.55,-0.0,0.0,-0.0,1592.0,2472.7064150943397,2467.6,-5.11
84797A,PINK HAWAIIAN PICNIC HAMPER FOR 4,10.23,349,1883.5500000000002,25,9.54,10.21,11.34,10.36,-1.3, Competitive — Monitor,-1.0,,,MONITOR — No Clear Signal,0.0,10.23,0.0,0.0,-0.0,349.0,3570.27,3570.27,0.0
22841,ROUND CAKE TIN VINTAGE GREEN,7.896808510638299,245,1875.75,94,6.74,7.93,8.89,7.85,0.6, Competitive — Monitor,-1.0,,,MONITOR — No Clear Signal,0.0,7.9,0.0,0.0,-0.0,245.0,1934.7180851063831,1935.5,0.78
22781,GUMBALL MAGAZINE RACK,7.564864864864866,255,1869.75,73,6.88,7.36,8.47,7.57,-0.1, Competitive — Monitor,-1.0,,,MONITOR — No Clear Signal,0.0,7.56,-0.0,0.0,-0.0,255.0,1929.0405405405409,1927.8,-1.24
84691,PACK 20 DOLLY PEGS,0.8427777777777777,2381,1867.85,175,0.74,0.85,0.92,0.84,0.3, Competitive — Monitor,-1.0,,,MONITOR — No Clear Signal,0.0,0.84,-0.0,0.0,-0.0,2381.0,2006.6538888888888,2000.04,-6.61
22475,SKULL DESIGN TV DINNER TRAY,4.915876288659794,417,1866.5500000000002,95,4.24,4.68,5.53,4.82,2.0, Competitive — Monitor,-1.0,,,MONITOR — No Clear Signal,0.0,4.92,0.0,0.0,-0.0,417.0,2049.920412371134,2051.64,1.72
22779,WOODEN OWLS LIGHT GARLAND ,4.224444444444445,484,1864.04,52,3.62,4.43,4.45,4.17,1.3, Competitive — Monitor,-1.0,,,MONITOR — No Clear Signal,0.0,4.22,-0.0,0.0,-0.0,484.0,2044.6311111111113,2042.4799999999998,-2.15
21538,DAIRY MAID  PUDDING BOWL,3.6944444444444446,1297,1863.75,44,3.4,3.51,3.95,3.62,2.1, Competitive — Monitor,-1.0,,,MONITOR — No Clear Signal,0.0,3.69,-0.0,0.0,-0.0,1297.0,4791.694444444444,4785.93,-5.76
22798,ANTIQUE GLASS DRESSING TABLE POT,2.9453488372093024,636,1857.0,85,2.6,2.75,3.48,2.94,0.2, Competitive — Monitor,-1.0,,,MONITOR — No Clear Signal,0.0,2.95,0.0,0.0,-0.0,636.0,1873.2418604651164,1876.2,2.96
22312,OFFICE MUG WARMER POLKADOT,3.814761904761905,534,1855.7,100,3.52,3.78,4.44,3.91,-2.4, Competitive — Monitor,-3.878,Highly Elastic — Consider Discount,-5%,MONITOR — No Clear Signal,0.0,3.81,-0.0,0.0,-0.0,534.0,2037.0828571428572,2034.54,-2.54
22531,MAGIC DRAWING SLATE CIRCUS PARADE  ,0.4196875,4558,1851.0,185,0.36,0.43,0.47,0.42,-0.1, Competitive — Monitor,-1.0,,,MONITOR — No Clear Signal,0.0,0.42,0.0,0.0,-0.0,4558.0,1912.935625,1914.36,1.42
22495,SET OF 2 ROUND TINS CAMEMBERT ,2.9406976744186046,651,1848.4500000000003,126,2.59,2.91,3.32,2.94,0.0, Competitive — Monitor,-1.0,,,MONITOR — No Clear Signal,0.0,2.94,-0.0,0.0,-0.0,651.0,1914.3941860465115,1913.94,-0.45
22548,HEADS AND TAILS SPORTING FUN,1.2482805429864254,1497,1843.89,210,1.13,1.2,1.38,1.24,0.7, Competitive — Monitor,-1.0,,,MONITOR — No Clear Signal,0.0,1.25,0.0,0.0,-0.0,1497.0,1868.6759728506788,1871.25,2.57
21085,SET/6 WOODLAND PAPER CUPS,0.6366101694915255,13713,1843.7700000000002,56,0.59,0.64,0.74,0.66,-3.5, Competitive — Monitor,-1.0,,,MONITOR — No Clear Signal,0.0,0.64,0.0,0.0,-0.0,13713.0,8729.835254237289,8776.32,46.48
22519,CHILDS GARDEN BRUSH PINK,2.075486111111111,964,1843.38,140,1.83,2.02,2.42,2.09,-0.7, Competitive — Monitor,-1.0,,,MONITOR — No Clear Signal,0.0,2.08,0.0,0.0,-0.0,964.0,2000.768611111111,2005.1200000000001,4.35
22573,STAR WOODEN CHRISTMAS DECORATION,0.8483006535947711,2221,1837.9299999999998,150,0.77,0.91,0.99,0.89,-4.7, Competitive — Monitor,-1.0,,,MONITOR — No Clear Signal,0.0,0.85,0.0,0.0,-0.0,2221.0,1884.0757516339868,1887.85,3.77
22425,ENAMEL COLLANDER CREAM,4.927952755905512,382,1837.7,125,4.63,5.26,5.71,5.2,-5.2, Competitive — Monitor,-1.0,,,MONITOR — No Clear Signal,0.0,4.93,0.0,0.0,-0.0,382.0,1882.4779527559056,1883.26,0.78
22176,BLUE OWL SOFT TOY,2.93740157480315,649,1833.7500000000002,126,2.68,2.94,3.17,2.93,0.3, Competitive — Monitor,-1.0,,,MONITOR — No Clear Signal,0.0,2.94,0.0,0.0,-0.0,649.0,1906.3736220472442,1908.06,1.69
21992,VINTAGE PAISLEY STATIONERY SET,2.7051724137931035,925,1831.15,114,2.36,2.63,2.98,2.66,1.7, Competitive — Monitor,-1.0,,,MONITOR — No Clear Signal,0.0,2.71,0.0,0.0,-0.0,925.0,2502.284482758621,2506.75,4.47
21692,SILVER LATTICE VANILLA CANDLE POT,3.7437391304347822,493,1830.03,100,3.19,3.89,4.19,3.76,-0.4, Competitive — Monitor,-1.0,,,MONITOR — No Clear Signal,0.0,3.74,-0.0,0.0,-0.0,493.0,1845.6633913043477,1843.8200000000002,-1.84
85040A,S/4 PINK FLOWER CANDLES IN BOWL,1.6470731707317072,1121,1820.85,189,1.54,1.52,1.81,1.62,1.7, Competitive — Monitor,-1.0,,,MONITOR — No Clear Signal,0.0,1.65,0.0,0.0,-0.0,1121.0,1846.3690243902438,1849.6499999999999,3.28
22851,SET 20 NAPKINS FAIRY CAKES DESIGN ,0.8364516129032257,2424,1818.48,172,0.71,0.83,0.97,0.84,-0.4, Competitive — Monitor,-1.0,,,MONITOR — No Clear Signal,0.0,0.84,0.0,0.0,-0.0,2424.0,2027.558709677419,2036.1599999999999,8.6
21091,SET/6 WOODLAND PAPER PLATES,0.8165714285714285,13668,1817.16,34,0.77,0.8,0.9,0.82,-0.4, Competitive — Monitor,-1.0,,,MONITOR — No Clear Signal,0.0,0.82,0.0,0.0,-0.0,13668.0,11160.898285714286,11207.76,46.86
79323G,GOLD  CHERRY LIGHTS,6.54607843137255,300,1817.0,51,5.91,6.99,7.01,6.64,-1.4, Competitive — Monitor,-1.0,,,MONITOR — No Clear Signal,0.0,6.55,0.0,0.0,-0.0,300.0,1963.8235294117649,1965.0,1.18
82578,KITCHEN METAL SIGN,0.5486257309941521,3480,1815.5400000000002,331,0.52,0.51,0.61,0.55,-0.2, Competitive — Monitor,-1.0,,,MONITOR — No Clear Signal,0.0,0.55,0.0,0.0,-0.0,3480.0,1909.2175438596494,1914.0000000000002,4.78
22951,72 CAKE CASES DOLLY GIRL DESIGN,0.5456906077348067,3630,1809.3,175,0.51,0.55,0.65,0.57,-4.3, Competitive — Monitor,-1.0,,,MONITOR — No Clear Signal,0.0,0.55,0.0,0.0,-0.0,3630.0,1980.8569060773484,1996.5000000000002,15.64
21683,MEDIUM MEDINA STAMPED METAL BOWL ,2.940909090909091,638,1805.3000000000002,87,2.79,3.05,3.19,3.01,-2.3, Competitive — Monitor,-1.0,,,MONITOR — No Clear Signal,0.0,2.94,-0.0,0.0,-0.0,638.0,1876.3,1875.72,-0.58
84031A,CHARLIE+LOLA RED HOT WATER BOTTLE ,4.340869565217392,560,1803.8400000000001,89,3.84,4.33,4.96,4.38,-0.9, Competitive — Monitor,-1.0,,,MONITOR — No Clear Signal,0.0,4.34,-0.0,0.0,-0.0,560.0,2430.886956521739,2430.4,-0.49
84856S,SMALL TAHITI BEACH BAG,4.534137931034483,457,1802.49,29,4.2,4.23,5.06,4.5,0.8, Competitive — Monitor,-1.0,,,MONITOR — No Clear Signal,0.0,4.53,-0.0,0.0,-0.0,457.0,2072.1010344827587,2070.21,-1.89
47591C,BLUE FAIRY CAKE CHILD'S APRON,1.9294520547945204,995,1800.45,146,1.72,2.08,2.05,1.95,-1.1, Competitive — Monitor,-1.0,,,MONITOR — No Clear Signal,0.0,1.93,0.0,0.0,-0.0,995.0,1919.8047945205478,1920.35,0.55
84327A,PINK JUMPER LARRY THE LAMB,2.0621008403361345,951,1792.92,117,1.85,2.07,2.32,2.08,-0.9, Competitive — Monitor,-1.0,,,MONITOR — No Clear Signal,0.0,2.06,-0.0,0.0,-0.0,951.0,1961.057899159664,1959.06,-2.0
21820,GLITTER HEART GARLAND WITH BELLS ,3.7418181818181817,487,1787.37,82,3.42,3.81,4.32,3.85,-2.8, Competitive — Monitor,-1.0,,,MONITOR — No Clear Signal,0.0,3.74,-0.0,0.0,-0.0,487.0,1822.2654545454545,1821.38,-0.89
22095,LADS ONLY TISSUE BOX,1.210388349514563,1628,1787.3200000000002,98,1.13,1.16,1.36,1.22,-0.8, Competitive — Monitor,-1.0,,,MONITOR — No Clear Signal,0.0,1.21,-0.0,0.0,-0.0,1628.0,1970.5122330097088,1969.8799999999999,-0.63
85162C,WHITE RETRODISC LAMPSHADE,2.145121951219512,898,1775.1,41,2.03,2.14,2.53,2.23,-3.8, Competitive — Monitor,-1.0,,,MONITOR — No Clear Signal,0.0,2.15,0.0,0.0,-0.0,898.0,1926.319512195122,1930.6999999999998,4.38
84519A,TOMATO CHARLIE+LOLA COASTER SET,2.9015151515151514,669,1770.3500000000001,98,2.69,2.87,3.17,2.91,-0.3, Competitive — Monitor,-1.0,,,MONITOR — No Clear Signal,0.0,2.9,-0.0,0.0,-0.0,669.0,1941.1136363636363,1940.1,-1.01
21082,SET/20 FRUIT SALAD PAPER NAPKINS ,0.8335537190082645,7066,1767.6999999999998,117,0.74,0.78,0.89,0.8,4.2, Competitive — Monitor,-1.0,,,MONITOR — No Clear Signal,0.0,0.83,-0.0,0.0,-0.0,7066.0,5889.890578512397,5864.78,-25.11
21948,SET OF 6 CAKE CHOPSTICKS,1.240952380952381,1581,1766.49,62,1.11,1.16,1.48,1.25,-0.7, Competitive — Monitor,-1.0,,,MONITOR — No Clear Signal,0.0,1.24,-0.0,0.0,-0.0,1581.0,1961.9457142857143,1960.44,-1.51
22757,LARGE RED BABUSHKA NOTEBOOK ,1.2356302521008402,1533,1765.77,114,1.14,1.3,1.37,1.27,-2.7, Competitive — Monitor,-1.0,,,MONITOR — No Clear Signal,0.0,1.24,0.0,0.0,-0.0,1533.0,1894.221176470588,1900.92,6.7
22076,6 RIBBONS EMPIRE  ,1.6471223021582733,1088,1763.9999999999998,133,1.44,1.58,1.87,1.63,1.1, Competitive — Monitor,-1.0,,,MONITOR — No Clear Signal,0.0,1.65,0.0,0.0,-0.0,1088.0,1792.0690647482013,1795.1999999999998,3.13
21747,SMALL SKULL WINDMILL,1.2392045454545455,1547,1762.75,86,1.07,1.18,1.45,1.23,0.7, Competitive — Monitor,-1.0,,,MONITOR — No Clear Signal,0.0,1.24,0.0,0.0,-0.0,1547.0,1917.0494318181818,1918.28,1.23
21241,GREEN SPOTTY CUP,0.8470183486238533,2143,1759.1499999999999,215,0.75,0.85,0.93,0.84,0.8, Competitive — Monitor,-1.0,,,MONITOR — No Clear Signal,0.0,0.85,0.0,0.0,-0.0,2143.0,1815.1603211009176,1821.55,6.39
85217,ASSORTED ICE CREAM FRIDGE MAGNETS,0.6447826086956522,2817,1755.8100000000002,136,0.57,0.67,0.75,0.66,-2.3, Competitive — Monitor,-1.0,,,MONITOR — No Clear Signal,0.0,0.64,-0.0,0.0,-0.0,2817.0,1816.3526086956522,1802.88,-13.47
22132,RED LOVE HEART SHAPE CUP,0.8467701863354036,2115,1754.07,156,0.74,0.79,0.91,0.81,4.5, Competitive — Monitor,-1.0,,,MONITOR — No Clear Signal,0.0,0.85,0.0,0.0,-0.0,2115.0,1790.9189440993785,1797.75,6.83
37340,MULTICOLOUR SPRING FLOWER MUG,0.7935294117647059,11051,1744.0700000000002,33,0.69,0.8,0.87,0.79,0.4, Competitive — Monitor,-1.0,,,MONITOR — No Clear Signal,0.0,0.79,-0.0,0.0,-0.0,11051.0,8769.293529411765,8730.29,-39.0
22642,SET OF 4 NAPKIN CHARMS STARS   ,2.521578947368421,717,1741.9499999999998,89,2.15,2.37,2.7,2.41,4.6, Competitive — Monitor,-1.0,,,MONITOR — No Clear Signal,0.0,2.52,-0.0,0.0,-0.0,717.0,1807.9721052631578,1806.84,-1.13
21465,PINK FLOWER CROCHET FOOD COVER,3.7417525773195877,505,1740.15,96,3.19,3.46,4.38,3.68,1.7, Competitive — Monitor,-1.0,,,MONITOR — No Clear Signal,0.0,3.74,-0.0,0.0,-0.0,505.0,1889.5850515463917,1888.7,-0.89
21760,FRENCH STYLE WALL DRESSER,116.92307692307692,15,1740.0,12,110.93,108.56,126.67,115.39,1.3, Competitive — Monitor,-1.0,,,MONITOR — No Clear Signal,0.0,116.92,-0.0,0.0,-0.0,15.0,1753.8461538461538,1753.8,-0.05
22944,CHRISTMAS METAL POSTCARD WITH BELLS,1.2388235294117647,1523,1739.5900000000001,47,1.11,1.31,1.43,1.28,-3.2, Competitive — Monitor,-1.0,,,MONITOR — No Clear Signal,0.0,1.24,0.0,0.0,-0.0,1523.0,1886.7282352941177,1888.52,1.79
22448,PIN CUSHION RUSSIAN DOLL RED,3.3444444444444446,547,1736.45,71,2.97,3.14,3.98,3.36,-0.5, Competitive — Monitor,-1.0,,,MONITOR — No Clear Signal,0.0,3.34,-0.0,0.0,-0.0,547.0,1829.4111111111113,1826.98,-2.43
21688,SILVER PLATE CANDLE BOWL SMALL,2.95,588,1734.6000000000001,75,2.71,2.74,3.33,2.93,0.7, Competitive — Monitor,-1.0,,,MONITOR — No Clear Signal,0.0,2.95,0.0,0.0,-0.0,588.0,1734.6000000000001,1734.6000000000001,0.0
21421,PORCELAIN ROSE LARGE ,1.23575,1484,1734.16,77,1.08,1.22,1.4,1.23,0.5, Competitive — Monitor,-1.0,,,MONITOR — No Clear Signal,0.0,1.24,0.0,0.0,-0.0,1484.0,1833.8529999999998,1840.16,6.31
15039,SANDALWOOD FAN,0.8277391304347826,2604,1730.2,112,0.78,0.87,0.93,0.86,-3.8, Competitive — Monitor,-1.0,,,MONITOR — No Clear Signal,0.0,0.83,0.0,0.0,-0.0,2604.0,2155.432695652174,2161.3199999999997,5.89
85216,ASSORTED CAKES FRIDGE MAGNETS,0.6458333333333334,2753,1720.3300000000002,142,0.6,0.62,0.71,0.64,0.9, Competitive — Monitor,-1.0,,,MONITOR — No Clear Signal,0.0,0.65,0.0,0.0,-0.0,2753.0,1777.9791666666667,1789.45,11.47
20871,OPULENT VELVET SET/3 CANDLES,1.845,1205,1719.6000000000001,76,1.58,1.82,2.07,1.82,1.4, Competitive — Monitor,-1.0,,,MONITOR — No Clear Signal,0.0,1.84,-0.0,0.0,-0.0,1205.0,2223.225,2217.2000000000003,-6.02
22744,MAKE YOUR OWN MONSOON CARD KIT,2.9404,600,1712.4,119,2.62,2.72,3.35,2.9,1.4, Competitive — Monitor,-1.0,,,MONITOR — No Clear Signal,0.0,2.94,-0.0,0.0,-0.0,600.0,1764.24,1764.0,-0.24
22217,T-LIGHT HOLDER HANGING LACE,1.2415178571428573,1427,1708.51,109,1.16,1.23,1.49,1.29,-3.8, Competitive — Monitor,-1.0,,,MONITOR — No Clear Signal,0.0,1.24,-0.0,0.0,-0.0,1427.0,1771.6459821428575,1769.48,-2.17
21329,DINOSAURS  WRITING SET ,1.6440000000000001,1055,1703.7899999999997,211,1.55,1.66,1.96,1.72,-4.4, Competitive — Monitor,-1.0,,,MONITOR — No Clear Signal,0.0,1.64,-0.0,0.0,-0.0,1055.0,1734.42,1730.1999999999998,-4.22
84849D,HOT BATHS SOAP HOLDER,1.6844615384615385,1055,1702.31,128,1.51,1.7,1.99,1.73,-2.6, Competitive — Monitor,-1.0,,,MONITOR — No Clear Signal,0.0,1.68,-0.0,0.0,-0.0,1055.0,1777.106923076923,1772.3999999999999,-4.71
22741,FUNKY DIVA PEN,0.8469047619047619,2017,1701.9699999999998,42,0.77,0.82,1.0,0.86,-1.5, Competitive — Monitor,-1.0,,,MONITOR — No Clear Signal,0.0,0.85,0.0,0.0,-0.0,2017.0,1708.2069047619048,1714.45,6.24
85184C,S/4 VALENTINE DECOUPAGE HEART BOX,2.9311023622047245,596,1700.6000000000001,121,2.54,2.84,3.28,2.89,1.4, Competitive — Monitor,-1.0,,,MONITOR — No Clear Signal,0.0,2.93,-0.0,0.0,-0.0,596.0,1746.9370078740158,1746.2800000000002,-0.66
21808,"CHRISTMAS GARLAND STARS,TREES",3.3134920634920637,716,1695.0,60,3.14,3.1,3.81,3.35,-1.1, Competitive — Monitor,-1.0,,,MONITOR — No Clear Signal,0.0,3.31,-0.0,0.0,-0.0,716.0,2372.4603174603176,2369.96,-2.5
85036A,GARDENIA 1 WICK MORRIS BOXED CANDLE,4.222252252252252,413,1691.8899999999999,104,3.69,4.13,5.0,4.27,-1.1, Competitive — Monitor,-1.0,,,MONITOR — No Clear Signal,0.0,4.22,-0.0,0.0,-0.0,413.0,1743.7901801801802,1742.86,-0.93
22854,CREAM SWEETHEART EGG HOLDER,4.921232876712328,354,1685.1000000000001,73,4.65,4.61,5.46,4.91,0.2, Competitive — Monitor,-1.0,,,MONITOR — No Clear Signal,0.0,4.92,-0.0,0.0,-0.0,354.0,1742.1164383561643,1741.68,-0.44
22579,WOODEN TREE CHRISTMAS SCANDINAVIAN,0.85,1981,1683.85,197,0.78,0.89,1.02,0.9,-5.6, Competitive — Monitor,-1.0,,,MONITOR — No Clear Signal,0.0,0.85,0.0,0.0,-0.0,1981.0,1683.85,1683.85,0.0
84912B,GREEN ROSE WASHBAG,3.70625,729,1683.75,39,3.38,3.98,4.12,3.83,-3.2, Competitive — Monitor,-1.0,,,MONITOR — No Clear Signal,0.0,3.71,0.0,0.0,-0.0,729.0,2701.85625,2704.59,2.73
21468,BUTTERFLY CROCHET FOOD COVER,3.728378378378378,499,1679.25,70,3.36,4.01,4.25,3.87,-3.7, Competitive — Monitor,-1.0,,,MONITOR — No Clear Signal,0.0,3.73,0.0,0.0,-0.0,499.0,1860.4608108108107,1861.27,0.81
21508,VINTAGE KID DOLLY CARD ,0.4084014869888476,4163,1674.3,268,0.36,0.43,0.47,0.42,-2.8, Competitive — Monitor,-1.0,,,MONITOR — No Clear Signal,0.0,0.41,0.0,0.0,-0.0,4163.0,1700.1753903345725,1706.83,6.65
22046,TEA PARTY  WRAPPING PAPER ,0.41818181818181815,4100,1674.0,132,0.36,0.42,0.5,0.43,-2.7, Competitive — Monitor,-1.0,,,MONITOR — No Clear Signal,0.0,0.42,0.0,0.0,-0.0,4100.0,1714.5454545454545,1722.0,7.45
21055,TOOL BOX SOFT TOY ,8.95,187,1673.6499999999999,99,7.8,9.24,9.73,8.92,0.3, Competitive — Monitor,-1.0,,,MONITOR — No Clear Signal,0.0,8.95,0.0,0.0,-0.0,187.0,1673.6499999999999,1673.6499999999999,0.0
85107,CUT GLASS T-LIGHT HOLDER OCTAGON,2.1927906976744183,954,1673.1599999999999,40,1.9,2.12,2.55,2.19,0.1, Competitive — Monitor,-1.0,,,MONITOR — No Clear Signal,0.0,2.19,-0.0,0.0,-0.0,954.0,2091.922325581395,2089.2599999999998,-2.66
22154,ANGEL DECORATION 3 BUTTONS ,0.419136690647482,4085,1672.5,127,0.39,0.43,0.47,0.43,-2.5, Competitive — Monitor,-1.0,,,MONITOR — No Clear Signal,0.0,0.42,0.0,0.0,-0.0,4085.0,1712.173381294964,1715.7,3.53
20956,PORCELAIN T-LIGHT HOLDERS ASSORTED,1.2455555555555555,1430,1672.3,84,1.1,1.24,1.36,1.23,1.3, Competitive — Monitor,-1.0,,,MONITOR — No Clear Signal,0.0,1.25,0.0,0.0,-0.0,1430.0,1781.1444444444444,1787.5,6.36
90167,BEADED LOVE HEART JEWELLERY SET,0.8413333333333334,2098,1667.86,75,0.72,0.84,0.98,0.85,-1.0, Competitive — Monitor,-1.0,,,MONITOR — No Clear Signal,0.0,0.84,-0.0,0.0,-0.0,2098.0,1765.1173333333334,1762.32,-2.8
85221,ASSORTED COLOUR SILK COIN PURSE,0.8854545454545455,3551,1667.5900000000001,43,0.84,0.92,1.0,0.92,-3.8, Competitive — Monitor,-4.253,Highly Elastic — Consider Discount,-5%,MONITOR — No Clear Signal,0.0,0.89,0.0,0.0,-0.0,3551.0,3144.249090909091,3160.39,16.14
21710,FOLDING UMBRELLA  PINK/WHITE  SPOT,4.4,613,1666.35,58,4.13,4.25,5.06,4.48,-1.8, Competitive — Monitor,-1.0,,,MONITOR — No Clear Signal,0.0,4.4,0.0,0.0,-0.0,613.0,2697.2000000000003,2697.2000000000003,0.0
22452,MEASURING TAPE RUSSIAN DOLL PINK,2.930769230769231,589,1665.15,104,2.76,2.85,3.22,2.94,-0.3, Competitive — Monitor,-1.0,,,MONITOR — No Clear Signal,0.0,2.93,-0.0,0.0,-0.0,589.0,1726.223076923077,1725.77,-0.45
22572,ROCKING HORSE GREEN CHRISTMAS ,0.8451552795031055,2039,1658.27,150,0.8,0.9,0.95,0.88,-4.0, Competitive — Monitor,-1.0,,,MONITOR — No Clear Signal,0.0,0.85,0.0,0.0,-0.0,2039.0,1723.2716149068322,1733.1499999999999,9.88
15044C,PURPLE PAPER PARASOL,2.926923076923077,594,1657.9,101,2.54,2.72,3.34,2.87,2.0, Competitive — Monitor,-1.0,,,MONITOR — No Clear Signal,0.0,2.93,0.0,0.0,-0.0,594.0,1738.592307692308,1740.42,1.83
84797B,BLUE SAVANNAH PICNIC HAMPER FOR 4,8.450000000000001,310,1654.5,24,7.52,8.43,9.39,8.45,0.0, Competitive — Monitor,-1.0,,,MONITOR — No Clear Signal,0.0,8.45,-0.0,0.0,-0.0,310.0,2619.5000000000005,2619.5,-0.0
22372,AIRLINE BAG VINTAGE WORLD CHAMPION ,5.389097744360902,313,1652.75,132,4.99,5.75,5.82,5.52,-2.4, Competitive — Monitor,-1.0,,,MONITOR — No Clear Signal,0.0,5.39,0.0,0.0,-0.0,313.0,1686.7875939849623,1687.07,0.28
22755,SMALL PURPLE BABUSHKA NOTEBOOK ,0.8459192825112107,2012,1650.9199999999998,212,0.78,0.86,1.01,0.88,-3.9, Competitive — Monitor,-1.0,,,MONITOR — No Clear Signal,0.0,0.85,0.0,0.0,-0.0,2012.0,1701.989596412556,1710.2,8.21
21829,DINOSAUR KEYRINGS ASSORTED,0.20930635838150288,7934,1649.9399999999998,171,0.18,0.21,0.24,0.21,-0.3, Competitive — Monitor,-1.0,,,MONITOR — No Clear Signal,0.0,0.21,0.0,0.0,-0.0,7934.0,1660.636647398844,1666.1399999999999,5.5
21788,KIDS RAIN MAC BLUE,0.8448275862068966,2039,1646.75,109,0.79,0.81,0.98,0.86,-1.8, Competitive — Monitor,-1.0,,,MONITOR — No Clear Signal,0.0,0.84,-0.0,0.0,-0.0,2039.0,1722.603448275862,1712.76,-9.84
21204,DAISIES  HONEYCOMB GARLAND ,1.6352631578947368,1059,1646.55,93,1.43,1.59,1.82,1.61,1.6, Competitive — Monitor,-1.0,,,MONITOR — No Clear Signal,0.0,1.64,0.0,0.0,-0.0,1059.0,1731.7436842105262,1736.76,5.02
21327,SKULLS WRITING SET ,1.6490196078431372,997,1642.6499999999999,197,1.44,1.74,1.82,1.67,-1.3, Competitive — Monitor,-1.0,,,MONITOR — No Clear Signal,0.0,1.65,0.0,0.0,-0.0,997.0,1644.0725490196078,1645.05,0.98
84828,JUNGLE POPSICLES ICE LOLLY HOLDERS,1.2423387096774194,1350,1641.9,123,1.12,1.25,1.38,1.25,-0.6, Competitive — Monitor,-1.0,,,MONITOR — No Clear Signal,0.0,1.24,-0.0,0.0,-0.0,1350.0,1677.1572580645163,1674.0,-3.16
21696,SMALL SILVER TRELLIS CANDLEPOT,2.95,556,1640.2000000000003,69,2.68,2.96,3.28,2.97,-0.7, Competitive — Monitor,-1.0,,,MONITOR — No Clear Signal,0.0,2.95,0.0,0.0,-0.0,556.0,1640.2,1640.2,0.0
21821,GLITTER STAR GARLAND WITH BELLS ,3.7450684931506846,443,1639.65,69,3.4,3.51,4.24,3.72,0.7, Competitive — Monitor,-1.0,,,MONITOR — No Clear Signal,0.0,3.75,0.0,0.0,-0.0,443.0,1659.0653424657532,1661.25,2.18
21652,GLASS ETCHED T-LIGHT HOLDER MEDIUM,1.926,874,1639.5,72,1.65,1.78,2.18,1.87,3.0, Competitive — Monitor,-1.0,,,MONITOR — No Clear Signal,0.0,1.93,0.0,0.0,-0.0,874.0,1683.3239999999998,1686.82,3.5
85060,WOOD FAN WITH FLOWER DESIGN,1.232027027027027,1391,1638.43,74,1.16,1.32,1.39,1.29,-4.5, Competitive — Monitor,-1.0,,,MONITOR — No Clear Signal,0.0,1.23,-0.0,0.0,-0.0,1391.0,1713.7495945945946,1710.93,-2.82
22066,LOVE HEART TRINKET POT,1.4423076923076923,1181,1635.6499999999999,123,1.26,1.41,1.54,1.4,3.0, Competitive — Monitor,-1.0,,,MONITOR — No Clear Signal,0.0,1.44,-0.0,0.0,-0.0,1181.0,1703.3653846153845,1700.6399999999999,-2.73
21687,SILVER PLATE CANDLE BOWL LARGE,3.733448275862069,450,1634.58,78,3.22,3.8,4.2,3.74,-0.2, Competitive — Monitor,-1.0,,,MONITOR — No Clear Signal,0.0,3.73,-0.0,0.0,-0.0,450.0,1680.051724137931,1678.5,-1.55
22842,BISCUIT TIN VINTAGE RED,6.691463414634147,252,1633.8,80,6.28,6.24,7.2,6.57,1.8, Competitive — Monitor,-1.0,,,MONITOR — No Clear Signal,0.0,6.69,-0.0,0.0,-0.0,252.0,1686.248780487805,1685.88,-0.37
22581,WOOD STOCKING CHRISTMAS SCANDISPOT,0.8478804347826087,1972,1630.96,174,0.8,0.87,0.91,0.86,-1.4, Competitive — Monitor,-1.0,,,MONITOR — No Clear Signal,0.0,0.85,0.0,0.0,-0.0,1972.0,1672.0202173913042,1676.2,4.18
21593,SWALLOW CIGAR BOX MATCHES ,1.2480208333333334,1391,1629.31,93,1.17,1.33,1.49,1.33,-6.2, Competitive — Monitor,-1.0,,,MONITOR — No Clear Signal,0.0,1.25,0.0,0.0,-0.0,1391.0,1735.9969791666667,1738.75,2.75
21188,3D HEARTS  HONEYCOMB PAPER GARLAND,2.9312500000000004,562,1625.1000000000001,61,2.73,2.97,3.34,3.01,-2.6, Competitive — Monitor,-1.0,,,MONITOR — No Clear Signal,0.0,2.93,-0.0,0.0,-0.0,562.0,1647.3625000000002,1646.66,-0.7
21357,TOAST ITS - DINOSAUR,1.2464457831325302,1301,1619.17,156,1.14,1.17,1.43,1.25,-0.3, Competitive — Monitor,-1.0,,,MONITOR — No Clear Signal,0.0,1.25,0.0,0.0,-0.0,1301.0,1621.6259638554218,1626.25,4.62
21705,BAG 500g SWIRLY MARBLES,1.6292207792207791,1043,1615.3499999999997,76,1.47,1.65,1.81,1.64,-0.7, Competitive — Monitor,-1.0,,,MONITOR — No Clear Signal,0.0,1.63,0.0,0.0,-0.0,1043.0,1699.2772727272727,1700.09,0.81
21638,ASSORTED TUTTI FRUTTI NOTEBOOK,2.1,768,1612.8000000000002,88,1.8,2.19,2.49,2.16,-2.8, Competitive — Monitor,-1.0,,,MONITOR — No Clear Signal,0.0,2.1,0.0,0.0,-0.0,768.0,1612.8000000000002,1612.8000000000002,0.0
22525,CHILDRENS GARDEN GLOVES PINK,1.247091836734694,1299,1612.35,192,1.11,1.23,1.43,1.26,-1.0, Competitive — Monitor,-1.0,,,MONITOR — No Clear Signal,0.0,1.25,0.0,0.0,-0.0,1299.0,1619.9722959183673,1623.75,3.78
21191,LARGE WHITE HONEYCOMB PAPER BELL  ,2.062727272727273,850,1607.0600000000002,76,1.83,2.19,2.4,2.14,-3.6, Competitive — Monitor,-1.0,,,MONITOR — No Clear Signal,0.0,2.06,-0.0,0.0,-0.0,850.0,1753.318181818182,1751.0,-2.32
21659,GLASS CAKE STAND,14.87280701754386,111,1606.6499999999999,56,13.03,15.23,16.44,14.9,-0.2, Competitive — Monitor,-1.0,,,MONITOR — No Clear Signal,0.0,14.87,-0.0,0.0,-0.0,111.0,1650.8815789473683,1650.57,-0.31
21215, IVORY PAPER CUP CAKE CASES ,0.5397637795275592,3268,1604.74,121,0.5,0.57,0.64,0.57,-5.3, Competitive — Monitor,-1.0,,,MONITOR — No Clear Signal,0.0,0.54,0.0,0.0,-0.0,3268.0,1763.9480314960633,1764.72,0.77
20752,RETRO BLUE SPOTTY WASHING UP GLOVES,2.061890243902439,978,1603.8000000000002,162,1.85,2.1,2.42,2.12,-2.7, Competitive — Monitor,-1.0,,,MONITOR — No Clear Signal,0.0,2.06,-0.0,0.0,-0.0,978.0,2016.5286585365855,2014.68,-1.85
72799E,IVORY PILLAR CANDLE SILVER FLOCK,2.801063829787234,768,1603.2000000000003,89,2.4,2.64,3.3,2.78,0.8, Competitive — Monitor,-1.0,,,MONITOR — No Clear Signal,0.0,2.8,-0.0,0.0,-0.0,768.0,2151.217021276596,2150.3999999999996,-0.82
22693,GROW A FLYTRAP OR SUNFLOWER IN TIN,1.2370454545454546,1326,1602.78,43,1.08,1.2,1.33,1.2,3.1, Competitive — Monitor,-1.0,,,MONITOR — No Clear Signal,0.0,1.24,0.0,0.0,-0.0,1326.0,1640.3222727272728,1644.24,3.92
21917,SET 12 KIDS  WHITE CHALK STICKS,0.41883495145631067,3860,1599.6,200,0.38,0.4,0.46,0.41,2.2, Competitive — Monitor,-1.0,,,MONITOR — No Clear Signal,0.0,0.42,0.0,0.0,-0.0,3860.0,1616.7029126213592,1621.2,4.5
22500,SET OF 2 TINS JARDIN DE PROVENCE,4.942783505154639,326,1596.9,96,4.24,5.27,5.4,4.97,-0.5, Competitive — Monitor,-1.0,,,MONITOR — No Clear Signal,0.0,4.94,-0.0,0.0,-0.0,326.0,1611.3474226804124,1610.44,-0.91
21645,ASSORTED TUTTI FRUTTI ROUND BOX,1.65,967,1595.5499999999997,114,1.54,1.72,1.8,1.69,-2.4, Competitive — Monitor,-1.0,,,MONITOR — No Clear Signal,0.0,1.65,0.0,0.0,-0.0,967.0,1595.55,1595.55,0.0
21789,KIDS RAIN MAC PINK,0.8429824561403508,1983,1594.35,112,0.76,0.87,0.99,0.87,-3.1, Competitive — Monitor,-1.0,,,MONITOR — No Clear Signal,0.0,0.84,-0.0,0.0,-0.0,1983.0,1671.6342105263157,1665.72,-5.91
21519,GIN & TONIC DIET GREETING CARD ,0.41119047619047616,3908,1593.12,250,0.37,0.4,0.43,0.4,2.8, Competitive — Monitor,-1.0,,,MONITOR — No Clear Signal,0.0,0.41,-0.0,0.0,-0.0,3908.0,1606.9323809523808,1602.28,-4.65
84356,POMPOM CURTAIN,6.460204081632654,324,1591.8000000000002,49,5.87,6.13,6.86,6.29,2.7, Competitive — Monitor,-1.0,,,MONITOR — No Clear Signal,0.0,6.46,-0.0,0.0,-0.0,324.0,2093.10612244898,2093.04,-0.07
35160,BUDDHA INCENSE HOLDER ASSORTED,0.8152830188679245,2176,1587.24,53,0.76,0.85,0.89,0.83,-1.8, Competitive — Monitor,-1.0,,,MONITOR — No Clear Signal,0.0,0.82,0.0,0.0,-0.0,2176.0,1774.0558490566038,1784.32,10.26
21529,RETRO SPOT CERAMIC TOASTRACK,3.424789915966387,472,1583.4,115,3.03,3.41,3.7,3.38,1.3, Competitive — Monitor,-1.0,,,MONITOR — No Clear Signal,0.0,3.42,-0.0,0.0,-0.0,472.0,1616.5008403361346,1614.24,-2.26
20770,ABSTRACT CIRCLE JOURNAL ,2.4050561797752805,798,1582.2,88,2.21,2.3,2.61,2.37,1.5, Competitive — Monitor,-1.0,,,MONITOR — No Clear Signal,0.0,2.41,0.0,0.0,-0.0,798.0,1919.2348314606738,1923.18,3.95
20990,SPRING FLOWER CHOPSTICKS SET/5,1.94,857,1581.1499999999999,87,1.76,1.98,2.27,2.0,-3.0, Competitive — Monitor,-1.0,,,MONITOR — No Clear Signal,0.0,1.94,0.0,0.0,-0.0,857.0,1662.58,1662.58,0.0
22566,"FELTCRAFT HAIRBAND S/2, PINK/PURPLE",0.8490972222222222,1973,1578.77,142,0.74,0.79,0.96,0.83,2.3, Competitive — Monitor,-1.0,,,MONITOR — No Clear Signal,0.0,0.85,0.0,0.0,-0.0,1973.0,1675.2688194444443,1677.05,1.78
21224,SET/4 SKULL BADGES,1.2472058823529413,1266,1578.7,131,1.17,1.21,1.31,1.23,1.4, Competitive — Monitor,-1.0,,,MONITOR — No Clear Signal,0.0,1.25,0.0,0.0,-0.0,1266.0,1578.9626470588237,1582.5,3.54
21283,NATURAL BARK CANDLE SMALL,3.1875,516,1578.0,68,2.96,3.17,3.55,3.23,-1.3, Competitive — Monitor,-1.0,,,MONITOR — No Clear Signal,0.0,3.19,0.0,0.0,-0.0,516.0,1644.75,1646.04,1.29
84969,ASSORTED COLOUR SET 6 TEASPOONS,4.25,371,1576.75,101,3.89,4.01,4.72,4.21,1.0, Competitive — Monitor,-1.0,,,MONITOR — No Clear Signal,0.0,4.25,0.0,0.0,-0.0,371.0,1576.75,1576.75,0.0
84813,SET OF 4 DIAMOND NAPKIN RINGS,11.064893617021276,234,1575.5,47,10.35,11.92,11.81,11.36,-2.6, Competitive — Monitor,-1.0,,,MONITOR — No Clear Signal,0.0,11.06,-0.0,0.0,-0.0,234.0,2589.1851063829786,2588.04,-1.15
21761,WOOD AND GLASS MEDICINE CABINET,29.3875,57,1575.15,16,27.53,28.02,33.84,29.8,-1.4, Competitive — Monitor,-1.0,,,MONITOR — No Clear Signal,0.0,29.39,0.0,0.0,-0.0,57.0,1675.0874999999999,1675.23,0.14
21187,WHITE BELL HONEYCOMB PAPER GARLAND ,1.6340909090909088,1019,1573.35,82,1.5,1.54,1.89,1.64,-0.4, Competitive — Monitor,-1.0,,,MONITOR — No Clear Signal,0.0,1.63,-0.0,0.0,-0.0,1019.0,1665.1386363636361,1660.9699999999998,-4.17
22907,PACK OF 20 NAPKINS PANTRY DESIGN,0.8390909090909091,2088,1573.1999999999998,148,0.78,0.8,0.97,0.85,-1.3, Competitive — Monitor,-1.0,,,MONITOR — No Clear Signal,0.0,0.84,0.0,0.0,-0.0,2088.0,1752.0218181818182,1753.9199999999998,1.9
22021,BLUE FELT EASTER EGG BASKET,1.6406666666666667,981,1571.85,145,1.51,1.71,1.9,1.71,-4.1, Competitive — Monitor,-1.0,,,MONITOR — No Clear Signal,0.0,1.64,-0.0,0.0,-0.0,981.0,1609.4940000000001,1608.84,-0.65
22152,PLACE SETTING WHITE STAR,0.41867647058823526,3888,1571.76,130,0.38,0.41,0.44,0.41,2.1, Competitive — Monitor,-1.0,,,MONITOR — No Clear Signal,0.0,0.42,0.0,0.0,-0.0,3888.0,1627.8141176470588,1632.96,5.15
22405,MONEY BOX POCKET MONEY DESIGN,1.2448299319727891,1280,1570.36,143,1.14,1.26,1.49,1.3,-4.2, Competitive — Monitor,-1.0,,,MONITOR — No Clear Signal,0.0,1.24,-0.0,0.0,-0.0,1280.0,1593.38231292517,1587.2,-6.18
21099,SET/6 STRAWBERRY PAPER CUPS,0.6328125,13382,1570.3,29,0.59,0.58,0.74,0.64,-1.1, Competitive — Monitor,-1.0,,,MONITOR — No Clear Signal,0.0,0.63,-0.0,0.0,-0.0,13382.0,8468.296875,8430.66,-37.64
22807,SET OF 6 T-LIGHTS TOADSTOOLS,2.9313953488372095,556,1568.2,81,2.54,2.71,3.48,2.91,0.7, Competitive — Monitor,-1.0,,,MONITOR — No Clear Signal,0.0,2.93,-0.0,0.0,-0.0,556.0,1629.8558139534885,1629.0800000000002,-0.78
22270,HAPPY EASTER HANGING DECORATION,3.7424999999999997,427,1566.69,87,3.51,3.71,3.94,3.72,0.6, Competitive — Monitor,-1.0,,,MONITOR — No Clear Signal,0.0,3.74,-0.0,0.0,-0.0,427.0,1598.0475,1596.98,-1.07
22231,JIGSAW TREE WITH BIRDHOUSE,1.4451219512195121,1112,1564.3999999999999,119,1.35,1.52,1.72,1.53,-5.5, Competitive — Monitor,-1.0,,,MONITOR — No Clear Signal,0.0,1.45,0.0,0.0,-0.0,1112.0,1606.9756097560976,1612.3999999999999,5.42
84944,SET OF 6 KASHMIR FOLKART BAUBLES,4.25,368,1564.0,85,3.62,4.51,4.98,4.37,-2.7, Competitive — Monitor,-1.0,,,MONITOR — No Clear Signal,0.0,4.25,0.0,0.0,-0.0,368.0,1564.0,1564.0,0.0
21126,SET OF 6 GIRLS CELEBRATION CANDLES,1.2101333333333335,1726,1563.74,144,1.13,1.13,1.42,1.23,-1.6, Competitive — Monitor,-1.0,,,MONITOR — No Clear Signal,0.0,1.21,-0.0,0.0,-0.0,1726.0,2088.6901333333335,2088.46,-0.23
22754,SMALL RED BABUSHKA NOTEBOOK ,0.84545,1908,1562.52,193,0.73,0.85,0.9,0.83,1.9, Competitive — Monitor,-1.0,,,MONITOR — No Clear Signal,0.0,0.85,0.0,0.0,-0.0,1908.0,1613.1186,1621.8,8.68
21680,WOODLAND  STICKERS,0.8474509803921568,1926,1562.2199999999998,100,0.75,0.9,0.98,0.88,-3.7, Competitive — Monitor,-1.0,,,MONITOR — No Clear Signal,0.0,0.85,0.0,0.0,-0.0,1926.0,1632.190588235294,1637.1,4.91
21548,CERAMIC BIRDHOUSE FINCH BLUE ROOF,2.9182352941176473,650,1562.15,77,2.7,2.87,3.48,3.02,-3.4, Competitive — Monitor,-1.0,,,MONITOR — No Clear Signal,0.0,2.92,0.0,0.0,-0.0,650.0,1896.8529411764707,1898.0,1.15
22281,EASTER TREE YELLOW BIRDS,5.890178571428572,317,1561.5500000000002,55,5.1,6.2,6.78,6.03,-2.3, Competitive — Monitor,-1.0,,,MONITOR — No Clear Signal,0.0,5.89,-0.0,0.0,-0.0,317.0,1867.1866071428572,1867.1299999999999,-0.06
22142,CHRISTMAS CRAFT WHITE FAIRY ,1.444074074074074,1125,1559.25,125,1.35,1.36,1.64,1.45,-0.4, Competitive — Monitor,-1.0,,,MONITOR — No Clear Signal,0.0,1.44,-0.0,0.0,-0.0,1125.0,1624.5833333333333,1620.0,-4.58
85227,SET/6 3D KIT CARDS FOR KIDS,0.8487116564417179,1893,1558.6499999999999,151,0.79,0.91,1.01,0.9,-5.7, Competitive — Monitor,-1.0,,,MONITOR — No Clear Signal,0.0,0.85,0.0,0.0,-0.0,1893.0,1606.611165644172,1609.05,2.44
21846,PINK DIAMANTE PEN IN GIFT BOX,3.6954545454545453,900,1557.6,64,3.33,3.84,4.13,3.77,-2.0, Competitive — Monitor,-1.0,,,MONITOR — No Clear Signal,0.0,3.7,0.0,0.0,-0.0,900.0,3325.909090909091,3330.0,4.09
22537,MAGIC DRAWING SLATE DINOSAUR,0.4178181818181818,3927,1557.18,156,0.36,0.45,0.48,0.43,-2.8, Competitive — Monitor,-1.0,,,MONITOR — No Clear Signal,0.0,0.42,0.0,0.0,-0.0,3927.0,1640.772,1649.34,8.57
21823,PAINTED METAL HEART WITH HOLLY BELL,1.4481981981981982,1087,1556.9499999999998,101,1.27,1.49,1.62,1.46,-0.8, Competitive — Monitor,-1.0,,,MONITOR — No Clear Signal,0.0,1.45,0.0,0.0,-0.0,1087.0,1574.1914414414414,1576.1499999999999,1.96
21693,SMALL HAMMERED SILVER CANDLEPOT ,2.9440298507462686,527,1552.2500000000002,61,2.68,2.88,3.5,3.02,-2.5, Competitive — Monitor,-1.0,,,MONITOR — No Clear Signal,0.0,2.94,-0.0,0.0,-0.0,527.0,1551.5037313432836,1549.3799999999999,-2.12
85199L,LARGE HANGING IVORY & RED WOOD BIRD,0.6472519083969466,2467,1551.71,128,0.61,0.69,0.69,0.66,-1.9, Competitive — Monitor,-1.0,,,MONITOR — No Clear Signal,0.0,0.65,0.0,0.0,-0.0,2467.0,1596.7704580152672,1603.55,6.78
22184,CAKE STAND VICTORIAN FILIGREE LARGE,7.550735294117648,261,1549.7,67,6.9,7.28,8.5,7.56,-0.1, Competitive — Monitor,-1.0,,,MONITOR — No Clear Signal,0.0,7.55,-0.0,0.0,-0.0,261.0,1970.7419117647062,1970.55,-0.19
21280,VINTAGE KITCHEN PRINT VEGETABLES,2.2609756097560973,3251,1548.45,41,1.98,2.2,2.61,2.26,0.0, Competitive — Monitor,-9.296,Highly Elastic — Consider Discount,-5%,MONITOR — No Clear Signal,0.0,2.26,-0.0,0.0,-0.0,3251.0,7350.431707317072,7347.259999999999,-3.17
85132B,CHARLIE AND LOLA TABLE TINS,6.997619047619047,382,1544.9,42,6.39,7.22,8.18,7.26,-3.6, Competitive — Monitor,-5.152,Highly Elastic — Consider Discount,-5%,MONITOR — No Clear Signal,0.0,7.0,0.0,0.0,-0.0,382.0,2673.090476190476,2674.0,0.91
21348,PINK SPOTS CHOCOLATE NESTING BOXES ,2.769298245614035,680,1544.4,110,2.5,2.89,3.15,2.85,-2.8, Competitive — Monitor,-1.0,,,MONITOR — No Clear Signal,0.0,2.77,0.0,0.0,-0.0,680.0,1883.1228070175437,1883.6,0.48
21276,TWO EMBOSSED HEART MINI DRAWERS,3.8785714285714286,676,1544.2,28,3.6,4.15,4.6,4.12,-5.9, Competitive — Monitor,-1.0,,,MONITOR — No Clear Signal,0.0,3.88,0.0,0.0,-0.0,676.0,2621.9142857142856,2622.88,0.97
84507B,STRIPES DESIGN MONKEY DOLL,2.3309210526315787,1288,1543.8,75,2.01,2.22,2.78,2.34,-0.4, Competitive — Monitor,-1.0,,,MONITOR — No Clear Signal,0.0,2.33,-0.0,0.0,-0.0,1288.0,3002.226315789473,3001.04,-1.19
21895,POTTING SHED SOW 'N' GROW SET,4.2021428571428565,529,1540.25,70,3.89,4.4,4.45,4.25,-1.1, Competitive — Monitor,-1.0,,,MONITOR — No Clear Signal,0.0,4.2,-0.0,0.0,-0.0,529.0,2222.933571428571,2221.8,-1.13
22155,STAR DECORATION RUSTIC,0.42,3662,1538.04,144,0.38,0.44,0.47,0.43,-2.3, Competitive — Monitor,-1.0,,,MONITOR — No Clear Signal,0.0,0.42,0.0,0.0,-0.0,3662.0,1538.04,1538.04,0.0
85222,ASSORTED COLOUR SILK COSMETIC PURSE,1.9022727272727273,1395,1537.5,41,1.8,1.77,2.0,1.86,2.3, Competitive — Monitor,-1.0,,,MONITOR — No Clear Signal,0.0,1.9,-0.0,0.0,-0.0,1395.0,2653.6704545454545,2650.5,-3.17
20684,STRAWBERRY DREAM CHILDS UMBRELLA,3.2381889763779528,484,1534.0,126,2.86,3.18,3.56,3.2,1.2, Competitive — Monitor,-1.0,,,MONITOR — No Clear Signal,0.0,3.24,0.0,0.0,-0.0,484.0,1567.283464566929,1568.16,0.88
22416,36 DOILIES SPACEBOY DESIGN ,1.4456989247311827,1095,1530.1499999999999,92,1.32,1.4,1.63,1.45,-0.3, Competitive — Monitor,-1.0,,,MONITOR — No Clear Signal,0.0,1.45,0.0,0.0,-0.0,1095.0,1583.0403225806451,1587.75,4.71
21545,CERAMIC BIRDHOUSE BUTTERFLY SMALL,2.8924242424242426,679,1530.0,64,2.73,2.8,3.43,2.99,-3.3, Competitive — Monitor,-1.0,,,MONITOR — No Clear Signal,0.0,2.89,-0.0,0.0,-0.0,679.0,1963.9560606060606,1962.3100000000002,-1.65
82615,PINK MARSHMALLOW SCARF KNITTING KIT,2.898051948051948,568,1529.2,76,2.49,3.12,3.41,3.01,-3.7, Competitive — Monitor,-1.0,,,MONITOR — No Clear Signal,0.0,2.9,0.0,0.0,-0.0,568.0,1646.0935064935065,1647.2,1.11
22313,OFFICE MUG WARMER PINK,3.8285714285714287,436,1525.8000000000002,56,3.61,3.92,4.09,3.87,-1.1, Competitive — Monitor,-4.041,Highly Elastic — Consider Discount,-5%,MONITOR — No Clear Signal,0.0,3.83,0.0,0.0,-0.0,436.0,1669.257142857143,1669.88,0.62
21741,COSY SLIPPER SHOES LARGE GREEN,2.942982456140351,523,1523.65,107,2.7,3.05,3.13,2.96,-0.6, Competitive — Monitor,-1.0,,,MONITOR — No Clear Signal,0.0,2.94,-0.0,0.0,-0.0,523.0,1539.1798245614036,1537.62,-1.56
21192,WHITE BELL HONEYCOMB PAPER ,1.6360465116279068,964,1522.9999999999998,80,1.4,1.76,1.86,1.67,-2.0, Competitive — Monitor,-1.0,,,MONITOR — No Clear Signal,0.0,1.64,0.0,0.0,-0.0,964.0,1577.1488372093022,1580.9599999999998,3.81
21109,"LARGE CAKE TOWEL, CHOCOLATE SPOTS",6.726,226,1520.7,97,5.92,6.59,7.6,6.7,0.4, Competitive — Monitor,-1.0,,,MONITOR — No Clear Signal,0.0,6.73,0.0,0.0,-0.0,226.0,1520.076,1520.98,0.9
21328,BALLOONS  WRITING SET ,1.6481132075471696,926,1518.2999999999997,200,1.52,1.73,1.8,1.68,-1.9, Competitive — Monitor,-1.0,,,MONITOR — No Clear Signal,0.0,1.65,0.0,0.0,-0.0,926.0,1526.152830188679,1527.8999999999999,1.75
15059A,ENGLISH ROSE EDWARDIAN PARASOL,3.0,505,1515.0,1,2.57,2.97,3.55,3.03,-1.0, Competitive — Monitor,-1.0,,,MONITOR — No Clear Signal,0.0,3.0,0.0,0.0,-0.0,505.0,1515.0,1515.0,0.0
22428,ENAMEL FIRE BUCKET CREAM,6.934210526315789,219,1514.25,74,6.3,7.34,8.25,7.3,-5.0, Competitive — Monitor,-1.0,,,MONITOR — No Clear Signal,0.0,6.93,-0.0,0.0,-0.0,219.0,1518.592105263158,1517.6699999999998,-0.92
21610,SET 12 PEAR BOTANICAL T-LIGHTS,2.9202127659574466,536,1514.0,87,2.58,2.77,3.24,2.86,2.1, Competitive — Monitor,-1.0,,,MONITOR — No Clear Signal,0.0,2.92,-0.0,0.0,-0.0,536.0,1565.2340425531913,1565.12,-0.11
22023,EMPIRE BIRTHDAY CARD,0.4055084745762712,3801,1513.62,230,0.37,0.43,0.48,0.43,-5.7, Competitive — Monitor,-1.0,,,MONITOR — No Clear Signal,0.0,0.41,0.0,0.0,-0.0,3801.0,1541.3377118644069,1558.4099999999999,17.07
21845,DAIRY MAID STRIPE MUG,2.9250000000000003,531,1508.8500000000001,64,2.5,2.79,3.24,2.84,3.0, Competitive — Monitor,-1.0,,,MONITOR — No Clear Signal,0.0,2.92,-0.01,0.0,-0.0,531.0,1553.1750000000002,1550.52,-2.66
22310,KNITTED MUG COSY IVORY COLOUR ,1.62910447761194,989,1508.6499999999999,64,1.53,1.58,1.89,1.67,-2.4, Competitive — Monitor,-1.0,,,MONITOR — No Clear Signal,0.0,1.63,0.0,0.0,-0.0,989.0,1611.1843283582089,1612.07,0.89
22898,CHILDRENS APRON APPLE DESIGN,1.9391891891891893,803,1505.85,109,1.84,2.02,2.17,2.01,-3.5, Competitive — Monitor,-1.0,,,MONITOR — No Clear Signal,0.0,1.94,0.0,0.0,-0.0,803.0,1557.168918918919,1557.82,0.65
72799F,IVORY PILLAR CANDLE GOLD FLOCK,2.6383333333333336,946,1505.5,55,2.5,2.59,2.82,2.64,-0.1, Competitive — Monitor,-1.0,,,MONITOR — No Clear Signal,0.0,2.64,0.0,0.0,-0.0,946.0,2495.8633333333337,2497.44,1.58
21092,SET/6 STRAWBERRY PAPER PLATES,0.7966666666666666,12806,1504.94,18,0.74,0.81,0.95,0.83,-4.0, Competitive — Monitor,-1.0,,,MONITOR — No Clear Signal,0.0,0.8,0.0,0.0,-0.0,12806.0,10202.113333333333,10244.800000000001,42.69
22903,CALENDAR FAMILY FAVORITES,2.9152173913043478,552,1500.4,23,2.52,2.89,3.26,2.89,0.9, Competitive — Monitor,-1.0,,,MONITOR — No Clear Signal,0.0,2.92,0.0,0.0,-0.0,552.0,1609.2,1611.84,2.64
22899,CHILDRENS APRON DOLLY GIRL ,2.0906542056074766,742,1495.7,106,1.94,2.17,2.43,2.18,-4.1, Competitive — Monitor,-1.0,,,MONITOR — No Clear Signal,0.0,2.09,-0.0,0.0,-0.0,742.0,1551.2654205607475,1550.78,-0.49
47480,HANGING PHOTO CLIP ROPE LADDER,1.633673469387755,963,1492.9499999999998,49,1.39,1.56,1.81,1.59,2.7, Competitive — Monitor,-1.0,,,MONITOR — No Clear Signal,0.0,1.63,-0.0,0.0,-0.0,963.0,1573.227551020408,1569.6899999999998,-3.54
21841,BABY MOUSE RED GINGHAM DRESS,4.2266355140186915,358,1492.0,103,3.6,3.93,4.45,3.99,5.9, Competitive — Monitor,-1.0,,,MONITOR — No Clear Signal,0.0,4.23,0.0,0.0,-0.0,358.0,1513.1355140186915,1514.3400000000001,1.2
21445,12 PINK ROSE PEG PLACE SETTINGS,1.2442424242424244,1264,1491.08,96,1.1,1.2,1.33,1.21,2.8, Competitive — Monitor,-1.0,,,MONITOR — No Clear Signal,0.0,1.24,-0.0,0.0,-0.0,1264.0,1572.7224242424245,1567.36,-5.36
22315,200 RED + WHITE BENDY STRAWS,1.246062176165803,1232,1489.84,186,1.12,1.24,1.4,1.25,-0.3, Competitive — Monitor,-1.0,,,MONITOR — No Clear Signal,0.0,1.25,0.0,0.0,-0.0,1232.0,1535.1486010362694,1540.0,4.85
21106,CREAM SLICE FLANNEL CHOCOLATE SPOT ,2.9188888888888886,515,1480.8500000000001,89,2.71,2.76,3.37,2.95,-1.1, Competitive — Monitor,-1.0,,,MONITOR — No Clear Signal,0.0,2.92,0.0,0.0,-0.0,515.0,1503.2277777777776,1503.8,0.57
21281,VINTAGE KITCHEN PRINT SEAFOOD,2.2859374999999997,3615,1478.25,32,2.1,2.23,2.52,2.28,0.3, Competitive — Monitor,-1.0,,,MONITOR — No Clear Signal,0.0,2.29,0.0,0.0,-0.0,3615.0,8263.664062499998,8278.35,14.69
85035A,GARDENIA 3 WICK MORRIS BOXED CANDLE,4.215777777777778,363,1477.63,88,3.77,4.15,4.87,4.26,-1.0, Competitive — Monitor,-1.0,,,MONITOR — No Clear Signal,0.0,4.22,0.0,0.0,-0.0,363.0,1530.3273333333336,1531.86,1.53
21146,ANTIQUE GLASS RIDGED HANGING BALL,1.9386792452830188,787,1477.05,52,1.7,1.8,2.24,1.91,1.5, Competitive — Monitor,-1.0,,,MONITOR — No Clear Signal,0.0,1.94,0.0,0.0,-0.0,787.0,1525.7405660377358,1526.78,1.04
21647,ASSORTED TUTTI FRUTTI LARGE PURSE,2.1,703,1476.3000000000002,87,1.99,2.13,2.43,2.18,-3.7, Competitive — Monitor,-1.0,,,MONITOR — No Clear Signal,0.0,2.1,0.0,0.0,-0.0,703.0,1476.3,1476.3,0.0
21642,ASSORTED TUTTI FRUTTI PEN,0.8487850467289719,1773,1475.85,96,0.76,0.9,0.95,0.87,-2.4, Competitive — Monitor,-1.0,,,MONITOR — No Clear Signal,0.0,0.85,0.0,0.0,-0.0,1773.0,1504.8958878504673,1507.05,2.15
21547,CERAMIC BIRDHOUSE CRESTED TIT SMALL,2.914935064935065,620,1473.65,76,2.61,2.75,3.46,2.94,-0.9, Competitive — Monitor,-1.0,,,MONITOR — No Clear Signal,0.0,2.91,-0.0,0.0,-0.0,620.0,1807.2597402597403,1804.2,-3.06
21550,CERAMIC BIRDHOUSE CRESTED TIT LARGE,5.896923076923077,291,1473.45,56,5.11,5.99,6.62,5.91,-0.2, Competitive — Monitor,-1.0,,,MONITOR — No Clear Signal,0.0,5.9,0.0,0.0,-0.0,291.0,1716.0046153846154,1716.9,0.9
85035B,CHOCOLATE 3 WICK MORRIS BOX CANDLE,4.214516129032258,370,1472.62,60,3.92,4.33,4.71,4.32,-2.4, Competitive — Monitor,-1.0,,,MONITOR — No Clear Signal,0.0,4.21,-0.0,0.0,-0.0,370.0,1559.3709677419356,1557.7,-1.67
21384,IVORY HANGING DECORATION  BUTTERFLY,0.8477777777777777,1739,1471.9099999999999,113,0.78,0.84,0.92,0.85,-0.3, Competitive — Monitor,-1.0,,,MONITOR — No Clear Signal,0.0,0.85,0.0,0.0,-0.0,1739.0,1474.2855555555554,1478.1499999999999,3.86
22540,MINI JIGSAW CIRCUS PARADE ,0.418021978021978,3732,1471.68,91,0.36,0.43,0.46,0.42,-0.5, Competitive — Monitor,-1.0,,,MONITOR — No Clear Signal,0.0,0.42,0.0,0.0,-0.0,3732.0,1560.0580219780218,1567.44,7.38
72008,FROSTED BOX 9 WHITE T-LIGHT CANDLES,0.4163819095477387,3700,1470.84,193,0.36,0.41,0.44,0.4,4.1, Competitive — Monitor,-1.0,,,MONITOR — No Clear Signal,0.0,0.42,0.0,0.0,-0.0,3700.0,1540.6130653266332,1554.0,13.39
21541,DINOSAURS WATER TRANSFER TATTOOS ,0.845973154362416,1782,1469.8999999999999,147,0.78,0.85,0.97,0.87,-2.8, Competitive — Monitor,-1.0,,,MONITOR — No Clear Signal,0.0,0.85,0.0,0.0,-0.0,1782.0,1507.5241610738253,1514.7,7.18
84795A,PASTEL STRIPE HAMMOCK ,7.846551724137932,195,1466.25,56,7.18,7.23,8.53,7.65,2.6, Competitive — Monitor,-1.0,,,MONITOR — No Clear Signal,0.0,7.85,0.0,0.0,-0.0,195.0,1530.0775862068967,1530.75,0.67
22514,CHILDS GARDEN SPADE BLUE,2.0772131147540986,773,1464.7800000000002,121,1.82,2.14,2.28,2.08,-0.1, Competitive — Monitor,-1.0,,,MONITOR — No Clear Signal,0.0,2.08,0.0,0.0,-0.0,773.0,1605.6857377049182,1607.8400000000001,2.15
21556,CERAMIC STRAWBERRY MONEY BOX,2.543333333333333,582,1462.5,131,2.4,2.61,2.96,2.66,-4.4, Competitive — Monitor,-1.0,,,MONITOR — No Clear Signal,0.0,2.54,-0.0,0.0,-0.0,582.0,1480.2199999999998,1478.28,-1.94
22704,WRAP RED APPLES ,0.41873015873015873,3550,1459.0,125,0.36,0.39,0.46,0.4,4.7, Competitive — Monitor,-1.0,,,MONITOR — No Clear Signal,0.0,0.42,0.0,0.0,-0.0,3550.0,1486.4920634920634,1491.0,4.51
17084R,ASSORTED INCENSE PACK,0.2026829268292683,8105,1453.65,40,0.18,0.2,0.22,0.2,1.3, Competitive — Monitor,-1.0,,,MONITOR — No Clear Signal,0.0,0.2,-0.0,0.0,-0.0,8105.0,1642.7451219512195,1621.0,-21.75
21161,KEEP OUT BOYS DOOR HANGER ,1.3591791044776118,2176,1453.12,130,1.28,1.46,1.46,1.4,-2.9, Competitive — Monitor,-1.0,,,MONITOR — No Clear Signal,0.0,1.36,0.0,0.0,-0.0,2176.0,2957.5737313432833,2959.36,1.79
22129,PARTY CONES CANDY TREE DECORATION,0.8409722222222222,1826,1451.48,71,0.75,0.83,0.98,0.85,-1.1, Competitive — Monitor,-1.0,,,MONITOR — No Clear Signal,0.0,0.84,-0.0,0.0,-0.0,1826.0,1535.6152777777777,1533.84,-1.78
84509B,FAIRY CAKE PLACEMATS,3.707894736842105,410,1451.1000000000001,94,3.39,3.71,3.97,3.69,0.5, Competitive — Monitor,-1.0,,,MONITOR — No Clear Signal,0.0,3.71,0.0,0.0,-0.0,410.0,1520.2368421052631,1521.1,0.86
84472,PINK AND LILAC QUILTED THROW ,44.272000000000006,33,1450.4,25,39.39,47.18,49.5,45.36,-2.4, Competitive — Monitor,-1.0,,,MONITOR — No Clear Signal,0.0,44.27,-0.0,0.0,-0.0,33.0,1460.976,1460.91,-0.07
21542,WOODLAND WATER TRANSFER TATTOOS ,0.8472789115646259,1753,1447.6499999999999,145,0.74,0.88,0.95,0.86,-1.5, Competitive — Monitor,-1.0,,,MONITOR — No Clear Signal,0.0,0.85,0.0,0.0,-0.0,1753.0,1485.2799319727892,1490.05,4.77
21462,"NURSERY A,B,C PAINTED LETTERS",6.741919191919193,216,1445.2,94,6.39,6.83,7.77,7.0,-3.7, Competitive — Monitor,-1.0,,,MONITOR — No Clear Signal,0.0,6.74,-0.0,0.0,-0.0,216.0,1456.2545454545457,1455.8400000000001,-0.41
21866,UNION JACK FLAG LUGGAGE TAG,1.2481642512077296,1159,1444.19,195,1.11,1.31,1.43,1.28,-2.5, Competitive — Monitor,-1.0,,,MONITOR — No Clear Signal,0.0,1.25,0.0,0.0,-0.0,1159.0,1446.6223671497585,1448.75,2.13
84619,BLUE GINGHAM ROSE QUILT ,33.18076923076923,69,1444.15,26,31.17,35.12,38.87,35.05,-5.3, Competitive — Monitor,-1.0,,,MONITOR — No Clear Signal,0.0,33.18,-0.0,0.0,-0.0,69.0,2289.473076923077,2289.42,-0.05
21804,WHITE CHRISTMAS GARLAND STARS TREES,3.75,385,1443.75,70,3.27,3.72,3.96,3.65,2.7, Competitive — Monitor,-1.0,,,MONITOR — No Clear Signal,0.0,3.75,0.0,0.0,-0.0,385.0,1443.75,1443.75,0.0
22081,RIBBON REEL FLORA + FAUNA ,1.6484251968503936,873,1438.45,125,1.44,1.64,1.8,1.63,1.1, Competitive — Monitor,-1.0,,,MONITOR — No Clear Signal,0.0,1.65,0.0,0.0,-0.0,873.0,1439.0751968503937,1440.4499999999998,1.37
22524,CHILDRENS GARDEN GLOVES BLUE,1.2466860465116278,1156,1438.16,171,1.06,1.22,1.36,1.21,3.0, Competitive — Monitor,-1.0,,,MONITOR — No Clear Signal,0.0,1.25,0.0,0.0,-0.0,1156.0,1441.169069767442,1445.0,3.83
21657,MILK BOTTLE WITH GLASS STOPPER ,6.913855421686748,212,1437.4,81,6.33,7.43,7.41,7.06,-2.1, Competitive — Monitor,-1.0,,,MONITOR — No Clear Signal,0.0,6.91,-0.0,0.0,-0.0,212.0,1465.7373493975906,1464.92,-0.82
22293,"SPRING DEC , HANGING CHICK  GREEN",1.4422077922077923,1114,1435.3,72,1.28,1.49,1.58,1.45,-0.5, Competitive — Monitor,-1.0,,,MONITOR — No Clear Signal,0.0,1.44,-0.0,0.0,-0.0,1114.0,1606.6194805194807,1604.1599999999999,-2.46
21869,POTTING SHED COFFEE MUG,1.212,1248,1434.6,103,1.13,1.13,1.33,1.2,1.0, Competitive — Monitor,-1.0,,,MONITOR — No Clear Signal,0.0,1.21,-0.0,0.0,-0.0,1248.0,1512.576,1510.08,-2.5
22515,CHILDS GARDEN SPADE PINK,2.074018691588785,760,1434.4800000000002,104,1.86,2.19,2.34,2.13,-2.6, Competitive — Monitor,-1.0,,,MONITOR — No Clear Signal,0.0,2.07,-0.0,0.0,-0.0,760.0,1576.2542056074767,1573.1999999999998,-3.05
44230,SQUARE MIRROR CURTAIN,7.6247727272727275,207,1434.18,44,7.22,7.6,8.77,7.86,-3.0, Competitive — Monitor,-1.0,,,MONITOR — No Clear Signal,0.0,7.62,-0.0,0.0,-0.0,207.0,1578.3279545454545,1577.34,-0.99
16033,MINI HIGHLIGHTER PENS,0.11599999999999999,14161,1429.32,45,0.1,0.11,0.13,0.11,5.5, Competitive — Monitor,-1.0,,,MONITOR — No Clear Signal,0.0,0.12,0.0,0.0,-0.0,14161.0,1642.676,1699.32,56.64
21742,LARGE ROUND WICKER PLATTER ,5.95,240,1428.0,101,5.57,6.0,6.89,6.15,-3.3, Competitive — Monitor,-1.0,,,MONITOR — No Clear Signal,0.0,5.95,0.0,0.0,-0.0,240.0,1428.0,1428.0,0.0
22473,TV DINNER TRAY VINTAGE PAISLEY,4.921935483870968,312,1425.2,93,4.57,4.86,5.42,4.95,-0.6, Competitive — Monitor,-1.0,,,MONITOR — No Clear Signal,0.0,4.92,-0.0,0.0,-0.0,312.0,1535.6438709677418,1535.04,-0.6
21282,NATURAL BARK CANDLE LARGE,4.209016393442623,350,1424.5,59,3.9,4.46,4.6,4.32,-2.6, Competitive — Monitor,-1.0,,,MONITOR — No Clear Signal,0.0,4.21,0.0,0.0,-0.0,350.0,1473.155737704918,1473.5,0.34
22784,LANTERN CREAM GAZEBO ,4.867105263157895,303,1424.25,75,4.55,4.64,5.51,4.9,-0.7, Competitive — Monitor,-1.0,,,MONITOR — No Clear Signal,0.0,4.87,0.0,0.0,-0.0,303.0,1474.7328947368421,1475.6100000000001,0.88
48195,DOOR MAT GREEN PAISLEY ,7.131216216216217,255,1424.09,73,6.6,7.5,7.51,7.2,-1.0, Competitive — Monitor,-1.0,,,MONITOR — No Clear Signal,0.0,7.13,-0.0,0.0,-0.0,255.0,1818.4601351351353,1818.1499999999999,-0.31
22688,DOORMAT PEACE ON EARTH BLUE,7.7584375,190,1423.22,64,7.08,7.83,8.24,7.72,0.5, Competitive — Monitor,-1.0,,,MONITOR — No Clear Signal,0.0,7.76,0.0,0.0,-0.0,190.0,1474.103125,1474.3999999999999,0.3
85183B,CHARLIE & LOLA WASTEPAPER BIN FLORA,3.380392156862745,769,1422.75,51,2.92,3.14,3.76,3.27,3.4, Competitive — Monitor,-6.34,Highly Elastic — Consider Discount,-5%,MONITOR — No Clear Signal,0.0,3.38,-0.0,0.0,-0.0,769.0,2599.521568627451,2599.22,-0.3
22576,SWALLOW WOODEN CHRISTMAS DECORATION,0.8490972222222222,1702,1421.74,129,0.72,0.91,1.01,0.88,-3.5, Competitive — Monitor,-1.0,,,MONITOR — No Clear Signal,0.0,0.85,0.0,0.0,-0.0,1702.0,1445.163472222222,1446.7,1.54
72800E,4 IVORY DINNER CANDLES SILVER FLOCK,2.2208,881,1420.59,136,2.09,2.23,2.57,2.3,-3.4, Competitive — Monitor,-6.372,Highly Elastic — Consider Discount,-5%,MONITOR — No Clear Signal,0.0,2.22,-0.0,0.0,-0.0,881.0,1956.5248000000001,1955.8200000000002,-0.7
21476,STEEL SWEETHEART ROUND TABLE CREAM,14.86315789473684,97,1415.5,56,13.55,14.37,15.8,14.57,2.0, Competitive — Monitor,-1.0,,,MONITOR — No Clear Signal,0.0,14.86,-0.0,0.0,-0.0,97.0,1441.7263157894736,1441.4199999999998,-0.31
84510A,SET OF 4 ENGLISH ROSE COASTERS,1.2488823529411766,1133,1412.45,166,1.16,1.24,1.47,1.29,-3.2, Competitive — Monitor,-1.0,,,MONITOR — No Clear Signal,0.0,1.25,0.0,0.0,-0.0,1133.0,1414.983705882353,1416.25,1.27
22478,BIRDHOUSE GARDEN MARKER ,1.25,1129,1411.25,141,1.12,1.32,1.45,1.3,-3.8, Competitive — Monitor,-1.0,,,MONITOR — No Clear Signal,0.0,1.25,0.0,0.0,-0.0,1129.0,1411.25,1411.25,0.0
84031B,CHARLIE LOLA BLUE HOT WATER BOTTLE ,4.2915584415584425,456,1405.2,75,3.7,4.16,4.9,4.25,1.0, Competitive — Monitor,-1.0,,,MONITOR — No Clear Signal,0.0,4.29,-0.0,0.0,-0.0,456.0,1956.9506493506497,1956.24,-0.71
21637,ASSORTED SANSKRIT MINI NOTEBOOK,1.245128205128205,1165,1401.53,39,1.07,1.18,1.46,1.24,0.4, Competitive — Monitor,-1.0,,,MONITOR — No Clear Signal,0.0,1.25,0.0,0.0,-0.0,1165.0,1450.574358974359,1456.25,5.68
21708,FOLDING UMBRELLA  CREAM/MULTI  SPOT,4.6,414,1401.3,58,4.23,4.33,5.11,4.56,0.9, Competitive — Monitor,-1.0,,,MONITOR — No Clear Signal,0.0,4.6,0.0,0.0,-0.0,414.0,1904.3999999999999,1904.3999999999999,0.0
20985,HEART CALCULATOR,1.2472661870503599,1137,1399.4,132,1.11,1.21,1.35,1.22,2.2, Competitive — Monitor,-1.0,,,MONITOR — No Clear Signal,0.0,1.25,0.0,0.0,-0.0,1137.0,1418.1416546762591,1421.25,3.11
47585A,PINK FAIRY CAKE CUSHION COVER,2.9741379310344827,813,1398.75,56,2.59,3.11,3.35,3.02,-1.5, Competitive — Monitor,-1.0,,,MONITOR — No Clear Signal,0.0,2.97,-0.0,0.0,-0.0,813.0,2417.9741379310344,2414.61,-3.36
21125,SET 6 FOOTBALL CELEBRATION CANDLES,1.209041095890411,1492,1396.52,136,1.09,1.2,1.37,1.22,-0.9, Competitive — Monitor,-1.0,,,MONITOR — No Clear Signal,0.0,1.21,0.0,0.0,-0.0,1492.0,1803.8893150684933,1805.32,1.43
22758,LARGE PURPLE BABUSHKA NOTEBOOK  ,1.2394444444444446,1201,1396.3700000000001,101,1.06,1.19,1.4,1.22,1.6, Competitive — Monitor,-1.0,,,MONITOR — No Clear Signal,0.0,1.24,0.0,0.0,-0.0,1201.0,1488.572777777778,1489.24,0.67
21206,STRAWBERRY HONEYCOMB  GARLAND ,1.6483050847457628,852,1396.1999999999998,117,1.5,1.56,1.87,1.64,0.5, Competitive — Monitor,-1.0,,,MONITOR — No Clear Signal,0.0,1.65,0.0,0.0,-0.0,852.0,1404.3559322033898,1405.8,1.44
15058A,BLUE WHITE SPOTS GARDEN PARASOL,6.621428571428572,271,1394.45,55,5.81,6.44,7.89,6.71,-1.3, Competitive — Monitor,-1.0,,,MONITOR — No Clear Signal,0.0,6.62,-0.0,0.0,-0.0,271.0,1794.407142857143,1794.02,-0.39
22141,CHRISTMAS CRAFT TREE TOP ANGEL,2.0914529914529916,693,1393.8000000000002,109,1.94,2.24,2.48,2.22,-5.8, Competitive — Monitor,-1.0,,,MONITOR — No Clear Signal,0.0,2.09,-0.0,0.0,-0.0,693.0,1449.376923076923,1448.37,-1.01
21398,RED  SPOTTY COFFEE  MUG,2.051,737,1392.3,50,1.81,2.0,2.42,2.08,-1.4, Competitive — Monitor,-1.0,,,MONITOR — No Clear Signal,0.0,2.05,-0.0,0.0,-0.0,737.0,1511.5870000000002,1510.85,-0.74
22325,MOBILE VINTAGE HEARTS ,4.942929292929293,288,1392.0,97,4.43,5.33,5.78,5.18,-4.6, Competitive — Monitor,-1.0,,,MONITOR — No Clear Signal,0.0,4.94,-0.0,0.0,-0.0,288.0,1423.5636363636363,1422.72,-0.84
22949,36 DOILIES DOLLY GIRL,1.4432203389830507,1039,1391.35,59,1.23,1.44,1.72,1.46,-1.1, Competitive — Monitor,-1.0,,,MONITOR — No Clear Signal,0.0,1.44,-0.0,0.0,-0.0,1039.0,1499.5059322033896,1496.1599999999999,-3.35
85183A,CHARLIE & LOLA WASTEPAPER BIN BLUE,3.380392156862745,840,1389.0,51,2.9,3.21,3.6,3.24,4.3, Competitive — Monitor,-8.3,Highly Elastic — Consider Discount,-5%,MONITOR — No Clear Signal,0.0,3.38,-0.0,0.0,-0.0,840.0,2839.529411764706,2839.2,-0.33
22696,WICKER WREATH LARGE,1.94568345323741,727,1388.85,135,1.73,2.07,2.12,1.97,-1.2, Competitive — Monitor,-1.0,,,MONITOR — No Clear Signal,0.0,1.95,0.0,0.0,-0.0,727.0,1414.511870503597,1417.6499999999999,3.14
22849,"BREAD BIN, DINER STYLE, MINT",16.30135135135135,88,1387.6,37,14.64,16.2,18.33,16.39,-0.5, Competitive — Monitor,-1.0,,,MONITOR — No Clear Signal,0.0,16.3,-0.0,0.0,-0.0,88.0,1434.5189189189189,1434.4,-0.12
84795D,SEASIDE STRIPE HAMMOCK,7.9089041095890416,179,1387.05,73,7.2,8.17,9.31,8.23,-3.9, Competitive — Monitor,-1.0,,,MONITOR — No Clear Signal,0.0,7.91,0.0,0.0,-0.0,179.0,1415.6938356164385,1415.89,0.2
22323,PINK POLKADOT KIDS BAG,2.256666666666667,571,1385.85,72,1.98,2.43,2.54,2.32,-2.7, Competitive — Monitor,-1.916,Highly Elastic — Consider Discount,-5%,MONITOR — No Clear Signal,0.0,2.26,0.0,0.0,-0.0,571.0,1288.5566666666668,1290.4599999999998,1.9
22743,MAKE YOUR OWN FLOWERPOWER CARD KIT,2.95,468,1380.6000000000001,122,2.71,2.74,3.43,2.96,-0.3, Competitive — Monitor,-1.0,,,MONITOR — No Clear Signal,0.0,2.95,0.0,0.0,-0.0,468.0,1380.6000000000001,1380.6000000000001,0.0
22376,AIRLINE BAG VINTAGE JET SET WHITE,5.263675213675214,268,1380.5,113,4.93,4.92,5.64,5.16,2.0, Competitive — Monitor,-1.0,,,MONITOR — No Clear Signal,0.0,5.26,-0.0,0.0,-0.0,268.0,1410.6649572649571,1409.6799999999998,-0.98
22336,DOVE DECORATION PAINTED ZINC ,0.648165137614679,2212,1380.2,104,0.6,0.67,0.71,0.66,-1.8, Competitive — Monitor,-1.0,,,MONITOR — No Clear Signal,0.0,0.65,0.0,0.0,-0.0,2212.0,1433.7412844036699,1437.8,4.06
85232A,SET/3 POLKA DOT STACKING TINS,4.942929292929293,282,1379.1000000000001,97,4.22,4.77,5.73,4.91,0.7, Competitive — Monitor,-1.0,,,MONITOR — No Clear Signal,0.0,4.94,-0.0,0.0,-0.0,282.0,1393.9060606060605,1393.0800000000002,-0.83
85170A,SET/6 IVORY BIRD T-LIGHT CANDLES,1.966451612903226,799,1378.32,62,1.77,1.87,2.11,1.92,2.4, Competitive — Monitor,-1.0,,,MONITOR — No Clear Signal,0.0,1.97,0.0,0.0,-0.0,799.0,1571.1948387096775,1574.03,2.84
21088,SET/6 FRUIT SALAD PAPER CUPS,0.5835483870967741,14927,1377.91,30,0.5,0.54,0.64,0.56,4.2, Competitive — Monitor,-9.735,Highly Elastic — Consider Discount,-5%,MONITOR — No Clear Signal,0.0,0.58,-0.0,0.0,-0.0,14927.0,8710.626774193548,8657.66,-52.97
21818,GLITTER CHRISTMAS HEART ,0.8490579710144928,1643,1377.83,123,0.74,0.78,0.93,0.82,3.5, Competitive — Monitor,-1.0,,,MONITOR — No Clear Signal,0.0,0.85,0.0,0.0,-0.0,1643.0,1395.0022463768116,1396.55,1.55
35001G,HAND OPEN SHAPE GOLD,3.7933333333333334,488,1375.72,38,3.6,3.96,4.18,3.91,-3.0, Competitive — Monitor,-1.0,,,MONITOR — No Clear Signal,0.0,3.79,-0.0,0.0,-0.0,488.0,1851.1466666666668,1849.52,-1.63
79323B,BLACK CHERRY LIGHTS,6.614583333333333,224,1374.2,47,5.72,6.23,7.65,6.53,1.3, Competitive — Monitor,-1.0,,,MONITOR — No Clear Signal,0.0,6.61,-0.0,0.0,-0.0,224.0,1481.6666666666665,1480.64,-1.03
22410,MONEY BOX HOUSEKEEPING DESIGN,1.246984126984127,1108,1373.6,124,1.12,1.24,1.38,1.25,-0.2, Competitive — Monitor,-1.0,,,MONITOR — No Clear Signal,0.0,1.25,0.0,0.0,-0.0,1108.0,1381.6584126984128,1385.0,3.34
22094,RED POLKA DOT TISSUE BOX,1.1806521739130436,1348,1366.4,92,1.08,1.2,1.34,1.21,-2.4, Competitive — Monitor,-1.0,,,MONITOR — No Clear Signal,0.0,1.18,-0.0,0.0,-0.0,1348.0,1591.5191304347827,1590.6399999999999,-0.88
21392,RED SPOTTY PUDDING BOWL,1.9700000000000002,7497,1366.38,32,1.81,1.95,2.1,1.95,1.0, Competitive — Monitor,-1.0,,,MONITOR — No Clear Signal,0.0,1.97,-0.0,0.0,-0.0,7497.0,14769.090000000002,14769.09,-0.0
85198,ASSORTED FARMYARD ANIMALS IN BUCKET,0.8282857142857143,3750,1363.3799999999999,32,0.75,0.77,0.97,0.83,-0.2, Competitive — Monitor,-1.0,,,MONITOR — No Clear Signal,0.0,0.83,0.0,0.0,-0.0,3750.0,3106.0714285714284,3112.5,6.43
21532,DAIRY MAID SUGAR JAM BOWL,2.083125,1374,1362.6,76,1.77,2.18,2.3,2.08,0.2, Competitive — Monitor,-1.0,,,MONITOR — No Clear Signal,0.0,2.08,-0.0,0.0,-0.0,1374.0,2862.21375,2857.92,-4.29
84965B,BLUE KASHMIRI COFFEE TABLE ,62.4875,27,1359.95,4,55.15,57.59,71.69,61.48,1.6, Competitive — Monitor,-1.0,,,MONITOR — No Clear Signal,0.0,62.49,0.0,0.0,-0.0,27.0,1687.1625,1687.23,0.07
22650,CERAMIC PIRATE CHEST MONEY BANK,1.4484,951,1357.35,122,1.31,1.51,1.68,1.5,-3.4, Competitive — Monitor,-1.0,,,MONITOR — No Clear Signal,0.0,1.45,0.0,0.0,-0.0,951.0,1377.4284,1378.95,1.52
21897,POTTING SHED CANDLE CITRONELLA,2.9424528301886794,461,1355.15,98,2.53,3.13,3.18,2.95,-0.3, Competitive — Monitor,-1.0,,,MONITOR — No Clear Signal,0.0,2.94,-0.0,0.0,-0.0,461.0,1356.4707547169812,1355.34,-1.13
22797,CHEST OF DRAWERS GINGHAM HEART ,16.83,82,1353.8999999999999,50,14.9,16.65,19.9,17.15,-1.9, Competitive — Monitor,-1.0,,,MONITOR — No Clear Signal,0.0,16.83,0.0,0.0,-0.0,82.0,1380.06,1380.06,0.0
22905,CALENDAR IN SEASON DESIGN,2.9449367088607596,469,1351.5500000000002,79,2.51,2.96,3.36,2.94,0.2, Competitive — Monitor,-1.0,,,MONITOR — No Clear Signal,0.0,2.94,-0.0,0.0,-0.0,469.0,1381.1753164556962,1378.86,-2.32
22771,CLEAR DRAWER KNOB ACRYLIC EDWARDIAN,1.2531999999999999,1080,1351.44,73,1.08,1.25,1.4,1.24,1.1, Competitive — Monitor,-1.0,,,MONITOR — No Clear Signal,0.0,1.25,-0.0,0.0,-0.0,1080.0,1353.456,1350.0,-3.46
90057,DIAMANTE RING ASSORTED IN BOX.,2.1416666666666666,792,1349.52,12,1.91,2.1,2.31,2.11,1.5, Competitive — Monitor,-2.722,Highly Elastic — Consider Discount,-5%,MONITOR — No Clear Signal,0.0,2.14,-0.0,0.0,-0.0,792.0,1696.2,1694.88,-1.32
22503,CABIN BAG VINTAGE PAISLEY,29.47380952380952,48,1347.6,21,25.44,31.3,35.11,30.62,-3.7, Competitive — Monitor,-1.0,,,MONITOR — No Clear Signal,0.0,29.47,-0.0,0.0,-0.0,48.0,1414.742857142857,1414.56,-0.18
21288,STRIPEY CHOCOLATE NESTING BOXES,2.745604395604396,604,1346.6000000000001,91,2.49,2.92,3.19,2.87,-4.3, Competitive — Monitor,-1.0,,,MONITOR — No Clear Signal,0.0,2.75,0.0,0.0,-0.0,604.0,1658.3450549450552,1661.0,2.65
21626,VINTAGE UNION JACK PENNANT,1.95,689,1343.55,86,1.79,1.9,2.11,1.93,1.0, Competitive — Monitor,-1.0,,,MONITOR — No Clear Signal,0.0,1.95,0.0,0.0,-0.0,689.0,1343.55,1343.55,0.0
85034A,3 GARDENIA MORRIS BOXED CANDLES,4.165744680851064,339,1343.07,46,3.87,4.24,4.59,4.23,-1.5, Competitive — Monitor,-1.0,,,MONITOR — No Clear Signal,0.0,4.17,0.0,0.0,-0.0,339.0,1412.1874468085107,1413.6299999999999,1.44
21275,ZINC TOP  2 DOOR WOODEN SHELF ,10.145121951219512,234,1342.3,40,8.83,10.84,11.88,10.52,-3.6, Competitive — Monitor,-1.0,,,MONITOR — No Clear Signal,0.0,10.15,0.0,0.0,-0.0,234.0,2373.958536585366,2375.1,1.14
85176,SEWING SUSAN 21 NEEDLE SET,0.8458,1792,1341.76,100,0.73,0.91,0.98,0.87,-2.8, Competitive — Monitor,-1.0,,,MONITOR — No Clear Signal,0.0,0.85,0.0,0.0,-0.0,1792.0,1515.6736,1523.2,7.53
22521,CHILDS GARDEN TROWEL PINK,0.8478242677824268,1602,1341.4199999999998,231,0.73,0.85,0.99,0.86,-1.4, Competitive — Monitor,-1.0,,,MONITOR — No Clear Signal,0.0,0.85,0.0,0.0,-0.0,1602.0,1358.2144769874478,1361.7,3.49
21810,CHRISTMAS HANGING STAR WITH BELL,1.2451898734177216,1116,1340.28,73,1.14,1.24,1.39,1.26,-1.2, Competitive — Monitor,-1.0,,,MONITOR — No Clear Signal,0.0,1.25,0.0,0.0,-0.0,1116.0,1389.6318987341772,1395.0,5.37
20716,PARTY FOOD SHOPPER BAG,1.2445714285714287,1082,1337.3,137,1.15,1.2,1.44,1.26,-1.2, Competitive — Monitor,-1.0,,,MONITOR — No Clear Signal,0.0,1.24,-0.0,0.0,-0.0,1082.0,1346.6262857142858,1341.68,-4.95
17091J,VANILLA INCENSE IN TIN,0.9581250000000001,1986,1336.98,79,0.82,1.03,1.06,0.97,-1.2, Competitive — Monitor,-3.55,Highly Elastic — Consider Discount,-5%,MONITOR — No Clear Signal,0.0,0.96,0.0,0.0,-0.0,1986.0,1902.8362500000003,1906.56,3.72
22208,WOOD STAMP SET THANK YOU,1.6449999999999998,822,1334.6999999999998,116,1.55,1.55,1.78,1.63,0.9, Competitive — Monitor,-1.0,,,MONITOR — No Clear Signal,0.0,1.64,-0.0,0.0,-0.0,822.0,1352.1899999999998,1348.08,-4.11
22400,MAGNETS PACK OF 4 HOME SWEET HOME,1.2477647058823529,1070,1332.94,82,1.07,1.26,1.43,1.25,-0.2, Competitive — Monitor,-1.0,,,MONITOR — No Clear Signal,0.0,1.25,0.0,0.0,-0.0,1070.0,1335.1082352941175,1337.5,2.39
37343,SPOTS DESIGN MUG W PINK INSIDE,1.6052941176470588,918,1332.3,67,1.45,1.55,1.92,1.64,-2.1, Competitive — Monitor,-1.0,,,MONITOR — No Clear Signal,0.0,1.61,0.0,0.0,-0.0,918.0,1473.6599999999999,1477.98,4.32
84012,MAGIC SHEEP WOOL GROWING FROM PAPER,2.5214285714285714,571,1331.8500000000001,61,2.32,2.43,2.76,2.5,0.9, Competitive — Monitor,-1.0,,,MONITOR — No Clear Signal,0.0,2.52,-0.0,0.0,-0.0,571.0,1439.7357142857143,1438.92,-0.82
21627,ELEPHANT CARNIVAL POUFFE,14.75,96,1329.6,32,13.82,14.53,16.51,14.95,-1.3, Competitive — Monitor,-1.0,,,MONITOR — No Clear Signal,0.0,14.75,0.0,0.0,-0.0,96.0,1416.0,1416.0,0.0
22496,SET OF 2 ROUND TINS DUTCH CHEESE,2.9427272727272733,460,1328.2,106,2.71,3.18,3.39,3.09,-4.8, Competitive — Monitor,-1.0,,,MONITOR — No Clear Signal,0.0,2.94,-0.0,0.0,-0.0,460.0,1353.6545454545458,1352.3999999999999,-1.25
22597,CHRISTMAS MUSICAL ZINC HEART ,0.8361702127659574,1680,1325.04,91,0.78,0.78,0.95,0.84,-0.5, Competitive — Monitor,-1.0,,,MONITOR — No Clear Signal,0.0,0.84,0.0,0.0,-0.0,1680.0,1404.7659574468084,1411.2,6.43
85199S,SMALL HANGING IVORY/RED WOOD BIRD,0.41959183673469386,3213,1323.54,139,0.37,0.42,0.49,0.43,-2.4, Competitive — Monitor,-1.0,,,MONITOR — No Clear Signal,0.0,0.42,0.0,0.0,-0.0,3213.0,1348.1485714285714,1349.46,1.31
85160A,WHITE BIRD GARDEN DESIGN MUG,1.1481818181818182,8800,1323.2,22,1.07,1.07,1.34,1.16,-1.0, Competitive — Monitor,-1.0,,,MONITOR — No Clear Signal,0.0,1.15,0.0,0.0,-0.0,8800.0,10104.0,10120.0,16.0
21464,DISCO BALL ROTATOR BATTERY OPERATED,4.245726495726496,311,1320.75,116,3.64,4.01,4.5,4.05,4.8, Competitive — Monitor,-1.0,,,MONITOR — No Clear Signal,0.0,4.25,0.0,0.0,-0.0,311.0,1320.4209401709402,1321.75,1.33
37441,ASSORTED WHITE EMBOSSED CHINA MUGS,2.0625,680,1320.0,39,1.94,2.04,2.47,2.15,-4.1, Competitive — Monitor,-1.0,,,MONITOR — No Clear Signal,0.0,2.06,-0.0,0.0,-0.0,680.0,1402.5,1400.8,-1.7
85167B,BLACK GRAND BAROQUE PHOTO FRAME,3.620204081632653,669,1315.65,48,3.28,3.63,4.21,3.71,-2.4, Competitive — Monitor,-5.487,Highly Elastic — Consider Discount,-5%,MONITOR — No Clear Signal,0.0,3.62,-0.0,0.0,-0.0,669.0,2421.916530612245,2421.78,-0.14
21291,SMALL SPOTTY CHOCOLATE GIFT BAG ,0.8432258064516129,1559,1315.07,91,0.79,0.81,0.99,0.86,-2.0, Competitive — Monitor,-1.0,,,MONITOR — No Clear Signal,0.0,0.84,-0.0,0.0,-0.0,1559.0,1314.5890322580647,1309.56,-5.03
22153,ANGEL DECORATION STARS ON DRESS,0.42,3127,1313.34,110,0.38,0.41,0.48,0.42,0.0, Competitive — Monitor,-1.0,,,MONITOR — No Clear Signal,0.0,0.42,0.0,0.0,-0.0,3127.0,1313.34,1313.34,0.0
22664,TOY TIDY DOLLY GIRL DESIGN,2.082,670,1313.0,79,1.9,1.94,2.45,2.1,-0.9, Competitive — Monitor,-1.0,,,MONITOR — No Clear Signal,0.0,2.08,-0.0,0.0,-0.0,670.0,1394.9399999999998,1393.6000000000001,-1.34
22436,12 COLOURED PARTY BALLOONS,0.6435483870967742,2117,1310.05,121,0.58,0.62,0.69,0.63,2.2, Competitive — Monitor,-1.0,,,MONITOR — No Clear Signal,0.0,0.64,-0.0,0.0,-0.0,2117.0,1362.391935483871,1354.88,-7.51
22439,6 ROCKET BALLOONS ,0.65,2014,1309.1000000000001,157,0.6,0.7,0.72,0.67,-3.0, Competitive — Monitor,-1.0,,,MONITOR — No Clear Signal,0.0,0.65,0.0,0.0,-0.0,2014.0,1309.1000000000001,1309.1000000000001,0.0
84854,GIRLY PINK TOOL SET,4.890677966101695,281,1306.95,57,4.2,5.24,5.78,5.07,-3.5, Competitive — Monitor,-1.0,,,MONITOR — No Clear Signal,0.0,4.89,-0.0,0.0,-0.0,281.0,1374.2805084745762,1374.09,-0.19
21000,ROSE DU SUD COSMETICS BAG,4.16,572,1306.0,25,3.56,4.05,4.49,4.03,3.2, Competitive — Monitor,-1.0,,,MONITOR — No Clear Signal,0.0,4.16,0.0,0.0,-0.0,572.0,2379.52,2379.52,0.0
84510B,SET OF 4 FAIRY CAKES COASTERS ,1.2397297297297298,1110,1305.8,96,1.08,1.25,1.32,1.22,1.6, Competitive — Monitor,-1.0,,,MONITOR — No Clear Signal,0.0,1.24,0.0,0.0,-0.0,1110.0,1376.1000000000001,1376.4,0.3
22157,ANGEL DECORATION WITH LACE PADDED,0.85,1536,1305.6,103,0.74,0.91,0.99,0.88,-3.4, Competitive — Monitor,-1.0,,,MONITOR — No Clear Signal,0.0,0.85,0.0,0.0,-0.0,1536.0,1305.6,1305.6,0.0
20993,JAZZ HEARTS MEMO PAD,0.59875,10945,1305.49,24,0.56,0.55,0.7,0.6,-0.2, Competitive — Monitor,-1.0,,,MONITOR — No Clear Signal,0.0,0.6,0.0,0.0,-0.0,10945.0,6553.31875,6567.0,13.68
22342,HOME GARLAND PAINTED ZINC ,1.6469696969696968,800,1300.7999999999997,63,1.44,1.73,1.77,1.65,-0.2, Competitive — Monitor,-1.0,,,MONITOR — No Clear Signal,0.0,1.65,0.0,0.0,-0.0,800.0,1317.5757575757575,1320.0,2.42
21332,MOROCCAN BEATEN METAL MIRROR,9.220588235294118,248,1299.6000000000001,34,8.74,9.88,10.86,9.83,-6.2, Competitive — Monitor,-1.0,,,MONITOR — No Clear Signal,0.0,9.22,-0.0,0.0,-0.0,248.0,2286.705882352941,2286.56,-0.15
47503K,ASSORTED FLORAL SECATEURS,1.8736111111111111,3143,1297.65,33,1.66,1.75,2.16,1.86,0.7, Competitive — Monitor,-1.0,,,MONITOR — No Clear Signal,0.0,1.87,-0.0,0.0,-0.0,3143.0,5888.759722222222,5877.410000000001,-11.35
22028,PENNY FARTHING BIRTHDAY CARD,0.4151086956521739,3228,1296.0,183,0.36,0.39,0.47,0.41,1.2, Competitive — Monitor,-1.0,,,MONITOR — No Clear Signal,0.0,0.42,0.0,0.0,-0.0,3228.0,1339.9708695652173,1355.76,15.79
22513,DOORSTOP FOOTBALL DESIGN,3.712736842105263,428,1293.48,93,3.45,3.99,4.36,3.93,-5.5, Competitive — Monitor,-1.0,,,MONITOR — No Clear Signal,0.0,3.71,-0.0,0.0,-0.0,428.0,1589.0513684210525,1587.8799999999999,-1.17
84596B,SMALL DOLLY MIX DESIGN ORANGE BOWL,1.2450326797385622,1071,1293.15,151,1.14,1.25,1.39,1.26,-1.2, Competitive — Monitor,-1.0,,,MONITOR — No Clear Signal,0.0,1.25,0.0,0.0,-0.0,1071.0,1333.43,1338.75,5.32
20658,RED SPOTTY LUGGAGE TAG,1.247900552486188,1037,1291.69,168,1.12,1.15,1.35,1.21,3.1, Competitive — Monitor,-1.0,,,MONITOR — No Clear Signal,0.0,1.25,0.0,0.0,-0.0,1037.0,1294.0728729281768,1296.25,2.18
21837,CROSS STITCH ALPHABET CUSHION COVER,5.95,217,1291.15,70,5.39,5.72,6.5,5.87,1.4, Competitive — Monitor,-1.0,,,MONITOR — No Clear Signal,0.0,5.95,0.0,0.0,-0.0,217.0,1291.15,1291.15,0.0
21905,MORE BUTTER METAL SIGN ,2.054886363636364,844,1289.3400000000001,88,1.89,2.04,2.31,2.08,-1.2, Competitive — Monitor,-1.0,,,MONITOR — No Clear Signal,0.0,2.05,-0.0,0.0,-0.0,844.0,1734.3240909090912,1730.1999999999998,-4.12
22037,ROBOT BIRTHDAY CARD,0.4194642857142857,3088,1288.32,224,0.37,0.43,0.47,0.42,-0.1, Competitive — Monitor,-1.0,,,MONITOR — No Clear Signal,0.0,0.42,0.0,0.0,-0.0,3088.0,1295.3057142857142,1296.96,1.65
22321,BIRD DECORATION RED SPOT,0.8475238095238095,1537,1286.1699999999998,105,0.8,0.88,0.99,0.89,-4.8, Competitive — Monitor,-1.0,,,MONITOR — No Clear Signal,0.0,0.85,0.0,0.0,-0.0,1537.0,1302.6440952380951,1306.45,3.81
22892,SALT AND PEPPER SHAKERS TOADSTOOLS,1.242962962962963,1058,1281.46,81,1.18,1.34,1.45,1.32,-5.8, Competitive — Monitor,-1.0,,,MONITOR — No Clear Signal,0.0,1.24,-0.0,0.0,-0.0,1058.0,1315.054814814815,1311.92,-3.13
22251,BIRDHOUSE DECORATION MAGIC GARDEN,1.215603448275862,1101,1281.25,113,1.11,1.17,1.38,1.22,-0.4, Competitive — Monitor,-1.0,,,MONITOR — No Clear Signal,0.0,1.22,0.0,0.0,-0.0,1101.0,1338.379396551724,1343.22,4.84
21408,SPOTTY PINK DUCK DOORSTOP,4.2064,362,1277.58,75,3.66,4.23,4.91,4.27,-1.5, Competitive — Monitor,-1.0,,,MONITOR — No Clear Signal,0.0,4.21,0.0,0.0,-0.0,362.0,1522.7168000000001,1524.02,1.3
21640,ASSORTED TUTTI FRUTTI  FOB NOTEBOOK,0.8499999999999999,1503,1277.55,90,0.78,0.85,0.92,0.85,-0.0, Competitive — Monitor,-1.0,,,MONITOR — No Clear Signal,0.0,0.85,0.0,0.0,-0.0,1503.0,1277.5499999999997,1277.55,0.0
21910,WAY OUT METAL SIGN ,1.6361702127659572,999,1273.9499999999998,94,1.4,1.61,1.73,1.58,3.6, Competitive — Monitor,-1.0,,,MONITOR — No Clear Signal,0.0,1.64,0.0,0.0,-0.0,999.0,1634.5340425531913,1638.36,3.83
21993,FLORAL FOLK STATIONERY SET,2.6584337349397593,701,1273.55,79,2.27,2.52,3.14,2.64,0.7, Competitive — Monitor,-1.0,,,MONITOR — No Clear Signal,0.0,2.66,0.0,0.0,-0.0,701.0,1863.5620481927713,1864.66,1.1
21278,VINTAGE KITCHEN PRINT PUDDINGS,2.4769841269841266,2664,1273.2,63,2.17,2.67,2.63,2.49,-0.5, Competitive — Monitor,-1.0,,,MONITOR — No Clear Signal,0.0,2.48,0.0,0.0,-0.0,2664.0,6598.685714285713,6606.72,8.03
20738,GREEN MINI TAPE MEASURE ,0.842,1585,1270.55,65,0.75,0.89,0.92,0.85,-0.9, Competitive — Monitor,-1.0,,,MONITOR — No Clear Signal,0.0,0.84,-0.0,0.0,-0.0,1585.0,1334.57,1331.3999999999999,-3.17
21661,VINTAGE GLASS TEA CADDY,5.924025974025975,217,1267.15,75,5.55,5.92,6.84,6.1,-2.9, Competitive — Monitor,-1.0,,,MONITOR — No Clear Signal,0.0,5.92,-0.0,0.0,-0.0,217.0,1285.5136363636366,1284.6399999999999,-0.87
21422,PORCELAIN ROSE SMALL,0.8440909090909091,1539,1266.55,65,0.78,0.86,0.94,0.86,-1.8, Competitive — Monitor,-1.0,,,MONITOR — No Clear Signal,0.0,0.84,-0.0,0.0,-0.0,1539.0,1299.0559090909092,1292.76,-6.3
21011,GLITTER SNOW PEAR TREE DECORATION,1.1778070175438597,1785,1265.73,101,1.09,1.13,1.39,1.2,-1.8, Competitive — Monitor,-1.0,,,MONITOR — No Clear Signal,0.0,1.18,0.0,0.0,-0.0,1785.0,2102.38552631579,2106.2999999999997,3.91
22133,PINK LOVE HEART SHAPE CUP,0.8477391304347826,1530,1263.06,114,0.76,0.85,0.93,0.85,-0.3, Competitive — Monitor,-1.0,,,MONITOR — No Clear Signal,0.0,0.85,0.0,0.0,-0.0,1530.0,1297.0408695652172,1300.5,3.46
21813,GARLAND WITH STARS AND BELLS,4.95,255,1262.25,51,4.38,5.1,5.21,4.9,1.0, Competitive — Monitor,-1.0,,,MONITOR — No Clear Signal,0.0,4.95,0.0,0.0,-0.0,255.0,1262.25,1262.25,0.0
21111,"SWISS ROLL TOWEL, CHOCOLATE  SPOTS",2.9210843373493978,440,1262.0000000000002,82,2.59,2.93,3.2,2.91,0.4, Competitive — Monitor,-1.0,,,MONITOR — No Clear Signal,0.0,2.92,-0.0,0.0,-0.0,440.0,1285.277108433735,1284.8,-0.48
20992,JAZZ HEARTS PURSE NOTEBOOK,0.8362758620689654,1733,1259.45,139,0.79,0.9,0.95,0.88,-5.0, Competitive — Monitor,-1.0,,,MONITOR — No Clear Signal,0.0,0.84,0.0,0.0,-0.0,1733.0,1449.266068965517,1455.72,6.45
22117,METAL SIGN HER DINNER IS SERVED ,2.93740157480315,437,1257.95,127,2.51,2.99,3.25,2.92,0.6, Competitive — Monitor,-1.0,,,MONITOR — No Clear Signal,0.0,2.94,0.0,0.0,-0.0,437.0,1283.6444881889765,1284.78,1.14
21842,PINK HEART CANDY BUTTON CALCULATOR,2.5026315789473683,541,1257.15,38,2.34,2.45,2.83,2.54,-1.5, Competitive — Monitor,-1.0,,,MONITOR — No Clear Signal,0.0,2.5,-0.0,0.0,-0.0,541.0,1353.9236842105263,1352.5,-1.42
20764,ABSTRACT CIRCLES SKETCHBOOK ,3.52752808988764,476,1257.0,89,3.2,3.68,4.17,3.68,-4.1, Competitive — Monitor,-6.945,Highly Elastic — Consider Discount,-5%,MONITOR — No Clear Signal,0.0,3.53,0.0,0.0,-0.0,476.0,1679.1033707865167,1680.28,1.18
21824,PAINTED METAL STAR WITH HOLLY BELLS,1.4479591836734695,874,1248.1,90,1.29,1.37,1.72,1.46,-0.8, Competitive — Monitor,-1.0,,,MONITOR — No Clear Signal,0.0,1.45,0.0,0.0,-0.0,874.0,1265.5163265306123,1267.3,1.78
22091,EMPIRE TISSUE BOX,1.222457627118644,1111,1244.39,115,1.13,1.2,1.33,1.22,0.2, Competitive — Monitor,-1.0,,,MONITOR — No Clear Signal,0.0,1.22,-0.0,0.0,-0.0,1111.0,1358.1504237288136,1355.42,-2.73
22520,CHILDS GARDEN TROWEL BLUE ,0.8477192982456141,1481,1241.6899999999998,222,0.76,0.83,0.95,0.85,-0.3, Competitive — Monitor,-1.0,,,MONITOR — No Clear Signal,0.0,0.85,0.0,0.0,-0.0,1481.0,1255.4722807017545,1258.85,3.38
21809,CHRISTMAS HANGING TREE WITH BELL,1.2445714285714287,1033,1236.53,66,1.17,1.23,1.41,1.27,-2.0, Competitive — Monitor,-1.0,,,MONITOR — No Clear Signal,0.0,1.24,-0.0,0.0,-0.0,1033.0,1285.642285714286,1280.92,-4.72
22674,FRENCH TOILET SIGN BLUE METAL,1.2463106796116505,1014,1231.02,102,1.17,1.3,1.49,1.32,-5.6, Competitive — Monitor,-1.0,,,MONITOR — No Clear Signal,0.0,1.25,0.0,0.0,-0.0,1014.0,1263.7590291262136,1267.5,3.74
22559,SEASIDE FRISBEE ,1.2405,1024,1229.84,98,1.11,1.24,1.49,1.28,-3.1, Competitive — Monitor,-1.0,,,MONITOR — No Clear Signal,0.0,1.24,-0.0,0.0,-0.0,1024.0,1270.272,1269.76,-0.51
20825,GOLD WINE GLASS,3.6300000000000003,360,1229.04,6,3.19,3.8,3.94,3.64,-0.3, Competitive — Monitor,-1.0,,,MONITOR — No Clear Signal,0.0,3.63,-0.0,0.0,-0.0,360.0,1306.8000000000002,1306.8,-0.0
84763,ZINC FINISH 15CM PLANTER POTS,1.2463106796116505,1012,1228.52,102,1.13,1.26,1.44,1.28,-2.6, Competitive — Monitor,-1.0,,,MONITOR — No Clear Signal,0.0,1.25,0.0,0.0,-0.0,1012.0,1261.2664077669904,1265.0,3.73
21504,SKULLS GREETING CARD,0.4055384615384615,3062,1224.84,192,0.38,0.4,0.45,0.41,-1.1, Competitive — Monitor,-1.0,,,MONITOR — No Clear Signal,0.0,0.41,0.0,0.0,-0.0,3062.0,1241.758769230769,1255.4199999999998,13.66
85006,SET 4 NURSERY DES ROUND BOXES,2.746923076923077,2992,1223.2,26,2.39,2.88,2.89,2.72,1.0, Competitive — Monitor,-1.0,,,MONITOR — No Clear Signal,0.0,2.75,0.0,0.0,-0.0,2992.0,8218.793846153847,8228.0,9.21
21549,CERAMIC BIRDHOUSE RED ROOF SMALL,2.898888888888889,539,1222.8500000000001,44,2.64,2.78,3.05,2.82,2.8, Competitive — Monitor,-1.0,,,MONITOR — No Clear Signal,0.0,2.9,0.0,0.0,-0.0,539.0,1562.5011111111112,1563.1,0.6
22477,WATERING CAN GARDEN MARKER,1.2483620689655173,978,1220.6,116,1.14,1.19,1.4,1.24,0.7, Competitive — Monitor,-1.0,,,MONITOR — No Clear Signal,0.0,1.25,0.0,0.0,-0.0,978.0,1220.8981034482758,1222.5,1.6
22201,FRYING PAN BLUE POLKADOT ,4.242537313432836,304,1220.0,66,3.92,4.25,4.77,4.31,-1.6, Competitive — Monitor,-1.0,,,MONITOR — No Clear Signal,0.0,4.24,-0.0,0.0,-0.0,304.0,1289.731343283582,1288.96,-0.77
22137,BATHROOM SET LOVE HEART DESIGN,2.9166666666666665,516,1219.8,21,2.52,2.81,3.07,2.8,4.2, Competitive — Monitor,-1.0,,,MONITOR — No Clear Signal,0.0,2.92,0.0,0.0,-0.0,516.0,1505.0,1506.72,1.72
22052,VINTAGE CARAVAN GIFT WRAP,0.4176923076923077,2950,1219.0,104,0.38,0.38,0.48,0.41,1.9, Competitive — Monitor,-1.0,,,MONITOR — No Clear Signal,0.0,0.42,0.0,0.0,-0.0,2950.0,1232.1923076923076,1239.0,6.81
85172,HYACINTH BULB T-LIGHT CANDLES,0.4164705882352941,3058,1218.12,101,0.39,0.43,0.46,0.43,-3.1, Competitive — Monitor,-1.0,,,MONITOR — No Clear Signal,0.0,0.42,0.0,0.0,-0.0,3058.0,1273.5670588235294,1284.36,10.79
20760,GARDEN PATH POCKET BOOK,0.8214634146341463,5420,1215.8,40,0.71,0.82,0.93,0.82,0.2, Competitive — Monitor,-1.0,,,MONITOR — No Clear Signal,0.0,0.82,-0.0,0.0,-0.0,5420.0,4452.331707317073,4444.4,-7.93
22966,GINGERBREAD MAN COOKIE CUTTER,1.2453658536585366,1016,1215.28,79,1.09,1.23,1.36,1.23,1.2, Competitive — Monitor,-1.0,,,MONITOR — No Clear Signal,0.0,1.25,0.0,0.0,-0.0,1016.0,1265.2917073170731,1270.0,4.71
85162A,SILVER RETRODISC LAMPSHADE,3.2131578947368418,605,1211.75,19,3.04,3.45,3.45,3.31,-2.9, Competitive — Monitor,-1.0,,,MONITOR — No Clear Signal,0.0,3.21,-0.0,0.0,-0.0,605.0,1943.9605263157894,1942.05,-1.91
22816,CARD MOTORBIKE SANTA,0.4166666666666667,2978,1210.44,141,0.36,0.42,0.46,0.41,1.6, Competitive — Monitor,-1.0,,,MONITOR — No Clear Signal,0.0,0.42,0.0,0.0,-0.0,2978.0,1240.8333333333335,1250.76,9.93
21352,EUCALYPTUS & PINECONE  WREATH,4.287254901960784,445,1208.55,50,4.01,4.54,4.65,4.4,-2.6, Competitive — Monitor,-1.0,,,MONITOR — No Clear Signal,0.0,4.29,0.0,0.0,-0.0,445.0,1907.828431372549,1909.05,1.22
22290,STANDING METAL RABBIT WITH EGG,2.0868055555555554,675,1206.0,68,1.88,1.97,2.36,2.07,0.8, Competitive — Monitor,-1.0,,,MONITOR — No Clear Signal,0.0,2.09,0.0,0.0,-0.0,675.0,1408.5937499999998,1410.75,2.16
21785,RAIN PONCHO ,0.8357142857142857,1571,1205.75,76,0.73,0.84,0.9,0.82,1.9, Competitive — Monitor,-1.0,,,MONITOR — No Clear Signal,0.0,0.84,0.0,0.0,-0.0,1571.0,1312.9071428571428,1319.6399999999999,6.73
84919,L BLUE C/COVER W PINK/YELLOW FLOWER,6.45,231,1205.45,12,6.04,6.83,7.26,6.71,-3.9, Competitive — Monitor,-1.0,,,MONITOR — No Clear Signal,0.0,6.45,0.0,0.0,-0.0,231.0,1489.95,1489.95,0.0
21397,BLUE  SPOTTY EGG CUP ,1.2447945205479454,1008,1205.28,73,1.11,1.26,1.34,1.24,0.4, Competitive — Monitor,-1.0,,,MONITOR — No Clear Signal,0.0,1.24,-0.0,0.0,-0.0,1008.0,1254.752876712329,1249.92,-4.83
51014C,"FEATHER PEN,COAL BLACK",0.8443478260869565,1465,1201.57,68,0.76,0.87,0.97,0.87,-2.9, Competitive — Monitor,-1.0,,,MONITOR — No Clear Signal,0.0,0.84,-0.0,0.0,-0.0,1465.0,1236.9695652173912,1230.6,-6.37
90062,CARNIVAL BRACELET,12.457142857142857,95,1201.0,33,11.04,12.2,14.49,12.58,-1.0, Competitive — Monitor,-1.0,,,MONITOR — No Clear Signal,0.0,12.46,0.0,0.0,-0.0,95.0,1183.4285714285713,1183.7,0.27
22828,REGENCY MIRROR WITH SHUTTERS,153.0,8,1200.0,5,139.12,143.02,163.18,148.44,3.1, Competitive — Monitor,-1.0,,,MONITOR — No Clear Signal,0.0,153.0,0.0,0.0,-0.0,8.0,1224.0,1224.0,0.0
21157,RED SPOTTY WASHBAG,2.095858585858586,572,1196.2800000000002,98,1.82,2.08,2.35,2.08,0.8, Competitive — Monitor,-1.0,,,MONITOR — No Clear Signal,0.0,2.1,0.0,0.0,-0.0,572.0,1198.831111111111,1201.2,2.37
21438,TUB 24 HANGING EASTER EGGS SPOTTY,3.727142857142857,365,1195.95,33,3.31,3.66,3.95,3.64,2.4, Competitive — Monitor,-1.0,,,MONITOR — No Clear Signal,0.0,3.73,0.0,0.0,-0.0,365.0,1360.4071428571428,1361.45,1.04
22375,AIRLINE BAG VINTAGE JET SET BROWN,5.127570093457944,236,1195.9,103,4.86,5.43,5.84,5.38,-4.7, Competitive — Monitor,-2.232,Highly Elastic — Consider Discount,-5%,MONITOR — No Clear Signal,0.0,5.13,0.0,0.0,-0.0,236.0,1210.1065420560749,1210.68,0.57
84830,LARGE ENGLISH ARBORETUM,15.357142857142858,113,1195.15,7,13.45,14.73,16.73,14.97,2.6, Competitive — Monitor,-1.0,,,MONITOR — No Clear Signal,0.0,15.36,0.0,0.0,-0.0,113.0,1735.357142857143,1735.6799999999998,0.32
20772,GARDEN PATH JOURNAL,2.302840909090909,711,1194.75,86,2.11,2.47,2.6,2.39,-3.6, Competitive — Monitor,-1.0,,,MONITOR — No Clear Signal,0.0,2.3,-0.0,0.0,-0.0,711.0,1637.3198863636362,1635.3,-2.02
21819,GLITTER CHRISTMAS STAR ,0.85,1405,1194.25,117,0.75,0.91,0.96,0.87,-2.3, Competitive — Monitor,-1.0,,,MONITOR — No Clear Signal,0.0,0.85,0.0,0.0,-0.0,1405.0,1194.25,1194.25,0.0
22863,SOAP DISH BROCANTE,2.9318181818181817,424,1193.2,63,2.72,2.81,3.48,3.0,-2.3, Competitive — Monitor,-1.0,,,MONITOR — No Clear Signal,0.0,2.93,-0.0,0.0,-0.0,424.0,1243.090909090909,1242.3200000000002,-0.77
21616,4 PEAR BOTANICAL DINNER CANDLES,3.7142857142857144,338,1192.5,54,3.21,3.62,4.21,3.68,0.9, Competitive — Monitor,-1.0,,,MONITOR — No Clear Signal,0.0,3.71,-0.0,0.0,-0.0,338.0,1255.4285714285716,1253.98,-1.45
21359,RELAX LARGE WOOD LETTERS,15.881818181818181,77,1186.1499999999999,41,15.04,16.89,18.06,16.66,-4.7, Competitive — Monitor,-1.0,,,MONITOR — No Clear Signal,0.0,15.88,-0.0,0.0,-0.0,77.0,1222.8999999999999,1222.76,-0.14
21617,4 LILY  BOTANICAL DINNER CANDLES,3.721830985915493,325,1185.75,69,3.33,4.0,4.13,3.82,-2.6, Competitive — Monitor,-1.0,,,MONITOR — No Clear Signal,0.0,3.72,-0.0,0.0,-0.0,325.0,1209.5950704225352,1209.0,-0.6
22671,FRENCH LAUNDRY SIGN BLUE METAL,1.647894736842105,730,1185.3,91,1.44,1.63,1.96,1.68,-1.9, Competitive — Monitor,-1.0,,,MONITOR — No Clear Signal,0.0,1.65,0.0,0.0,-0.0,730.0,1202.9631578947367,1204.5,1.54
22800,ANTIQUE TALL SWIRLGLASS TRINKET POT,3.75,316,1185.0,65,3.22,3.64,4.37,3.74,0.3, Competitive — Monitor,-1.0,,,MONITOR — No Clear Signal,0.0,3.75,0.0,0.0,-0.0,316.0,1185.0,1185.0,0.0
21613,S/12 VANILLA  BOTANICAL T-LIGHTS,2.9381188118811883,403,1181.65,98,2.55,2.95,3.21,2.9,1.3, Competitive — Monitor,-1.0,,,MONITOR — No Clear Signal,0.0,2.94,0.0,0.0,-0.0,403.0,1184.0618811881188,1184.82,0.76
22453,MEASURING TAPE RUSSIAN DOLL BLUE,2.926470588235294,419,1180.8500000000001,68,2.64,3.01,3.44,3.03,-3.4, Competitive — Monitor,-1.0,,,MONITOR — No Clear Signal,0.0,2.93,0.0,0.0,-0.0,419.0,1226.191176470588,1227.67,1.48
22166,"WALL MIRROR , RECT DIAMANTE, PINK/",7.3133333333333335,187,1180.41,26,6.46,7.05,8.15,7.22,1.3, Competitive — Monitor,-1.0,,,MONITOR — No Clear Signal,0.0,7.31,-0.0,0.0,-0.0,187.0,1367.5933333333332,1366.97,-0.62
22675,FRENCH KITCHEN SIGN BLUE METAL,1.246346153846154,973,1179.77,103,1.16,1.29,1.46,1.3,-4.1, Competitive — Monitor,-1.0,,,MONITOR — No Clear Signal,0.0,1.25,0.0,0.0,-0.0,973.0,1212.694807692308,1216.25,3.56
21279,VINTAGE KITCHEN PRINT FRUITS,2.4454545454545453,3406,1178.1,44,2.18,2.27,2.87,2.44,0.2, Competitive — Monitor,-1.0,,,MONITOR — No Clear Signal,0.0,2.45,0.0,0.0,-0.0,3406.0,8329.218181818182,8344.7,15.48
84466,TOP SECRET PEN SET,1.2071428571428573,1167,1177.9499999999998,39,1.06,1.12,1.3,1.16,4.1, Competitive — Monitor,-1.0,,,MONITOR — No Clear Signal,0.0,1.21,0.0,0.0,-0.0,1167.0,1408.7357142857145,1412.07,3.33
84856L,LARGE TAHITI BEACH BAG,5.902727272727273,211,1177.45,55,5.38,5.8,6.82,6.0,-1.6, Competitive — Monitor,-1.0,,,MONITOR — No Clear Signal,0.0,5.9,-0.0,0.0,-0.0,211.0,1245.4754545454546,1244.9,-0.58
22845,VINTAGE CREAM CAT FOOD CONTAINER,6.312816901408451,191,1176.6899999999998,69,5.81,6.16,6.9,6.29,0.4, Competitive — Monitor,-1.0,,,MONITOR — No Clear Signal,0.0,6.31,-0.0,0.0,-0.0,191.0,1205.748028169014,1205.21,-0.54
22024,RAINY LADIES BIRTHDAY CARD,0.41464285714285715,2935,1175.82,168,0.36,0.4,0.45,0.4,3.7, Competitive — Monitor,-1.0,,,MONITOR — No Clear Signal,0.0,0.41,-0.0,0.0,-0.0,2935.0,1216.9767857142858,1203.35,-13.63
22533,MAGIC DRAWING SLATE BAKE A CAKE ,0.4182222222222222,2861,1175.7,128,0.36,0.42,0.46,0.41,2.0, Competitive — Monitor,-1.0,,,MONITOR — No Clear Signal,0.0,0.42,0.0,0.0,-0.0,2861.0,1196.5337777777777,1201.62,5.09
20933,YELLOW POT PLANT CANDLE,3.536764705882353,470,1174.1000000000001,33,3.02,3.44,4.1,3.52,0.5, Competitive — Monitor,-1.0,,,MONITOR — No Clear Signal,0.0,3.54,0.0,0.0,-0.0,470.0,1662.2794117647059,1663.8,1.52
35971,ROSE FOLKART HEART DECORATIONS,1.1755128205128205,1449,1173.81,71,1.09,1.12,1.27,1.16,1.3, Competitive — Monitor,-1.0,,,MONITOR — No Clear Signal,0.0,1.18,0.0,0.0,-0.0,1449.0,1703.318076923077,1709.82,6.5
85098B,BLUE FLYING SINGING CANARY,3.731176470588235,328,1172.4,84,3.42,3.62,3.92,3.65,2.2, Competitive — Monitor,-1.0,,,MONITOR — No Clear Signal,0.0,3.73,-0.0,0.0,-0.0,328.0,1223.825882352941,1223.44,-0.39
84967B,BLUE KASHMIRI OCCASIONAL TABLE,64.465,23,1169.5,10,57.85,69.36,74.6,67.27,-4.2, Competitive — Monitor,-1.0,,,MONITOR — No Clear Signal,0.0,64.46,-0.01,0.0,-0.0,23.0,1482.6950000000002,1482.58,-0.12
47503E,ASS FLORAL PRINT SCISSORS,1.2,6828,1169.4,22,1.12,1.18,1.29,1.2,0.0, Competitive — Monitor,-1.0,,,MONITOR — No Clear Signal,0.0,1.2,0.0,0.0,-0.0,6828.0,8193.6,8193.6,0.0
17091A,LAVENDER INCENSE IN TIN,0.9838636363636364,1912,1169.24,87,0.92,0.98,1.05,0.98,0.4, Competitive — Monitor,-3.939,Highly Elastic — Consider Discount,-5%,MONITOR — No Clear Signal,0.0,0.98,-0.0,0.0,-0.0,1912.0,1881.1472727272728,1873.76,-7.39
21794,CLASSIC FRENCH STYLE BASKET NATURAL,6.723333333333333,177,1169.15,60,6.11,6.81,7.3,6.74,-0.2, Competitive — Monitor,-1.0,,,MONITOR — No Clear Signal,0.0,6.72,-0.0,0.0,-0.0,177.0,1190.03,1189.44,-0.59
22419,LIPSTICK PEN RED,0.4148201438848921,2956,1168.08,136,0.39,0.45,0.46,0.43,-3.5, Competitive — Monitor,-1.0,,,MONITOR — No Clear Signal,0.0,0.41,-0.0,0.0,-0.0,2956.0,1226.208345323741,1211.96,-14.25
22516,CHILDS GARDEN RAKE BLUE,2.0697826086956526,628,1167.7800000000002,86,1.8,1.98,2.32,2.03,2.0, Competitive — Monitor,-1.0,,,MONITOR — No Clear Signal,0.0,2.07,0.0,0.0,-0.0,628.0,1299.8234782608697,1299.9599999999998,0.14
16237,SLEEPING CAT ERASERS,0.20921052631578949,5656,1165.26,189,0.18,0.22,0.22,0.21,-0.4, Competitive — Monitor,-1.0,,,MONITOR — No Clear Signal,0.0,0.21,0.0,0.0,-0.0,5656.0,1183.2947368421053,1187.76,4.47
22613,PACK OF 20 SPACEBOY NAPKINS,0.8413223140495868,1487,1163.1499999999999,114,0.74,0.87,1.01,0.87,-3.3, Competitive — Monitor,-1.0,,,MONITOR — No Clear Signal,0.0,0.84,-0.0,0.0,-0.0,1487.0,1251.0462809917356,1249.08,-1.97
21807,WHITE CHRISTMAS STAR DECORATION,0.4195,2789,1162.74,114,0.36,0.43,0.49,0.43,-2.4, Competitive — Monitor,-1.0,,,MONITOR — No Clear Signal,0.0,0.42,0.0,0.0,-0.0,2789.0,1169.9855,1171.3799999999999,1.39
22223,CAKE PLATE LOVEBIRD PINK,4.9005882352941175,245,1162.3500000000001,83,4.43,4.58,5.38,4.8,2.1, Competitive — Monitor,-1.0,,,MONITOR — No Clear Signal,0.0,4.9,-0.0,0.0,-0.0,245.0,1200.6441176470587,1200.5,-0.14
21865,PINK UNION JACK  PASSPORT COVER ,2.1,552,1159.2,143,1.98,2.16,2.31,2.15,-2.3, Competitive — Monitor,-1.0,,,MONITOR — No Clear Signal,0.0,2.1,0.0,0.0,-0.0,552.0,1159.2,1159.2,0.0
22190,LOCAL CAFE MUG,2.0610389610389612,602,1159.2,76,1.76,1.92,2.3,1.99,3.6, Competitive — Monitor,-1.0,,,MONITOR — No Clear Signal,0.0,2.06,-0.0,0.0,-0.0,602.0,1240.7454545454545,1240.1200000000001,-0.63
22246,"GARLAND, MAGIC GARDEN 1.8M",1.9416666666666664,615,1156.05,70,1.67,1.97,2.22,1.95,-0.4, Competitive — Monitor,-1.0,,,MONITOR — No Clear Signal,0.0,1.94,-0.0,0.0,-0.0,615.0,1194.1249999999998,1193.1,-1.02
21284,RETRO SPOT CANDLE  SMALL,1.357887323943662,1109,1155.89,71,1.22,1.41,1.46,1.36,-0.2, Competitive — Monitor,-1.0,,,MONITOR — No Clear Signal,0.0,1.36,0.0,0.0,-0.0,1109.0,1505.897042253521,1508.24,2.34
20729,RED SPOTTY CANDY BAG,1.227910447761194,4626,1154.9,67,1.16,1.17,1.32,1.22,0.6, Competitive — Monitor,-1.0,,,MONITOR — No Clear Signal,0.0,1.23,0.0,0.0,-0.0,4626.0,5680.3137313432835,5689.98,9.67
22801,ANTIQUE GLASS PEDESTAL BOWL,3.75,307,1151.25,75,3.31,3.95,4.42,3.89,-3.6, Competitive — Monitor,-1.0,,,MONITOR — No Clear Signal,0.0,3.75,0.0,0.0,-0.0,307.0,1151.25,1151.25,0.0
22848,BREAD BIN DINER STYLE PINK,16.164285714285715,74,1150.3,28,14.56,14.95,17.59,15.7,3.0, Competitive — Monitor,-1.0,,,MONITOR — No Clear Signal,0.0,16.16,-0.0,0.0,-0.0,74.0,1196.1571428571428,1195.84,-0.32
22896,PEG BAG APPLE DESIGN,2.5256756756756755,485,1146.75,73,2.16,2.66,2.8,2.54,-0.6, Competitive — Monitor,-1.0,,,MONITOR — No Clear Signal,0.0,2.53,0.0,0.0,-0.0,485.0,1224.9527027027027,1227.05,2.1
85049H,URBAN BLACK RIBBONS ,1.1839007092198581,1188,1144.08,140,1.02,1.18,1.4,1.2,-1.3, Competitive — Monitor,-1.0,,,MONITOR — No Clear Signal,0.0,1.18,-0.0,0.0,-0.0,1188.0,1406.4740425531916,1401.84,-4.63
35649,VINTAGE BEAD COSMETIC BAG ,3.1666666666666665,1760,1144.0,15,3.0,3.02,3.64,3.22,-1.7, Competitive — Monitor,-1.0,,,MONITOR — No Clear Signal,0.0,3.17,0.0,0.0,-0.0,1760.0,5573.333333333333,5579.2,5.87
84748,FOLK FELT HANGING MULTICOL GARLAND,2.629166666666667,956,1141.8,23,2.49,2.48,2.9,2.62,0.3, Competitive — Monitor,-1.0,,,MONITOR — No Clear Signal,0.0,2.63,0.0,0.0,-0.0,956.0,2513.4833333333336,2514.2799999999997,0.8
22204,MILK PAN BLUE RETROSPOT,3.744705882352941,318,1140.66,67,3.18,4.02,4.32,3.84,-2.5, Competitive — Monitor,-1.0,,,MONITOR — No Clear Signal,0.0,3.74,-0.0,0.0,-0.0,318.0,1190.8164705882352,1189.3200000000002,-1.5
21581,SKULLS  DESIGN  COTTON TOTE BAG,2.1163157894736844,874,1139.8999999999999,94,2.0,1.97,2.23,2.07,2.2, Competitive — Monitor,-1.0,,,MONITOR — No Clear Signal,0.0,2.12,0.0,0.0,-0.0,874.0,1849.66,1852.88,3.22
22818,CARD CHRISTMAS VILLAGE,0.4187323943661972,2736,1136.16,141,0.38,0.4,0.49,0.42,-0.3, Competitive — Monitor,-1.0,,,MONITOR — No Clear Signal,0.0,0.42,0.0,0.0,-0.0,2736.0,1145.6518309859155,1149.12,3.47
85164B,BLACK BAROQUE CUCKOO CLOCK,11.713414634146341,113,1134.75,41,10.97,11.43,13.15,11.85,-1.2, Competitive — Monitor,-9.476,Highly Elastic — Consider Discount,-5%,MONITOR — No Clear Signal,0.0,11.71,-0.0,0.0,-0.0,113.0,1323.6158536585365,1323.23,-0.39
20785,FUSCHIA RETRO BAR STOOL,39.28333333333334,30,1134.5,12,35.18,40.04,46.04,40.42,-2.8, Competitive — Monitor,-1.0,,,MONITOR — No Clear Signal,0.0,39.28,-0.0,0.0,-0.0,30.0,1178.5000000000002,1178.4,-0.1
22539,MINI JIGSAW DOLLY GIRL,0.4186363636363636,2764,1132.08,88,0.38,0.42,0.5,0.43,-2.6, Competitive — Monitor,-1.0,,,MONITOR — No Clear Signal,0.0,0.42,0.0,0.0,-0.0,2764.0,1157.110909090909,1160.8799999999999,3.77
21286,RETRO SPOT CANDLE  LARGE,2.080612244897959,707,1128.45,49,1.87,1.96,2.47,2.1,-0.9, Competitive — Monitor,-1.0,,,MONITOR — No Clear Signal,0.0,2.08,-0.0,0.0,-0.0,707.0,1470.992857142857,1470.56,-0.43
22735,RIBBON REEL SOCKS AND MITTENS,1.6476470588235292,698,1127.7,83,1.51,1.59,1.95,1.68,-1.9, Competitive — Monitor,-1.0,,,MONITOR — No Clear Signal,0.0,1.65,0.0,0.0,-0.0,698.0,1150.0576470588235,1151.7,1.64
21424,WOODLAND STORAGE BOX LARGE ,2.7074358974358974,555,1127.49,39,2.34,2.59,3.05,2.66,1.8, Competitive — Monitor,-1.0,,,MONITOR — No Clear Signal,0.0,2.71,0.0,0.0,-0.0,555.0,1502.626923076923,1504.05,1.42
85110,BLACK SILVER FLOWER T-LIGHT HOLDER,0.45526315789473687,11512,1124.68,19,0.39,0.43,0.5,0.44,3.5, Competitive — Monitor,-2.057,Highly Elastic — Consider Discount,-5%,MONITOR — No Clear Signal,0.0,0.46,0.0,0.0,-0.0,11512.0,5240.989473684211,5295.52,54.53
21009,ETCHED GLASS STAR TREE DECORATION,1.25,897,1121.25,79,1.1,1.23,1.4,1.24,0.8, Competitive — Monitor,-1.0,,,MONITOR — No Clear Signal,0.0,1.25,0.0,0.0,-0.0,897.0,1121.25,1121.25,0.0
21649,ASSORTED TUTTI FRUTTI PHOTO FRAME,2.9152173913043478,413,1120.75,23,2.68,3.01,3.36,3.02,-3.5, Competitive — Monitor,-1.0,,,MONITOR — No Clear Signal,0.0,2.92,0.0,0.0,-0.0,413.0,1203.9847826086957,1205.96,1.98
21393,BLUE  SPOTTY PUDDING BOWL,1.9841176470588238,5216,1119.3600000000001,33,1.73,1.89,2.35,1.99,-0.3, Competitive — Monitor,-1.0,,,MONITOR — No Clear Signal,0.0,1.98,-0.0,0.0,-0.0,5216.0,10349.157647058824,10327.68,-21.48
21130,COLOURFUL STANDING GNOME,3.3575000000000004,707,1119.15,39,3.08,3.29,3.63,3.33,0.8, Competitive — Monitor,-1.0,,,MONITOR — No Clear Signal,0.0,3.36,0.0,0.0,-0.0,707.0,2373.7525,2375.52,1.77
35962,12 ASS ZINC CHRISTMAS DECORATIONS,2.1,532,1117.2,60,1.99,2.06,2.49,2.18,-3.7, Competitive — Monitor,-1.0,,,MONITOR — No Clear Signal,0.0,2.1,0.0,0.0,-0.0,532.0,1117.2,1117.2,0.0
22712,CARD DOLLY GIRL ,0.4152517985611511,2834,1116.84,137,0.36,0.45,0.49,0.43,-3.4, Competitive — Monitor,-1.0,,,MONITOR — No Clear Signal,0.0,0.42,0.0,0.0,-0.0,2834.0,1176.823597122302,1190.28,13.46
21990,MODERN FLORAL STATIONERY SET,2.7950000000000004,585,1116.15,60,2.56,3.0,3.35,2.97,-5.9, Competitive — Monitor,-1.0,,,MONITOR — No Clear Signal,0.0,2.8,0.0,0.0,-0.0,585.0,1635.0750000000003,1638.0,2.92
22286,"DECORATION , WOBBLY RABBIT , METAL ",1.637121212121212,795,1114.35,65,1.46,1.72,1.94,1.71,-4.3, Competitive — Monitor,-1.0,,,MONITOR — No Clear Signal,0.0,1.64,0.0,0.0,-0.0,795.0,1301.5113636363635,1303.8,2.29
22956,36 FOIL HEART CAKE CASES,2.0879518072289156,554,1112.4,74,1.96,2.0,2.28,2.08,0.4, Competitive — Monitor,-1.0,,,MONITOR — No Clear Signal,0.0,2.09,0.0,0.0,-0.0,554.0,1156.7253012048193,1157.86,1.13
21983,PACK OF 12 BLUE PAISLEY TISSUES ,0.28986666666666666,3925,1107.03,145,0.25,0.27,0.31,0.28,3.5, Competitive — Monitor,-1.0,,,MONITOR — No Clear Signal,0.0,0.29,0.0,0.0,-0.0,3925.0,1137.7266666666667,1138.25,0.52
21190,PINK HEARTS PAPER GARLAND,1.6355421686746987,700,1106.0,80,1.5,1.59,1.74,1.61,1.6, Competitive — Monitor,-1.0,,,MONITOR — No Clear Signal,0.0,1.64,0.0,0.0,-0.0,700.0,1144.879518072289,1148.0,3.12
21312,LARGE CHUNKY GLASS ROMAN BOWL,4.883333333333333,294,1104.5,20,4.56,4.7,5.34,4.87,0.3, Competitive — Monitor,-1.0,,,MONITOR — No Clear Signal,0.0,4.88,-0.0,0.0,-0.0,294.0,1435.6999999999998,1434.72,-0.98
85114A,BLACK ENCHANTED FOREST PLACEMAT,1.6267441860465117,720,1104.0,43,1.54,1.63,1.86,1.68,-3.2, Competitive — Monitor,-1.0,,,MONITOR — No Clear Signal,0.0,1.63,0.0,0.0,-0.0,720.0,1171.2558139534885,1173.6,2.34
51014L,"FEATHER PEN,LIGHT PINK",0.8437096774193548,1350,1103.82,60,0.77,0.88,0.99,0.88,-4.1, Competitive — Monitor,-1.0,,,MONITOR — No Clear Signal,0.0,0.84,-0.0,0.0,-0.0,1350.0,1139.008064516129,1134.0,-5.01
22253,6 CROCHET STRAWBERRIES,1.2425974025974027,942,1102.64,69,1.12,1.31,1.47,1.3,-4.4, Competitive — Monitor,-1.0,,,MONITOR — No Clear Signal,0.0,1.24,-0.0,0.0,-0.0,942.0,1170.5267532467533,1168.08,-2.45
21779,MA CAMPAGNE MINI WOODEN CHEST,4.612272727272727,301,1097.8000000000002,22,4.21,4.87,5.27,4.78,-3.5, Competitive — Monitor,-1.0,,,MONITOR — No Clear Signal,0.0,4.61,-0.0,0.0,-0.0,301.0,1388.294090909091,1387.6100000000001,-0.68
37482B,CUBIC MUG BLUE POLKA DOT,1.8214285714285714,1249,1093.95,7,1.71,1.78,1.91,1.8,1.2, Competitive — Monitor,-4.163,Highly Elastic — Consider Discount,-5%,MONITOR — No Clear Signal,0.0,1.82,-0.0,0.0,-0.0,1249.0,2274.964285714286,2273.1800000000003,-1.78
21744,SNOWFLAKE PORTABLE TABLE LIGHT ,2.95,370,1091.5000000000002,79,2.68,3.04,3.18,2.97,-0.7, Competitive — Monitor,-1.0,,,MONITOR — No Clear Signal,0.0,2.95,0.0,0.0,-0.0,370.0,1091.5,1091.5,0.0
22517,CHILDS GARDEN RAKE PINK,2.060845070422535,593,1091.2800000000002,71,1.76,2.0,2.19,1.98,4.1, Competitive — Monitor,-1.0,,,MONITOR — No Clear Signal,0.0,2.06,-0.0,0.0,-0.0,593.0,1222.0811267605632,1221.58,-0.5
22911,PAPER CHAIN KIT LONDON,2.9333333333333336,394,1090.3,69,2.77,2.73,3.24,2.91,0.8, Competitive — Monitor,-1.0,,,MONITOR — No Clear Signal,0.0,2.93,-0.0,0.0,-0.0,394.0,1155.7333333333333,1154.42,-1.31
21051,RIBBONS PURSE ,2.0667567567567566,559,1087.8000000000002,70,1.9,2.13,2.33,2.12,-2.5, Competitive — Monitor,-1.0,,,MONITOR — No Clear Signal,0.0,2.07,0.0,0.0,-0.0,559.0,1155.317027027027,1157.1299999999999,1.81
20731,POSY CANDY BAG,1.083076923076923,4027,1087.75,39,0.99,1.0,1.14,1.04,4.1, Competitive — Monitor,-1.0,,,MONITOR — No Clear Signal,0.0,1.08,-0.0,0.0,-0.0,4027.0,4361.550769230769,4349.16,-12.39
22535,MAGIC DRAWING SLATE BUNNIES ,0.42,2581,1084.02,150,0.37,0.41,0.46,0.41,2.4, Competitive — Monitor,-1.0,,,MONITOR — No Clear Signal,0.0,0.42,0.0,0.0,-0.0,2581.0,1084.02,1084.02,0.0
21806,WHITE CHRISTMAS HEART DECORATION,0.41944954128440365,2600,1083.36,104,0.38,0.41,0.45,0.41,2.3, Competitive — Monitor,-1.0,,,MONITOR — No Clear Signal,0.0,0.42,0.0,0.0,-0.0,2600.0,1090.5688073394494,1092.0,1.43
22753,SMALL YELLOW BABUSHKA NOTEBOOK ,0.8478453038674033,1299,1082.31,173,0.75,0.87,0.97,0.86,-1.4, Competitive — Monitor,-1.0,,,MONITOR — No Clear Signal,0.0,0.85,0.0,0.0,-0.0,1299.0,1101.351049723757,1104.1499999999999,2.8
21396,RED SPOTTY EGG CUP ,1.2403389830508476,909,1081.53,58,1.14,1.29,1.39,1.27,-2.3, Competitive — Monitor,-1.0,,,MONITOR — No Clear Signal,0.0,1.24,-0.0,0.0,-0.0,909.0,1127.4681355932205,1127.16,-0.31
20734,SILVER MINI TAPE MEASURE ,0.8442647058823529,1379,1079.85,68,0.73,0.82,0.95,0.83,1.7, Competitive — Monitor,-1.0,,,MONITOR — No Clear Signal,0.0,0.84,-0.0,0.0,-0.0,1379.0,1164.2410294117647,1158.36,-5.88
21287,SCENTED VELVET LOUNGE CANDLE ,0.978125,2316,1078.44,32,0.9,1.03,1.09,1.01,-3.2, Competitive — Monitor,-1.0,,,MONITOR — No Clear Signal,0.0,0.98,0.0,0.0,-0.0,2316.0,2265.3375,2269.68,4.34
22319,HAIRCLIPS FORTIES FABRIC ASSORTED,0.6500000000000001,1659,1078.3500000000001,103,0.62,0.63,0.78,0.68,-4.4, Competitive — Monitor,-1.0,,,MONITOR — No Clear Signal,0.0,0.65,-0.0,0.0,-0.0,1659.0,1078.3500000000001,1078.3500000000001,0.0
84596F,SMALL MARSHMALLOWS PINK BOWL,1.24544,892,1073.96,124,1.06,1.23,1.35,1.21,2.9, Competitive — Monitor,-1.0,,,MONITOR — No Clear Signal,0.0,1.25,0.0,0.0,-0.0,892.0,1110.9324800000002,1115.0,4.07
22523,CHILDS GARDEN FORK PINK,0.847487922705314,1287,1073.6699999999998,196,0.8,0.88,0.96,0.88,-3.7, Competitive — Monitor,-1.0,,,MONITOR — No Clear Signal,0.0,0.85,0.0,0.0,-0.0,1287.0,1090.7169565217391,1093.95,3.23
84562A,PINK/WHITE RIBBED MELAMINE JUG,7.8754687500000005,143,1073.25,62,7.01,8.12,9.14,8.09,-2.7, Competitive — Monitor,-1.0,,,MONITOR — No Clear Signal,0.0,7.88,0.0,0.0,-0.0,143.0,1126.1920312500001,1126.84,0.65
84396,6 HOOK JEWELLERY STAND BLACK DRESS,3.585,516,1071.6,28,3.36,3.86,4.06,3.76,-4.7, Competitive — Monitor,-1.0,,,MONITOR — No Clear Signal,0.0,3.58,-0.0,0.0,-0.0,516.0,1849.86,1847.28,-2.58
21356,TOAST ITS - FAIRY FLOWER,1.2454545454545456,862,1070.3,128,1.16,1.19,1.48,1.28,-2.7, Competitive — Monitor,-1.0,,,MONITOR — No Clear Signal,0.0,1.25,0.0,0.0,-0.0,862.0,1073.5818181818183,1077.5,3.92
21839,MUMMY MOUSE RED GINGHAM RIBBON,5.4319277108433734,200,1069.0,80,4.93,5.57,6.01,5.5,-1.2, Competitive — Monitor,-1.0,,,MONITOR — No Clear Signal,0.0,5.43,-0.0,0.0,-0.0,200.0,1086.3855421686746,1086.0,-0.39
15058C,ICE CREAM DESIGN GARDEN PARASOL,6.779268292682927,220,1069.0,41,6.26,6.9,7.59,6.92,-2.0, Competitive — Monitor,-1.0,,,MONITOR — No Clear Signal,0.0,6.78,0.0,0.0,-0.0,220.0,1491.439024390244,1491.6000000000001,0.16
21686,MEDINA STAMPED METAL STOOL,38.28333333333334,29,1068.5500000000002,12,35.9,40.83,40.71,39.15,-2.2, Competitive — Monitor,-1.0,,,MONITOR — No Clear Signal,0.0,38.28,-0.0,0.0,-0.0,29.0,1110.216666666667,1110.1200000000001,-0.1
22279,POCKET BAG BLUE PAISLEY RED SPOT,1.7493670886075952,601,1068.45,76,1.56,1.65,2.0,1.74,0.5, Competitive — Monitor,-1.0,,,MONITOR — No Clear Signal,0.0,1.75,0.0,0.0,-0.0,601.0,1051.3696202531646,1051.75,0.38
21738,COSY SLIPPER SHOES SMALL  RED ,2.9421568627450982,367,1063.45,90,2.6,3.06,3.22,2.96,-0.6, Competitive — Monitor,-1.0,,,MONITOR — No Clear Signal,0.0,2.94,-0.0,0.0,-0.0,367.0,1079.771568627451,1078.98,-0.79
22522,CHILDS GARDEN FORK BLUE ,0.847319587628866,1269,1061.49,187,0.78,0.86,0.91,0.85,-0.3, Competitive — Monitor,-1.0,,,MONITOR — No Clear Signal,0.0,0.85,0.0,0.0,-0.0,1269.0,1075.2485567010308,1078.6499999999999,3.4
21904,HOUSE WRECKING METAL SIGN ,2.03018018018018,691,1059.6000000000001,110,1.89,1.96,2.3,2.05,-1.0, Competitive — Monitor,-1.0,,,MONITOR — No Clear Signal,0.0,2.03,-0.0,0.0,-0.0,691.0,1402.8545045045046,1402.7299999999998,-0.12
21677,HEARTS  STICKERS,0.8478861788617885,1250,1059.3799999999999,123,0.79,0.84,0.96,0.86,-1.4, Competitive — Monitor,-1.0,,,MONITOR — No Clear Signal,0.0,0.85,0.0,0.0,-0.0,1250.0,1059.8577235772357,1062.5,2.64
21618,4 WILDFLOWER BOTANICAL CANDLES,3.7193877551020407,296,1059.0,48,3.46,3.62,3.95,3.68,1.1, Competitive — Monitor,-1.0,,,MONITOR — No Clear Signal,0.0,3.72,0.0,0.0,-0.0,296.0,1100.938775510204,1101.1200000000001,0.18
22710,WRAP I LOVE LONDON ,0.4153623188405797,2704,1055.68,69,0.37,0.42,0.48,0.42,-1.1, Competitive — Monitor,-1.0,,,MONITOR — No Clear Signal,0.0,0.42,0.0,0.0,-0.0,2704.0,1123.1397101449277,1135.68,12.54
15058B,PINK WHITE SPOTS GARDEN PARASOL,7.182,186,1054.7,50,6.69,7.63,8.21,7.51,-4.4, Competitive — Monitor,-1.0,,,MONITOR — No Clear Signal,0.0,7.18,-0.0,0.0,-0.0,186.0,1335.852,1335.48,-0.37
22939,APRON APPLE DELIGHT,4.922549019607843,227,1053.65,51,4.24,4.98,5.31,4.84,1.7, Competitive — Monitor,-1.0,,,MONITOR — No Clear Signal,0.0,4.92,-0.0,0.0,-0.0,227.0,1117.4186274509805,1116.84,-0.58
85224,ASSORTED COLOUR SILK GLASSES CASE,1.364423076923077,1988,1053.24,46,1.23,1.39,1.53,1.38,-1.1, Competitive — Monitor,-1.98,Highly Elastic — Consider Discount,-5%,MONITOR — No Clear Signal,0.0,1.36,-0.0,0.0,-0.0,1988.0,2712.473076923077,2703.6800000000003,-8.79
21490,SET OF THREE 50'S GIFT WRAPS ,1.9115384615384614,600,1051.5,37,1.63,1.92,2.21,1.92,-0.4, Competitive — Monitor,-1.0,,,MONITOR — No Clear Signal,0.0,1.91,-0.0,0.0,-0.0,600.0,1146.923076923077,1146.0,-0.92
22343,PARTY PIZZA DISH RED WHITE SPOT ,0.8408450704225352,1292,1051.3999999999999,71,0.74,0.78,0.95,0.82,2.5, Competitive — Monitor,-1.0,,,MONITOR — No Clear Signal,0.0,0.84,-0.0,0.0,-0.0,1292.0,1086.3718309859155,1085.28,-1.09
84965A,PINK KASHMIRI COFFEE TABLE ,40.0,20,1050.0,3,35.47,38.29,44.37,39.38,1.6, Competitive — Monitor,-1.0,,,MONITOR — No Clear Signal,0.0,40.0,0.0,0.0,-0.0,20.0,800.0,800.0,0.0
47587A,PINK FAIRY CAKE COASTER,0.38555555555555554,2676,1049.6399999999999,9,0.34,0.39,0.42,0.38,1.5, Competitive — Monitor,-1.0,,,MONITOR — No Clear Signal,0.0,0.39,0.0,0.0,-0.0,2676.0,1031.7466666666667,1043.64,11.89
85055,FRENCH ENAMEL UTENSIL HOLDER,3.7292207792207788,290,1049.1,74,3.43,3.62,4.26,3.77,-1.1, Competitive — Monitor,-1.0,,,MONITOR — No Clear Signal,0.0,3.73,0.0,0.0,-0.0,290.0,1081.4740259740258,1081.7,0.23
20768,GREEN FERN JOURNAL ,2.410843373493976,575,1047.75,83,2.14,2.29,2.87,2.43,-0.8, Competitive — Monitor,-1.0,,,MONITOR — No Clear Signal,0.0,2.41,-0.0,0.0,-0.0,575.0,1386.2349397590363,1385.75,-0.48
21012,ANTIQUE ALL GLASS CANDLESTICK,1.9598461538461538,921,1047.5800000000002,64,1.75,1.96,2.26,1.99,-1.5, Competitive — Monitor,-1.0,,,MONITOR — No Clear Signal,0.0,1.96,0.0,0.0,-0.0,921.0,1805.0183076923076,1805.1599999999999,0.14
21410,COUNTRY COTTAGE  DOORSTOP GREEN,4.228155339805825,261,1045.25,101,3.69,4.11,4.49,4.1,3.1, Competitive — Monitor,-1.0,,,MONITOR — No Clear Signal,0.0,4.23,0.0,0.0,-0.0,261.0,1103.5485436893205,1104.0300000000002,0.48
22035,VINTAGE CARAVAN GREETING CARD ,0.4177215189873418,2548,1044.24,158,0.37,0.4,0.47,0.41,1.9, Competitive — Monitor,-1.0,,,MONITOR — No Clear Signal,0.0,0.42,0.0,0.0,-0.0,2548.0,1064.3544303797469,1070.1599999999999,5.81
84581,DOG TOY WITH PINK CROCHET SKIRT,3.7402702702702704,279,1041.93,109,3.26,3.72,4.43,3.8,-1.6, Competitive — Monitor,-1.0,,,MONITOR — No Clear Signal,0.0,3.74,-0.0,0.0,-0.0,279.0,1043.5354054054055,1043.46,-0.08
40003,WHITE BAMBOO RIBS LAMPSHADE,1.194736842105263,983,1041.55,38,1.02,1.12,1.27,1.14,4.8, Competitive — Monitor,-1.0,,,MONITOR — No Clear Signal,0.0,1.19,-0.0,0.0,-0.0,983.0,1174.4263157894736,1169.77,-4.66
72750B,"F.FAIRY S/3 CANDLE/GLASS,LAVENDER",3.0026315789473683,495,1041.25,38,2.73,3.21,3.6,3.18,-5.6, Competitive — Monitor,-1.0,,,MONITOR — No Clear Signal,0.0,3.0,-0.0,0.0,-0.0,495.0,1486.3026315789473,1485.0,-1.3
85130A,BEADED PEARL HEART WHITE LARGE,1.6471830985915492,631,1038.7499999999998,67,1.51,1.74,1.96,1.74,-5.3, Competitive — Monitor,-1.0,,,MONITOR — No Clear Signal,0.0,1.65,0.0,0.0,-0.0,631.0,1039.3725352112676,1041.1499999999999,1.78
22183,CAKE STAND VICTORIAN FILIGREE MED,6.259183673469387,218,1038.6000000000001,49,5.71,6.47,6.65,6.28,-0.3, Competitive — Monitor,-1.0,,,MONITOR — No Clear Signal,0.0,6.26,0.0,0.0,-0.0,218.0,1364.5020408163264,1364.68,0.18
72800F,4 IVORY DINNER CANDLES GOLD FLOCK,2.3068656716417912,819,1037.37,62,2.07,2.16,2.75,2.33,-1.0, Competitive — Monitor,-1.0,,,MONITOR — No Clear Signal,0.0,2.31,0.0,0.0,-0.0,819.0,1889.322985074627,1891.89,2.57
21643,ASSORTED TUTTI FRUTTI MIRROR,1.2473972602739727,833,1036.69,73,1.11,1.3,1.38,1.26,-1.0, Competitive — Monitor,-1.0,,,MONITOR — No Clear Signal,0.0,1.25,0.0,0.0,-0.0,833.0,1039.0819178082193,1041.25,2.17
84815,SET OF 3 DANISH ROSE PLANTERS,4.160256410256411,909,1035.25,36,3.9,4.37,4.9,4.39,-5.2, Competitive — Monitor,-1.0,,,MONITOR — No Clear Signal,0.0,4.16,-0.0,0.0,-0.0,909.0,3781.673076923077,3781.44,-0.23
22440,BALLOON WATER BOMB PACK OF 35,0.4187142857142857,2552,1034.64,126,0.38,0.44,0.47,0.43,-2.6, Competitive — Monitor,-1.0,,,MONITOR — No Clear Signal,0.0,0.42,0.0,0.0,-0.0,2552.0,1068.558857142857,1071.84,3.28
21825,PAINTED METAL TREE WITH HOLLY BELLS,1.4473333333333334,726,1033.5,67,1.3,1.36,1.62,1.43,1.2, Competitive — Monitor,-1.0,,,MONITOR — No Clear Signal,0.0,1.45,0.0,0.0,-0.0,726.0,1050.7640000000001,1052.7,1.94
21439,BASKET OF TOADSTOOLS,1.25,826,1032.5,87,1.07,1.28,1.43,1.26,-0.8, Competitive — Monitor,-1.0,,,MONITOR — No Clear Signal,0.0,1.25,0.0,0.0,-0.0,826.0,1032.5,1032.5,0.0
21615,4 LAVENDER BOTANICAL DINNER CANDLES,3.6805555555555554,295,1028.25,35,3.25,3.88,4.29,3.81,-3.4, Competitive — Monitor,-1.0,,,MONITOR — No Clear Signal,0.0,3.68,-0.0,0.0,-0.0,295.0,1085.763888888889,1085.6000000000001,-0.16
22785,CUSHION COVER PINK UNION FLAG,6.732978723404255,158,1028.1,47,5.98,6.82,7.1,6.63,1.6, Competitive — Monitor,-1.0,,,MONITOR — No Clear Signal,0.0,6.73,-0.0,0.0,-0.0,158.0,1063.8106382978722,1063.3400000000001,-0.47
21972,SET OF 36 DINOSAUR PAPER DOILIES,1.45,709,1028.05,94,1.29,1.48,1.65,1.47,-1.4, Competitive — Monitor,-1.0,,,MONITOR — No Clear Signal,0.0,1.45,0.0,0.0,-0.0,709.0,1028.05,1028.05,0.0
85200,BUNNY EGG BOX,1.2442028985507245,826,1027.7,68,1.13,1.24,1.34,1.24,0.3, Competitive — Monitor,-1.0,,,MONITOR — No Clear Signal,0.0,1.24,-0.0,0.0,-0.0,826.0,1027.7115942028984,1024.24,-3.47
21579,LOLITA  DESIGN  COTTON TOTE BAG,2.103731343283582,819,1025.15,62,1.9,2.11,2.32,2.11,-0.3, Competitive — Monitor,-1.0,,,MONITOR — No Clear Signal,0.0,2.1,-0.0,0.0,-0.0,819.0,1722.9559701492535,1719.9,-3.06
22695,WICKER WREATH SMALL,1.446,720,1024.8,96,1.32,1.34,1.59,1.42,1.8, Competitive — Monitor,-1.0,,,MONITOR — No Clear Signal,0.0,1.45,0.0,0.0,-0.0,720.0,1041.12,1044.0,2.88
20767,BLUE PAISLEY JOURNAL ,2.4499999999999997,540,1022.4,92,2.27,2.5,2.74,2.5,-2.0, Competitive — Monitor,-1.0,,,MONITOR — No Clear Signal,0.0,2.45,0.0,0.0,-0.0,540.0,1322.9999999999998,1323.0,0.0
21413,PERIWINKLE T-LIGHT HOLDER,1.2089285714285716,3102,1022.1,25,1.13,1.13,1.33,1.2,0.7, Competitive — Monitor,-1.0,,,MONITOR — No Clear Signal,0.0,1.21,0.0,0.0,-0.0,3102.0,3750.096428571429,3753.42,3.32
20686,DOLLY MIXTURE CHILDREN'S UMBRELLA,3.239795918367347,316,1018.0,98,2.99,3.21,3.45,3.22,0.6, Competitive — Monitor,-1.0,,,MONITOR — No Clear Signal,0.0,3.24,0.0,0.0,-0.0,316.0,1023.7755102040817,1023.84,0.06
22163,HEART STRING MEMO HOLDER HANGING,2.95,345,1017.7500000000001,57,2.79,2.85,3.16,2.93,0.7, Competitive — Monitor,-1.0,,,MONITOR — No Clear Signal,0.0,2.95,0.0,0.0,-0.0,345.0,1017.7500000000001,1017.7500000000001,0.0
16047,POP ART PEN CASE & PENS,0.7858333333333333,10589,1017.2900000000001,23,0.67,0.79,0.83,0.76,3.4, Competitive — Monitor,-1.0,,,MONITOR — No Clear Signal,0.0,0.79,0.0,0.0,-0.0,10589.0,8321.189166666665,8365.31,44.12
21010,ETCHED GLASS BIRD TREE DECORATION,1.25,812,1015.0,66,1.09,1.18,1.4,1.22,2.5, Competitive — Monitor,-1.0,,,MONITOR — No Clear Signal,0.0,1.25,0.0,0.0,-0.0,812.0,1015.0,1015.0,0.0
22609,PENS ASSORTED SPACEBALL,0.85,1194,1014.9,34,0.72,0.88,1.01,0.87,-2.3, Competitive — Monitor,-1.0,,,MONITOR — No Clear Signal,0.0,0.85,0.0,0.0,-0.0,1194.0,1014.9,1014.9,0.0
22742,MAKE YOUR OWN PLAYTIME CARD KIT,2.95,344,1014.8000000000002,76,2.7,3.09,3.15,2.98,-1.0, Competitive — Monitor,-1.0,,,MONITOR — No Clear Signal,0.0,2.95,0.0,0.0,-0.0,344.0,1014.8000000000001,1014.8000000000001,0.0
85016,SET OF 6 VINTAGE NOTELETS KIT,2.384782608695652,934,1013.7,46,2.24,2.26,2.84,2.45,-2.7, Competitive — Monitor,-1.0,,,MONITOR — No Clear Signal,0.0,2.38,-0.0,0.0,-0.0,934.0,2227.386956521739,2222.92,-4.47
84989A,75 GREEN FAIRY CAKE CASES,0.5476146788990827,2041,1013.35,104,0.48,0.51,0.64,0.54,1.4, Competitive — Monitor,-1.0,,,MONITOR — No Clear Signal,0.0,0.55,0.0,0.0,-0.0,2041.0,1117.6815596330277,1122.5500000000002,4.87
21644,ASSORTED TUTTI FRUTTI HEART BOX,1.25,810,1012.5,85,1.18,1.18,1.43,1.26,-0.8, Competitive — Monitor,-1.0,,,MONITOR — No Clear Signal,0.0,1.25,0.0,0.0,-0.0,810.0,1012.5,1012.5,0.0
22586,FELTCRAFT HAIRBAND PINK AND BLUE,0.8490151515151515,1213,1012.3299999999999,124,0.73,0.9,0.97,0.87,-2.4, Competitive — Monitor,-1.0,,,MONITOR — No Clear Signal,0.0,0.85,0.0,0.0,-0.0,1213.0,1029.8553787878789,1031.05,1.19
85103, SILVER T-LIGHT SETTING,6.65204081632653,159,1011.6500000000001,48,6.28,6.68,7.81,6.92,-3.9, Competitive — Monitor,-1.0,,,MONITOR — No Clear Signal,0.0,6.65,-0.0,0.0,-0.0,159.0,1057.6744897959184,1057.3500000000001,-0.32
84910A,PINK PAISLEY CUSHION COVER ,5.581428571428571,404,1010.6,35,4.94,5.55,5.95,5.48,1.9, Competitive — Monitor,-1.0,,,MONITOR — No Clear Signal,0.0,5.58,-0.0,0.0,-0.0,404.0,2254.8971428571426,2254.32,-0.58
21827,EIGHT PIECE CREEPY CRAWLIE SET,1.2470769230769232,812,1010.44,118,1.07,1.17,1.4,1.21,3.1, Competitive — Monitor,-1.0,,,MONITOR — No Clear Signal,0.0,1.25,0.0,0.0,-0.0,812.0,1012.6264615384616,1015.0,2.37
21163,DO NOT TOUCH MY STUFF DOOR HANGER ,1.3836974789915966,1584,1008.0,105,1.24,1.42,1.6,1.42,-2.6, Competitive — Monitor,-1.0,,,MONITOR — No Clear Signal,0.0,1.38,-0.0,0.0,-0.0,1584.0,2191.776806722689,2185.9199999999996,-5.86
22711,WRAP CIRCUS PARADE,0.418974358974359,2475,1007.5,78,0.37,0.44,0.48,0.43,-2.6, Competitive — Monitor,-1.0,,,MONITOR — No Clear Signal,0.0,0.42,0.0,0.0,-0.0,2475.0,1036.9615384615386,1039.5,2.54
84968F,S/16 VINTAGE SKY BLUE CUTLERY,12.75,79,1007.25,37,11.2,13.42,14.98,13.2,-3.4, Competitive — Monitor,-1.0,,,MONITOR — No Clear Signal,0.0,12.75,0.0,0.0,-0.0,79.0,1007.25,1007.25,0.0
75131,METAL TUBE CHIME ON BAMBOO,1.638235294117647,724,1007.08,51,1.44,1.67,1.74,1.62,1.1, Competitive — Monitor,-1.0,,,MONITOR — No Clear Signal,0.0,1.64,0.0,0.0,-0.0,724.0,1186.0823529411764,1187.36,1.28
21947,SET OF 6 HEART CHOPSTICKS,1.2479347826086957,808,1005.44,89,1.16,1.16,1.44,1.25,-0.2, Competitive — Monitor,-1.0,,,MONITOR — No Clear Signal,0.0,1.25,0.0,0.0,-0.0,808.0,1008.3313043478262,1010.0,1.67
85179B,WHITE BITTY LIGHT CHAIN ,4.545,241,1004.73,39,4.11,4.26,5.14,4.5,1.0, Competitive — Monitor,-1.0,,,MONITOR — No Clear Signal,0.0,4.54,-0.0,0.0,-0.0,241.0,1095.345,1094.14,-1.2
22306,SILVER MUG BONE CHINA TREE OF LIFE,2.1444444444444444,528,1004.0,53,1.89,1.99,2.37,2.08,3.1, Competitive — Monitor,-1.0,,,MONITOR — No Clear Signal,0.0,2.14,-0.0,0.0,-0.0,528.0,1132.2666666666667,1129.92,-2.35
22708,WRAP DOLLY GIRL,0.41737704918032786,2575,1001.5,61,0.38,0.4,0.46,0.41,1.8, Competitive — Monitor,-1.0,,,MONITOR — No Clear Signal,0.0,0.42,0.0,0.0,-0.0,2575.0,1074.7459016393443,1081.5,6.75
22587,"FELTCRAFT HAIRBAND, S/2, RED/BLUE",0.8482312925170068,1222,1001.26,134,0.78,0.8,0.97,0.85,-0.2, Competitive — Monitor,-1.0,,,MONITOR — No Clear Signal,0.0,0.85,0.0,0.0,-0.0,1222.0,1036.5386394557822,1038.7,2.16
21711,FOLDING UMBRELLA  WHITE/RED  SPOT,4.586363636363636,275,1001.25,32,4.02,4.41,5.43,4.62,-0.7, Competitive — Monitor,-1.0,,,MONITOR — No Clear Signal,0.0,4.59,0.0,0.0,-0.0,275.0,1261.25,1262.25,1.0
21792,CLASSIC FRENCH STYLE BASKET GREEN ,6.737692307692307,150,999.7,62,6.01,6.61,7.58,6.73,0.1, Competitive — Monitor,-1.0,,,MONITOR — No Clear Signal,0.0,6.74,0.0,0.0,-0.0,150.0,1010.6538461538461,1011.0,0.35
47591B,SCOTTIES DES CHILD'S APRON,1.6461481481481481,636,999.0,131,1.42,1.76,1.93,1.7,-3.2, Competitive — Monitor,-1.0,,,MONITOR — No Clear Signal,0.0,1.65,0.0,0.0,-0.0,636.0,1046.9502222222222,1049.3999999999999,2.45
84509G,FAIRY CAKE PLACEMATS ,3.7203703703703708,274,995.5,81,3.23,3.79,4.13,3.72,0.0, Competitive — Monitor,-1.0,,,MONITOR — No Clear Signal,0.0,3.72,-0.0,0.0,-0.0,274.0,1019.3814814814816,1019.2800000000001,-0.1
85118,HEART T-LIGHT HOLDER,0.8934426229508197,1963,992.1500000000001,59,0.82,0.94,0.95,0.9,-0.7, Competitive — Monitor,-1.0,,,MONITOR — No Clear Signal,0.0,0.89,-0.0,0.0,-0.0,1963.0,1753.827868852459,1747.07,-6.76
84519B,CARROT CHARLIE+LOLA COASTER SET,2.9059701492537315,375,991.6500000000001,66,2.52,3.0,3.08,2.87,1.3, Competitive — Monitor,-1.0,,,MONITOR — No Clear Signal,0.0,2.91,0.0,0.0,-0.0,375.0,1089.7388059701493,1091.25,1.51
20668,DISCO BALL CHRISTMAS DECORATION,0.11890410958904109,8782,991.24,141,0.11,0.11,0.13,0.12,-0.9, Competitive — Monitor,-1.0,,,MONITOR — No Clear Signal,0.0,0.12,0.0,0.0,-0.0,8782.0,1044.2158904109588,1053.84,9.62
16046,TEATIME PEN CASE & PENS,0.7155555555555555,9887,990.8299999999999,33,0.66,0.74,0.79,0.73,-2.0, Competitive — Monitor,-1.0,,,MONITOR — No Clear Signal,0.0,0.72,0.0,0.0,-0.0,9887.0,7074.697777777777,7118.639999999999,43.94
22965,3 TRADITIONAl BISCUIT CUTTERS  SET,2.084375,506,990.6000000000001,32,1.79,2.01,2.29,2.03,2.7, Competitive — Monitor,-1.0,,,MONITOR — No Clear Signal,0.0,2.08,-0.0,0.0,-0.0,506.0,1054.6937500000001,1052.48,-2.21
40001, WHITE BAMBOO RIBS LAMPSHADE,0.808,1402,990.1,40,0.73,0.83,0.94,0.83,-2.7, Competitive — Monitor,-1.0,,,MONITOR — No Clear Signal,0.0,0.81,0.0,0.0,-0.0,1402.0,1132.816,1135.6200000000001,2.8
84964B,BLUE PAINTED KASHMIRI TABLE ,45.0,17,990.0,2,39.4,43.85,52.26,45.17,-0.4, Competitive — Monitor,-1.0,,,MONITOR — No Clear Signal,0.0,45.0,0.0,0.0,-0.0,17.0,765.0,765.0,0.0
21058,PARTY INVITES WOODLAND,0.8459375,1192,989.8,122,0.8,0.91,0.89,0.87,-2.8, Competitive — Monitor,-1.0,,,MONITOR — No Clear Signal,0.0,0.85,0.0,0.0,-0.0,1192.0,1008.3575,1013.1999999999999,4.84
21763,VINTAGE WOODEN BAR STOOL,28.103846153846153,37,988.15,13,25.25,27.04,30.44,27.58,1.9, Competitive — Monitor,-1.0,,,MONITOR — No Clear Signal,0.0,28.1,-0.0,0.0,-0.0,37.0,1039.8423076923077,1039.7,-0.14
22390,PAPERWEIGHT CHILDHOOD MEMORIES,2.375,542,987.9,44,2.21,2.29,2.59,2.36,0.6, Competitive — Monitor,-1.0,,,MONITOR — No Clear Signal,0.0,2.38,0.0,0.0,-0.0,542.0,1287.25,1289.96,2.71
21752,GLASS CAKE STAND MIRRORED BASE,14.808064516129031,69,987.55,30,13.4,15.83,16.76,15.33,-3.4, Competitive — Monitor,-1.0,,,MONITOR — No Clear Signal,0.0,14.81,0.0,0.0,-0.0,69.0,1021.7564516129031,1021.89,0.13
21040,MODERN VINTAGE COTTON SHOPPING BAG,2.21,834,984.3,39,1.89,2.04,2.37,2.1,5.2, Competitive — Monitor,-1.0,,,MONITOR — No Clear Signal,0.0,2.21,0.0,0.0,-0.0,834.0,1843.1399999999999,1843.1399999999999,0.0
20931,BLUE POT PLANT CANDLE ,3.537878787878788,348,981.8000000000001,65,3.23,3.65,3.79,3.56,-0.6, Competitive — Monitor,-1.0,,,MONITOR — No Clear Signal,0.0,3.54,0.0,0.0,-0.0,348.0,1231.1818181818182,1231.92,0.74
85231B,CINAMMON SET OF 9 T-LIGHTS,0.8499999999999999,1153,980.05,188,0.8,0.88,1.01,0.9,-5.6, Competitive — Monitor,-1.0,,,MONITOR — No Clear Signal,0.0,0.85,0.0,0.0,-0.0,1153.0,980.0499999999998,980.05,0.0
22471,TV DINNER TRAY AIR HOSTESS ,4.906923076923077,205,979.0500000000001,65,4.47,5.17,5.74,5.13,-4.3, Competitive — Monitor,-1.0,,,MONITOR — No Clear Signal,0.0,4.91,0.0,0.0,-0.0,205.0,1005.9192307692307,1006.5500000000001,0.63
37424,WHITE WITH BLACK CATS MUG,0.8051020408163264,5155,977.11,47,0.75,0.87,0.87,0.83,-3.0, Competitive — Monitor,-1.0,,,MONITOR — No Clear Signal,0.0,0.81,0.0,0.0,-0.0,5155.0,4150.301020408163,4175.55,25.25
22760,"TRAY, BREAKFAST IN BED",12.565384615384616,80,976.8,38,11.79,13.52,13.96,13.09,-4.0, Competitive — Monitor,-1.0,,,MONITOR — No Clear Signal,0.0,12.57,0.0,0.0,-0.0,80.0,1005.2307692307693,1005.6,0.37
47504K,ENGLISH ROSE GARDEN SECATEURS,1.9005263157894734,640,976.8,93,1.66,1.77,2.1,1.84,3.3, Competitive — Monitor,-1.0,,,MONITOR — No Clear Signal,0.0,1.9,-0.0,0.0,-0.0,640.0,1216.336842105263,1216.0,-0.34
21662,VINTAGE GLASS COFFEE CADDY,5.934615384615385,166,975.7,63,5.17,6.24,6.94,6.12,-3.0, Competitive — Monitor,-1.0,,,MONITOR — No Clear Signal,0.0,5.93,-0.0,0.0,-0.0,166.0,985.1461538461539,984.38,-0.77
22891,TEA FOR ONE POLKADOT,4.233050847457627,235,974.75,57,3.86,4.33,4.77,4.32,-2.0, Competitive — Monitor,-1.0,,,MONITOR — No Clear Signal,0.0,4.23,-0.0,0.0,-0.0,235.0,994.7669491525423,994.0500000000001,-0.72
22713,CARD I LOVE LONDON ,0.4158,2484,972.72,98,0.37,0.43,0.44,0.41,1.4, Competitive — Monitor,-1.0,,,MONITOR — No Clear Signal,0.0,0.42,0.0,0.0,-0.0,2484.0,1032.8472,1043.28,10.43
22261,FELT EGG COSY WHITE RABBIT ,0.847111111111111,1241,971.91,81,0.79,0.8,0.98,0.86,-1.5, Competitive — Monitor,-1.0,,,MONITOR — No Clear Signal,0.0,0.85,0.0,0.0,-0.0,1241.0,1051.264888888889,1054.85,3.59
21656,RIDGED GLASS POSY VASE ,1.4291044776119404,710,971.9,66,1.34,1.46,1.59,1.46,-2.1, Competitive — Monitor,-1.0,,,MONITOR — No Clear Signal,0.0,1.43,0.0,0.0,-0.0,710.0,1014.6641791044776,1015.3,0.64
84847,FLORAL BATHROOM SET,3.467037037037037,2296,971.76,26,3.07,3.73,3.78,3.53,-1.8, Competitive — Monitor,-1.0,,,MONITOR — No Clear Signal,0.0,3.47,0.0,0.0,-0.0,2296.0,7960.317037037037,7967.120000000001,6.8
20784,RED RETRO BAR STOOL,38.95,26,970.7,8,34.03,41.52,43.09,39.55,-1.5, Competitive — Monitor,-1.0,,,MONITOR — No Clear Signal,0.0,38.95,0.0,0.0,-0.0,26.0,1012.7,1012.7,0.0
85036B,CHOCOLATE 1 WICK MORRIS BOX CANDLE,4.180526315789474,242,969.98,38,3.88,4.14,4.7,4.24,-1.4, Competitive — Monitor,-1.0,,,MONITOR — No Clear Signal,0.0,4.18,-0.0,0.0,-0.0,242.0,1011.6873684210527,1011.56,-0.13
21251,DINOSAUR HEIGHT CHART STICKER SET,2.92514705882353,382,969.7,67,2.57,2.71,3.22,2.83,3.4, Competitive — Monitor,-1.0,,,MONITOR — No Clear Signal,0.0,2.93,0.0,0.0,-0.0,382.0,1117.4061764705884,1119.26,1.85
22362,GLASS JAR PEACOCK BATH SALTS,2.9421568627450982,330,968.7,98,2.74,2.88,3.2,2.94,0.1, Competitive — Monitor,-1.0,,,MONITOR — No Clear Signal,0.0,2.94,-0.0,0.0,-0.0,330.0,970.9117647058824,970.1999999999999,-0.71
84616,SILVER ROCCOCO CHANDELIER,21.1625,58,968.3,16,18.88,22.27,23.49,21.55,-1.8, Competitive — Monitor,-1.0,,,MONITOR — No Clear Signal,0.0,21.16,-0.0,0.0,-0.0,58.0,1227.4250000000002,1227.28,-0.15
21759,METAL WALL SHELF UNIT WITH HOOKS,45.47,27,968.08,11,41.68,46.94,47.87,45.5,-0.1, Competitive — Monitor,-1.0,,,MONITOR — No Clear Signal,0.0,45.47,0.0,0.0,-0.0,27.0,1227.69,1227.69,0.0
72815,3 WICK CHRISTMAS BRIAR CANDLE ,3.75,258,967.5,58,3.22,3.73,4.37,3.77,-0.5, Competitive — Monitor,-1.0,,,MONITOR — No Clear Signal,0.0,3.75,0.0,0.0,-0.0,258.0,967.5,967.5,0.0
85126,LARGE ROUND CUTGLASS CANDLESTICK,6.702941176470588,149,967.35,32,6.12,6.23,7.21,6.52,2.8, Competitive — Monitor,-1.0,,,MONITOR — No Clear Signal,0.0,6.7,-0.0,0.0,-0.0,149.0,998.7382352941177,998.3000000000001,-0.44
21925,UNION STRIPE CUSHION COVER ,1.243804347826087,791,965.95,90,1.11,1.23,1.31,1.22,2.0, Competitive — Monitor,-1.0,,,MONITOR — No Clear Signal,0.0,1.24,-0.0,0.0,-0.0,791.0,983.8492391304347,980.84,-3.01
84459B,YELLOW METAL CHICKEN HEART ,1.484,665,964.93,77,1.35,1.48,1.7,1.51,-1.7, Competitive — Monitor,-1.0,,,MONITOR — No Clear Signal,0.0,1.48,-0.0,0.0,-0.0,665.0,986.86,984.1999999999999,-2.66
21389,IVORY HANGING DECORATION  BIRD,0.8487128712871287,1138,964.18,100,0.74,0.91,0.99,0.88,-3.6, Competitive — Monitor,-1.0,,,MONITOR — No Clear Signal,0.0,0.85,0.0,0.0,-0.0,1138.0,965.8352475247525,967.3,1.46
21634,ASSORTED MINI MADRAS NOTEBOOK,1.25,770,962.5,26,1.15,1.28,1.47,1.3,-3.8, Competitive — Monitor,-1.0,,,MONITOR — No Clear Signal,0.0,1.25,0.0,0.0,-0.0,770.0,962.5,962.5,0.0
22026,BANQUET BIRTHDAY  CARD  ,0.4115337423312883,2344,960.72,163,0.39,0.4,0.46,0.42,-2.0, Competitive — Monitor,-1.0,,,MONITOR — No Clear Signal,0.0,0.41,-0.0,0.0,-0.0,2344.0,964.6350920245397,961.04,-3.6
22843,BISCUIT TIN VINTAGE GREEN,6.706363636363637,148,960.6,52,5.85,6.73,7.25,6.61,1.5, Competitive — Monitor,-1.0,,,MONITOR — No Clear Signal,0.0,6.71,0.0,0.0,-0.0,148.0,992.5418181818183,993.08,0.54
21448,12 DAISY PEGS IN WOOD BOX,1.65,582,960.2999999999998,117,1.42,1.54,1.91,1.62,1.9, Competitive — Monitor,-1.0,,,MONITOR — No Clear Signal,0.0,1.65,0.0,0.0,-0.0,582.0,960.3,960.3,0.0
22479,DAISY GARDEN MARKER,1.2481904761904763,769,959.35,101,1.06,1.34,1.44,1.28,-2.5, Competitive — Monitor,-1.0,,,MONITOR — No Clear Signal,0.0,1.25,0.0,0.0,-0.0,769.0,959.8584761904763,961.25,1.39
37479B,CUBIC MUG FLOCK BLUE ON BROWN,1.9722222222222223,1116,958.8,9,1.8,1.93,2.14,1.96,0.6, Competitive — Monitor,-3.944,Highly Elastic — Consider Discount,-5%,MONITOR — No Clear Signal,0.0,1.97,-0.0,0.0,-0.0,1116.0,2201.0,2198.52,-2.48
22545,MINI JIGSAW BUNNIES,0.4186516853932584,2293,958.74,86,0.38,0.42,0.5,0.43,-2.6, Competitive — Monitor,-1.0,,,MONITOR — No Clear Signal,0.0,0.42,0.0,0.0,-0.0,2293.0,959.9683146067416,963.06,3.09
72484,ROSES IN WHITE HEART CANDLE ,0.9703571428571429,1805,958.21,54,0.88,0.95,1.03,0.95,2.1, Competitive — Monitor,-1.0,,,MONITOR — No Clear Signal,0.0,0.97,-0.0,0.0,-0.0,1805.0,1751.494642857143,1750.85,-0.64
22908,PACK OF 20 NAPKINS RED APPLES,0.8400943396226415,1245,957.4499999999999,102,0.73,0.86,1.01,0.87,-3.4, Competitive — Monitor,-1.0,,,MONITOR — No Clear Signal,0.0,0.84,-0.0,0.0,-0.0,1245.0,1045.9174528301887,1045.8,-0.12
21557,SET OF 6 FUNKY BEAKERS,2.936363636363637,326,954.5000000000001,85,2.61,3.01,3.46,3.03,-3.1, Competitive — Monitor,-1.0,,,MONITOR — No Clear Signal,0.0,2.94,0.0,0.0,-0.0,326.0,957.2545454545457,958.4399999999999,1.19
21158,MOODY GIRL DOOR HANGER ,1.371984126984127,1104,954.0,118,1.25,1.42,1.58,1.42,-3.4, Competitive — Monitor,-1.0,,,MONITOR — No Clear Signal,0.0,1.37,-0.0,0.0,-0.0,1104.0,1514.6704761904764,1512.48,-2.19
21446,12 RED ROSE PEG PLACE SETTINGS,1.2433913043478262,770,953.38,110,1.12,1.2,1.48,1.27,-2.1, Competitive — Monitor,-1.0,,,MONITOR — No Clear Signal,0.0,1.24,-0.0,0.0,-0.0,770.0,957.4113043478262,954.8,-2.61
21205,MULTICOLOUR 3D BALLS GARLAND,2.5309859154929577,399,952.65,63,2.4,2.46,2.93,2.6,-2.7, Competitive — Monitor,-1.0,,,MONITOR — No Clear Signal,0.0,2.53,-0.0,0.0,-0.0,399.0,1009.8633802816901,1009.4699999999999,-0.39
21576,LETS GO SHOPPING COTTON TOTE BAG,2.2254901960784315,434,952.5,100,1.92,2.09,2.4,2.14,4.0, Competitive — Monitor,-1.0,,,MONITOR — No Clear Signal,0.0,2.23,0.0,0.0,-0.0,434.0,965.8627450980392,967.8199999999999,1.96
85106,CUT GLASS HEXAGON T-LIGHT HOLDER,2.3779999999999997,500,951.34,36,2.19,2.44,2.65,2.43,-2.1, Competitive — Monitor,-1.0,,,MONITOR — No Clear Signal,0.0,2.38,0.0,0.0,-0.0,500.0,1188.9999999999998,1190.0,1.0
22902,TOTE BAG I LOVE LONDON,2.0798360655737707,477,950.86,55,1.85,1.93,2.21,2.0,4.0, Competitive — Monitor,-1.0,,,MONITOR — No Clear Signal,0.0,2.08,0.0,0.0,-0.0,477.0,992.0818032786887,992.1600000000001,0.08
84664,CHERRY BLOSSOM BATHROOM CABINET,4.95,192,950.4000000000001,50,4.42,5.03,5.49,4.98,-0.6, Competitive — Monitor,-1.0,,,MONITOR — No Clear Signal,0.0,4.95,0.0,0.0,-0.0,192.0,950.4000000000001,950.4000000000001,0.0
72753B,S/3 FLWR FAIRY LAVENDER CANDLES,3.0,444,949.95,13,2.77,3.18,3.48,3.14,-4.5, Competitive — Monitor,-1.0,,,MONITOR — No Clear Signal,0.0,3.0,0.0,0.0,-0.0,444.0,1332.0,1332.0,0.0
84795B,SUNSET CHECK HAMMOCK,7.883333333333334,124,949.8000000000001,45,7.25,8.38,8.73,8.12,-2.9, Competitive — Monitor,-1.0,,,MONITOR — No Clear Signal,0.0,7.88,-0.0,0.0,-0.0,124.0,977.5333333333334,977.12,-0.41
22074,6 RIBBONS SHIMMERING PINKS ,1.5695402298850574,749,947.8499999999999,81,1.49,1.56,1.73,1.59,-1.3, Competitive — Monitor,-1.0,,,MONITOR — No Clear Signal,0.0,1.57,0.0,0.0,-0.0,749.0,1175.585632183908,1175.93,0.34
20766,GARDEN PATH SKETCHBOOK,3.5660493827160495,368,946.4,80,3.08,3.54,4.06,3.56,0.2, Competitive — Monitor,-1.0,,,MONITOR — No Clear Signal,0.0,3.57,0.0,0.0,-0.0,368.0,1312.3061728395062,1313.76,1.45
22777,GLASS CLOCHE LARGE,8.439285714285713,116,945.2,40,7.26,7.87,9.97,8.37,0.8, Competitive — Monitor,-1.0,,,MONITOR — No Clear Signal,0.0,8.44,0.0,0.0,-0.0,116.0,978.9571428571427,979.04,0.08
72814,SET/3 CHRISTMAS BRIAR CANDLES,3.7346153846153842,262,944.1,49,3.44,3.84,3.95,3.74,-0.1, Competitive — Monitor,-1.0,,,MONITOR — No Clear Signal,0.0,3.73,-0.0,0.0,-0.0,262.0,978.4692307692306,977.26,-1.21
22546,MINI JIGSAW FIDO,0.4192405063291139,2247,940.86,76,0.38,0.44,0.46,0.43,-2.5, Competitive — Monitor,-1.0,,,MONITOR — No Clear Signal,0.0,0.42,0.0,0.0,-0.0,2247.0,942.033417721519,943.74,1.71
21690,SILVER  CANDLEPOT JARDIN ,3.7405882352941173,251,940.45,72,3.28,3.59,4.02,3.63,3.0, Competitive — Monitor,-1.0,,,MONITOR — No Clear Signal,0.0,3.74,-0.0,0.0,-0.0,251.0,938.8876470588234,938.74,-0.15
37492B,BLUE YELLOW FLOWER PIGGY BANK,3.5337209302325587,488,937.1999999999999,43,3.03,3.49,4.08,3.53,0.1, Competitive — Monitor,-7.862,Highly Elastic — Consider Discount,-5%,MONITOR — No Clear Signal,0.0,3.53,-0.0,0.0,-0.0,488.0,1724.4558139534886,1722.6399999999999,-1.82
35958,FOLKART ZINC STAR CHRISTMAS DEC,0.85,1102,936.6999999999999,69,0.73,0.9,0.91,0.85,0.0, Competitive — Monitor,-1.0,,,MONITOR — No Clear Signal,0.0,0.85,0.0,0.0,-0.0,1102.0,936.6999999999999,936.6999999999999,0.0
85173,SET/6 FROG PRINCE T-LIGHT CANDLES,2.4603773584905655,520,934.8,53,2.31,2.61,2.83,2.58,-4.6, Competitive — Monitor,-1.0,,,MONITOR — No Clear Signal,0.0,2.46,-0.0,0.0,-0.0,520.0,1279.3962264150941,1279.2,-0.2
22565,FELTCRAFT HAIRBANDS PINK + WHITE ,0.8489599999999999,1120,933.28,119,0.74,0.81,0.93,0.83,2.3, Competitive — Monitor,-1.0,,,MONITOR — No Clear Signal,0.0,0.85,0.0,0.0,-0.0,1120.0,950.8352,952.0,1.16
22210,WOOD STAMP SET BEST WISHES,1.6456043956043955,577,932.8499999999999,88,1.45,1.66,1.78,1.63,1.0, Competitive — Monitor,-1.0,,,MONITOR — No Clear Signal,0.0,1.65,0.0,0.0,-0.0,577.0,949.5137362637362,952.05,2.54
21898,POTTING SHED ROSE CANDLE,2.9454022988505746,317,932.7500000000001,81,2.57,2.8,3.51,2.96,-0.5, Competitive — Monitor,-1.0,,,MONITOR — No Clear Signal,0.0,2.95,0.0,0.0,-0.0,317.0,933.6925287356321,935.1500000000001,1.46
21248,DOOR HANGER  MUM + DADS ROOM,1.3776470588235294,828,931.8,80,1.22,1.29,1.45,1.32,4.4, Competitive — Monitor,-1.0,,,MONITOR — No Clear Signal,0.0,1.38,0.0,0.0,-0.0,828.0,1140.6917647058824,1142.6399999999999,1.95
21426,WOODLAND STORAGE BOX SMALL,1.8541666666666667,750,929.4000000000001,35,1.59,1.98,2.07,1.88,-1.4, Competitive — Monitor,-1.0,,,MONITOR — No Clear Signal,0.0,1.85,-0.0,0.0,-0.0,750.0,1390.625,1387.5,-3.12
72800B,S/4 PURPLE DINNER CANDLE BLK FLOCK,2.229565217391304,837,927.87,43,2.01,2.34,2.35,2.23,-0.0, Competitive — Monitor,-1.0,,,MONITOR — No Clear Signal,0.0,2.23,0.0,0.0,-0.0,837.0,1866.1460869565215,1866.51,0.36
85008,SET OF 3 CONEY ISLAND OVAL BOXES,4.7558823529411764,251,925.6500000000001,83,4.07,4.95,5.34,4.79,-0.7, Competitive — Monitor,-8.582,Highly Elastic — Consider Discount,-5%,MONITOR — No Clear Signal,0.0,4.76,0.0,0.0,-0.0,251.0,1193.7264705882353,1194.76,1.03
20996,JAZZ HEARTS ADDRESS BOOK,0.40577777777777774,3080,924.9599999999999,88,0.38,0.38,0.46,0.41,-1.0, Competitive — Monitor,-1.0,,,MONITOR — No Clear Signal,0.0,0.41,0.0,0.0,-0.0,3080.0,1249.7955555555554,1262.8,13.0
21675,BUTTERFLIES STICKERS,0.85,1088,924.8,112,0.74,0.9,0.93,0.86,-1.2, Competitive — Monitor,-1.0,,,MONITOR — No Clear Signal,0.0,0.85,0.0,0.0,-0.0,1088.0,924.8,924.8,0.0
21867,PINK UNION JACK  LUGGAGE TAG,1.2474149659863947,743,924.19,133,1.13,1.24,1.33,1.23,1.4, Competitive — Monitor,-1.0,,,MONITOR — No Clear Signal,0.0,1.25,0.0,0.0,-0.0,743.0,926.8293197278913,928.75,1.92
22337,ANGEL DECORATION PAINTED ZINC ,0.6449152542372882,1554,923.7,57,0.6,0.63,0.71,0.65,-0.8, Competitive — Monitor,-1.0,,,MONITOR — No Clear Signal,0.0,0.64,-0.0,0.0,-0.0,1554.0,1002.1983050847459,994.5600000000001,-7.64
35809A,ENAMEL PINK TEA CONTAINER,1.8921428571428573,649,923.7,70,1.73,1.91,2.18,1.94,-2.5, Competitive — Monitor,-1.0,,,MONITOR — No Clear Signal,0.0,1.89,-0.0,0.0,-0.0,649.0,1228.0007142857144,1226.61,-1.39
22822,CREAM WALL PLANTER HEART SHAPED,5.88939393939394,171,921.45,31,5.32,5.5,6.88,5.9,-0.2, Competitive — Monitor,-1.0,,,MONITOR — No Clear Signal,0.0,5.89,0.0,0.0,-0.0,171.0,1007.0863636363637,1007.1899999999999,0.1
21628,TRIANGULAR POUFFE VINTAGE ,14.861999999999998,65,918.9499999999999,25,13.11,15.47,16.79,15.12,-1.7, Competitive — Monitor,-1.0,,,MONITOR — No Clear Signal,0.0,14.86,-0.0,0.0,-0.0,65.0,966.0299999999999,965.9,-0.13
21702,SET 5 MINI GATEAUX  FRIDGE MAGNETS,1.3425,2636,918.6800000000001,8,1.19,1.36,1.53,1.36,-1.3, Competitive — Monitor,-1.0,,,MONITOR — No Clear Signal,0.0,1.34,-0.0,0.0,-0.0,2636.0,3538.83,3532.2400000000002,-6.59
22051,BLUE SCANDINAVIAN PAISLEY WRAP,0.418974358974359,2225,918.5,78,0.38,0.4,0.45,0.41,2.2, Competitive — Monitor,-1.0,,,MONITOR — No Clear Signal,0.0,0.42,0.0,0.0,-0.0,2225.0,932.2179487179487,934.5,2.28
21691,SILVER VANILLA FLOWER CANDLE POT,3.7453846153846153,245,917.31,66,3.56,3.56,4.09,3.74,0.1, Competitive — Monitor,-1.0,,,MONITOR — No Clear Signal,0.0,3.75,0.0,0.0,-0.0,245.0,917.6192307692307,918.75,1.13
22308,TEA COSY BLUE STRIPE,2.5427419354838707,370,916.5,62,2.33,2.41,2.73,2.49,2.1, Competitive — Monitor,-1.0,,,MONITOR — No Clear Signal,0.0,2.54,-0.0,0.0,-0.0,370.0,940.8145161290322,939.8000000000001,-1.01
21695,SMALL SILVER FLOWER CANDLE POT,2.9127906976744184,313,913.7500000000001,42,2.64,2.71,3.17,2.84,2.6, Competitive — Monitor,-1.0,,,MONITOR — No Clear Signal,0.0,2.91,-0.0,0.0,-0.0,313.0,911.7034883720929,910.83,-0.87
22307,GOLD MUG BONE CHINA TREE OF LIFE,2.101111111111111,484,911.0,44,1.94,2.13,2.28,2.12,-0.9, Competitive — Monitor,-1.0,,,MONITOR — No Clear Signal,0.0,2.1,-0.0,0.0,-0.0,484.0,1016.9377777777777,1016.4000000000001,-0.54
22926,IVORY GIANT GARDEN THERMOMETER,5.926744186046512,159,910.0500000000001,41,5.31,6.25,6.68,6.08,-2.5, Competitive — Monitor,-1.0,,,MONITOR — No Clear Signal,0.0,5.93,0.0,0.0,-0.0,159.0,942.3523255813953,942.87,0.52
22823,CHEST NATURAL WOOD 20 DRAWERS,116.0,8,910.0,5,99.3,107.04,131.59,112.64,3.0, Competitive — Monitor,-1.0,,,MONITOR — No Clear Signal,0.0,116.0,0.0,0.0,-0.0,8.0,928.0,928.0,0.0
85034B,3 WHITE CHOC MORRIS BOXED CANDLES,4.096956521739131,233,909.29,23,3.71,3.8,4.88,4.13,-0.8, Competitive — Monitor,-1.0,,,MONITOR — No Clear Signal,0.0,4.1,0.0,0.0,-0.0,233.0,954.5908695652174,955.3,0.71
85035C,ROSE 3 WICK MORRIS BOX CANDLE,4.230298507462686,219,907.87,65,4.0,4.28,4.57,4.28,-1.2, Competitive — Monitor,-1.0,,,MONITOR — No Clear Signal,0.0,4.23,-0.0,0.0,-0.0,219.0,926.4353731343283,926.3700000000001,-0.07
72045D,ROSES ON BLUE TEACUP CANDLE ,1.6900000000000002,536,905.84,3,1.47,1.78,1.94,1.73,-2.3, Competitive — Monitor,-1.0,,,MONITOR — No Clear Signal,0.0,1.69,-0.0,0.0,-0.0,536.0,905.8400000000001,905.8399999999999,-0.0
85189,HANGING BUTTERFLY  EGG,0.8453571428571428,1112,904.64,55,0.78,0.82,0.99,0.86,-1.7, Competitive — Monitor,-1.0,,,MONITOR — No Clear Signal,0.0,0.85,0.0,0.0,-0.0,1112.0,940.0371428571428,945.1999999999999,5.16
22719,"GUMBALL COATHOOK., BLACK & WHITE ",1.219125,790,903.1400000000001,78,1.06,1.19,1.38,1.21,0.8, Competitive — Monitor,-1.0,,,MONITOR — No Clear Signal,0.0,1.22,0.0,0.0,-0.0,790.0,963.10875,963.8,0.69
84750B,BLACK SMALL GLASS CAKE STAND,1.9011627906976745,503,901.65,43,1.72,1.93,2.07,1.91,-0.5, Competitive — Monitor,-1.0,,,MONITOR — No Clear Signal,0.0,1.9,-0.0,0.0,-0.0,503.0,956.2848837209302,955.6999999999999,-0.58
85018D,YULETIDE IMAGES S/6 PAPER BOXES,2.0145161290322577,762,901.5,60,1.73,1.94,2.19,1.95,3.3, Competitive — Monitor,-1.0,,,MONITOR — No Clear Signal,0.0,2.01,-0.0,0.0,-0.0,762.0,1535.0612903225804,1531.62,-3.44
20671,BLUE TEATIME PRINT BOWL ,1.2482242990654207,732,901.32,106,1.12,1.15,1.32,1.2,4.0, Competitive — Monitor,-1.0,,,MONITOR — No Clear Signal,0.0,1.25,0.0,0.0,-0.0,732.0,913.7001869158879,915.0,1.3
84405A,S/3 PINK COL METAL BASKET W HANDLE,11.016666666666667,122,900.3000000000001,45,10.2,11.43,12.07,11.23,-1.9, Competitive — Monitor,-1.0,,,MONITOR — No Clear Signal,0.0,11.02,0.0,0.0,-0.0,122.0,1344.0333333333335,1344.44,0.41
21828,EIGHT PIECE SNAKE  SET,1.2432142857142858,753,900.21,80,1.1,1.27,1.44,1.27,-2.1, Competitive — Monitor,-1.0,,,MONITOR — No Clear Signal,0.0,1.24,-0.0,0.0,-0.0,753.0,936.1403571428573,933.72,-2.42
22955,36 FOIL STAR CAKE CASES ,2.0923076923076924,440,897.0000000000001,57,1.92,2.12,2.21,2.08,0.6, Competitive — Monitor,-1.0,,,MONITOR — No Clear Signal,0.0,2.09,-0.0,0.0,-0.0,440.0,920.6153846153846,919.5999999999999,-1.02
84760L,LARGE HANGING GLASS+ZINC LANTERN,1.6,560,896.0,1,1.49,1.66,1.73,1.63,-1.8, Competitive — Monitor,-1.0,,,MONITOR — No Clear Signal,0.0,1.6,0.0,0.0,-0.0,560.0,896.0,896.0,0.0
85197,SET OF 12 MINI BUNNIES IN A BUCKET,2.0477966101694918,1638,894.36,55,1.93,2.11,2.37,2.14,-4.3, Competitive — Monitor,-1.0,,,MONITOR — No Clear Signal,0.0,2.05,0.0,0.0,-0.0,1638.0,3354.2908474576275,3357.8999999999996,3.61
20771,CHRYSANTHEMUM  JOURNAL,2.4045454545454543,502,894.0,87,2.1,2.29,2.81,2.4,0.2, Competitive — Monitor,-1.0,,,MONITOR — No Clear Signal,0.0,2.4,-0.0,0.0,-0.0,502.0,1207.081818181818,1204.8,-2.28
22438,BALLOON ART MAKE YOUR OWN FLOWERS,1.946,466,893.7,68,1.73,1.9,2.18,1.94,0.3, Competitive — Monitor,-1.0,,,MONITOR — No Clear Signal,0.0,1.95,0.0,0.0,-0.0,466.0,906.836,908.6999999999999,1.86
17109B,FLOWER FAIRY INCENSE LAVENDER,1.184375,4541,892.91,16,1.02,1.11,1.37,1.17,1.2, Competitive — Monitor,-1.0,,,MONITOR — No Clear Signal,0.0,1.18,-0.0,0.0,-0.0,4541.0,5378.246875,5358.38,-19.87
22254,FELT TOADSTOOL LARGE,1.25,713,891.25,72,1.19,1.18,1.39,1.25,0.0, Competitive — Monitor,-1.0,,,MONITOR — No Clear Signal,0.0,1.25,0.0,0.0,-0.0,713.0,891.25,891.25,0.0
21689,SILVER VANILLA  FLOWER CANDLE POT,3.7199999999999998,247,888.81,33,3.51,3.82,4.0,3.78,-1.6, Competitive — Monitor,-1.0,,,MONITOR — No Clear Signal,0.0,3.72,0.0,0.0,-0.0,247.0,918.8399999999999,918.84,0.0
85160B,BLACK BIRD GARDEN DESIGN MUG,1.1006666666666665,6044,888.76,15,0.99,1.16,1.22,1.12,-1.7, Competitive — Monitor,-1.0,,,MONITOR — No Clear Signal,0.0,1.1,-0.0,0.0,-0.0,6044.0,6652.429333333332,6648.400000000001,-4.03
20893,HANGING BAUBLE T-LIGHT HOLDER SMALL,2.5075471698113208,395,888.45,45,2.34,2.69,2.85,2.63,-4.7, Competitive — Monitor,-1.0,,,MONITOR — No Clear Signal,0.0,2.51,0.0,0.0,-0.0,395.0,990.4811320754717,991.4499999999999,0.97
85059,FRENCH ENAMEL WATER BASIN,3.7253846153846153,247,887.85,64,3.36,3.8,4.44,3.87,-3.7, Competitive — Monitor,-1.0,,,MONITOR — No Clear Signal,0.0,3.73,0.0,0.0,-0.0,247.0,920.17,921.31,1.14
22803,IVORY EMBROIDERED QUILT ,37.550000000000004,24,887.4,14,34.26,35.65,39.81,36.57,2.7, Competitive — Monitor,-1.0,,,MONITOR — No Clear Signal,0.0,37.55,-0.0,0.0,-0.0,24.0,901.2,901.1999999999999,-0.0
35637A,IVORY STRING CURTAIN WITH POLE ,5.188095238095238,375,887.25,21,4.46,4.86,5.84,5.05,2.7, Competitive — Monitor,-1.0,,,MONITOR — No Clear Signal,0.0,5.19,0.0,0.0,-0.0,375.0,1945.5357142857144,1946.2500000000002,0.71
21358,TOAST ITS - HAPPY BIRTHDAY,1.2441176470588236,715,886.55,102,1.15,1.31,1.37,1.28,-2.8, Competitive — Monitor,-1.0,,,MONITOR — No Clear Signal,0.0,1.24,-0.0,0.0,-0.0,715.0,889.5441176470588,886.6,-2.94
85114C,RED ENCHANTED FOREST PLACEMAT,1.6473684210526314,544,885.5999999999999,73,1.42,1.67,1.86,1.65,-0.2, Competitive — Monitor,-1.0,,,MONITOR — No Clear Signal,0.0,1.65,0.0,0.0,-0.0,544.0,896.1684210526315,897.5999999999999,1.43
22324,BLUE POLKADOT KIDS BAG,2.155128205128205,327,881.85,39,2.01,2.2,2.27,2.16,-0.2, Competitive — Monitor,-1.0,,,MONITOR — No Clear Signal,0.0,2.16,0.0,0.0,-0.0,327.0,704.7269230769231,706.32,1.59
84688,BEACH HUT DESIGN BLACKBOARD,3.85,354,880.5,39,3.57,4.02,4.22,3.94,-2.3, Competitive — Monitor,-1.0,,,MONITOR — No Clear Signal,0.0,3.85,0.0,0.0,-0.0,354.0,1362.9,1362.9,0.0
72799A,BLACK PILLAR CANDLE SILVER FLOCK,2.4555555555555557,612,877.8000000000001,18,2.26,2.54,2.88,2.56,-4.1, Competitive — Monitor,-1.0,,,MONITOR — No Clear Signal,0.0,2.46,0.0,0.0,-0.0,612.0,1502.8000000000002,1505.52,2.72
35241,ENAMEL BLUE RIM BISCUIT BIN,4.918181818181819,184,877.2,66,4.2,5.18,5.57,4.98,-1.2, Competitive — Monitor,-1.0,,,MONITOR — No Clear Signal,0.0,4.92,0.0,0.0,-0.0,184.0,904.9454545454547,905.28,0.33
20778,GARDEN PATH NOTEBOOK ,1.6302631578947366,3585,875.25,74,1.44,1.51,1.82,1.59,2.5, Competitive — Monitor,-1.0,,,MONITOR — No Clear Signal,0.0,1.63,-0.0,0.0,-0.0,3585.0,5844.493421052631,5843.549999999999,-0.94
21285,RETRO SPOT CANDLE  MEDIUM,1.7550000000000001,624,874.8000000000001,40,1.54,1.82,1.92,1.76,-0.3, Competitive — Monitor,-1.0,,,MONITOR — No Clear Signal,0.0,1.76,0.0,0.0,-0.0,624.0,1095.1200000000001,1098.24,3.12
21805,WHITE CHRISTMAS TREE DECORATION ,0.41857142857142854,2124,874.8,82,0.37,0.44,0.46,0.42,-0.3, Competitive — Monitor,-1.0,,,MONITOR — No Clear Signal,0.0,0.42,0.0,0.0,-0.0,2124.0,889.0457142857142,892.0799999999999,3.03
84791,GINGHAM HEART DECORATION,2.9448051948051948,299,872.45,75,2.53,2.84,3.26,2.88,2.3, Competitive — Monitor,-1.0,,,MONITOR — No Clear Signal,0.0,2.94,-0.0,0.0,-0.0,299.0,880.4967532467532,879.06,-1.44
22338,STAR DECORATION PAINTED ZINC ,0.6485507246376812,1386,872.1,68,0.61,0.66,0.76,0.68,-4.6, Competitive — Monitor,-1.0,,,MONITOR — No Clear Signal,0.0,0.65,0.0,0.0,-0.0,1386.0,898.8913043478261,900.9,2.01
84789,ENCHANTED BIRD PLANT CAGE,3.692857142857143,253,871.95,69,3.34,3.58,4.41,3.78,-2.3, Competitive — Monitor,-1.0,,,MONITOR — No Clear Signal,0.0,3.69,-0.0,0.0,-0.0,253.0,934.2928571428572,933.5699999999999,-0.72
47504E,ENGLISH ROSE SCISSORS,1.2202702702702701,4372,871.4,37,1.07,1.31,1.36,1.25,-2.4, Competitive — Monitor,-1.0,,,MONITOR — No Clear Signal,0.0,1.22,-0.0,0.0,-0.0,4372.0,5335.021621621621,5333.84,-1.18
20777,CHRYSANTHEMUM NOTEBOOK,1.6258064516129032,3437,871.05,61,1.45,1.5,1.8,1.58,2.9, Competitive — Monitor,-1.0,,,MONITOR — No Clear Signal,0.0,1.63,0.0,0.0,-0.0,3437.0,5587.8967741935485,5602.3099999999995,14.41
37330,SPOTS MUG,1.85,498,870.2999999999998,21,1.66,1.87,2.18,1.9,-2.6, Competitive — Monitor,-1.0,,,MONITOR — No Clear Signal,0.0,1.85,0.0,0.0,-0.0,498.0,921.3000000000001,921.3000000000001,0.0
82567,"AIRLINE LOUNGE,METAL SIGN",2.1,414,869.4000000000001,144,1.91,1.99,2.34,2.08,1.0, Competitive — Monitor,-1.0,,,MONITOR — No Clear Signal,0.0,2.1,0.0,0.0,-0.0,414.0,869.4000000000001,869.4000000000001,0.0
85054,FRENCH ENAMEL POT W LID,2.944871794871795,298,868.3000000000001,73,2.66,3.04,3.34,3.01,-2.2, Competitive — Monitor,-1.0,,,MONITOR — No Clear Signal,0.0,2.94,-0.0,0.0,-0.0,298.0,877.571794871795,876.12,-1.45
17033,"BROCADE PURSE,SMALL ARCH BUTTON",0.2852941176470588,3279,867.55,68,0.27,0.27,0.31,0.28,1.9, Competitive — Monitor,-1.0,,,MONITOR — No Clear Signal,0.0,0.29,0.0,0.0,-0.0,3279.0,935.4794117647058,950.91,15.43
21294,ETCHED GLASS COASTER,1.25,694,867.5,60,1.12,1.2,1.45,1.26,-0.8, Competitive — Monitor,-1.0,,,MONITOR — No Clear Signal,0.0,1.25,0.0,0.0,-0.0,694.0,867.5,867.5,0.0
22706,WRAP COWBOYS  ,0.41571428571428565,2215,866.3,56,0.39,0.42,0.47,0.43,-3.3, Competitive — Monitor,-1.0,,,MONITOR — No Clear Signal,0.0,0.42,0.0,0.0,-0.0,2215.0,920.8071428571427,930.3,9.49
22050,PINK PAISLEY ROSE GIFT WRAP,0.4189473684210526,2100,866.0,76,0.39,0.45,0.49,0.44,-4.8, Competitive — Monitor,-1.0,,,MONITOR — No Clear Signal,0.0,0.42,0.0,0.0,-0.0,2100.0,879.7894736842105,882.0,2.21
22599,CHRISTMAS MUSICAL ZINC STAR,0.8378125,1088,859.28,63,0.73,0.8,0.98,0.84,-0.3, Competitive — Monitor,-1.0,,,MONITOR — No Clear Signal,0.0,0.84,0.0,0.0,-0.0,1088.0,911.54,913.92,2.38
21849,SILVER DIAMANTE PEN IN GIFT BOX,3.9402439024390246,428,858.6,40,3.72,3.72,4.26,3.9,1.0, Competitive — Monitor,-1.0,,,MONITOR — No Clear Signal,0.0,3.94,-0.0,0.0,-0.0,428.0,1686.4243902439025,1686.32,-0.1
35004G,SET OF 3 GOLD FLYING DUCKS,5.223478260869565,225,855.31,45,4.5,5.44,6.05,5.33,-2.0, Competitive — Monitor,-7.321,Highly Elastic — Consider Discount,-5%,MONITOR — No Clear Signal,0.0,5.22,-0.0,0.0,-0.0,225.0,1175.2826086956522,1174.5,-0.78
21316,SMALL CHUNKY GLASS ROMAN  BOWL,2.178,521,854.55,25,2.03,2.18,2.55,2.25,-3.2, Competitive — Monitor,-1.0,,,MONITOR — No Clear Signal,0.0,2.18,0.0,0.0,-0.0,521.0,1134.738,1135.78,1.04
22897,OVEN MITT APPLE DESIGN,1.4449367088607594,603,854.35,79,1.28,1.54,1.59,1.47,-1.7, Competitive — Monitor,-1.0,,,MONITOR — No Clear Signal,0.0,1.44,-0.0,0.0,-0.0,603.0,871.2968354430379,868.3199999999999,-2.98
85177,BASKET OF FLOWERS SEWING KIT,0.85,1003,852.55,71,0.8,0.8,0.91,0.84,1.2, Competitive — Monitor,-1.0,,,MONITOR — No Clear Signal,0.0,0.85,0.0,0.0,-0.0,1003.0,852.55,852.55,0.0
22288,"DECORATION , HANGING METAL RABBIT",1.239,814,852.5,47,1.16,1.27,1.3,1.24,-0.1, Competitive — Monitor,-1.0,,,MONITOR — No Clear Signal,0.0,1.24,0.0,0.0,-0.0,814.0,1008.546,1009.36,0.81
84796B,BLUE SAVANNAH PICNIC HAMPER FOR 2,7.9366666666666665,161,851.95,15,7.39,7.6,8.87,7.95,-0.2, Competitive — Monitor,-1.0,,,MONITOR — No Clear Signal,0.0,7.94,0.0,0.0,-0.0,161.0,1277.8033333333333,1278.3400000000001,0.54
21007,ETCHED GLASS DROPLET DECORATION,0.7641025641025642,1905,851.23,39,0.71,0.72,0.84,0.76,0.5, Competitive — Monitor,-1.0,,,MONITOR — No Clear Signal,0.0,0.76,-0.0,0.0,-0.0,1905.0,1455.6153846153848,1447.8,-7.82
85226A,WHITE/BLUE PULL BACK RACING CAR,0.5489430894308944,1661,851.1500000000001,114,0.48,0.57,0.62,0.56,-2.0, Competitive — Monitor,-1.0,,,MONITOR — No Clear Signal,0.0,0.55,0.0,0.0,-0.0,1661.0,911.7944715447156,913.5500000000001,1.76
20991,JAZZ HEARTS MAGNETIC MEMO PAD,0.609375,7058,850.9000000000001,16,0.52,0.62,0.66,0.6,1.6, Competitive — Monitor,-1.0,,,MONITOR — No Clear Signal,0.0,0.61,0.0,0.0,-0.0,7058.0,4300.96875,4305.38,4.41
21303,FILIGREE WALL MIRROR  ANTIQUE WHITE,12.55,92,848.8,26,11.17,13.06,14.8,13.01,-3.5, Competitive — Monitor,-1.0,,,MONITOR — No Clear Signal,0.0,12.55,0.0,0.0,-0.0,92.0,1154.6000000000001,1154.6000000000001,0.0
21338,MARAKESH LANTERN SMALL ,5.7875000000000005,196,848.35,11,5.02,5.61,6.3,5.64,2.6, Competitive — Monitor,-1.0,,,MONITOR — No Clear Signal,0.0,5.79,0.0,0.0,-0.0,196.0,1134.3500000000001,1134.84,0.49
22068, BLACK PIRATE TREASURE CHEST,1.6443396226415092,518,847.4999999999999,100,1.51,1.63,1.78,1.64,0.3, Competitive — Monitor,-1.0,,,MONITOR — No Clear Signal,0.0,1.64,-0.0,0.0,-0.0,518.0,851.7679245283018,849.52,-2.25
84678,CLASSICAL ROSE SMALL VASE,2.3581967213114754,460,845.4,56,2.09,2.32,2.65,2.35,0.3, Competitive — Monitor,-6.303,Highly Elastic — Consider Discount,-5%,MONITOR — No Clear Signal,0.0,2.36,0.0,0.0,-0.0,460.0,1084.7704918032787,1085.6,0.83
21127,COLOURFUL FISHING GNOME,5.803846153846154,285,844.5500000000001,36,5.5,6.25,6.53,6.09,-4.7, Competitive — Monitor,-1.0,,,MONITOR — No Clear Signal,0.0,5.8,-0.0,0.0,-0.0,285.0,1654.0961538461538,1653.0,-1.1
21814,HEART T-LIGHT HOLDER ,1.4470149253731344,584,844.4,61,1.32,1.4,1.57,1.43,1.2, Competitive — Monitor,-1.0,,,MONITOR — No Clear Signal,0.0,1.45,0.0,0.0,-0.0,584.0,845.0567164179105,846.8,1.74
85071A,BLUE CHARLIE+LOLA PERSONAL DOORSIGN,2.4516666666666667,870,844.26,35,2.29,2.37,2.67,2.44,0.5, Competitive — Monitor,-4.562,Highly Elastic — Consider Discount,-5%,MONITOR — No Clear Signal,0.0,2.45,-0.0,0.0,-0.0,870.0,2132.95,2131.5,-1.45
20846,ZINC HEART LATTICE T-LIGHT HOLDER,1.25,675,843.75,65,1.08,1.22,1.34,1.21,3.3, Competitive — Monitor,-1.0,,,MONITOR — No Clear Signal,0.0,1.25,0.0,0.0,-0.0,675.0,843.75,843.75,0.0
85124A,PINK JUICY FRUIT PHOTO FRAME,2.5307142857142852,339,843.75,70,2.37,2.56,2.93,2.62,-3.4, Competitive — Monitor,-1.0,,,MONITOR — No Clear Signal,0.0,2.53,-0.0,0.0,-0.0,339.0,857.9121428571427,857.67,-0.24
21145,ANTIQUE GLASS PLACE SETTING,1.2377419354838708,717,841.53,31,1.17,1.19,1.44,1.27,-2.5, Competitive — Monitor,-1.0,,,MONITOR — No Clear Signal,0.0,1.24,0.0,0.0,-0.0,717.0,887.4609677419354,889.08,1.62
84782A,PINK 3 TIER GLASS PLATE STAND,9.903846153846153,119,840.45,26,8.9,10.56,11.09,10.18,-2.7, Competitive — Monitor,-1.0,,,MONITOR — No Clear Signal,0.0,9.9,-0.0,0.0,-0.0,119.0,1178.5576923076922,1178.1000000000001,-0.46
21836,GINGHAM OVEN GLOVE RED HEART ,3.75,224,840.0,79,3.41,3.61,4.34,3.79,-1.1, Competitive — Monitor,-1.0,,,MONITOR — No Clear Signal,0.0,3.75,0.0,0.0,-0.0,224.0,840.0,840.0,0.0
22040,BOTANICAL ROSE GIFT WRAP,0.4151515151515151,2090,839.8,66,0.38,0.44,0.48,0.43,-3.5, Competitive — Monitor,-1.0,,,MONITOR — No Clear Signal,0.0,0.42,0.0,0.0,-0.0,2090.0,867.6666666666665,877.8,10.13
21292,SMALL STRIPES CHOCOLATE GIFT BAG ,0.683448275862069,1600,839.68,58,0.59,0.64,0.73,0.65,5.1, Competitive — Monitor,-1.0,,,MONITOR — No Clear Signal,0.0,0.68,-0.0,0.0,-0.0,1600.0,1093.5172413793105,1088.0,-5.52
22716,CARD CIRCUS PARADE,0.4182222222222222,2040,839.52,135,0.38,0.43,0.5,0.44,-4.9, Competitive — Monitor,-1.0,,,MONITOR — No Clear Signal,0.0,0.42,0.0,0.0,-0.0,2040.0,853.1733333333333,856.8,3.63
21299,EDWARDIAN TOILET ROLL UNIT ,8.501724137931035,161,838.35,29,7.57,9.06,9.97,8.87,-4.2, Competitive — Monitor,-1.0,,,MONITOR — No Clear Signal,0.0,8.5,-0.0,0.0,-0.0,161.0,1368.7775862068966,1368.5,-0.28
22143,CHRISTMAS CRAFT HEART DECORATIONS,2.091071428571429,422,838.2,53,1.81,1.98,2.26,2.02,3.5, Competitive — Monitor,-1.0,,,MONITOR — No Clear Signal,0.0,2.09,-0.0,0.0,-0.0,422.0,882.432142857143,881.9799999999999,-0.45
46000P,POLYESTER FILLER PAD 65CMx65CM,4.25,197,837.25,44,3.77,4.57,4.58,4.31,-1.4, Competitive — Monitor,-1.0,,,MONITOR — No Clear Signal,0.0,4.25,0.0,0.0,-0.0,197.0,837.25,837.25,0.0
20878,SET/9 CHRISTMAS T-LIGHTS SCENTED ,1.2419718309859156,691,836.39,67,1.06,1.23,1.33,1.21,2.6, Competitive — Monitor,-1.0,,,MONITOR — No Clear Signal,0.0,1.24,-0.0,0.0,-0.0,691.0,858.2025352112677,856.84,-1.36
84658,WHITE STITCHED CUSHION COVER,6.468181818181819,166,835.7,42,5.51,6.93,6.93,6.46,0.1, Competitive — Monitor,-1.0,,,MONITOR — No Clear Signal,0.0,6.47,0.0,0.0,-0.0,166.0,1073.7181818181818,1074.02,0.3
21780,MA CAMPAGNE 4 DRAWER WALL SHELF,8.411764705882353,125,835.55,17,7.26,8.65,9.78,8.56,-1.7, Competitive — Monitor,-1.0,,,MONITOR — No Clear Signal,0.0,8.41,-0.0,0.0,-0.0,125.0,1051.4705882352941,1051.25,-0.22
20798,CLEAR MILKSHAKE GLASS,2.067073170731707,427,831.9,38,1.96,2.0,2.32,2.09,-1.1, Competitive — Monitor,-1.0,,,MONITOR — No Clear Signal,0.0,2.07,0.0,0.0,-0.0,427.0,882.640243902439,883.89,1.25
16016,LARGE CHINESE STYLE SCISSOR,0.8322727272727272,1058,831.7,44,0.75,0.79,0.97,0.84,-0.9, Competitive — Monitor,-1.0,,,MONITOR — No Clear Signal,0.0,0.83,-0.0,0.0,-0.0,1058.0,880.5445454545453,878.14,-2.4
22025,RING OF ROSES BIRTHDAY CARD,0.41491525423728814,2077,831.3,117,0.39,0.4,0.48,0.42,-1.2, Competitive — Monitor,-1.0,,,MONITOR — No Clear Signal,0.0,0.41,-0.0,0.0,-0.0,2077.0,861.7789830508475,851.5699999999999,-10.21
20786,BLACK RETRO BAR STOOL,39.50555555555556,22,830.9000000000001,9,35.29,36.93,45.06,39.09,1.1, Competitive — Monitor,-1.0,,,MONITOR — No Clear Signal,0.0,39.51,0.0,0.0,-0.0,22.0,869.1222222222223,869.2199999999999,0.1
72529W,WHITE ADVENT CANDLE,2.086923076923077,443,829.08,39,1.84,1.97,2.41,2.07,0.8, Competitive — Monitor,-1.0,,,MONITOR — No Clear Signal,0.0,2.09,0.0,0.0,-0.0,443.0,924.506923076923,925.8699999999999,1.36
22211,WOOD STAMP SET FLOWERS,1.6451219512195123,505,828.4499999999999,78,1.48,1.54,1.73,1.58,4.1, Competitive — Monitor,-1.0,,,MONITOR — No Clear Signal,0.0,1.65,0.0,0.0,-0.0,505.0,830.7865853658537,833.25,2.46
21059,PARTY INVITES DINOSAURS,0.8458064516129032,1002,828.3,123,0.76,0.84,0.93,0.84,0.7, Competitive — Monitor,-1.0,,,MONITOR — No Clear Signal,0.0,0.85,0.0,0.0,-0.0,1002.0,847.498064516129,851.6999999999999,4.2
20773,BLUE PAISLEY NOTEBOOK,1.6314814814814815,3265,827.25,77,1.4,1.71,1.87,1.66,-1.7, Competitive — Monitor,-1.0,,,MONITOR — No Clear Signal,0.0,1.63,-0.0,0.0,-0.0,3265.0,5326.787037037037,5321.95,-4.84
85039B,S/4 IVORY MINI ROSE CANDLE IN BOWL,1.4385245901639345,769,826.77,60,1.31,1.36,1.51,1.39,3.5, Competitive — Monitor,-1.0,,,MONITOR — No Clear Signal,0.0,1.44,0.0,0.0,-0.0,769.0,1106.2254098360656,1107.36,1.13
22317,FIVE CATS HANGING DECORATION,2.943333333333334,281,826.5500000000001,57,2.57,2.77,3.11,2.82,4.4, Competitive — Monitor,-1.0,,,MONITOR — No Clear Signal,0.0,2.94,-0.0,0.0,-0.0,281.0,827.0766666666668,826.14,-0.94
85185B,PINK HORSE SOCK PUPPET,2.941666666666667,284,825.8000000000001,91,2.68,3.01,3.46,3.05,-3.6, Competitive — Monitor,-1.0,,,MONITOR — No Clear Signal,0.0,2.94,-0.0,0.0,-0.0,284.0,835.4333333333334,834.96,-0.47
20761,BLUE PAISLEY SKETCHBOOK,3.6181159420289855,313,824.95,67,3.31,3.44,4.17,3.64,-0.6, Competitive — Monitor,-1.0,,,MONITOR — No Clear Signal,0.0,3.62,0.0,0.0,-0.0,313.0,1132.4702898550725,1133.06,0.59
22098,BOUDOIR SQUARE TISSUE BOX,1.1983,832,824.0,94,1.04,1.12,1.31,1.16,3.3, Competitive — Monitor,-1.0,,,MONITOR — No Clear Signal,0.0,1.2,0.0,0.0,-0.0,832.0,996.9856,998.4,1.41
22214,CANDLE PLATE LACE WHITE,2.5064516129032253,348,822.6,31,2.15,2.37,2.89,2.47,1.5, Competitive — Monitor,-1.0,,,MONITOR — No Clear Signal,0.0,2.51,0.0,0.0,-0.0,348.0,872.2451612903224,873.4799999999999,1.23
84535B,FAIRY CAKES NOTEBOOK A6 SIZE,0.6484666666666667,1316,822.2800000000001,144,0.6,0.69,0.76,0.68,-4.6, Competitive — Monitor,-1.0,,,MONITOR — No Clear Signal,0.0,0.65,0.0,0.0,-0.0,1316.0,853.3821333333334,855.4,2.02
85124C,GREEN JUICY FRUIT PHOTO FRAME,2.5373239436619714,335,821.85,71,2.27,2.67,2.78,2.57,-1.3, Competitive — Monitor,-1.0,,,MONITOR — No Clear Signal,0.0,2.54,0.0,0.0,-0.0,335.0,850.0035211267605,850.9,0.9
21894,POTTING SHED SEED ENVELOPES,1.241264367816092,692,819.4,84,1.06,1.21,1.31,1.19,4.3, Competitive — Monitor,-1.0,,,MONITOR — No Clear Signal,0.0,1.24,-0.0,0.0,-0.0,692.0,858.9549425287356,858.08,-0.87
22705,WRAP GREEN PEARS ,0.42,1950,819.0,78,0.4,0.43,0.5,0.44,-4.5, Competitive — Monitor,-1.0,,,MONITOR — No Clear Signal,0.0,0.42,0.0,0.0,-0.0,1950.0,819.0,819.0,0.0
21720,CAKE SHOP  STICKER SHEET,0.8468292682926829,980,818.4399999999999,81,0.72,0.85,0.93,0.83,2.0, Competitive — Monitor,-1.0,,,MONITOR — No Clear Signal,0.0,0.85,0.0,0.0,-0.0,980.0,829.8926829268293,833.0,3.11
22676,"FRENCH BLUE METAL DOOR SIGN, 1",1.25,652,815.0,85,1.15,1.29,1.33,1.26,-0.8, Competitive — Monitor,-1.0,,,MONITOR — No Clear Signal,0.0,1.25,0.0,0.0,-0.0,652.0,815.0,815.0,0.0
85231L,LAVENDER SCENTED SET/9 T-LIGHTS,0.845047619047619,1022,814.0999999999999,101,0.8,0.87,0.95,0.87,-2.9, Competitive — Monitor,-1.0,,,MONITOR — No Clear Signal,0.0,0.85,0.0,0.0,-0.0,1022.0,863.6386666666667,868.6999999999999,5.06
72803A,ROSE SCENT CANDLE JEWELLED DRAWER,4.242,194,813.94,53,3.71,4.33,4.94,4.33,-2.0, Competitive — Monitor,-1.0,,,MONITOR — No Clear Signal,0.0,4.24,-0.0,0.0,-0.0,194.0,822.948,822.5600000000001,-0.39
20759,CHRYSANTHEMUM POCKET BOOK ,0.8130769230769231,5675,813.35,26,0.7,0.78,0.88,0.79,2.9, Competitive — Monitor,-1.0,,,MONITOR — No Clear Signal,0.0,0.81,-0.0,0.0,-0.0,5675.0,4614.211538461539,4596.75,-17.46
17039,INLAID WOOD INCENSE HOLDER,0.27399999999999997,3641,813.0899999999999,30,0.24,0.25,0.3,0.26,5.4, Competitive — Monitor,-1.0,,,MONITOR — No Clear Signal,0.0,0.27,-0.0,0.0,-0.0,3641.0,997.6339999999999,983.07,-14.56
20833,SHAKER THROW  QUILTED,27.630000000000003,52,811.8,5,24.32,27.43,30.02,27.26,1.4, Competitive — Monitor,-1.0,,,MONITOR — No Clear Signal,0.0,27.63,-0.0,0.0,-0.0,52.0,1436.7600000000002,1436.76,-0.0
20762,GREEN FERN SKETCHBOOK ,3.55625,321,811.75,64,3.06,3.78,4.26,3.7,-3.9, Competitive — Monitor,-1.0,,,MONITOR — No Clear Signal,0.0,3.56,0.0,0.0,-0.0,321.0,1141.5562499999999,1142.76,1.2
21552,CERAMIC BIRDHOUSE BLACK ROSE  LARGE,5.863235294117647,163,811.6,32,5.39,5.93,6.33,5.88,-0.3, Competitive — Monitor,-1.0,,,MONITOR — No Clear Signal,0.0,5.86,-0.0,0.0,-0.0,163.0,955.7073529411765,955.1800000000001,-0.53
22363,GLASS JAR MARMALADE ,2.9333333333333336,282,810.3000000000001,71,2.51,3.09,3.33,2.98,-1.6, Competitive — Monitor,-1.0,,,MONITOR — No Clear Signal,0.0,2.93,-0.0,0.0,-0.0,282.0,827.2,826.26,-0.94
84559B,3D SHEET OF CAT STICKERS,0.85,951,808.3499999999999,111,0.77,0.92,1.01,0.9,-5.6, Competitive — Monitor,-1.0,,,MONITOR — No Clear Signal,0.0,0.85,0.0,0.0,-0.0,951.0,808.35,808.35,0.0
22774,RED DRAWER KNOB ACRYLIC EDWARDIAN,1.2552173913043478,644,806.44,45,1.19,1.19,1.35,1.24,1.2, Competitive — Monitor,-1.0,,,MONITOR — No Clear Signal,0.0,1.26,0.0,0.0,-0.0,644.0,808.36,811.44,3.08
21289,LARGE STRIPES CHOCOLATE GIFT BAG,1.1297777777777778,848,806.4,43,1.05,1.16,1.35,1.19,-5.1, Competitive — Monitor,-1.0,,,MONITOR — No Clear Signal,0.0,1.13,0.0,0.0,-0.0,848.0,958.0515555555555,958.2399999999999,0.19
22265,EASTER DECORATION NATURAL CHICK,0.6478260869565218,1275,800.75,87,0.59,0.67,0.77,0.68,-4.7, Competitive — Monitor,-1.0,,,MONITOR — No Clear Signal,0.0,0.65,0.0,0.0,-0.0,1275.0,825.9782608695652,828.75,2.77
22772,PINK DRAWER KNOB ACRYLIC EDWARDIAN,1.2544444444444443,639,800.19,54,1.1,1.35,1.48,1.31,-4.2, Competitive — Monitor,-1.0,,,MONITOR — No Clear Signal,0.0,1.25,-0.0,0.0,-0.0,639.0,801.5899999999999,798.75,-2.84
21070,VINTAGE BILLBOARD MUG ,1.1877777777777778,894,800.12,87,1.08,1.28,1.29,1.22,-2.6, Competitive — Monitor,-1.0,,,MONITOR — No Clear Signal,0.0,1.19,0.0,0.0,-0.0,894.0,1061.8733333333334,1063.86,1.99
10133,COLOURING PENCILS BROWN TUBE,0.8455681818181818,967,799.85,88,0.76,0.87,0.97,0.87,-2.8, Competitive — Monitor,-1.0,,,MONITOR — No Clear Signal,0.0,0.85,0.0,0.0,-0.0,967.0,817.6644318181818,821.9499999999999,4.29
85166B,BLACK METAL BAROQUE PHOTO FRAME,3.1048387096774195,501,798.75,31,2.77,2.98,3.61,3.12,-0.5, Competitive — Monitor,-8.541,Highly Elastic — Consider Discount,-5%,MONITOR — No Clear Signal,0.0,3.1,-0.0,0.0,-0.0,501.0,1555.524193548387,1553.1000000000001,-2.42
84666,SQUARE CHERRY BLOSSOM CABINET,3.95,202,797.9000000000001,29,3.41,4.14,4.73,4.09,-3.4, Competitive — Monitor,-1.0,,,MONITOR — No Clear Signal,0.0,3.95,0.0,0.0,-0.0,202.0,797.9000000000001,797.9000000000001,0.0
20758,ABSTRACT CIRCLES POCKET BOOK,0.8225714285714285,5233,797.65,35,0.77,0.77,0.89,0.81,1.6, Competitive — Monitor,-1.0,,,MONITOR — No Clear Signal,0.0,0.82,-0.0,0.0,-0.0,5233.0,4304.516285714285,4291.0599999999995,-13.46
22651,GENTLEMAN SHIRT REPAIR KIT ,0.8461764705882353,981,796.41,63,0.76,0.88,0.99,0.88,-3.8, Competitive — Monitor,-1.0,,,MONITOR — No Clear Signal,0.0,0.85,0.0,0.0,-0.0,981.0,830.0991176470588,833.85,3.75
20755,BLUE PAISLEY POCKET BOOK,0.8253846153846153,4807,795.55,39,0.72,0.88,0.91,0.84,-1.7, Competitive — Monitor,-1.0,,,MONITOR — No Clear Signal,0.0,0.83,0.0,0.0,-0.0,4807.0,3967.6238461538455,3989.81,22.19
84985A,SET OF 72 GREEN PAPER DOILIES,1.4499999999999997,547,793.15,106,1.29,1.42,1.56,1.42,2.1, Competitive — Monitor,-1.0,,,MONITOR — No Clear Signal,0.0,1.45,0.0,0.0,-0.0,547.0,793.1499999999999,793.15,0.0
22396,MAGNETS PACK OF 4 RETRO PHOTO,1.2398214285714286,668,791.6800000000001,54,1.11,1.27,1.38,1.25,-0.8, Competitive — Monitor,-1.0,,,MONITOR — No Clear Signal,0.0,1.24,0.0,0.0,-0.0,668.0,828.2007142857143,828.32,0.12
20913,SET/5 BLUE SPOTTY LID GLASS BOWLS,2.936666666666667,295,787.05,30,2.74,2.9,3.43,3.02,-2.8, Competitive — Monitor,-1.0,,,MONITOR — No Clear Signal,0.0,2.94,0.0,0.0,-0.0,295.0,866.3166666666667,867.3,0.98
72800D,S/4 BLUE DINNER CANDLE SILVER FLOCK,2.3307692307692305,552,786.0,48,2.15,2.31,2.61,2.36,-1.2, Competitive — Monitor,-1.0,,,MONITOR — No Clear Signal,0.0,2.33,-0.0,0.0,-0.0,552.0,1286.5846153846153,1286.16,-0.42
85196,EASTER BUNNIES ON A STICK,0.5401515151515153,1536,783.96,66,0.5,0.52,0.61,0.54,0.0, Competitive — Monitor,-1.0,,,MONITOR — No Clear Signal,0.0,0.54,-0.0,0.0,-0.0,1536.0,829.6727272727275,829.44,-0.23
22775,PURPLE DRAWERKNOB ACRYLIC EDWARDIAN,1.2546153846153845,626,783.94,47,1.07,1.31,1.5,1.29,-2.7, Competitive — Monitor,-1.0,,,MONITOR — No Clear Signal,0.0,1.25,-0.0,0.0,-0.0,626.0,785.3892307692307,782.5,-2.89
84767,ZINC POLICE BOX LANTERN,5.4625,193,783.7,4,4.87,5.84,6.06,5.59,-2.3, Competitive — Monitor,-1.0,,,MONITOR — No Clear Signal,0.0,5.46,-0.0,0.0,-0.0,193.0,1054.2625,1053.78,-0.48
22048,BIRTHDAY BANQUET GIFT WRAP,0.42,1865,783.3,71,0.38,0.45,0.48,0.44,-4.5, Competitive — Monitor,-1.0,,,MONITOR — No Clear Signal,0.0,0.42,0.0,0.0,-0.0,1865.0,783.3,783.3,0.0
84559A,3D SHEET OF DOG STICKERS,0.85,921,782.8499999999999,112,0.72,0.81,0.94,0.82,3.7, Competitive — Monitor,-1.0,,,MONITOR — No Clear Signal,0.0,0.85,0.0,0.0,-0.0,921.0,782.85,782.85,0.0
21162,TOXIC AREA  DOOR HANGER ,1.3961165048543687,913,782.17,103,1.22,1.48,1.55,1.42,-1.7, Competitive — Monitor,-1.0,,,MONITOR — No Clear Signal,0.0,1.4,0.0,0.0,-0.0,913.0,1274.6543689320386,1278.1999999999998,3.55
84907,PINK/YELLOW PATCH CUSHION COVER,5.577272727272727,360,781.8,11,5.16,5.79,6.44,5.8,-3.8, Competitive — Monitor,-5.705,Highly Elastic — Consider Discount,-5%,MONITOR — No Clear Signal,0.0,5.58,0.0,0.0,-0.0,360.0,2007.8181818181818,2008.8,0.98
21159,MOODY BOY  DOOR HANGER ,1.3707407407407406,964,781.48,107,1.18,1.32,1.63,1.38,-0.7, Competitive — Monitor,-1.0,,,MONITOR — No Clear Signal,0.0,1.37,-0.0,0.0,-0.0,964.0,1321.3940740740738,1320.68,-0.71
21066,VINTAGE RED MUG,0.9392857142857143,1577,781.09,69,0.85,0.87,1.06,0.93,1.0, Competitive — Monitor,-5.194,Highly Elastic — Consider Discount,-5%,MONITOR — No Clear Signal,0.0,0.94,0.0,0.0,-0.0,1577.0,1481.2535714285714,1482.3799999999999,1.13
79160,HEART SHAPE WIRELESS DOORBELL,2.091881188118812,389,777.5400000000001,93,1.82,2.01,2.44,2.09,0.1, Competitive — Monitor,-1.0,,,MONITOR — No Clear Signal,0.0,2.09,-0.0,0.0,-0.0,389.0,813.7417821782178,813.01,-0.73
22778,GLASS CLOCHE SMALL,3.9134782608695655,207,777.33,45,3.33,4.17,4.16,3.89,0.6, Competitive — Monitor,-1.0,,,MONITOR — No Clear Signal,0.0,3.91,-0.0,0.0,-0.0,207.0,810.09,809.37,-0.72
21414,SCALLOP SHELL SOAP DISH,2.0130000000000003,1613,777.3,19,1.76,2.06,2.18,2.0,0.7, Competitive — Monitor,-1.0,,,MONITOR — No Clear Signal,0.0,2.01,-0.0,0.0,-0.0,1613.0,3246.9690000000005,3242.1299999999997,-4.84
84908A,PINK 5 PATCH FLOWER CUSHION COVER ,4.45,388,776.6,7,4.22,4.61,5.01,4.61,-3.5, Competitive — Monitor,-1.0,,,MONITOR — No Clear Signal,0.0,4.45,0.0,0.0,-0.0,388.0,1726.6000000000001,1726.6000000000001,0.0
84536A,ENGLISH ROSE NOTEBOOK A7 SIZE,0.42000000000000004,1849,776.5799999999999,198,0.39,0.4,0.44,0.41,2.4, Competitive — Monitor,-1.0,,,MONITOR — No Clear Signal,0.0,0.42,-0.0,0.0,-0.0,1849.0,776.58,776.5799999999999,-0.0
84006,MAGIC TREE -PAPER FLOWERS,0.85,913,776.05,71,0.8,0.88,0.92,0.87,-2.3, Competitive — Monitor,-1.0,,,MONITOR — No Clear Signal,0.0,0.85,0.0,0.0,-0.0,913.0,776.05,776.05,0.0
21815, STAR  T-LIGHT HOLDER ,1.4461538461538461,535,773.3499999999999,49,1.3,1.34,1.63,1.42,1.8, Competitive — Monitor,-1.0,,,MONITOR — No Clear Signal,0.0,1.45,0.0,0.0,-0.0,535.0,773.6923076923076,775.75,2.06
21551,CERAMIC BIRDHOUSE BUTTERFLY LARGE,5.821052631578948,165,772.95,19,5.01,5.7,6.13,5.61,3.8, Competitive — Monitor,-1.0,,,MONITOR — No Clear Signal,0.0,5.82,-0.0,0.0,-0.0,165.0,960.4736842105265,960.3000000000001,-0.17
20840,FRENCH FLORAL CUSHION COVER ,2.3088235294117645,349,771.55,17,2.09,2.36,2.52,2.32,-0.5, Competitive — Monitor,-9.246,Highly Elastic — Consider Discount,-5%,MONITOR — No Clear Signal,0.0,2.31,0.0,0.0,-0.0,349.0,805.7794117647059,806.19,0.41
85136C,RED SHARK HELICOPTER,7.95,97,771.15,59,7.12,7.5,8.96,7.86,1.1, Competitive — Monitor,-1.0,,,MONITOR — No Clear Signal,0.0,7.95,0.0,0.0,-0.0,97.0,771.15,771.15,0.0
20774,GREEN FERN NOTEBOOK,1.625,3376,770.4,58,1.52,1.71,1.85,1.69,-3.8, Competitive — Monitor,-1.0,,,MONITOR — No Clear Signal,0.0,1.62,-0.0,0.0,-0.0,3376.0,5486.0,5469.120000000001,-16.88
21694,SMALL REGAL  SILVER CANDLEPOT ,2.95,261,769.9500000000002,44,2.54,2.82,3.51,2.96,-0.3, Competitive — Monitor,-1.0,,,MONITOR — No Clear Signal,0.0,2.95,0.0,0.0,-0.0,261.0,769.95,769.95,0.0
21620,S/4 ROSE    BOTANICAL  CANDLE,3.7416666666666667,206,769.5,56,3.36,3.83,4.29,3.83,-2.3, Competitive — Monitor,-1.0,,,MONITOR — No Clear Signal,0.0,3.74,-0.0,0.0,-0.0,206.0,770.7833333333333,770.44,-0.34
20756,GREEN FERN POCKET BOOK,0.8082608695652174,5622,768.3,22,0.7,0.8,0.9,0.8,1.0, Competitive — Monitor,-1.0,,,MONITOR — No Clear Signal,0.0,0.81,0.0,0.0,-0.0,5622.0,4544.042608695652,4553.820000000001,9.78
20765,CHRYSANTHEMUM SKETCHBOOK ,3.5668831168831168,319,767.45,74,3.15,3.62,4.24,3.67,-2.8, Competitive — Monitor,-1.0,,,MONITOR — No Clear Signal,0.0,3.57,0.0,0.0,-0.0,319.0,1137.8357142857142,1138.83,0.99
84750A,PINK SMALL GLASS CAKE STAND,1.9249999999999998,423,767.25,48,1.78,1.8,2.25,1.94,-0.8, Competitive — Monitor,-1.0,,,MONITOR — No Clear Signal,0.0,1.92,-0.0,0.0,-0.0,423.0,814.275,812.16,-2.12
72750A,"F.FAIRY S/3 CANDLE/GLASS,LILY/VALLY",2.45,383,766.85,16,2.2,2.26,2.65,2.37,3.4, Competitive — Monitor,-1.0,,,MONITOR — No Clear Signal,0.0,2.45,0.0,0.0,-0.0,383.0,938.35,938.35,0.0
21666, RIDGED GLASS T-LIGHT HOLDER,0.6391891891891892,1300,765.8000000000001,35,0.57,0.68,0.68,0.64,-0.1, Competitive — Monitor,-1.0,,,MONITOR — No Clear Signal,0.0,0.64,0.0,0.0,-0.0,1300.0,830.9459459459459,832.0,1.05
22421,LIPSTICK PEN FUSCHIA,0.41862595419847326,1880,764.88,124,0.37,0.4,0.48,0.42,-0.3, Competitive — Monitor,-1.0,,,MONITOR — No Clear Signal,0.0,0.42,0.0,0.0,-0.0,1880.0,787.0167938931297,789.6,2.58
77101A,UNION FLAG WINDSOCK,1.224423076923077,672,764.76,50,1.1,1.29,1.39,1.26,-2.8, Competitive — Monitor,-1.0,,,MONITOR — No Clear Signal,0.0,1.22,-0.0,0.0,-0.0,672.0,822.8123076923077,819.84,-2.97
84665,SQUARE CHERRY BLOSSOM CABINET,6.595161290322581,125,763.75,31,6.12,7.12,7.71,6.98,-5.5, Competitive — Monitor,-1.0,,,MONITOR — No Clear Signal,0.0,6.6,0.0,0.0,-0.0,125.0,824.3951612903227,825.0,0.6
21444,BLUE CHALET BIRDFEEDER,3.6875,273,763.75,20,3.46,3.52,4.28,3.75,-1.7, Competitive — Monitor,-1.0,,,MONITOR — No Clear Signal,0.0,3.69,0.0,0.0,-0.0,273.0,1006.6875,1007.37,0.68
22058,CERAMIC LOVE HEARTS DESIGN MUG,1.49,511,761.39,92,1.41,1.43,1.7,1.51,-1.3, Competitive — Monitor,-1.0,,,MONITOR — No Clear Signal,0.0,1.49,0.0,0.0,-0.0,511.0,761.39,761.39,0.0
22049,WRAP CHRISTMAS SCREEN PRINT,0.3063529411764706,2550,760.5,83,0.28,0.31,0.37,0.32,-4.3, Competitive — Monitor,-1.0,,,MONITOR — No Clear Signal,0.0,0.31,0.0,0.0,-0.0,2550.0,781.2,790.5,9.3
22181,SNOWSTORM PHOTO FRAME FRIDGE MAGNET,0.8459375,935,757.31,62,0.75,0.91,0.96,0.87,-2.8, Competitive — Monitor,-1.0,,,MONITOR — No Clear Signal,0.0,0.85,0.0,0.0,-0.0,935.0,790.9515625,794.75,3.8
22789,T-LIGHT HOLDER SWEETHEART HANGING,1.9401639344262294,399,756.4499999999999,56,1.78,2.07,2.07,1.97,-1.5, Competitive — Monitor,-1.0,,,MONITOR — No Clear Signal,0.0,1.94,-0.0,0.0,-0.0,399.0,774.1254098360655,774.06,-0.07
22614,PACK OF 12 SPACEBOY TISSUES,0.28942028985507245,2620,755.9599999999999,133,0.26,0.29,0.34,0.3,-3.5, Competitive — Monitor,-1.0,,,MONITOR — No Clear Signal,0.0,0.29,0.0,0.0,-0.0,2620.0,758.2811594202898,759.8,1.52
21298,EDWARDIAN 2 DRAWER WALL CABINET ,19.37857142857143,52,755.8,14,16.97,20.29,21.08,19.45,-0.4, Competitive — Monitor,-1.0,,,MONITOR — No Clear Signal,0.0,19.38,0.0,0.0,-0.0,52.0,1007.6857142857143,1007.76,0.07
84908B,BLUE 5 PATCH FLOWER CUSHION COVER,2.95,385,755.75,5,2.76,2.78,3.44,2.99,-1.3, Competitive — Monitor,-1.0,,,MONITOR — No Clear Signal,0.0,2.95,0.0,0.0,-0.0,385.0,1135.75,1135.75,0.0
21063,PARTY INVITES JAZZ HEARTS,0.8456666666666667,916,755.1999999999999,120,0.72,0.91,1.01,0.88,-3.9, Competitive — Monitor,-1.0,,,MONITOR — No Clear Signal,0.0,0.85,0.0,0.0,-0.0,916.0,774.6306666666667,778.6,3.97
21335,LIBRARY LAMP,21.54090909090909,36,754.1999999999999,22,20.25,23.14,24.87,22.75,-5.3, Competitive — Monitor,-1.0,,,MONITOR — No Clear Signal,0.0,21.54,-0.0,0.0,-0.0,36.0,775.4727272727272,775.4399999999999,-0.03
17165B,ASS COL LARGE SAND GECKO P'WEIGHT,1.0304761904761905,812,753.78,56,0.92,0.98,1.17,1.02,1.0, Competitive — Monitor,-1.0,,,MONITOR — No Clear Signal,0.0,1.03,-0.0,0.0,-0.0,812.0,836.7466666666667,836.36,-0.39
22161,HEART DECORATION RUSTIC HANGING ,0.6368115942028986,1274,750.6600000000001,67,0.58,0.62,0.71,0.64,-0.5, Competitive — Monitor,-1.0,,,MONITOR — No Clear Signal,0.0,0.64,0.0,0.0,-0.0,1274.0,811.2979710144928,815.36,4.06
84925F,PSYCHEDELIC WALL THERMOMETER,2.0305555555555554,633,750.55,18,1.86,1.9,2.24,2.0,1.5, Competitive — Monitor,-7.128,Highly Elastic — Consider Discount,-5%,MONITOR — No Clear Signal,0.0,2.03,-0.0,0.0,-0.0,633.0,1285.3416666666667,1284.9899999999998,-0.35
72755C,FLOWER FAIRY OIL BURNER SET ROSE,1.7115384615384615,588,750.0,13,1.61,1.65,1.89,1.72,-0.5, Competitive — Monitor,-1.0,,,MONITOR — No Clear Signal,0.0,1.71,-0.0,0.0,-0.0,588.0,1006.3846153846154,1005.48,-0.9
22209,WOOD STAMP SET HAPPY BIRTHDAY,1.6446666666666665,456,747.5999999999999,73,1.5,1.73,1.88,1.7,-3.3, Competitive — Monitor,-1.0,,,MONITOR — No Clear Signal,0.0,1.64,-0.0,0.0,-0.0,456.0,749.968,747.8399999999999,-2.13
22543,MINI JIGSAW BAKE A CAKE ,0.4188235294117647,1813,747.06,51,0.38,0.41,0.49,0.43,-2.6, Competitive — Monitor,-1.0,,,MONITOR — No Clear Signal,0.0,0.42,0.0,0.0,-0.0,1813.0,759.3270588235295,761.4599999999999,2.13
47589,CONGRATULATIONS BUNTING,5.45,137,746.6500000000001,67,4.67,5.09,6.28,5.35,1.9, Competitive — Monitor,-1.0,,,MONITOR — No Clear Signal,0.0,5.45,0.0,0.0,-0.0,137.0,746.65,746.65,0.0
22532,MAGIC DRAWING SLATE LEAP FROG ,0.4187755102040816,1829,745.14,95,0.38,0.41,0.45,0.41,2.1, Competitive — Monitor,-1.0,,,MONITOR — No Clear Signal,0.0,0.42,0.0,0.0,-0.0,1829.0,765.9404081632653,768.18,2.24
20989,URBAN CHIC CHOPSTICKS SET/5,1.9437499999999999,397,744.15,48,1.68,2.09,2.18,1.98,-1.8, Competitive — Monitor,-1.0,,,MONITOR — No Clear Signal,0.0,1.94,-0.0,0.0,-0.0,397.0,771.6687499999999,770.18,-1.49
20780,BLACK EAR MUFF HEADPHONES,5.361063829787234,154,742.5,44,4.95,5.47,6.27,5.56,-3.6, Competitive — Monitor,-1.0,,,MONITOR — No Clear Signal,0.0,5.36,-0.0,0.0,-0.0,154.0,825.6038297872341,825.44,-0.16
21185, HOME SWEET HOME  BLACKBOARD,6.326111111111111,120,741.3599999999999,36,5.7,6.24,7.09,6.34,-0.2, Competitive — Monitor,-1.0,,,MONITOR — No Clear Signal,0.0,6.33,0.0,0.0,-0.0,120.0,759.1333333333332,759.6,0.47
21425,SKULLS STORAGE BOX LARGE,2.8652380952380954,383,740.09,42,2.63,2.71,3.24,2.86,0.2, Competitive — Monitor,-1.0,,,MONITOR — No Clear Signal,0.0,2.87,0.0,0.0,-0.0,383.0,1097.3861904761904,1099.21,1.82
20757,RED DAISY POCKET BOOK ,0.818,5165,739.85,28,0.7,0.88,0.95,0.84,-2.6, Competitive — Monitor,-1.0,,,MONITOR — No Clear Signal,0.0,0.82,0.0,0.0,-0.0,5165.0,4224.969999999999,4235.3,10.33
21927,BLUE/CREAM STRIPE CUSHION COVER ,1.2474324324324324,597,738.65,74,1.07,1.31,1.43,1.27,-1.8, Competitive — Monitor,-1.0,,,MONITOR — No Clear Signal,0.0,1.25,0.0,0.0,-0.0,597.0,744.7171621621621,746.25,1.53
35957,SMALLFOLKART BAUBLE CHRISTMAS DEC,0.347910447761194,2941,738.4200000000001,59,0.32,0.34,0.39,0.35,-0.6, Competitive — Monitor,-1.0,,,MONITOR — No Clear Signal,0.0,0.35,0.0,0.0,-0.0,2941.0,1023.2046268656716,1029.35,6.15
21300,ANTIQUE EDWARDIAN DRESSER,16.13181818181818,52,737.4,11,13.83,15.02,19.11,15.99,0.9, Competitive — Monitor,-1.0,,,MONITOR — No Clear Signal,0.0,16.13,-0.0,0.0,-0.0,52.0,838.8545454545454,838.76,-0.09
84625D,WHITE NEWBAROQUE CANDLESTICK CANDLE,2.03125,640,737.2,46,1.74,1.89,2.18,1.94,4.7, Competitive — Monitor,-1.0,,,MONITOR — No Clear Signal,0.0,2.03,-0.0,0.0,-0.0,640.0,1300.0,1299.1999999999998,-0.8
20984,12 PENCILS TALL TUBE POSY,0.71390625,2052,737.16,61,0.61,0.67,0.86,0.71,0.6, Competitive — Monitor,-1.0,,,MONITOR — No Clear Signal,0.0,0.71,-0.0,0.0,-0.0,2052.0,1464.9356249999998,1456.9199999999998,-8.02
35810A,ENAMEL PINK COFFEE CONTAINER,1.811923076923077,515,736.98,52,1.71,1.84,1.93,1.83,-1.0, Competitive — Monitor,-1.0,,,MONITOR — No Clear Signal,0.0,1.81,-0.0,0.0,-0.0,515.0,933.1403846153846,932.15,-0.99
47503F,ASS FLORAL PRINT TORCH,1.5333333333333332,2571,736.55,11,1.42,1.64,1.61,1.56,-1.7, Competitive — Monitor,-1.0,,,MONITOR — No Clear Signal,0.0,1.53,-0.0,0.0,-0.0,2571.0,3942.2,3933.63,-8.57
21554,CERAMIC BIRDHOUSE RED ROOF LARGE,5.8275,164,735.8000000000001,19,5.16,5.82,6.9,5.96,-2.2, Competitive — Monitor,-1.0,,,MONITOR — No Clear Signal,0.0,5.83,0.0,0.0,-0.0,164.0,955.7099999999999,956.12,0.41
21721,CANDY SHOP  STICKER SHEET,0.8464383561643836,868,734.68,72,0.74,0.89,0.92,0.85,-0.4, Competitive — Monitor,-1.0,,,MONITOR — No Clear Signal,0.0,0.85,0.0,0.0,-0.0,868.0,734.708493150685,737.8,3.09
ADJUST2,Adjustment by Peter on Jun 25 2010 ,243.68333333333337,3,731.0500000000001,3,215.65,241.57,282.54,246.59,-1.2, Competitive — Monitor,-1.0,,,MONITOR — No Clear Signal,0.0,243.68,-0.0,0.0,-0.0,3.0,731.0500000000001,731.04,-0.01
21822,GLITTER CHRISTMAS TREE WITH BELLS,1.95,374,729.3,42,1.81,2.02,2.28,2.04,-4.4, Competitive — Monitor,-1.0,,,MONITOR — No Clear Signal,0.0,1.95,0.0,0.0,-0.0,374.0,729.3,729.3,0.0
22280,POCKET BAG PINK PAISELY BROWN SPOT,1.7857142857142858,409,727.75,58,1.64,1.85,2.11,1.87,-4.5, Competitive — Monitor,-1.0,,,MONITOR — No Clear Signal,0.0,1.79,0.0,0.0,-0.0,409.0,730.3571428571429,732.11,1.75
20617,FIRST CLASS PASSPORT COVER ,2.0829166666666667,386,726.1400000000001,48,1.81,1.97,2.5,2.09,-0.3, Competitive — Monitor,-1.0,,,MONITOR — No Clear Signal,0.0,2.08,-0.0,0.0,-0.0,386.0,804.0058333333334,802.88,-1.13
21684,SMALL MEDINA STAMPED METAL BOWL ,0.8461818181818181,940,723.4,54,0.73,0.83,0.93,0.83,1.9, Competitive — Monitor,-1.0,,,MONITOR — No Clear Signal,0.0,0.85,0.0,0.0,-0.0,940.0,795.4109090909091,799.0,3.59
85121C,RETRO LAUNDRY TUB PISTACHIO,8.5,85,722.5,42,7.31,8.69,9.83,8.61,-1.3, Competitive — Monitor,-1.0,,,MONITOR — No Clear Signal,0.0,8.5,0.0,0.0,-0.0,85.0,722.5,722.5,0.0
20707,CRAZY DAISY HEART DECORATION,1.1700000000000002,1126,721.1,33,1.07,1.09,1.25,1.14,2.6, Competitive — Monitor,-1.0,,,MONITOR — No Clear Signal,0.0,1.17,-0.0,0.0,-0.0,1126.0,1317.42,1317.4199999999998,-0.0
21817,GLITTER CHRISTMAS TREE,0.8499999999999999,848,720.8,74,0.79,0.83,0.94,0.85,-0.0, Competitive — Monitor,-1.0,,,MONITOR — No Clear Signal,0.0,0.85,0.0,0.0,-0.0,848.0,720.7999999999998,720.8,0.0
21383,PACK OF 12 STICKY BUNNIES,0.6476190476190476,1123,717.95,115,0.57,0.65,0.76,0.66,-1.9, Competitive — Monitor,-1.0,,,MONITOR — No Clear Signal,0.0,0.65,0.0,0.0,-0.0,1123.0,727.2761904761905,729.95,2.67
21926,RED/CREAM STRIPE CUSHION COVER ,1.2475324675324675,580,717.4,76,1.06,1.35,1.38,1.26,-1.0, Competitive — Monitor,-1.0,,,MONITOR — No Clear Signal,0.0,1.25,0.0,0.0,-0.0,580.0,723.5688311688311,725.0,1.43
84685,BEACH HUT KEY CABINET,3.1648936170212765,340,715.0,46,2.72,3.15,3.6,3.16,0.2, Competitive — Monitor,-1.0,,,MONITOR — No Clear Signal,0.0,3.16,-0.0,0.0,-0.0,340.0,1076.063829787234,1074.4,-1.66
21133,PAINTED BIRD ASSORTED CHRISTMAS,1.69,423,714.87,41,1.6,1.78,1.9,1.76,-4.0, Competitive — Monitor,-1.0,,,MONITOR — No Clear Signal,0.0,1.69,0.0,0.0,-0.0,423.0,714.87,714.87,0.0
84922,PINK BUTTERFLY WASHBAG,3.8,327,714.75,5,3.34,3.76,4.36,3.82,-0.5, Competitive — Monitor,-1.0,,,MONITOR — No Clear Signal,0.0,3.8,0.0,0.0,-0.0,327.0,1242.6,1242.6,0.0
20850,ZINC HEART LATTICE PLANTER BOWL,2.8434782608695657,820,713.8000000000001,23,2.64,2.98,3.4,3.01,-5.5, Competitive — Monitor,-1.0,,,MONITOR — No Clear Signal,0.0,2.84,-0.0,0.0,-0.0,820.0,2331.652173913044,2328.7999999999997,-2.85
84963A,PINK PAINTED KASHMIRI CHAIR,40.712500000000006,22,713.4000000000001,8,37.15,41.33,43.09,40.52,0.5, Competitive — Monitor,-1.125,Elastic — Maintain Price,0%,MONITOR — No Clear Signal,0.0,40.71,-0.0,0.0,-0.0,22.0,895.6750000000002,895.62,-0.06
85231G,ORANGE SCENTED SET/9 T-LIGHTS,0.8491503267973856,848,713.0,149,0.75,0.9,0.96,0.87,-2.4, Competitive — Monitor,-1.0,,,MONITOR — No Clear Signal,0.0,0.85,0.0,0.0,-0.0,848.0,720.079477124183,720.8,0.72
78124,MAGAZINE RACK GEBRA ASSORTED ,2.0,534,712.5,10,1.74,1.97,2.36,2.02,-1.0, Competitive — Monitor,-3.509,Highly Elastic — Consider Discount,-5%,MONITOR — No Clear Signal,0.0,2.0,0.0,0.0,-0.0,534.0,1068.0,1068.0,0.0
20892,SET/3 TALL GLASS CANDLE HOLDER PINK,10.683333333333332,87,712.45,23,9.21,10.86,11.99,10.69,-0.1, Competitive — Monitor,-4.864,Highly Elastic — Consider Discount,-5%,MONITOR — No Clear Signal,0.0,10.68,-0.0,0.0,-0.0,87.0,929.4499999999998,929.16,-0.29
22988,SOLDIERS EGG CUP ,1.25,568,710.0,46,1.14,1.28,1.33,1.25,0.0, Competitive — Monitor,-1.0,,,MONITOR — No Clear Signal,0.0,1.25,0.0,0.0,-0.0,568.0,710.0,710.0,0.0
85141,JARDIN ETCHED GLASS FRUITBOWL,10.75,66,709.5,31,9.97,10.61,12.19,10.92,-1.6, Competitive — Monitor,-1.0,,,MONITOR — No Clear Signal,0.0,10.75,0.0,0.0,-0.0,66.0,709.5,709.5,0.0
22256,FELT FARM ANIMAL CHICKEN,1.2394444444444446,593,709.33,51,1.13,1.17,1.36,1.22,1.6, Competitive — Monitor,-1.0,,,MONITOR — No Clear Signal,0.0,1.24,0.0,0.0,-0.0,593.0,734.9905555555556,735.32,0.33
22714,CARD BIRTHDAY COWBOY,0.41524752475247523,1766,707.16,101,0.37,0.39,0.45,0.4,3.8, Competitive — Monitor,-1.0,,,MONITOR — No Clear Signal,0.0,0.42,0.0,0.0,-0.0,1766.0,733.3271287128713,741.72,8.39
21391,FRENCH EMROIDR LAVENDER SCENT HEART,2.1,336,705.6,57,1.79,1.94,2.47,2.07,1.4, Competitive — Monitor,-1.0,,,MONITOR — No Clear Signal,0.0,2.1,0.0,0.0,-0.0,336.0,705.6,705.6,0.0
84569D,PACK 6 HEART/ICE-CREAM PATCHES,1.25,564,705.0,65,1.18,1.32,1.41,1.3,-3.8, Competitive — Monitor,-1.0,,,MONITOR — No Clear Signal,0.0,1.25,0.0,0.0,-0.0,564.0,705.0,705.0,0.0
22852,ENAMEL DOG BOWL CREAM,4.231470588235294,174,704.98,34,3.93,4.05,5.04,4.34,-2.5, Competitive — Monitor,-1.0,,,MONITOR — No Clear Signal,0.0,4.23,-0.0,0.0,-0.0,174.0,736.2758823529412,736.0200000000001,-0.26
10134,COLOURING PENCILS BROWN TUBE,1.2426923076923078,614,704.8,48,1.09,1.19,1.46,1.25,-0.6, Competitive — Monitor,-1.0,,,MONITOR — No Clear Signal,0.0,1.24,-0.0,0.0,-0.0,614.0,763.0130769230769,761.36,-1.65
72801G,S/4 BURGUNDY WINE DINNER CANDLES,1.1148837209302325,1265,704.77,42,1.06,1.16,1.29,1.17,-4.7, Competitive — Monitor,-7.503,Highly Elastic — Consider Discount,-5%,MONITOR — No Clear Signal,0.0,1.11,-0.0,0.0,-0.0,1265.0,1410.327906976744,1404.15,-6.18
79302M,"ART LIGHTS,FUNK MONKEY",2.8651515151515152,262,704.1,33,2.61,2.78,3.01,2.8,2.3, Competitive — Monitor,-1.0,,,MONITOR — No Clear Signal,0.0,2.87,0.0,0.0,-0.0,262.0,750.669696969697,751.94,1.27
22262,FELT EGG COSY CHICKEN,0.85,828,703.8,97,0.77,0.85,0.95,0.86,-1.2, Competitive — Monitor,-1.0,,,MONITOR — No Clear Signal,0.0,0.85,0.0,0.0,-0.0,828.0,703.8,703.8,0.0
22422,TOOTHPASTE TUBE PEN,0.6463855421686747,1128,703.2,80,0.6,0.61,0.7,0.64,1.0, Competitive — Monitor,-1.0,,,MONITOR — No Clear Signal,0.0,0.65,0.0,0.0,-0.0,1128.0,729.1228915662651,733.2,4.08
21726,MULTI HEARTS  STICKERS,0.8487254901960783,842,702.6999999999999,95,0.79,0.91,1.01,0.9,-5.7, Competitive — Monitor,-1.0,,,MONITOR — No Clear Signal,0.0,0.85,0.0,0.0,-0.0,842.0,714.6268627450979,715.6999999999999,1.07
22677,"FRENCH BLUE METAL DOOR SIGN, 2",1.25,561,701.25,76,1.14,1.32,1.35,1.27,-1.6, Competitive — Monitor,-1.0,,,MONITOR — No Clear Signal,0.0,1.25,0.0,0.0,-0.0,561.0,701.25,701.25,0.0
20776,ABSTRACT CIRCLES NOTEBOOK,1.6227272727272728,3188,700.1999999999999,53,1.4,1.72,1.77,1.63,-0.4, Competitive — Monitor,-1.0,,,MONITOR — No Clear Signal,0.0,1.62,-0.0,0.0,-0.0,3188.0,5173.254545454545,5164.56,-8.69
21250,SET OF SKULL WALL STICKERS,2.8594594594594596,304,699.4,37,2.53,2.82,3.22,2.86,-0.0, Competitive — Monitor,-1.0,,,MONITOR — No Clear Signal,0.0,2.86,0.0,0.0,-0.0,304.0,869.2756756756758,869.4399999999999,0.16
22986,GINGHAM ROSE WRAP,0.41843137254901963,1740,698.8,51,0.39,0.44,0.46,0.43,-2.7, Competitive — Monitor,-1.0,,,MONITOR — No Clear Signal,0.0,0.42,0.0,0.0,-0.0,1740.0,728.0705882352942,730.8,2.73
22756,LARGE YELLOW BABUSHKA NOTEBOOK ,1.243372093023256,584,698.08,84,1.08,1.17,1.34,1.2,3.6, Competitive — Monitor,-1.0,,,MONITOR — No Clear Signal,0.0,1.24,-0.0,0.0,-0.0,584.0,726.1293023255814,724.16,-1.97
37461,FUNKY MONKEY MUG,1.2141791044776118,710,697.9,66,1.08,1.12,1.38,1.19,2.0, Competitive — Monitor,-1.0,,,MONITOR — No Clear Signal,0.0,1.21,-0.0,0.0,-0.0,710.0,862.0671641791043,859.1,-2.97
21674,RIDGED GLASS PENDANT LAMPSHADE,16.55,44,697.8,9,14.78,15.28,17.6,15.89,4.2, Competitive — Monitor,-1.0,,,MONITOR — No Clear Signal,0.0,16.55,0.0,0.0,-0.0,44.0,728.2,728.2,0.0
21739,COSY SLIPPER SHOES SMALL GREEN,2.942982456140351,238,697.3000000000001,56,2.63,2.98,3.12,2.91,1.1, Competitive — Monitor,-1.0,,,MONITOR — No Clear Signal,0.0,2.94,-0.0,0.0,-0.0,238.0,700.4298245614035,699.72,-0.71
22287,"DECORATION , WOBBLY CHICKEN, METAL ",1.6257142857142857,541,695.25,32,1.48,1.61,1.8,1.63,-0.3, Competitive — Monitor,-1.0,,,MONITOR — No Clear Signal,0.0,1.63,0.0,0.0,-0.0,541.0,879.5114285714285,881.8299999999999,2.32
84637,KITCHEN FLOWER POTS WALL PLAQUE,4.07,458,694.7,20,3.84,4.08,4.71,4.21,-3.3, Competitive — Monitor,-1.0,,,MONITOR — No Clear Signal,0.0,4.07,0.0,0.0,-0.0,458.0,1864.0600000000002,1864.0600000000002,0.0
82607A,GLASS BONBON JAR PARFUME AUX FLEURE,1.2436666666666667,575,693.48,88,1.09,1.15,1.41,1.22,1.9, Competitive — Monitor,-1.0,,,MONITOR — No Clear Signal,0.0,1.24,-0.0,0.0,-0.0,575.0,715.1083333333333,713.0,-2.11
72755D,FLOWER FAIRY OIL BURNER SET SUMMER,1.9423076923076923,533,693.25,13,1.67,1.92,2.16,1.92,1.2, Competitive — Monitor,-1.0,,,MONITOR — No Clear Signal,0.0,1.94,-0.0,0.0,-0.0,533.0,1035.25,1034.02,-1.23
85034C,3 ROSE MORRIS BOXED CANDLES,4.158965517241379,174,689.34,29,3.62,4.3,4.72,4.21,-1.2, Competitive — Monitor,-1.0,,,MONITOR — No Clear Signal,0.0,4.16,0.0,0.0,-0.0,174.0,723.66,723.84,0.18
21945,STRAWBERRIES  DESIGN FLANNEL ,0.7972340425531914,1317,689.25,45,0.75,0.79,0.88,0.81,-1.6, Competitive — Monitor,-1.0,,,MONITOR — No Clear Signal,0.0,0.8,0.0,0.0,-0.0,1317.0,1049.9572340425532,1053.6000000000001,3.64
79342B,BROWN FLOWER LIGHTS,6.695833333333333,109,688.95,24,6.12,6.94,7.97,7.01,-4.5, Competitive — Monitor,-1.0,,,MONITOR — No Clear Signal,0.0,6.7,0.0,0.0,-0.0,109.0,729.8458333333333,730.3000000000001,0.45
84674,FLYING PIG WATERING CAN,2.9094339622641514,264,685.2,53,2.56,2.79,3.08,2.81,3.5, Competitive — Monitor,-1.0,,,MONITOR — No Clear Signal,0.0,2.91,0.0,0.0,-0.0,264.0,768.0905660377359,768.24,0.15
21443,OLIVE CHALET BIRDFEEDER,3.6904761904761907,252,685.0,20,3.44,3.88,4.25,3.86,-4.4, Competitive — Monitor,-1.0,,,MONITOR — No Clear Signal,0.0,3.69,-0.0,0.0,-0.0,252.0,930.0,929.88,-0.12
72800A,S/4 BLACK DINNER CANDLE SILVER FLOC,2.2524324324324323,664,684.36,34,2.11,2.28,2.67,2.35,-4.2, Competitive — Monitor,-1.0,,,MONITOR — No Clear Signal,0.0,2.25,-0.0,0.0,-0.0,664.0,1495.615135135135,1494.0,-1.62
22103,MIRROR MOSAIC T-LIGHT HOLDER ROUND,1.6166666666666665,451,684.15,35,1.51,1.54,1.89,1.65,-2.0, Competitive — Monitor,-1.0,,,MONITOR — No Clear Signal,0.0,1.62,0.0,0.0,-0.0,451.0,729.1166666666666,730.62,1.5
84971L,LARGE HEART FLOWERS HOOK   ,1.2419148936170212,571,684.11,43,1.17,1.19,1.34,1.23,1.0, Competitive — Monitor,-1.0,,,MONITOR — No Clear Signal,0.0,1.24,-0.0,0.0,-0.0,571.0,709.1334042553191,708.04,-1.09
22316,200 BENDY SKULL STRAWS,1.2303448275862068,602,684.1,57,1.08,1.26,1.35,1.23,0.0, Competitive — Monitor,-1.0,,,MONITOR — No Clear Signal,0.0,1.23,-0.0,0.0,-0.0,602.0,740.6675862068964,740.46,-0.21
37423,WHITE WITH BLACK CATS PLATE,0.7818181818181817,6013,683.05,22,0.72,0.82,0.9,0.81,-3.5, Competitive — Monitor,-1.0,,,MONITOR — No Clear Signal,0.0,0.78,-0.0,0.0,-0.0,6013.0,4701.072727272727,4690.14,-10.93
35598D,PINK/WHITE CHRISTMAS TREE 60CM,0.85,1007,682.75,30,0.76,0.84,0.9,0.83,2.4, Competitive — Monitor,-1.0,,,MONITOR — No Clear Signal,0.0,0.85,0.0,0.0,-0.0,1007.0,855.9499999999999,855.9499999999999,0.0
84360,TABLE LAMP WHITE SHADE WOOD BASE,5.5166666666666675,137,682.5500000000001,20,5.15,5.3,6.46,5.64,-2.2, Competitive — Monitor,-1.0,,,MONITOR — No Clear Signal,0.0,5.52,0.0,0.0,-0.0,137.0,755.7833333333334,756.2399999999999,0.46
22339,CHRISTMAS TREE PAINTED ZINC ,0.65,1050,682.5000000000001,52,0.6,0.69,0.75,0.68,-4.4, Competitive — Monitor,-1.0,,,MONITOR — No Clear Signal,0.0,0.65,0.0,0.0,-0.0,1050.0,682.5,682.5,0.0
21480,PINK STRIPE HOT WATER BOTTLE,2.9200000000000004,246,682.5,38,2.71,3.0,3.39,3.03,-3.6, Competitive — Monitor,-1.0,,,MONITOR — No Clear Signal,0.0,2.92,-0.0,0.0,-0.0,246.0,718.32,718.3199999999999,-0.0
20622,VIPPASSPORT COVER ,2.0921153846153846,364,682.4,50,1.92,2.07,2.23,2.07,1.1, Competitive — Monitor,-1.0,,,MONITOR — No Clear Signal,0.0,2.09,-0.0,0.0,-0.0,364.0,761.53,760.76,-0.77
22069, BROWN  PIRATE TREASURE CHEST ,1.6388888888888888,422,681.9,53,1.42,1.64,1.9,1.65,-0.7, Competitive — Monitor,-1.0,,,MONITOR — No Clear Signal,0.0,1.64,0.0,0.0,-0.0,422.0,691.6111111111111,692.0799999999999,0.47
21269,ANTIQUE CREAM CUTLERY SHELF ,8.5,80,680.0,40,7.69,8.1,9.79,8.53,-0.4, Competitive — Monitor,-1.0,,,MONITOR — No Clear Signal,0.0,8.5,0.0,0.0,-0.0,80.0,680.0,680.0,0.0
84459A,PINK METAL CHICKEN HEART ,1.4857142857142858,458,679.54,54,1.41,1.52,1.75,1.56,-4.8, Competitive — Monitor,-1.0,,,MONITOR — No Clear Signal,0.0,1.49,0.0,0.0,-0.0,458.0,680.4571428571429,682.42,1.96
21219,SET/4 BADGES BALLOON GIRL,1.246984126984127,545,679.35,61,1.18,1.22,1.32,1.24,0.6, Competitive — Monitor,-1.0,,,MONITOR — No Clear Signal,0.0,1.25,0.0,0.0,-0.0,545.0,679.6063492063493,681.25,1.64
84816,DANISH ROSE BEDSIDE CABINET,38.7,18,679.1,8,33.06,41.77,40.77,38.53,0.4, Competitive — Monitor,-5.614,Highly Elastic — Consider Discount,-5%,MONITOR — No Clear Signal,0.0,38.7,0.0,0.0,-0.0,18.0,696.6,696.6,0.0
22036,DINOSAUR BIRTHDAY CARD,0.4173214285714285,1642,678.84,110,0.36,0.42,0.46,0.41,1.8, Competitive — Monitor,-1.0,,,MONITOR — No Clear Signal,0.0,0.42,0.0,0.0,-0.0,1642.0,685.2417857142856,689.64,4.4
84796A,PINK HAWAIIAN PICNIC HAMPER FOR 2,9.229999999999999,136,678.0,15,7.97,9.21,9.9,9.03,2.2, Competitive — Monitor,-1.0,,,MONITOR — No Clear Signal,0.0,9.23,0.0,0.0,-0.0,136.0,1255.2799999999997,1255.28,0.0
21255,"FRENCH BOTTLE , LAVENDER",1.6427272727272726,422,677.0999999999999,55,1.52,1.66,1.86,1.68,-2.2, Competitive — Monitor,-1.0,,,MONITOR — No Clear Signal,0.0,1.64,-0.0,0.0,-0.0,422.0,693.230909090909,692.0799999999999,-1.15
22393,PAPERWEIGHT VINTAGE COLLAGE,2.315,315,676.9499999999999,40,2.16,2.47,2.75,2.46,-5.9, Competitive — Monitor,-1.0,,,MONITOR — No Clear Signal,0.0,2.32,0.0,0.0,-0.0,315.0,729.225,730.8,1.57
85015,SET OF 12  VINTAGE POSTCARD SET,2.43125,587,676.05,32,2.12,2.55,2.7,2.46,-1.2, Competitive — Monitor,-1.0,,,MONITOR — No Clear Signal,0.0,2.43,-0.0,0.0,-0.0,587.0,1427.14375,1426.41,-0.73
21317,GLASS SPHERE CANDLE STAND MEDIUM,5.24,235,675.95,38,4.72,5.2,6.17,5.36,-2.2, Competitive — Monitor,-1.0,,,MONITOR — No Clear Signal,0.0,5.24,0.0,0.0,-0.0,235.0,1231.4,1231.4,0.0
22269,EGG CUP NATURAL CHICKEN,1.243968253968254,560,674.16,62,1.16,1.29,1.31,1.25,-0.5, Competitive — Monitor,-1.0,,,MONITOR — No Clear Signal,0.0,1.24,-0.0,0.0,-0.0,560.0,696.6222222222223,694.4,-2.22
21478,SILVER SKULL HOT WATER BOTTLE ,3.7455,182,673.86,76,3.46,3.8,4.03,3.76,-0.4, Competitive — Monitor,-1.0,,,MONITOR — No Clear Signal,0.0,3.75,0.0,0.0,-0.0,182.0,681.6809999999999,682.5,0.82
22678,"FRENCH BLUE METAL DOOR SIGN, 3",1.25,539,673.75,72,1.13,1.25,1.32,1.23,1.6, Competitive — Monitor,-1.0,,,MONITOR — No Clear Signal,0.0,1.25,0.0,0.0,-0.0,539.0,673.75,673.75,0.0
21801,CHRISTMAS TREE DECORATION WITH BELL,0.42,1599,671.5799999999999,64,0.38,0.4,0.46,0.41,2.4, Competitive — Monitor,-1.0,,,MONITOR — No Clear Signal,0.0,0.42,0.0,0.0,-0.0,1599.0,671.5799999999999,671.5799999999999,0.0
35951,FOLKART BAUBLE CHRISTMAS DECORATION,0.7497499999999999,1339,671.51,40,0.68,0.75,0.89,0.77,-2.6, Competitive — Monitor,-1.0,,,MONITOR — No Clear Signal,0.0,0.75,0.0,0.0,-0.0,1339.0,1003.9152499999999,1004.25,0.33
10125,MINI FUNKY DESIGN TAPES,0.85,790,671.5,63,0.75,0.82,0.9,0.82,3.7, Competitive — Monitor,-1.0,,,MONITOR — No Clear Signal,0.0,0.85,0.0,0.0,-0.0,790.0,671.5,671.5,0.0
21262,WHITE GOOSE FEATHER CHRISTMAS TREE ,5.575,199,671.0500000000001,32,5.05,5.95,6.36,5.79,-3.7, Competitive — Monitor,-1.0,,,MONITOR — No Clear Signal,0.0,5.58,0.0,0.0,-0.0,199.0,1109.425,1110.42,1.0
21725,SWEETIES  STICKERS,0.8500000000000001,788,669.8,79,0.78,0.83,0.95,0.85,0.0, Competitive — Monitor,-1.0,,,MONITOR — No Clear Signal,0.0,0.85,-0.0,0.0,-0.0,788.0,669.8000000000001,669.8,-0.0
85032D,YULETIDE IMAGES GIFT WRAP SET,2.0151282051282053,413,669.0600000000001,38,1.89,2.16,2.4,2.15,-6.3, Competitive — Monitor,-1.0,,,MONITOR — No Clear Signal,0.0,2.02,0.0,0.0,-0.0,413.0,832.2479487179488,834.26,2.01
84615,PINK ROUND BUTTERFLY MIRROR ,3.861666666666667,235,667.8299999999999,18,3.53,3.88,4.13,3.85,0.3, Competitive — Monitor,-1.0,,,MONITOR — No Clear Signal,0.0,3.86,-0.0,0.0,-0.0,235.0,907.4916666666667,907.1,-0.39
22512,DOORSTOP RACING CAR DESIGN,3.6427272727272726,261,667.23,31,3.37,3.72,3.94,3.68,-1.0, Competitive — Monitor,-1.0,,,MONITOR — No Clear Signal,0.0,3.64,-0.0,0.0,-0.0,261.0,950.7518181818182,950.0400000000001,-0.71
72753A,S/3 FLWR FAIRY LILLY CANDLES,2.6318181818181823,312,666.9000000000001,11,2.28,2.65,2.78,2.57,2.4, Competitive — Monitor,-1.0,,,MONITOR — No Clear Signal,0.0,2.63,-0.0,0.0,-0.0,312.0,821.1272727272728,820.56,-0.57
22786,PILLOWCUSHION COVER PINK UNION JACK,5.95,112,666.4000000000001,41,5.33,5.6,6.63,5.85,1.7, Competitive — Monitor,-1.0,,,MONITOR — No Clear Signal,0.0,5.95,0.0,0.0,-0.0,112.0,666.4,666.4,0.0
84029C,BROWN FURRY HOT WATER BOTTLE,3.7078947368421056,191,665.05,38,3.16,3.63,4.05,3.61,2.7, Competitive — Monitor,-1.0,,,MONITOR — No Clear Signal,0.0,3.71,0.0,0.0,-0.0,191.0,708.2078947368421,708.61,0.4
21991,BOHEMIAN COLLAGE STATIONERY SET,2.636842105263158,405,664.35,37,2.31,2.47,3.11,2.63,0.3, Competitive — Monitor,-1.0,,,MONITOR — No Clear Signal,0.0,2.64,0.0,0.0,-0.0,405.0,1067.921052631579,1069.2,1.28
84818,DANISH ROSE PHOTO FRAME,2.5336363636363637,269,664.35,55,2.34,2.58,2.89,2.6,-2.6, Competitive — Monitor,-1.0,,,MONITOR — No Clear Signal,0.0,2.53,-0.0,0.0,-0.0,269.0,681.5481818181819,680.5699999999999,-0.98
37492D,PURPLE GREEN FLOWER PIGGY BANK,3.7750000000000004,359,664.3499999999999,24,3.58,3.74,4.31,3.88,-2.7, Competitive — Monitor,-1.0,,,MONITOR — No Clear Signal,0.0,3.78,0.0,0.0,-0.0,359.0,1355.2250000000001,1357.02,1.79
20783,HEART EAR MUFF HEADPHONES,5.442,131,663.75,34,4.68,5.68,6.15,5.5,-1.1, Competitive — Monitor,-1.0,,,MONITOR — No Clear Signal,0.0,5.44,-0.0,0.0,-0.0,131.0,712.902,712.6400000000001,-0.26
21802,CHRISTMAS TREE HEART DECORATION,0.42,1579,663.18,60,0.37,0.4,0.45,0.41,2.4, Competitive — Monitor,-1.0,,,MONITOR — No Clear Signal,0.0,0.42,0.0,0.0,-0.0,1579.0,663.18,663.18,0.0
21803,CHRISTMAS TREE STAR DECORATION,0.42,1579,663.18,58,0.39,0.4,0.47,0.42,0.0, Competitive — Monitor,-1.0,,,MONITOR — No Clear Signal,0.0,0.42,0.0,0.0,-0.0,1579.0,663.18,663.18,0.0
85231E,STRAWBERRY SCENTED SET/9 T-LIGHTS,0.8458947368421053,816,662.4,93,0.74,0.83,1.02,0.86,-1.6, Competitive — Monitor,-1.0,,,MONITOR — No Clear Signal,0.0,0.85,0.0,0.0,-0.0,816.0,690.2501052631579,693.6,3.35
84689,S/2 BEACH HUT TREASURE CHESTS,4.3375,302,661.6999999999999,32,3.93,4.63,5.1,4.55,-4.7, Competitive — Monitor,-1.0,,,MONITOR — No Clear Signal,0.0,4.34,0.0,0.0,-0.0,302.0,1309.9250000000002,1310.68,0.75
17165D,ASS COL LARGE SAND FROG P'WEIGHT,1.0342857142857143,696,661.32,82,0.95,1.07,1.22,1.08,-4.2, Competitive — Monitor,-1.0,,,MONITOR — No Clear Signal,0.0,1.03,-0.0,0.0,-0.0,696.0,719.8628571428571,716.88,-2.98
17109C,FLOWER FAIRY INCENSE ROSE,1.238,3124,661.23,15,1.13,1.22,1.45,1.27,-2.5, Competitive — Monitor,-1.0,,,MONITOR — No Clear Signal,0.0,1.24,0.0,0.0,-0.0,3124.0,3867.512,3873.7599999999998,6.25
84620,BLUE GINGHAM ROSE CUSHION COVER,5.95,111,660.45,45,5.17,5.97,6.34,5.83,2.1, Competitive — Monitor,-1.0,,,MONITOR — No Clear Signal,0.0,5.95,0.0,0.0,-0.0,111.0,660.45,660.45,0.0
72586,"S/6 HALLOWEEN GHOST T LIGHTS, 5CM H",0.42,1572,660.24,71,0.37,0.39,0.46,0.41,2.4, Competitive — Monitor,-1.0,,,MONITOR — No Clear Signal,0.0,0.42,0.0,0.0,-0.0,1572.0,660.24,660.24,0.0
85116,BLACK CANDELABRA T-LIGHT HOLDER,1.6104347826086955,671,660.0600000000001,22,1.5,1.74,1.69,1.64,-1.8, Competitive — Monitor,-1.0,,,MONITOR — No Clear Signal,0.0,1.61,-0.0,0.0,-0.0,671.0,1080.6017391304347,1080.3100000000002,-0.29
85131A,BEADED PEARL HEART WHITE ON STICK,0.9901785714285715,955,659.51,54,0.9,1.02,1.08,1.0,-1.0, Competitive — Monitor,-5.062,Highly Elastic — Consider Discount,-5%,MONITOR — No Clear Signal,0.0,0.99,-0.0,0.0,-0.0,955.0,945.6205357142858,945.45,-0.17
21555,CERAMIC STRAWBERRY TRINKET TRAY,2.5424999999999995,267,659.25,40,2.16,2.46,2.71,2.44,4.2, Competitive — Monitor,-1.0,,,MONITOR — No Clear Signal,0.0,2.54,-0.0,0.0,-0.0,267.0,678.8474999999999,678.1800000000001,-0.67
21764,VINTAGE WOODEN PLATE RACK,39.49545454545455,17,659.1500000000001,11,36.58,40.04,44.27,40.3,-2.0, Competitive — Monitor,-1.0,,,MONITOR — No Clear Signal,0.0,39.5,0.0,0.0,-0.0,17.0,671.4227272727273,671.5,0.08
85125,SMALL ROUND CUT GLASS CANDLESTICK,4.8961538461538465,142,658.1,25,4.18,4.59,5.64,4.8,2.0, Competitive — Monitor,-1.0,,,MONITOR — No Clear Signal,0.0,4.9,0.0,0.0,-0.0,142.0,695.2538461538462,695.8000000000001,0.55
84247E,PACK/12 XMAS FUN CARD,2.9423076923076925,229,656.35,48,2.72,3.16,3.48,3.12,-5.7, Competitive — Monitor,-1.0,,,MONITOR — No Clear Signal,0.0,2.94,-0.0,0.0,-0.0,229.0,673.7884615384615,673.26,-0.53
85194L,HANGING SPRING FLOWER EGG LARGE,0.8451851851851852,814,654.4599999999999,53,0.74,0.8,0.98,0.84,0.6, Competitive — Monitor,-1.0,,,MONITOR — No Clear Signal,0.0,0.85,0.0,0.0,-0.0,814.0,687.9807407407407,691.9,3.92
20775,DAISY NOTEBOOK ,1.6083333333333334,3451,654.15,34,1.52,1.65,1.92,1.7,-5.4, Competitive — Monitor,-1.0,,,MONITOR — No Clear Signal,0.0,1.61,0.0,0.0,-0.0,3451.0,5550.358333333334,5556.110000000001,5.75
21308,LOUVRE VANITY MIRROR,6.966666666666666,129,653.85,3,6.18,6.68,7.37,6.74,3.4, Competitive — Monitor,-1.0,,,MONITOR — No Clear Signal,0.0,6.97,0.0,0.0,-0.0,129.0,898.6999999999999,899.13,0.43
21331,MOROCCAN BEATEN METAL DISH LARGE,11.464117647058822,93,653.49,17,10.12,11.86,12.06,11.35,1.0, Competitive — Monitor,-1.0,,,MONITOR — No Clear Signal,0.0,11.46,-0.0,0.0,-0.0,93.0,1066.1629411764704,1065.78,-0.38
20862,PINK PATCH PENCIL CASE BLUE HEART,2.0853571428571427,316,652.53,28,1.8,2.18,2.4,2.13,-2.1, Competitive — Monitor,-1.0,,,MONITOR — No Clear Signal,0.0,2.09,0.0,0.0,-0.0,316.0,658.972857142857,660.4399999999999,1.47
22680,"FRENCH BLUE METAL DOOR SIGN, 5",1.25,522,652.5,65,1.1,1.28,1.37,1.25,0.0, Competitive — Monitor,-1.0,,,MONITOR — No Clear Signal,0.0,1.25,0.0,0.0,-0.0,522.0,652.5,652.5,0.0
20986,BLUE CALCULATOR RULER,1.24525,552,652.0,76,1.17,1.27,1.35,1.26,-1.2, Competitive — Monitor,-1.0,,,MONITOR — No Clear Signal,0.0,1.25,0.0,0.0,-0.0,552.0,687.3779999999999,690.0,2.62
85124B,BLUE JUICY FRUIT PHOTO FRAME,2.5422413793103447,262,651.9,58,2.41,2.7,2.8,2.64,-3.7, Competitive — Monitor,-1.0,,,MONITOR — No Clear Signal,0.0,2.54,-0.0,0.0,-0.0,262.0,666.0672413793103,665.48,-0.59
22099,CARAVAN SQUARE TISSUE BOX,1.209313725490196,641,651.85,96,1.07,1.13,1.32,1.17,3.4, Competitive — Monitor,-1.0,,,MONITOR — No Clear Signal,0.0,1.21,0.0,0.0,-0.0,641.0,775.1700980392156,775.61,0.44
22673,FRENCH GARDEN SIGN BLUE METAL,1.2468333333333335,536,651.76,60,1.12,1.21,1.4,1.24,0.6, Competitive — Monitor,-1.0,,,MONITOR — No Clear Signal,0.0,1.25,0.0,0.0,-0.0,536.0,668.3026666666667,670.0,1.7
21350,GINGHAM HEART WREATH,2.940909090909091,226,650.7,41,2.71,2.82,3.28,2.94,0.0, Competitive — Monitor,-1.0,,,MONITOR — No Clear Signal,0.0,2.94,-0.0,0.0,-0.0,226.0,664.6454545454545,664.4399999999999,-0.21
22034,ROBIN CHRISTMAS CARD,0.4193023255813953,1569,650.34,83,0.39,0.45,0.47,0.44,-4.7, Competitive — Monitor,-1.0,,,MONITOR — No Clear Signal,0.0,0.42,0.0,0.0,-0.0,1569.0,657.8853488372092,658.98,1.09
21631,HIPPY CHIC DECORATIVE PARASOL,12.75,51,650.25,26,11.59,12.52,14.67,12.93,-1.4, Competitive — Monitor,-1.0,,,MONITOR — No Clear Signal,0.0,12.75,0.0,0.0,-0.0,51.0,650.25,650.25,0.0
84986B,SET OF 36 SILVER PAPER DOILIES,1.45,447,648.15,67,1.29,1.5,1.61,1.47,-1.4, Competitive — Monitor,-1.0,,,MONITOR — No Clear Signal,0.0,1.45,0.0,0.0,-0.0,447.0,648.15,648.15,0.0
85071B,RED CHARLIE+LOLA PERSONAL DOORSIGN,2.2060526315789475,1143,647.6500000000001,37,1.97,2.27,2.4,2.21,-0.2, Competitive — Monitor,-7.913,Highly Elastic — Consider Discount,-5%,MONITOR — No Clear Signal,0.0,2.21,0.0,0.0,-0.0,1143.0,2521.5181578947368,2526.0299999999997,4.51
85145,JARDIN ETCHED GLASS LARGE BELL JAR,12.538235294117648,54,645.3,17,11.53,11.96,13.48,12.32,1.8, Competitive — Monitor,-1.0,,,MONITOR — No Clear Signal,0.0,12.54,0.0,0.0,-0.0,54.0,677.064705882353,677.16,0.1
22679,"FRENCH BLUE METAL DOOR SIGN, 4",1.25,515,643.75,66,1.06,1.2,1.38,1.21,3.3, Competitive — Monitor,-1.0,,,MONITOR — No Clear Signal,0.0,1.25,0.0,0.0,-0.0,515.0,643.75,643.75,0.0
20941,FROG CANDLE,1.1626923076923077,867,643.37,52,1.06,1.12,1.35,1.18,-1.5, Competitive — Monitor,-1.0,,,MONITOR — No Clear Signal,0.0,1.16,-0.0,0.0,-0.0,867.0,1008.0542307692308,1005.7199999999999,-2.33
84925D,LA PALMIERA WALL THERMOMETER,2.1999999999999997,438,641.75,17,1.95,2.17,2.56,2.23,-1.3, Competitive — Monitor,-1.0,,,MONITOR — No Clear Signal,0.0,2.2,0.0,0.0,-0.0,438.0,963.5999999999999,963.6,0.0
85230F,JASMINE VOTIVE CANDLE,0.2772,2630,641.7399999999999,50,0.26,0.27,0.32,0.28,-1.0, Competitive — Monitor,-1.0,,,MONITOR — No Clear Signal,0.0,0.28,0.0,0.0,-0.0,2630.0,729.0360000000001,736.4000000000001,7.36
22232,3 PIECE JIGSAW TOADSTOOLS,1.6462264150943395,396,640.6,53,1.41,1.52,1.79,1.57,4.9, Competitive — Monitor,-1.0,,,MONITOR — No Clear Signal,0.0,1.65,0.0,0.0,-0.0,396.0,651.9056603773585,653.4,1.49
22529,MAGIC DRAWING SLATE GO TO THE FAIR ,0.4171084337349397,1608,639.36,82,0.38,0.44,0.47,0.43,-3.0, Competitive — Monitor,-1.0,,,MONITOR — No Clear Signal,0.0,0.42,0.0,0.0,-0.0,1608.0,670.7103614457831,675.36,4.65
17096,ASSORTED LAQUERED INCENSE HOLDERS,0.19833333333333333,3643,638.3100000000001,22,0.18,0.21,0.23,0.21,-5.6, Competitive — Monitor,-1.0,,,MONITOR — No Clear Signal,0.0,0.2,0.0,0.0,-0.0,3643.0,722.5283333333333,728.6,6.07
18007,ESSENTIAL BALM 3.5g TIN IN ENVELOPE,0.1726315789473684,5505,638.1,36,0.16,0.17,0.19,0.17,1.5, Competitive — Monitor,-1.0,,,MONITOR — No Clear Signal,0.0,0.17,-0.0,0.0,-0.0,5505.0,950.3368421052631,935.85,-14.49
84715,SET OF 6 ICE CREAM SKITTLES,2.95,216,637.2,36,2.53,2.87,3.34,2.91,1.4, Competitive — Monitor,-1.0,,,MONITOR — No Clear Signal,0.0,2.95,0.0,0.0,-0.0,216.0,637.2,637.2,0.0
35647,VINTAGE BEAD PINK SHADE ,1.2321428571428572,512,636.25,41,1.12,1.13,1.38,1.21,1.8, Competitive — Monitor,-1.0,,,MONITOR — No Clear Signal,0.0,1.23,-0.0,0.0,-0.0,512.0,630.8571428571429,629.76,-1.1
22983,"CARD, BILLBOARD FONT",0.41739130434782606,1566,636.12,90,0.38,0.43,0.47,0.43,-2.9, Competitive — Monitor,-1.0,,,MONITOR — No Clear Signal,0.0,0.42,0.0,0.0,-0.0,1566.0,653.6347826086957,657.72,4.09
22792,FLUTED ANTIQUE CANDLE HOLDER,0.8474509803921568,759,635.79,50,0.77,0.89,0.98,0.88,-3.7, Competitive — Monitor,-1.0,,,MONITOR — No Clear Signal,0.0,0.85,0.0,0.0,-0.0,759.0,643.215294117647,645.15,1.93
40018E,TEA TIME PAPER LANTERNS,1.9447999999999999,336,634.4,48,1.77,1.83,2.07,1.89,2.9, Competitive — Monitor,-1.0,,,MONITOR — No Clear Signal,0.0,1.94,-0.0,0.0,-0.0,336.0,653.4527999999999,651.84,-1.61
21944,KITTENS DESIGN FLANNEL,0.7893023255813953,1307,634.0699999999999,42,0.72,0.75,0.92,0.8,-1.3, Competitive — Monitor,-1.0,,,MONITOR — No Clear Signal,0.0,0.79,0.0,0.0,-0.0,1307.0,1031.6181395348838,1032.53,0.91
20661,BLUE SPOTTY PURSE ,2.8110000000000004,780,633.0000000000001,38,2.62,2.94,3.01,2.86,-1.7, Competitive — Monitor,-1.0,,,MONITOR — No Clear Signal,0.0,2.81,-0.0,0.0,-0.0,780.0,2192.5800000000004,2191.8,-0.78
84358,FLOOR LAMP SHADE WOOD BASE,9.283636363636363,82,631.84,11,8.14,9.46,9.84,9.15,1.5, Competitive — Monitor,-1.0,,,MONITOR — No Clear Signal,0.0,9.28,-0.0,0.0,-0.0,82.0,761.2581818181818,760.9599999999999,-0.3
84869,CANDY BUTTON PHOTO ALBUM,3.6642857142857146,295,631.25,21,3.42,3.4,4.38,3.73,-1.8, Competitive — Monitor,-1.0,,,MONITOR — No Clear Signal,0.0,3.66,-0.0,0.0,-0.0,295.0,1080.9642857142858,1079.7,-1.26
84964A,PINK PAINTED KASHMIRI TABLE,45.0,11,630.0,2,40.49,45.88,53.71,46.69,-3.6, Competitive — Monitor,-1.0,,,MONITOR — No Clear Signal,0.0,45.0,0.0,0.0,-0.0,11.0,495.0,495.0,0.0
22260,FELT EGG COSY BLUE RABBIT ,0.8481159420289854,787,629.9499999999999,62,0.73,0.82,0.9,0.82,3.4, Competitive — Monitor,-1.0,,,MONITOR — No Clear Signal,0.0,0.85,0.0,0.0,-0.0,787.0,667.4672463768115,668.9499999999999,1.48
21851,LILAC DIAMANTE PEN IN GIFT BOX,4.188235294117647,363,627.65,33,3.58,4.1,4.68,4.12,1.7, Competitive — Monitor,-1.0,,,MONITOR — No Clear Signal,0.0,4.19,0.0,0.0,-0.0,363.0,1520.329411764706,1520.9700000000003,0.64
72023F,RED ORGANIC CANDLE IN GLASS,1.22,613,627.05,38,1.08,1.27,1.32,1.22,0.0, Competitive — Monitor,-1.0,,,MONITOR — No Clear Signal,0.0,1.22,0.0,0.0,-0.0,613.0,747.86,747.86,0.0
84842,HELLO SAILOR BATHROOM SET,3.3255555555555554,1482,626.3000000000001,17,3.09,3.49,3.73,3.44,-3.3, Competitive — Monitor,-1.0,,,MONITOR — No Clear Signal,0.0,3.33,0.0,0.0,-0.0,1482.0,4928.473333333333,4935.06,6.59
16169N,WRAP BLUE RUSSIAN FOLKART,0.3501785714285714,2025,626.25,56,0.32,0.34,0.41,0.36,-2.7, Competitive — Monitor,-1.0,,,MONITOR — No Clear Signal,0.0,0.35,-0.0,0.0,-0.0,2025.0,709.1116071428571,708.75,-0.36
17164B,ASS COL SMALL SAND GECKO P'WEIGHT,0.41740740740740745,1567,626.1,72,0.39,0.45,0.5,0.45,-7.2, Competitive — Monitor,-1.0,,,MONITOR — No Clear Signal,0.0,0.42,0.0,0.0,-0.0,1567.0,654.0774074074075,658.14,4.06
22056,CERAMIC PLATE LOVE HEART DESIGN,1.433076923076923,600,625.8,25,1.29,1.41,1.64,1.45,-1.2, Competitive — Monitor,-1.0,,,MONITOR — No Clear Signal,0.0,1.43,-0.0,0.0,-0.0,600.0,859.8461538461537,858.0,-1.85
85218,S/5 MINI ICE CREAM FRIDGE MAGNETS,0.875,1992,625.1999999999999,2,0.78,0.91,0.97,0.89,-1.7, Competitive — Monitor,-1.0,,,MONITOR — No Clear Signal,0.0,0.88,0.01,0.0,-0.0,1992.0,1743.0,1752.96,9.96
72800C,S/4 PINK DINNER CANDLE SILVER FLOCK,2.218684210526316,522,624.42,36,1.92,2.21,2.53,2.22,-0.1, Competitive — Monitor,-3.239,Highly Elastic — Consider Discount,-5%,MONITOR — No Clear Signal,0.0,2.22,0.0,0.0,-0.0,522.0,1158.153157894737,1158.8400000000001,0.69
22340,NOEL GARLAND PAINTED ZINC ,1.65,377,622.05,34,1.46,1.75,1.81,1.67,-1.2, Competitive — Monitor,-1.0,,,MONITOR — No Clear Signal,0.0,1.65,0.0,0.0,-0.0,377.0,622.05,622.05,0.0
84761,IVORY HANGING BIRD PLANTER ,2.540816326530612,248,621.5999999999999,46,2.27,2.71,3.01,2.66,-4.5, Competitive — Monitor,-1.0,,,MONITOR — No Clear Signal,0.0,2.54,-0.0,0.0,-0.0,248.0,630.1224489795917,629.92,-0.2
22164,STRING OF STARS CARD HOLDER,2.8951612903225805,238,620.5000000000001,31,2.49,2.7,3.42,2.87,0.9, Competitive — Monitor,-1.0,,,MONITOR — No Clear Signal,0.0,2.9,0.0,0.0,-0.0,238.0,689.0483870967741,690.1999999999999,1.15
21131,GOLD STANDING GNOME,4.208333333333333,160,620.0,11,3.67,4.5,4.77,4.31,-2.4, Competitive — Monitor,-1.0,,,MONITOR — No Clear Signal,0.0,4.21,0.0,0.0,-0.0,160.0,673.3333333333333,673.6,0.27
20894,HANGING BAUBLE T-LIGHT HOLDER LARGE,2.9373015873015875,216,618.0,53,2.67,3.09,3.23,3.0,-2.1, Competitive — Monitor,-1.0,,,MONITOR — No Clear Signal,0.0,2.94,0.0,0.0,-0.0,216.0,634.4571428571429,635.04,0.58
22408,MONEY BOX CONFECTIONERY DESIGN,1.2433333333333334,503,617.35,55,1.15,1.3,1.36,1.27,-2.1, Competitive — Monitor,-1.0,,,MONITOR — No Clear Signal,0.0,1.24,-0.0,0.0,-0.0,503.0,625.3966666666666,623.72,-1.68
84932C,SMALL ORIENTAL BLUE FOLDING STOOL,3.105882352941176,282,615.4,34,2.95,2.96,3.28,3.06,1.5, Competitive — Monitor,-1.0,,,MONITOR — No Clear Signal,0.0,3.11,0.0,0.0,-0.0,282.0,875.8588235294117,877.02,1.16
72819,CUPID DESIGN SCENTED CANDLES,2.1987499999999995,466,614.4,37,2.07,2.31,2.58,2.32,-5.2, Competitive — Monitor,-1.0,,,MONITOR — No Clear Signal,0.0,2.2,0.0,0.0,-0.0,466.0,1024.6174999999998,1025.2,0.58
85129D,BEADED CRYSTAL HEART PINK SMALL,1.2464814814814815,493,613.97,52,1.14,1.32,1.39,1.28,-2.6, Competitive — Monitor,-1.0,,,MONITOR — No Clear Signal,0.0,1.25,0.0,0.0,-0.0,493.0,614.5153703703704,616.25,1.73
84534B,FAIRY CAKE NOTEBOOK A5 SIZE,0.85,721,612.8499999999999,106,0.76,0.82,0.93,0.84,1.2, Competitive — Monitor,-1.0,,,MONITOR — No Clear Signal,0.0,0.85,0.0,0.0,-0.0,721.0,612.85,612.85,0.0
21580,RABBIT  DESIGN  COTTON TOTE BAG,2.2282608695652173,280,612.0,68,2.04,2.39,2.5,2.31,-3.5, Competitive — Monitor,-1.0,,,MONITOR — No Clear Signal,0.0,2.23,0.0,0.0,-0.0,280.0,623.9130434782609,624.4,0.49
21676,FLOWERS  STICKERS,0.7839705882352942,909,611.61,68,0.73,0.73,0.92,0.79,-0.8, Competitive — Monitor,-1.0,,,MONITOR — No Clear Signal,0.0,0.78,-0.0,0.0,-0.0,909.0,712.6292647058824,709.02,-3.61
21399,BLUE  SPOTTY  COFFEE MUG,2.0794117647058825,307,611.1,34,1.79,1.96,2.22,1.99,4.5, Competitive — Monitor,-1.0,,,MONITOR — No Clear Signal,0.0,2.08,0.0,0.0,-0.0,307.0,638.3794117647059,638.5600000000001,0.18
16156N,"WRAP, FRIENDSHIP ON GREEN",0.42,1450,609.0,55,0.37,0.42,0.5,0.43,-2.3, Competitive — Monitor,-1.0,,,MONITOR — No Clear Signal,0.0,0.42,0.0,0.0,-0.0,1450.0,609.0,609.0,0.0
84601A,NEW BAROQUE IVORY CUSHION COVER ,2.7750000000000004,254,607.7,12,2.59,2.81,3.29,2.9,-4.3, Competitive — Monitor,-1.0,,,MONITOR — No Clear Signal,0.0,2.78,0.0,0.0,-0.0,254.0,704.8500000000001,706.12,1.27
22685,"FRENCH BLUE METAL DOOR SIGN, 0",1.25,486,607.5,58,1.11,1.28,1.49,1.29,-3.1, Competitive — Monitor,-1.0,,,MONITOR — No Clear Signal,0.0,1.25,0.0,0.0,-0.0,486.0,607.5,607.5,0.0
20867,PINK ROSE FABRIC MIRROR,1.2177777777777778,694,606.5,51,1.1,1.12,1.35,1.19,2.3, Competitive — Monitor,-1.0,,,MONITOR — No Clear Signal,0.0,1.22,0.0,0.0,-0.0,694.0,845.1377777777778,846.68,1.54
84596E,SMALL LICORICE DES PINK BOWL,1.248041237113402,496,606.32,93,1.13,1.34,1.35,1.27,-1.7, Competitive — Monitor,-1.0,,,MONITOR — No Clear Signal,0.0,1.25,0.0,0.0,-0.0,496.0,619.0284536082473,620.0,0.97
85044,RED REINDEER STRING OF 20 LIGHTS,4.86923076923077,131,605.75,26,4.23,4.51,5.39,4.71,3.4, Competitive — Monitor,-1.0,,,MONITOR — No Clear Signal,0.0,4.87,0.0,0.0,-0.0,131.0,637.8692307692309,637.97,0.1
16244B,MAXWELL 2 TONE BLUE 60 PAGE PHOTO A,3.483333333333333,302,605.0,6,3.09,3.28,3.83,3.4,2.5, Competitive — Monitor,-1.0,,,MONITOR — No Clear Signal,0.0,3.48,-0.0,0.0,-0.0,302.0,1051.9666666666665,1050.96,-1.01
84932A,SMALL GREEN PEONY FOLDING STOOL,3.860416666666667,262,602.6,24,3.41,3.56,4.16,3.71,4.1, Competitive — Monitor,-1.0,,,MONITOR — No Clear Signal,0.0,3.86,-0.0,0.0,-0.0,262.0,1011.4291666666668,1011.3199999999999,-0.11
85028L,FRENCH CHATEAU LARGE FRUIT BOWL ,5.630952380952381,259,602.25,21,4.8,5.69,6.43,5.64,-0.2, Competitive — Monitor,-6.501,Highly Elastic — Consider Discount,-5%,MONITOR — No Clear Signal,0.0,5.63,-0.0,0.0,-0.0,259.0,1458.4166666666667,1458.17,-0.25
22267,EASTER DECORATION EGG BUNNY ,1.221818181818182,630,601.98,30,1.04,1.31,1.37,1.24,-1.5, Competitive — Monitor,-1.0,,,MONITOR — No Clear Signal,0.0,1.22,-0.0,0.0,-0.0,630.0,769.7454545454545,768.6,-1.15
21061,PARTY INVITES FOOTBALL,0.8235897435897436,928,600.52,75,0.77,0.85,0.97,0.86,-4.2, Competitive — Monitor,-1.0,,,MONITOR — No Clear Signal,0.0,0.82,-0.0,0.0,-0.0,928.0,764.291282051282,760.9599999999999,-3.33
84578,ELEPHANT TOY WITH BLUE T-SHIRT,3.736666666666667,161,599.43,78,3.28,3.93,3.94,3.72,0.4, Competitive — Monitor,-1.0,,,MONITOR — No Clear Signal,0.0,3.74,0.0,0.0,-0.0,161.0,601.6033333333334,602.14,0.54
85031B,BLOSSOM IMAGES SCRAP BOOK SET,3.3846153846153846,408,598.8,25,3.05,3.12,3.88,3.35,1.0, Competitive — Monitor,-1.682,Highly Elastic — Consider Discount,-5%,MONITOR — No Clear Signal,0.0,3.38,-0.0,0.0,-0.0,408.0,1380.923076923077,1379.04,-1.88
84341B,SMALL PINK MAGIC CHRISTMAS TREE,0.7928378378378379,1102,598.3,67,0.7,0.8,0.92,0.81,-2.1, Competitive — Monitor,-1.0,,,MONITOR — No Clear Signal,0.0,0.79,-0.0,0.0,-0.0,1102.0,873.7072972972974,870.58,-3.13
22682,"FRENCH BLUE METAL DOOR SIGN, 7",1.25,478,597.5,59,1.18,1.24,1.45,1.29,-3.1, Competitive — Monitor,-1.0,,,MONITOR — No Clear Signal,0.0,1.25,0.0,0.0,-0.0,478.0,597.5,597.5,0.0
21247,SET OF RED SALAD SERVERS ,1.49,401,597.49,61,1.31,1.49,1.76,1.52,-2.0, Competitive — Monitor,-1.0,,,MONITOR — No Clear Signal,0.0,1.49,0.0,0.0,-0.0,401.0,597.49,597.49,0.0
21619,4 VANILLA BOTANICAL CANDLES,3.75,159,596.25,47,3.35,3.49,4.35,3.73,0.5, Competitive — Monitor,-1.0,,,MONITOR — No Clear Signal,0.0,3.75,0.0,0.0,-0.0,159.0,596.25,596.25,0.0
22598,CHRISTMAS MUSICAL ZINC TREE,0.8384444444444443,756,595.8,44,0.79,0.86,1.0,0.88,-4.7, Competitive — Monitor,-1.0,,,MONITOR — No Clear Signal,0.0,0.84,0.0,0.0,-0.0,756.0,633.8639999999999,635.04,1.18
85017A,ENVELOPE 50 ROMANTIC IMAGES,0.8334615384615384,919,595.39,51,0.78,0.83,0.92,0.84,-0.8, Competitive — Monitor,-1.0,,,MONITOR — No Clear Signal,0.0,0.83,-0.0,0.0,-0.0,919.0,765.9511538461537,762.77,-3.18
85028S,FRENCH CHATEAU SMALL FRUITBOWL,3.47,405,595.0500000000001,24,3.01,3.62,3.91,3.51,-1.1, Competitive — Monitor,-1.0,,,MONITOR — No Clear Signal,0.0,3.47,0.0,0.0,-0.0,405.0,1405.3500000000001,1405.3500000000001,0.0
21189,WHITE HONEYCOMB PAPER GARLAND ,1.6312499999999999,378,594.5,32,1.52,1.63,1.72,1.62,0.7, Competitive — Monitor,-1.0,,,MONITOR — No Clear Signal,0.0,1.63,-0.0,0.0,-0.0,378.0,616.6125,616.14,-0.47
22389,PAPERWEIGHT SAVE THE PLANET,2.392391304347826,307,593.8499999999999,46,2.14,2.26,2.51,2.3,4.0, Competitive — Monitor,-1.0,,,MONITOR — No Clear Signal,0.0,2.39,-0.0,0.0,-0.0,307.0,734.4641304347825,733.73,-0.73
20934,SET/3 POT PLANT CANDLES,5.363793103448276,115,593.75,27,4.82,5.49,5.83,5.38,-0.3, Competitive — Monitor,-1.0,,,MONITOR — No Clear Signal,0.0,5.36,-0.0,0.0,-0.0,115.0,616.8362068965517,616.4000000000001,-0.44
22216,T-LIGHT HOLDER WHITE LACE,0.8407142857142857,742,593.26,37,0.73,0.8,0.9,0.81,3.8, Competitive — Monitor,-1.0,,,MONITOR — No Clear Signal,0.0,0.84,-0.0,0.0,-0.0,742.0,623.8100000000001,623.28,-0.53
22762,CUPBOARD 3 DRAWER MA CAMPAGNE,14.758695652173913,42,592.6999999999999,23,12.66,15.64,16.07,14.79,-0.2, Competitive — Monitor,-1.0,,,MONITOR — No Clear Signal,0.0,14.76,0.0,0.0,-0.0,42.0,619.8652173913043,619.92,0.05
21440,12 MINI TOADSTOOL PEGS,1.25,474,592.5,88,1.15,1.27,1.35,1.26,-0.8, Competitive — Monitor,-1.0,,,MONITOR — No Clear Signal,0.0,1.25,0.0,0.0,-0.0,474.0,592.5,592.5,0.0
72772,SET/4 SCENTED CANDLES IN RAMEKINS,1.875,454,592.5,8,1.69,1.77,1.98,1.81,3.6, Competitive — Monitor,-1.0,,,MONITOR — No Clear Signal,0.0,1.88,0.0,0.0,-0.0,454.0,851.25,853.52,2.27
84033,FLAG OF ST GEORGE ,1.65,359,592.35,37,1.47,1.77,1.96,1.73,-4.6, Competitive — Monitor,-1.0,,,MONITOR — No Clear Signal,0.0,1.65,0.0,0.0,-0.0,359.0,592.35,592.35,0.0
21043,APRON MODERN VINTAGE COTTON,5.7,160,592.0,32,5.26,5.72,5.99,5.66,0.7, Competitive — Monitor,-1.0,,,MONITOR — No Clear Signal,0.0,5.7,0.0,0.0,-0.0,160.0,912.0,912.0,0.0
84687,BEACH HUT SHELF W 3 DRAWERS,4.737878787878787,223,590.85,32,4.39,4.41,5.5,4.77,-0.7, Competitive — Monitor,-1.0,,,MONITOR — No Clear Signal,0.0,4.74,0.0,0.0,-0.0,223.0,1056.5469696969697,1057.02,0.47
22684,"FRENCH BLUE METAL DOOR SIGN, 9",1.25,472,590.0,57,1.08,1.28,1.34,1.23,1.6, Competitive — Monitor,-1.0,,,MONITOR — No Clear Signal,0.0,1.25,0.0,0.0,-0.0,472.0,590.0,590.0,0.0
22683,"FRENCH BLUE METAL DOOR SIGN, 8",1.25,472,590.0,58,1.14,1.2,1.48,1.27,-1.6, Competitive — Monitor,-1.0,,,MONITOR — No Clear Signal,0.0,1.25,0.0,0.0,-0.0,472.0,590.0,590.0,0.0
22446,PIN CUSHION RUSSIAN DOLL PINK,3.35,176,589.6,47,2.89,3.51,3.97,3.46,-3.2, Competitive — Monitor,-1.0,,,MONITOR — No Clear Signal,0.0,3.35,0.0,0.0,-0.0,176.0,589.6,589.6,0.0
85017B,ENVELOPE 50 BLOSSOM IMAGES,0.8304545454545454,912,589.4399999999999,44,0.77,0.87,0.95,0.86,-3.4, Competitive — Monitor,-1.0,,,MONITOR — No Clear Signal,0.0,0.83,-0.0,0.0,-0.0,912.0,757.3745454545455,756.9599999999999,-0.41
85031A,ROMANTIC IMAGES SCRAP BOOK SET,3.7564516129032257,370,588.3,31,3.44,4.04,4.32,3.93,-4.4, Competitive — Monitor,-2.937,Highly Elastic — Consider Discount,-5%,MONITOR — No Clear Signal,0.0,3.76,0.0,0.0,-0.0,370.0,1389.8870967741934,1391.1999999999998,1.31
84686,BEACH HUT MIRROR,3.532758620689655,295,588.15,29,3.34,3.53,3.71,3.53,0.1, Competitive — Monitor,-1.0,,,MONITOR — No Clear Signal,0.0,3.53,-0.0,0.0,-0.0,295.0,1042.1637931034481,1041.35,-0.81
22914,BLUE COAT RACK PARIS FASHION,4.898148148148148,129,588.15,26,4.2,4.86,5.87,4.98,-1.6, Competitive — Monitor,-1.0,,,MONITOR — No Clear Signal,0.0,4.9,0.0,0.0,-0.0,129.0,631.8611111111111,632.1,0.24
84631,FRUIT TREE AND BIRDS WALL PLAQUE,5.95,237,588.15,15,5.09,6.19,7.03,6.1,-2.5, Competitive — Monitor,-1.0,,,MONITOR — No Clear Signal,0.0,5.95,0.0,0.0,-0.0,237.0,1410.15,1410.15,0.0
22106,MIRROR MOSAIC HURRICANE LAMP ,5.916666666666667,141,586.95,24,5.2,5.57,7.01,5.93,-0.2, Competitive — Monitor,-1.0,,,MONITOR — No Clear Signal,0.0,5.92,0.0,0.0,-0.0,141.0,834.25,834.72,0.47
20714,POSY SHOPPER BAG,0.5975,1513,586.25,12,0.52,0.6,0.69,0.6,-0.4, Competitive — Monitor,-1.0,,,MONITOR — No Clear Signal,0.0,0.6,0.0,0.0,-0.0,1513.0,904.0175,907.8,3.78
22289,"DECORATION , HANGING METAL CHICKEN",1.2322580645161292,601,586.25,30,1.08,1.24,1.36,1.23,0.2, Competitive — Monitor,-1.0,,,MONITOR — No Clear Signal,0.0,1.23,-0.0,0.0,-0.0,601.0,740.5870967741936,739.23,-1.36
72232,FENG SHUI PILLAR CANDLE,0.19,3085,586.1500000000001,58,0.18,0.18,0.22,0.19,0.0, Competitive — Monitor,-1.0,,,MONITOR — No Clear Signal,0.0,0.19,0.0,0.0,-0.0,3085.0,586.15,586.15,0.0
21076,SET/20 COLLAGE PAPER NAPKIN ,0.8444736842105263,760,585.52,73,0.74,0.83,0.92,0.83,1.7, Competitive — Monitor,-1.0,,,MONITOR — No Clear Signal,0.0,0.84,-0.0,0.0,-0.0,760.0,641.8,638.4,-3.4
84684,BEACH HUT PHOTO FRAME,1.9023809523809523,574,583.0999999999999,21,1.67,2.01,2.16,1.95,-2.4, Competitive — Monitor,-2.851,Highly Elastic — Consider Discount,-5%,MONITOR — No Clear Signal,0.0,1.9,-0.0,0.0,-0.0,574.0,1091.9666666666667,1090.6,-1.37
21134,VICTORIAN METAL POSTCARD CHRISTMAS,1.65,353,582.4499999999999,42,1.53,1.74,1.76,1.68,-1.8, Competitive — Monitor,-1.0,,,MONITOR — No Clear Signal,0.0,1.65,0.0,0.0,-0.0,353.0,582.4499999999999,582.4499999999999,0.0
84638,SMALL KITCHEN FLOWER POTS PLAQUE,4.344736842105263,337,582.15,19,3.89,4.07,5.16,4.37,-0.6, Competitive — Monitor,-1.0,,,MONITOR — No Clear Signal,0.0,4.34,-0.0,0.0,-0.0,337.0,1464.1763157894736,1462.58,-1.6
85053,FRENCH ENAMEL CANDLEHOLDER,2.082173913043478,305,581.87,45,1.93,1.95,2.23,2.04,2.1, Competitive — Monitor,-1.0,,,MONITOR — No Clear Signal,0.0,2.08,-0.0,0.0,-0.0,305.0,635.0630434782609,634.4,-0.66
35811A,ENAMEL PINK SUGAR CONTAINER,1.887659574468085,391,581.58,47,1.62,1.82,2.05,1.83,3.2, Competitive — Monitor,-1.0,,,MONITOR — No Clear Signal,0.0,1.89,0.0,0.0,-0.0,391.0,738.0748936170213,738.99,0.92
84934,ASSTD DESIGN POP ART SLIM PEN,0.85,684,581.4,12,0.76,0.9,0.96,0.87,-2.3, Competitive — Monitor,-1.0,,,MONITOR — No Clear Signal,0.0,0.85,0.0,0.0,-0.0,684.0,581.4,581.4,0.0
22322,BIRD DECORATION GREEN  SPOT,0.85,682,579.6999999999999,55,0.73,0.8,0.99,0.84,1.2, Competitive — Monitor,-1.0,,,MONITOR — No Clear Signal,0.0,0.85,0.0,0.0,-0.0,682.0,579.6999999999999,579.6999999999999,0.0
85036C,ROSE 1 WICK MORRIS BOXED CANDLE,4.2316666666666665,140,579.16,47,3.62,4.38,4.84,4.28,-1.1, Competitive — Monitor,-1.0,,,MONITOR — No Clear Signal,0.0,4.23,-0.0,0.0,-0.0,140.0,592.4333333333333,592.2,-0.23
22093,MOTORING TISSUE BOX,1.2316831683168317,516,578.4,98,1.16,1.15,1.34,1.22,1.0, Competitive — Monitor,-1.0,,,MONITOR — No Clear Signal,0.0,1.23,-0.0,0.0,-0.0,516.0,635.5485148514852,634.68,-0.87
82616A,BUBBLE GUM SCARF KNITTING KIT,2.7282608695652173,306,576.3000000000001,46,2.36,2.78,2.87,2.67,2.2, Competitive — Monitor,-1.0,,,MONITOR — No Clear Signal,0.0,2.73,0.0,0.0,-0.0,306.0,834.8478260869565,835.38,0.53
21202,DOLLY HONEYCOMB GARLAND,1.6289473684210527,368,575.9999999999999,37,1.47,1.59,1.9,1.65,-1.3, Competitive — Monitor,-1.0,,,MONITOR — No Clear Signal,0.0,1.63,0.0,0.0,-0.0,368.0,599.4526315789474,599.8399999999999,0.39
16169K,WRAP FOLK ART,0.35365384615384615,1875,574.75,52,0.32,0.37,0.42,0.37,-4.4, Competitive — Monitor,-1.0,,,MONITOR — No Clear Signal,0.0,0.35,-0.0,0.0,-0.0,1875.0,663.1009615384615,656.25,-6.85
20704,MR ROBOT SOFT TOY,6.126,134,574.5,25,5.42,5.86,7.18,6.15,-0.4, Competitive — Monitor,-1.0,,,MONITOR — No Clear Signal,0.0,6.13,0.0,0.0,-0.0,134.0,820.884,821.42,0.54
84762B,PINK PICNIC BARBECUE BUCKET,9.15,82,574.3000000000001,21,8.6,9.35,10.24,9.4,-2.7, Competitive — Monitor,-1.0,,,MONITOR — No Clear Signal,0.0,9.15,0.0,0.0,-0.0,82.0,750.3000000000001,750.3000000000001,0.0
22104,MIRROR MOSAIC CANDLE PLATE,1.3010344827586207,875,574.1899999999999,29,1.11,1.25,1.54,1.3,0.1, Competitive — Monitor,-1.0,,,MONITOR — No Clear Signal,0.0,1.3,-0.0,0.0,-0.0,875.0,1138.405172413793,1137.5,-0.91
21376,LARGE  TALL CAMPHOR WOOD TOADSTOOL ,4.880769230769231,143,572.95,26,4.47,5.05,5.42,4.98,-2.0, Competitive — Monitor,-1.0,,,MONITOR — No Clear Signal,0.0,4.88,-0.0,0.0,-0.0,143.0,697.95,697.84,-0.11
22643,SET OF 4 NAPKIN CHARMS LEAVES   ,2.541176470588235,230,572.1,47,2.4,2.69,2.87,2.65,-4.1, Competitive — Monitor,-1.0,,,MONITOR — No Clear Signal,0.0,2.54,-0.0,0.0,-0.0,230.0,584.470588235294,584.2,-0.27
21060,PARTY INVITES BALLOON GIRL,0.8312676056338028,864,571.8,71,0.75,0.78,0.93,0.82,1.4, Competitive — Monitor,-1.0,,,MONITOR — No Clear Signal,0.0,0.83,-0.0,0.0,-0.0,864.0,718.2152112676056,717.12,-1.1
85017C,ENVELOPE 50 CURIOUS IMAGES,0.8328,891,571.5899999999999,47,0.79,0.88,0.93,0.87,-4.3, Competitive — Monitor,-1.0,,,MONITOR — No Clear Signal,0.0,0.83,-0.0,0.0,-0.0,891.0,742.0248,739.53,-2.49
21277,FRENCH STYLE EMBOSSED HEART CABINET,21.95,26,570.6999999999999,21,18.77,22.28,25.6,22.22,-1.2, Competitive — Monitor,-1.0,,,MONITOR — No Clear Signal,0.0,21.95,0.0,0.0,-0.0,26.0,570.6999999999999,570.6999999999999,0.0
37351,ORANGE FLOWER MUG ,1.0583333333333333,5391,570.15,6,0.94,1.0,1.19,1.04,1.8, Competitive — Monitor,-1.0,,,MONITOR — No Clear Signal,0.0,1.06,0.0,0.0,-0.0,5391.0,5705.475,5714.46,8.98
37474,SET/4 2 TONE EGG SHAPE MIXING BOWLS,9.878780487804878,59,569.53,39,8.65,9.76,10.84,9.75,1.3, Competitive — Monitor,-1.0,,,MONITOR — No Clear Signal,0.0,9.88,0.0,0.0,-0.0,59.0,582.8480487804878,582.9200000000001,0.07
21223,SET/4 BADGES WOODLAND ANIMAL,1.245128205128205,486,569.5,35,1.15,1.18,1.36,1.23,1.2, Competitive — Monitor,-1.0,,,MONITOR — No Clear Signal,0.0,1.25,0.0,0.0,-0.0,486.0,605.1323076923077,607.5,2.37
21344,MOROCCAN BEATEN METAL DISH,7.371052631578946,150,568.5000000000001,19,6.99,7.61,7.78,7.46,-1.2, Competitive — Monitor,-1.0,,,MONITOR — No Clear Signal,0.0,7.37,-0.0,0.0,-0.0,150.0,1105.6578947368419,1105.5,-0.16
22233,JIGSAW RABBIT AND BIRDHOUSE,1.65,344,567.5999999999999,52,1.44,1.72,1.88,1.68,-1.8, Competitive — Monitor,-1.0,,,MONITOR — No Clear Signal,0.0,1.65,0.0,0.0,-0.0,344.0,567.6,567.6,0.0
20863,BLUE PATCH PENCIL CASE PINK HEART,2.0720454545454547,286,567.39,42,1.9,1.94,2.25,2.03,2.1, Competitive — Monitor,-1.0,,,MONITOR — No Clear Signal,0.0,2.07,-0.0,0.0,-0.0,286.0,592.605,592.02,-0.59
16169C,WRAP BLUE REINDEER,0.42,1350,567.0,43,0.37,0.42,0.45,0.41,2.4, Competitive — Monitor,-1.0,,,MONITOR — No Clear Signal,0.0,0.42,0.0,0.0,-0.0,1350.0,567.0,567.0,0.0
85113,POLKA DOT PISTACHIO PAIL,2.0906818181818183,279,566.22,43,1.9,2.2,2.4,2.17,-3.7, Competitive — Monitor,-1.0,,,MONITOR — No Clear Signal,0.0,2.09,-0.0,0.0,-0.0,279.0,583.3002272727273,583.11,-0.19
20849,ZINC HEART LATTICE DOUBLE PLANTER,3.5100000000000002,670,566.1,20,3.15,3.75,4.04,3.65,-3.8, Competitive — Monitor,-1.0,,,MONITOR — No Clear Signal,0.0,3.51,-0.0,0.0,-0.0,670.0,2351.7000000000003,2351.7,-0.0
79030G,"TUMBLER, NEW ENGLAND",1.6500000000000001,342,564.3,42,1.56,1.65,1.92,1.71,-3.5, Competitive — Monitor,-1.0,,,MONITOR — No Clear Signal,0.0,1.65,-0.0,0.0,-0.0,342.0,564.3000000000001,564.3,-0.0
85119,WATERING CAN SINGLE HOOK PISTACHIO,1.6748717948717946,412,564.12,38,1.53,1.8,1.89,1.74,-3.7, Competitive — Monitor,-1.0,,,MONITOR — No Clear Signal,0.0,1.67,-0.0,0.0,-0.0,412.0,690.0471794871794,688.04,-2.01
20669,RED HEART LUGGAGE TAG,1.2480808080808081,453,563.97,93,1.1,1.26,1.48,1.28,-2.5, Competitive — Monitor,-1.0,,,MONITOR — No Clear Signal,0.0,1.25,0.0,0.0,-0.0,453.0,565.380606060606,566.25,0.87
79315W,FLYING SAUCER TABLE LIGHT IN WHITE,2.95,191,563.45,7,2.54,2.9,3.51,2.98,-1.0, Competitive — Monitor,-1.0,,,MONITOR — No Clear Signal,0.0,2.95,0.0,0.0,-0.0,191.0,563.45,563.45,0.0
85025C,PINK HEART SHAPE PHOTO FRAME,1.65,341,562.65,67,1.43,1.74,1.93,1.7,-2.9, Competitive — Monitor,-1.0,,,MONITOR — No Clear Signal,0.0,1.65,0.0,0.0,-0.0,341.0,562.65,562.65,0.0
21322,GLASS SPHERE CANDLE STAND LARGE ,4.273076923076923,299,562.45,13,3.73,4.27,4.89,4.3,-0.6, Competitive — Monitor,-1.0,,,MONITOR — No Clear Signal,0.0,4.27,-0.0,0.0,-0.0,299.0,1277.6499999999999,1276.7299999999998,-0.92
47583A,SET OF 3 WICKER BASKET ROSE,21.36,70,561.8,5,18.69,21.26,23.4,21.12,1.1, Competitive — Monitor,-1.0,,,MONITOR — No Clear Signal,0.0,21.36,0.0,0.0,-0.0,70.0,1495.2,1495.2,0.0
21416,CLAM SHELL LARGE,3.556875,743,561.45,14,3.33,3.55,4.26,3.71,-4.1, Competitive — Monitor,-1.0,,,MONITOR — No Clear Signal,0.0,3.56,0.0,0.0,-0.0,743.0,2642.758125,2645.08,2.32
22481,BLACK TEA TOWEL CLASSIC DESIGN,1.25,449,561.25,85,1.13,1.32,1.36,1.27,-1.6, Competitive — Monitor,-1.0,,,MONITOR — No Clear Signal,0.0,1.25,0.0,0.0,-0.0,449.0,561.25,561.25,0.0
22709,WRAP WEDDING DAY,0.4135135135135135,1450,561.0,37,0.37,0.44,0.45,0.42,-1.5, Competitive — Monitor,-1.0,,,MONITOR — No Clear Signal,0.0,0.41,-0.0,0.0,-0.0,1450.0,599.5945945945946,594.5,-5.09
22681,"FRENCH BLUE METAL DOOR SIGN, 6",1.25,448,560.0,52,1.08,1.23,1.4,1.24,0.8, Competitive — Monitor,-1.0,,,MONITOR — No Clear Signal,0.0,1.25,0.0,0.0,-0.0,448.0,560.0,560.0,0.0
22511,DOORSTOP RUSSIAN DOLL RETROSPOT,3.7375862068965517,152,558.48,55,3.5,3.64,3.96,3.7,1.0, Competitive — Monitor,-1.0,,,MONITOR — No Clear Signal,0.0,3.74,0.0,0.0,-0.0,152.0,568.1131034482759,568.48,0.37
21562,HAWAIIAN GRASS SKIRT ,1.7794871794871796,345,558.36,38,1.64,1.78,2.13,1.85,-3.8, Competitive — Monitor,-1.0,,,MONITOR — No Clear Signal,0.0,1.78,0.0,0.0,-0.0,345.0,613.923076923077,614.1,0.18
22794,SWEETHEART WIRE MAGAZINE RACK,7.9125000000000005,72,558.0,32,6.78,8.0,9.01,7.93,-0.2, Competitive — Monitor,-1.0,,,MONITOR — No Clear Signal,0.0,7.91,-0.0,0.0,-0.0,72.0,569.7,569.52,-0.18
72816,SET/3 CHRISTMAS DECOUPAGE CANDLES,1.2353846153846153,468,557.64,51,1.14,1.18,1.4,1.24,-0.4, Competitive — Monitor,-1.0,,,MONITOR — No Clear Signal,0.0,1.24,0.0,0.0,-0.0,468.0,578.16,580.32,2.16
17109D,FLOWER FAIRY INCENSE BOUQUET,1.3817647058823528,1195,557.59,32,1.25,1.45,1.59,1.43,-3.4, Competitive — Monitor,-2.872,Highly Elastic — Consider Discount,-5%,MONITOR — No Clear Signal,0.0,1.38,-0.0,0.0,-0.0,1195.0,1651.2088235294116,1649.1,-2.11
21942,SKULLS DESIGN FLANNEL,0.8009756097560975,1161,556.65,41,0.69,0.8,0.9,0.8,0.1, Competitive — Monitor,-1.0,,,MONITOR — No Clear Signal,0.0,0.8,-0.0,0.0,-0.0,1161.0,929.9326829268292,928.8000000000001,-1.13
22700,BLACK AND WHITE DOG BOWL,2.938913043478261,192,556.1400000000001,46,2.63,2.86,3.1,2.86,2.8, Competitive — Monitor,-1.0,,,MONITOR — No Clear Signal,0.0,2.94,0.0,0.0,-0.0,192.0,564.2713043478261,564.48,0.21
85214,TUB 24 PINK FLOWER PEGS,1.6499999999999997,335,552.7499999999999,97,1.48,1.55,1.88,1.64,0.6, Competitive — Monitor,-1.0,,,MONITOR — No Clear Signal,0.0,1.65,0.0,0.0,-0.0,335.0,552.7499999999999,552.75,0.0
22249,DECORATION WHITE CHICK MAGIC GARDEN,0.8390140845070423,664,551.92,67,0.73,0.8,0.97,0.83,1.1, Competitive — Monitor,-1.0,,,MONITOR — No Clear Signal,0.0,0.84,0.0,0.0,-0.0,664.0,557.1053521126761,557.76,0.65
21427,SKULLS STORAGE BOX SMALL,2.039090909090909,373,551.7,54,1.93,2.19,2.27,2.13,-4.3, Competitive — Monitor,-1.0,,,MONITOR — No Clear Signal,0.0,2.04,0.0,0.0,-0.0,373.0,760.5809090909091,760.92,0.34
84773,RED ROSE AND LACE C/COVER,2.95,187,551.6500000000001,46,2.76,2.86,3.43,3.02,-2.3, Competitive — Monitor,-1.0,,,MONITOR — No Clear Signal,0.0,2.95,0.0,0.0,-0.0,187.0,551.65,551.65,0.0
22962,JAM JAR WITH PINK LID,0.8290322580645161,714,550.74,30,0.76,0.79,0.9,0.82,1.1, Competitive — Monitor,-1.0,,,MONITOR — No Clear Signal,0.0,0.83,0.0,0.0,-0.0,714.0,591.9290322580645,592.62,0.69
21632,VINTAGE PINK DECORATIVE PARASOL,12.75,43,548.25,27,11.43,12.67,13.81,12.64,0.9, Competitive — Monitor,-1.0,,,MONITOR — No Clear Signal,0.0,12.75,0.0,0.0,-0.0,43.0,548.25,548.25,0.0
72799C,PINK PILLAR CANDLE SILVER FLOCK,2.5452380952380955,372,546.6,21,2.27,2.47,2.73,2.49,2.2, Competitive — Monitor,-1.0,,,MONITOR — No Clear Signal,0.0,2.55,0.0,0.0,-0.0,372.0,946.8285714285715,948.5999999999999,1.77
20898,VINTAGE NOTEBOOK TRAVELOGUE,2.85,282,546.3000000000001,33,2.61,2.64,3.15,2.8,1.8, Competitive — Monitor,-1.0,,,MONITOR — No Clear Signal,0.0,2.85,0.0,0.0,-0.0,282.0,803.7,803.7,0.0
20769,DAISY JOURNAL ,2.335526315789474,341,545.5500000000001,37,2.11,2.27,2.75,2.38,-1.9, Competitive — Monitor,-1.0,,,MONITOR — No Clear Signal,0.0,2.34,0.0,0.0,-0.0,341.0,796.4144736842106,797.9399999999999,1.53
21339,MARAKESH LANTERN LARGE,19.257692307692306,30,544.5,12,16.49,19.39,22.61,19.5,-1.2, Competitive — Monitor,-1.0,,,MONITOR — No Clear Signal,0.0,19.26,0.0,0.0,-0.0,30.0,577.7307692307692,577.8000000000001,0.07
21816,CHRISTMAS TREE T-LIGHT HOLDER,1.45,375,543.75,35,1.31,1.46,1.61,1.46,-0.7, Competitive — Monitor,-1.0,,,MONITOR — No Clear Signal,0.0,1.45,0.0,0.0,-0.0,375.0,543.75,543.75,0.0
20705,MRS ROBOT SOFT TOY,6.159523809523809,126,543.7,21,5.73,6.02,7.01,6.25,-1.4, Competitive — Monitor,-1.0,,,MONITOR — No Clear Signal,0.0,6.16,0.0,0.0,-0.0,126.0,776.0999999999999,776.16,0.06
84595E,LARGE TORTILLA DESIGN RED BOWL,3.05,286,543.3,18,2.73,3.02,3.53,3.09,-1.3, Competitive — Monitor,-3.205,Highly Elastic — Consider Discount,-5%,MONITOR — No Clear Signal,0.0,3.05,0.0,0.0,-0.0,286.0,872.3,872.3,0.0
16162L,THE KING GIFT BAG,0.44636363636363635,8066,542.74,11,0.38,0.48,0.48,0.45,-0.8, Competitive — Monitor,-2.123,Highly Elastic — Consider Discount,-5%,MONITOR — No Clear Signal,0.0,0.45,0.0,0.0,-0.0,8066.0,3600.369090909091,3629.7000000000003,29.33
85084,HOLLY TOP CHRISTMAS STOCKING,0.864,590,541.8199999999999,56,0.8,0.85,0.93,0.86,0.5, Competitive — Monitor,-1.0,,,MONITOR — No Clear Signal,0.0,0.86,-0.0,0.0,-0.0,590.0,509.76,507.4,-2.36
45008C,DECORATIVE NET CANOPY CREAM,8.6005,68,541.6,20,7.48,8.27,10.28,8.68,-0.9, Competitive — Monitor,-1.0,,,MONITOR — No Clear Signal,0.0,8.6,-0.0,0.0,-0.0,68.0,584.8340000000001,584.8,-0.03
21307,SET/4 BUTTERFLY MIRROR MAGNETS,1.870666666666667,651,541.5,43,1.64,1.79,2.14,1.86,0.6, Competitive — Monitor,-1.0,,,MONITOR — No Clear Signal,0.0,1.87,-0.0,0.0,-0.0,651.0,1217.804,1217.3700000000001,-0.43
85169A,IVORY LOVE BIRD CANDLE,1.2401724137931036,442,541.1,53,1.07,1.23,1.48,1.26,-1.6, Competitive — Monitor,-1.0,,,MONITOR — No Clear Signal,0.0,1.24,-0.0,0.0,-0.0,442.0,548.1562068965518,548.08,-0.08
84932D,SMALL ORIENTAL RED FOLDING STOOL,3.3289473684210527,237,540.75,19,2.94,3.47,3.66,3.36,-0.9, Competitive — Monitor,-1.0,,,MONITOR — No Clear Signal,0.0,3.33,0.0,0.0,-0.0,237.0,788.9605263157895,789.21,0.25
21016,LIGHT BIRD HOUSE TREE DECORATION,0.8081944444444444,806,540.62,65,0.75,0.77,0.93,0.82,-1.4, Competitive — Monitor,-1.0,,,MONITOR — No Clear Signal,0.0,0.81,0.0,0.0,-0.0,806.0,651.4047222222222,652.86,1.46
21304,ARCHED GREY MIRROR,9.3375,84,540.6,16,8.42,9.65,10.12,9.4,-0.7, Competitive — Monitor,-1.0,,,MONITOR — No Clear Signal,0.0,9.34,0.0,0.0,-0.0,84.0,784.35,784.56,0.21
35965,FOLKART HEART NAPKIN RINGS,2.9201754385964915,197,540.35,55,2.54,2.7,3.18,2.81,3.9, Competitive — Monitor,-1.0,,,MONITOR — No Clear Signal,0.0,2.92,-0.0,0.0,-0.0,197.0,575.2745614035089,575.24,-0.03
90175A,WHITE GLASS CHUNKY CHARM BRACELET,8.642857142857142,61,539.5,21,8.11,8.53,9.74,8.79,-1.7, Competitive — Monitor,-1.0,,,MONITOR — No Clear Signal,0.0,8.64,-0.0,0.0,-0.0,61.0,527.2142857142857,527.0400000000001,-0.17
75013B,"STRING OF 8 BUTTERFLIES,PINK",1.650877192982456,340,538.05,54,1.55,1.72,1.81,1.69,-2.3, Competitive — Monitor,-1.0,,,MONITOR — No Clear Signal,0.0,1.65,-0.0,0.0,-0.0,340.0,561.2982456140351,561.0,-0.3
84826,ASSTD DESIGN 3D PAPER STICKERS,0.8275862068965517,640,537.5,21,0.78,0.81,0.89,0.83,-0.3, Competitive — Monitor,-1.0,,,MONITOR — No Clear Signal,0.0,0.83,0.0,0.0,-0.0,640.0,529.6551724137931,531.1999999999999,1.54
90147,CHUNKY SILVER NECKLACE PASTEL FLOWE,9.95,54,537.3,26,8.7,10.05,10.84,9.86,0.9, Competitive — Monitor,-1.0,,,MONITOR — No Clear Signal,0.0,9.95,0.0,0.0,-0.0,54.0,537.3,537.3,0.0
85129A,"WHITE PEARL BEADED HEART, SMALL",1.25,429,536.25,62,1.12,1.19,1.32,1.21,3.3, Competitive — Monitor,-1.0,,,MONITOR — No Clear Signal,0.0,1.25,0.0,0.0,-0.0,429.0,536.25,536.25,0.0
37345,ASSTD HEARTS DESIGN MUGS,1.9000000000000001,318,536.1,6,1.8,1.97,2.2,1.99,-4.5, Competitive — Monitor,-1.0,,,MONITOR — No Clear Signal,0.0,1.9,-0.0,0.0,-0.0,318.0,604.2,604.1999999999999,-0.0
21419,CONCH SHELL,3.4284615384615384,1252,535.8,13,3.18,3.18,3.85,3.4,0.8, Competitive — Monitor,-1.0,,,MONITOR — No Clear Signal,0.0,3.43,0.0,0.0,-0.0,1252.0,4292.433846153846,4294.360000000001,1.93
21458,2 PICTURE BOOK EGGS EASTER BUNNY,1.2355263157894738,560,535.0,38,1.05,1.31,1.31,1.22,1.3, Competitive — Monitor,-1.0,,,MONITOR — No Clear Signal,0.0,1.24,0.0,0.0,-0.0,560.0,691.8947368421053,694.4,2.51
85032A,ROMANTIC IMAGES GIFT WRAP SET,1.8478260869565217,652,534.0,23,1.58,1.76,1.99,1.78,3.8, Competitive — Monitor,-1.0,,,MONITOR — No Clear Signal,0.0,1.85,0.0,0.0,-0.0,652.0,1204.7826086956522,1206.2,1.42
85180A,RED HEARTS LIGHT CHAIN ,4.621034482758621,119,533.19,29,4.14,4.9,4.92,4.65,-0.6, Competitive — Monitor,-1.0,,,MONITOR — No Clear Signal,0.0,4.62,-0.0,0.0,-0.0,119.0,549.9031034482759,549.78,-0.12
22228,BUNNY WOODEN PAINTED WITH BIRD ,0.85,627,532.9499999999999,82,0.8,0.83,0.97,0.87,-2.3, Competitive — Monitor,-1.0,,,MONITOR — No Clear Signal,0.0,0.85,0.0,0.0,-0.0,627.0,532.9499999999999,532.9499999999999,0.0
85135B,BLUE DRAGONFLY HELICOPTER,7.95,67,532.65,53,7.19,8.23,8.46,7.96,-0.1, Competitive — Monitor,-1.0,,,MONITOR — No Clear Signal,0.0,7.95,0.0,0.0,-0.0,67.0,532.65,532.65,0.0
21774,DECORATIVE CATS BATHROOM BOTTLE,1.2437704918032788,442,531.98,57,1.12,1.21,1.45,1.26,-1.3, Competitive — Monitor,-1.0,,,MONITOR — No Clear Signal,0.0,1.24,-0.0,0.0,-0.0,442.0,549.7465573770493,548.08,-1.67
84762C,GREEN PICNIC BARBECUE BUCKET,8.616666666666667,78,531.3,18,7.42,9.18,9.07,8.56,0.7, Competitive — Monitor,-1.0,,,MONITOR — No Clear Signal,0.0,8.62,0.0,0.0,-0.0,78.0,672.1,672.3599999999999,0.26
21456,2 PICTURE BOOK EGGS EASTER CHICKS,1.2333333333333334,557,531.25,32,1.13,1.16,1.34,1.21,1.9, Competitive — Monitor,-1.0,,,MONITOR — No Clear Signal,0.0,1.23,-0.0,0.0,-0.0,557.0,686.9666666666667,685.11,-1.86
21173,LOO ROLL  METAL SIGN ,1.646774193548387,323,530.55,60,1.54,1.56,1.95,1.68,-2.0, Competitive — Monitor,-1.0,,,MONITOR — No Clear Signal,0.0,1.65,0.0,0.0,-0.0,323.0,531.908064516129,532.9499999999999,1.04
22134,LADLE LOVE HEART RED ,0.4175,1351,529.98,72,0.37,0.42,0.48,0.42,-0.6, Competitive — Monitor,-1.0,,,MONITOR — No Clear Signal,0.0,0.42,0.0,0.0,-0.0,1351.0,564.0425,567.42,3.38
84843,WHITE SOAP RACK WITH 2 BOTTLES,5.950000000000001,89,529.5500000000001,46,5.52,5.55,6.31,5.79,2.8, Competitive — Monitor,-1.0,,,MONITOR — No Clear Signal,0.0,5.95,-0.0,0.0,-0.0,89.0,529.5500000000001,529.5500000000001,0.0
22853,ENAMEL CAT BOWL CREAM,3.2214285714285715,170,529.3,28,3.05,3.06,3.78,3.3,-2.4, Competitive — Monitor,-1.0,,,MONITOR — No Clear Signal,0.0,3.22,-0.0,0.0,-0.0,170.0,547.6428571428571,547.4,-0.24
84682,CLASSICAL ROSE DISH,2.6950000000000003,283,528.85,38,2.35,2.89,3.03,2.76,-2.4, Competitive — Monitor,-9.773,Highly Elastic — Consider Discount,-5%,MONITOR — No Clear Signal,0.0,2.7,0.0,0.0,-0.0,283.0,762.6850000000001,764.1,1.41
85031C,CURIOUS IMAGES SCRAP BOOK SET,3.716666666666667,340,528.6,27,3.35,4.0,4.37,3.91,-4.9, Competitive — Monitor,-1.882,Highly Elastic — Consider Discount,-5%,MONITOR — No Clear Signal,0.0,3.72,0.0,0.0,-0.0,340.0,1263.6666666666667,1264.8,1.13
84709B,PINK OVAL JEWELLED MIRROR,5.911764705882353,94,528.1,32,5.19,5.79,6.74,5.91,0.0, Competitive — Monitor,-1.0,,,MONITOR — No Clear Signal,0.0,5.91,-0.0,0.0,-0.0,94.0,555.7058823529412,555.54,-0.17
82613A,"METAL SIGN,CUPCAKE SINGLE HOOK",1.25,422,527.5,67,1.16,1.33,1.44,1.31,-4.6, Competitive — Monitor,-1.0,,,MONITOR — No Clear Signal,0.0,1.25,0.0,0.0,-0.0,422.0,527.5,527.5,0.0
90082D,DIAMANTE BOW BROOCH BLACK COLOUR,6.35,83,527.05,33,5.76,6.4,7.61,6.59,-3.6, Competitive — Monitor,-1.0,,,MONITOR — No Clear Signal,0.0,6.35,0.0,0.0,-0.0,83.0,527.05,527.05,0.0
37494A,FAIRY CAKE CERAMIC BUTTER DISH,2.9038461538461537,193,526.15,25,2.65,2.8,3.15,2.87,1.2, Competitive — Monitor,-1.0,,,MONITOR — No Clear Signal,0.0,2.9,-0.0,0.0,-0.0,193.0,560.4423076923076,559.6999999999999,-0.74
21873,IF YOU CAN'T STAND THE HEAT MUG,1.2417391304347827,425,524.41,65,1.15,1.28,1.42,1.28,-3.0, Competitive — Monitor,-1.0,,,MONITOR — No Clear Signal,0.0,1.24,-0.0,0.0,-0.0,425.0,527.7391304347826,527.0,-0.74
16235,RECYCLED PENCIL WITH RABBIT ERASER,0.20942528735632182,2511,524.31,82,0.19,0.21,0.23,0.21,-0.3, Competitive — Monitor,-1.0,,,MONITOR — No Clear Signal,0.0,0.21,0.0,0.0,-0.0,2511.0,525.866896551724,527.31,1.44
20730,STRAWBERRY CANDY BAG,1.2139024390243902,1659,524.25,41,1.14,1.31,1.28,1.24,-2.1, Competitive — Monitor,-1.0,,,MONITOR — No Clear Signal,0.0,1.21,-0.0,0.0,-0.0,1659.0,2013.8641463414633,2007.3899999999999,-6.47
20935,ROUND CACTUS CANDLE,2.6263157894736846,289,523.75,35,2.37,2.53,2.76,2.55,3.0, Competitive — Monitor,-1.0,,,MONITOR — No Clear Signal,0.0,2.63,0.0,0.0,-0.0,289.0,759.0052631578949,760.0699999999999,1.06
22054,MINI CAKE STAND HANGING HEARTS,1.6429824561403508,323,523.35,51,1.42,1.69,1.75,1.62,1.4, Competitive — Monitor,-1.0,,,MONITOR — No Clear Signal,0.0,1.64,-0.0,0.0,-0.0,323.0,530.6833333333333,529.7199999999999,-0.96
21893,POTTING SHED SEED TIN,4.138461538461538,164,523.0,13,3.81,3.84,4.75,4.13,0.2, Competitive — Monitor,-1.0,,,MONITOR — No Clear Signal,0.0,4.14,0.0,0.0,-0.0,164.0,678.7076923076922,678.9599999999999,0.25
21633,SUNFLOWER DECORATIVE PARASOL,12.75,41,522.75,20,11.85,11.96,14.47,12.76,-0.1, Competitive — Monitor,-1.0,,,MONITOR — No Clear Signal,0.0,12.75,0.0,0.0,-0.0,41.0,522.75,522.75,0.0
22097,SWALLOW SQUARE TISSUE BOX,1.2311363636363637,465,521.49,83,1.09,1.13,1.39,1.2,2.6, Competitive — Monitor,-1.0,,,MONITOR — No Clear Signal,0.0,1.23,-0.0,0.0,-0.0,465.0,572.4784090909092,571.95,-0.53
21457,2 PICTURE BOOK EGGS EASTER DUCKS,1.2333333333333334,549,521.25,32,1.15,1.33,1.3,1.26,-2.1, Competitive — Monitor,-1.0,,,MONITOR — No Clear Signal,0.0,1.23,-0.0,0.0,-0.0,549.0,677.1,675.27,-1.83
70007,HI TEC ALPINE HAND WARMER,1.6077049180327867,383,518.43,56,1.51,1.69,1.8,1.67,-3.7, Competitive — Monitor,-1.0,,,MONITOR — No Clear Signal,0.0,1.61,0.0,0.0,-0.0,383.0,615.7509836065573,616.63,0.88
17021,NAMASTE SWAGAT INCENSE,0.2959090909090909,2003,518.1,30,0.26,0.31,0.35,0.31,-4.5, Competitive — Monitor,-1.0,,,MONITOR — No Clear Signal,0.0,0.3,0.0,0.0,-0.0,2003.0,592.705909090909,600.9,8.19
85030,FRENCH CHATEAU OVAL PLATTER,6.03,198,518.1,23,5.72,6.04,6.69,6.15,-2.0, Competitive — Monitor,-1.0,,,MONITOR — No Clear Signal,0.0,6.03,0.0,0.0,-0.0,198.0,1193.94,1193.94,0.0
21664,RIDGED GLASS STORAGE JAR CREAM LID,3.7412195121951215,140,516.36,40,3.23,3.62,4.28,3.71,0.8, Competitive — Monitor,-1.0,,,MONITOR — No Clear Signal,0.0,3.74,-0.0,0.0,-0.0,140.0,523.770731707317,523.6,-0.17
22182,CAKE STAND VICTORIAN FILIGREE SMALL,4.587931034482759,155,515.25,29,3.99,4.33,5.35,4.56,0.6, Competitive — Monitor,-1.0,,,MONITOR — No Clear Signal,0.0,4.59,0.0,0.0,-0.0,155.0,711.1293103448277,711.4499999999999,0.32
21366,MIRRORED WALL ART PHOTO FRAMES,4.220588235294118,132,513.0,17,3.67,4.08,4.93,4.23,-0.2, Competitive — Monitor,-1.0,,,MONITOR — No Clear Signal,0.0,4.22,-0.0,0.0,-0.0,132.0,557.1176470588235,557.04,-0.08
16169P,WRAP GREEN RUSSIAN FOLKART ,0.355,1700,512.75,46,0.33,0.35,0.4,0.36,-1.4, Competitive — Monitor,-1.0,,,MONITOR — No Clear Signal,0.0,0.36,0.01,0.0,-0.0,1700.0,603.5,612.0,8.5
85039A,SET/4 RED MINI ROSE CANDLE IN BOWL,1.3015999999999999,674,512.0999999999999,50,1.19,1.35,1.53,1.36,-4.3, Competitive — Monitor,-1.0,,,MONITOR — No Clear Signal,0.0,1.3,-0.0,0.0,-0.0,674.0,877.2783999999999,876.2,-1.08
84974,S/2 ZINC HEART DESIGN PLANTERS,9.91875,52,511.4,29,8.58,9.98,11.0,9.85,0.7, Competitive — Monitor,-1.0,,,MONITOR — No Clear Signal,0.0,9.92,0.0,0.0,-0.0,52.0,515.775,515.84,0.07
21319,GLASS CHALICE GREEN  SMALL ,1.6277777777777775,327,510.74999999999994,36,1.46,1.52,1.93,1.64,-0.7, Competitive — Monitor,-1.0,,,MONITOR — No Clear Signal,0.0,1.63,0.0,0.0,-0.0,327.0,532.2833333333333,533.01,0.73
85121B,RETRO LAUNDRY TUB PINK,8.5,60,510.0,27,7.75,7.84,9.23,8.27,2.8, Competitive — Monitor,-1.0,,,MONITOR — No Clear Signal,0.0,8.5,0.0,0.0,-0.0,60.0,510.0,510.0,0.0
84782C,GREEN 3 TIER GLASS PLATE STAND,9.616666666666667,74,509.9,18,8.25,9.0,10.5,9.25,4.0, Competitive — Monitor,-1.0,,,MONITOR — No Clear Signal,0.0,9.62,0.0,0.0,-0.0,74.0,711.6333333333333,711.88,0.25
85188A,GREEN METAL SWINGING BUNNY,0.8472916666666667,603,509.42999999999995,47,0.79,0.84,0.9,0.84,0.9, Competitive — Monitor,-1.0,,,MONITOR — No Clear Signal,0.0,0.85,0.0,0.0,-0.0,603.0,510.916875,512.55,1.63
22033,BOTANICAL ROSE GREETING CARD,0.4172413793103448,1228,508.56,86,0.39,0.45,0.49,0.44,-5.2, Competitive — Monitor,-1.0,,,MONITOR — No Clear Signal,0.0,0.42,0.0,0.0,-0.0,1228.0,512.3724137931034,515.76,3.39
22615,PACK OF 12 CIRCUS PARADE TISSUES ,0.2889041095890411,1766,508.29999999999995,71,0.26,0.3,0.32,0.29,-0.4, Competitive — Monitor,-1.0,,,MONITOR — No Clear Signal,0.0,0.29,0.0,0.0,-0.0,1766.0,510.2046575342466,512.14,1.94
84520D,PACK OF 20 FAIRY CAKE PAPER NAPKINS,0.8466666666666666,621,507.69,61,0.8,0.89,0.92,0.87,-2.7, Competitive — Monitor,-1.0,,,MONITOR — No Clear Signal,0.0,0.85,0.0,0.0,-0.0,621.0,525.78,527.85,2.07
22948,METAL DECORATION NAUGHTY CHILDREN ,0.85,596,506.59999999999997,36,0.76,0.85,0.92,0.84,1.2, Competitive — Monitor,-1.0,,,MONITOR — No Clear Signal,0.0,0.85,0.0,0.0,-0.0,596.0,506.59999999999997,506.59999999999997,0.0
20652,BLUE SPOTTY LUGGAGE TAG ,1.2166101694915255,1072,506.0,57,1.15,1.19,1.44,1.26,-3.4, Competitive — Monitor,-1.0,,,MONITOR — No Clear Signal,0.0,1.22,0.0,0.0,-0.0,1072.0,1304.2061016949153,1307.84,3.63
37333,"RETRO ""TEA FOR ONE"" ",4.923076923076923,109,505.95000000000005,25,4.51,4.61,5.79,4.97,-0.9, Competitive — Monitor,-1.0,,,MONITOR — No Clear Signal,0.0,4.92,-0.0,0.0,-0.0,109.0,536.6153846153846,536.28,-0.34
85188B,PINK METAL SWINGING BUNNY,0.85,595,505.74999999999994,43,0.78,0.9,0.96,0.88,-3.4, Competitive — Monitor,-1.0,,,MONITOR — No Clear Signal,0.0,0.85,0.0,0.0,-0.0,595.0,505.75,505.75,0.0
21199,PINK  HEART CONFETTI IN TUBE,1.65,306,504.8999999999999,45,1.43,1.72,1.88,1.68,-1.8, Competitive — Monitor,-1.0,,,MONITOR — No Clear Signal,0.0,1.65,0.0,0.0,-0.0,306.0,504.9,504.9,0.0
37352,BIRD IN TREE MUG ,1.10625,4643,504.55,8,1.04,1.05,1.24,1.11,-0.3, Competitive — Monitor,-1.0,,,MONITOR — No Clear Signal,0.0,1.11,0.0,0.0,-0.0,4643.0,5136.318749999999,5153.7300000000005,17.41
84536B,FAIRY CAKES NOTEBOOK A7 SIZE,0.42,1198,503.15999999999997,129,0.37,0.42,0.47,0.42,0.0, Competitive — Monitor,-1.0,,,MONITOR — No Clear Signal,0.0,0.42,0.0,0.0,-0.0,1198.0,503.15999999999997,503.15999999999997,0.0
22963,JAM JAR WITH BLUE LID,0.8296875,650,502.58,31,0.72,0.83,0.99,0.85,-2.4, Competitive — Monitor,-1.0,,,MONITOR — No Clear Signal,0.0,0.83,0.0,0.0,-0.0,650.0,539.296875,539.5,0.2
84657,GREEN ROSE CUSHION COVER,3.7350000000000003,246,502.2,19,3.18,3.81,3.99,3.66,2.0, Competitive — Monitor,-1.0,,,MONITOR — No Clear Signal,0.0,3.74,0.0,0.0,-0.0,246.0,918.8100000000001,920.0400000000001,1.23
85135A,YELLOW DRAGONFLY HELICOPTER,7.95,63,500.85,44,7.2,8.52,8.85,8.19,-2.9, Competitive — Monitor,-1.0,,,MONITOR — No Clear Signal,0.0,7.95,0.0,0.0,-0.0,63.0,500.85,500.85,0.0
79163,BLACK CHAMPAGNE GLASS,1.642,306,500.09999999999997,24,1.48,1.66,1.81,1.65,-0.5, Competitive — Monitor,-1.0,,,MONITOR — No Clear Signal,0.0,1.64,-0.0,0.0,-0.0,306.0,502.452,501.84,-0.61
85117,NIGHTINGALE COATHOOK WHITE,1.6304878048780487,321,500.04999999999995,40,1.5,1.64,1.83,1.66,-1.8, Competitive — Monitor,-1.0,,,MONITOR — No Clear Signal,0.0,1.63,-0.0,0.0,-0.0,321.0,523.3865853658536,523.23,-0.16
20888,SET 3 JARDIN DE FEMME SCENT CANDLES,2.3536363636363635,359,499.81,11,2.21,2.18,2.63,2.34,0.6, Competitive — Monitor,-1.0,,,MONITOR — No Clear Signal,0.0,2.35,-0.0,0.0,-0.0,359.0,844.9554545454545,843.65,-1.31
72728,ROSE SCENT CANDLES IN GLASS,0.8449019607843137,614,498.5,50,0.72,0.79,0.95,0.82,3.0, Competitive — Monitor,-1.0,,,MONITOR — No Clear Signal,0.0,0.84,-0.0,0.0,-0.0,614.0,518.7698039215686,515.76,-3.01
22547,MINI JIGSAW DINOSAUR ,0.42,1184,497.28,62,0.39,0.4,0.45,0.41,2.4, Competitive — Monitor,-1.0,,,MONITOR — No Clear Signal,0.0,0.42,0.0,0.0,-0.0,1184.0,497.28,497.28,0.0
84414B,FUSCHIA/GREEN STRIPE WOOLLY BLANKET,10.825,77,497.15,8,9.4,10.02,12.2,10.54,2.7, Competitive — Monitor,-1.0,,,MONITOR — No Clear Signal,0.0,10.82,-0.0,0.0,-0.0,77.0,833.525,833.14,-0.38
72267,PREMIUM CHURCH CANDLE,2.08093023255814,255,496.14000000000004,40,1.95,2.16,2.26,2.12,-1.8, Competitive — Monitor,-1.0,,,MONITOR — No Clear Signal,0.0,2.08,-0.0,0.0,-0.0,255.0,530.6372093023257,530.4,-0.24
21724,PANDA AND BUNNIES STICKER SHEET,0.85,583,495.54999999999995,74,0.79,0.88,0.92,0.86,-1.2, Competitive — Monitor,-1.0,,,MONITOR — No Clear Signal,0.0,0.85,0.0,0.0,-0.0,583.0,495.55,495.55,0.0
84805B,BLUE CLIMBING HYDRANGA ART FLOWER,2.43,301,495.15000000000003,5,2.2,2.29,2.58,2.36,3.0, Competitive — Monitor,-1.0,,,MONITOR — No Clear Signal,0.0,2.43,0.0,0.0,-0.0,301.0,731.4300000000001,731.4300000000001,0.0
85092,CANDY SPOT TEA COSY,2.65,347,494.65000000000003,12,2.44,2.79,3.09,2.77,-4.3, Competitive — Monitor,-1.0,,,MONITOR — No Clear Signal,0.0,2.65,0.0,0.0,-0.0,347.0,919.55,919.55,0.0
22403,MAGNETS PACK OF 4 VINTAGE LABELS ,1.2476829268292684,397,493.97,78,1.1,1.18,1.39,1.22,2.3, Competitive — Monitor,-1.0,,,MONITOR — No Clear Signal,0.0,1.25,0.0,0.0,-0.0,397.0,495.33012195121955,496.25,0.92
21740,COSY SLIPPER SHOES LARGE RED,2.95,167,492.65000000000003,48,2.65,2.86,3.37,2.96,-0.3, Competitive — Monitor,-1.0,,,MONITOR — No Clear Signal,0.0,2.95,0.0,0.0,-0.0,167.0,492.65000000000003,492.65000000000003,0.0
90199C,5 STRAND GLASS NECKLACE CRYSTAL,6.3109090909090915,84,490.4,20,5.88,6.06,7.32,6.42,-1.7, Competitive — Monitor,-1.0,,,MONITOR — No Clear Signal,0.0,6.31,-0.0,0.0,-0.0,84.0,530.1163636363636,530.04,-0.08
22806,SET OF 6 T-LIGHTS WEDDING CAKE ,2.9078947368421053,179,489.65000000000003,18,2.61,2.85,3.35,2.94,-1.1, Competitive — Monitor,-1.0,,,MONITOR — No Clear Signal,0.0,2.91,0.0,0.0,-0.0,179.0,520.5131578947369,520.89,0.38
20866,BLUE ROSE FABRIC MIRROR,1.2335849056603774,558,488.7,51,1.09,1.19,1.38,1.22,1.1, Competitive — Monitor,-1.0,,,MONITOR — No Clear Signal,0.0,1.23,-0.0,0.0,-0.0,558.0,688.3403773584906,686.34,-2.0
21635,MADRAS NOTEBOOK LARGE ,3.75,130,487.5,26,3.37,3.74,4.16,3.76,-0.3, Competitive — Monitor,-1.0,,,MONITOR — No Clear Signal,0.0,3.75,0.0,0.0,-0.0,130.0,487.5,487.5,0.0
85091,CANDY SPOT BREAD BASKETS,3.485714285714286,337,487.35,14,3.25,3.43,3.86,3.51,-0.7, Competitive — Monitor,-1.0,,,MONITOR — No Clear Signal,0.0,3.49,0.0,0.0,-0.0,337.0,1174.6857142857145,1176.13,1.44
84625C,BLUE NEW BAROQUE CANDLESTICK CANDLE,2.41,336,487.2,35,2.13,2.6,2.76,2.5,-3.6, Competitive — Monitor,-4.131,Highly Elastic — Consider Discount,-5%,MONITOR — No Clear Signal,0.0,2.41,0.0,0.0,-0.0,336.0,809.76,809.76,0.0
21160,KEEP OUT GIRLS DOOR HANGER ,1.2748,764,486.68,49,1.11,1.18,1.43,1.24,2.8, Competitive — Monitor,-7.747,Highly Elastic — Consider Discount,-5%,MONITOR — No Clear Signal,0.0,1.27,-0.0,0.0,-0.0,764.0,973.9472,970.28,-3.67
22686,"FRENCH BLUE METAL DOOR SIGN, No",1.25,389,486.25,45,1.15,1.18,1.47,1.27,-1.6, Competitive — Monitor,-1.0,,,MONITOR — No Clear Signal,0.0,1.25,0.0,0.0,-0.0,389.0,486.25,486.25,0.0
20865,PATCHWORK PENCIL CASE BUTTERFLY ,2.059,247,485.49,30,1.92,1.91,2.43,2.09,-1.5, Competitive — Monitor,-1.0,,,MONITOR — No Clear Signal,0.0,2.06,0.0,0.0,-0.0,247.0,508.57300000000004,508.82,0.25
90200C,BLUE SWEETHEART BRACELET,4.25,114,484.5,35,3.66,4.34,4.57,4.19,1.4, Competitive — Monitor,-1.0,,,MONITOR — No Clear Signal,0.0,4.25,0.0,0.0,-0.0,114.0,484.5,484.5,0.0
22913,RED COAT RACK PARIS FASHION,4.867647058823529,108,484.2,17,4.25,4.52,5.21,4.66,4.5, Competitive — Monitor,-1.0,,,MONITOR — No Clear Signal,0.0,4.87,0.0,0.0,-0.0,108.0,525.7058823529411,525.96,0.25
20864,DENIM PATCH PENCIL CASE BUTTERFLY,2.0514814814814817,247,483.33,26,1.77,2.16,2.35,2.09,-1.8, Competitive — Monitor,-1.0,,,MONITOR — No Clear Signal,0.0,2.05,-0.0,0.0,-0.0,247.0,506.715925925926,506.34999999999997,-0.37
16225,RATTLE SNAKE EGGS,1.1782051282051282,661,483.05,37,1.04,1.18,1.29,1.17,0.7, Competitive — Monitor,-1.0,,,MONITOR — No Clear Signal,0.0,1.18,0.0,0.0,-0.0,661.0,778.7935897435898,779.9799999999999,1.19
22783,SET 3 WICKER OVAL BASKETS W LIDS,19.3875,26,482.7,16,17.35,19.47,20.41,19.08,1.6, Competitive — Monitor,-1.0,,,MONITOR — No Clear Signal,0.0,19.39,0.0,0.0,-0.0,26.0,504.075,504.14,0.06
72818,CHRISTMAS DECOUPAGE CANDLE,0.8431578947368421,589,482.19,49,0.78,0.85,1.0,0.88,-4.2, Competitive — Monitor,-1.0,,,MONITOR — No Clear Signal,0.0,0.84,-0.0,0.0,-0.0,589.0,496.62,494.76,-1.86
84824,DANISH ROSE UMBRELLA STAND,15.821999999999997,31,481.65,25,14.48,14.99,17.15,15.54,1.8, Competitive — Monitor,-1.0,,,MONITOR — No Clear Signal,0.0,15.82,-0.0,0.0,-0.0,31.0,490.4819999999999,490.42,-0.06
82613D,METAL SIGN CUPCAKE SINGLE HOOK,1.25,384,480.0,76,1.14,1.19,1.49,1.27,-1.6, Competitive — Monitor,-1.0,,,MONITOR — No Clear Signal,0.0,1.25,0.0,0.0,-0.0,384.0,480.0,480.0,0.0
84989B,75 BLACK FAIRY CAKE CASES,0.538936170212766,986,479.90000000000003,46,0.48,0.52,0.62,0.54,-0.2, Competitive — Monitor,-1.0,,,MONITOR — No Clear Signal,0.0,0.54,0.0,0.0,-0.0,986.0,531.3910638297872,532.44,1.05
20832,RED FLOCK LOVE HEART PHOTO FRAME,0.8473469387755102,570,479.82,49,0.79,0.86,0.99,0.88,-3.7, Competitive — Monitor,-1.0,,,MONITOR — No Clear Signal,0.0,0.85,0.0,0.0,-0.0,570.0,482.9877551020408,484.5,1.51
21530,DAIRY MAID CERAMIC TOASTRACK,2.9425925925925926,165,479.55000000000007,49,2.64,2.81,3.18,2.88,2.2, Competitive — Monitor,-1.0,,,MONITOR — No Clear Signal,0.0,2.94,-0.0,0.0,-0.0,165.0,485.52777777777777,485.09999999999997,-0.43
72131,COLUMBIAN CANDLE RECTANGLE,1.5709302325581396,624,479.28,40,1.49,1.47,1.7,1.55,1.4, Competitive — Monitor,-1.0,,,MONITOR — No Clear Signal,0.0,1.57,-0.0,0.0,-0.0,624.0,980.2604651162791,979.6800000000001,-0.58
85111,SILVER GLITTER FLOWER VOTIVE HOLDER,0.8807692307692307,1489,478.84999999999997,13,0.8,0.95,0.99,0.91,-3.2, Competitive — Monitor,-2.539,Highly Elastic — Consider Discount,-5%,MONITOR — No Clear Signal,0.0,0.88,-0.0,0.0,-0.0,1489.0,1311.4653846153847,1310.32,-1.15
22802,FAUX FUR CHOCOLATE THROW,19.95,24,478.79999999999995,14,17.21,18.42,21.46,19.03,4.8, Competitive — Monitor,-1.0,,,MONITOR — No Clear Signal,0.0,19.95,0.0,0.0,-0.0,24.0,478.79999999999995,478.79999999999995,0.0
85144,JARDIN ETCHED GLASS BUTTER DISH,7.19375,69,478.65,30,6.6,7.54,7.88,7.34,-2.0, Competitive — Monitor,-1.0,,,MONITOR — No Clear Signal,0.0,7.19,-0.0,0.0,-0.0,69.0,496.36875,496.11,-0.26
22717,CARD DOG AND BALL ,0.41823529411764704,1188,477.36,67,0.37,0.44,0.46,0.42,-0.4, Competitive — Monitor,-1.0,,,MONITOR — No Clear Signal,0.0,0.42,0.0,0.0,-0.0,1188.0,496.86352941176466,498.96,2.1
72750C,"F.FAIRY S/3 CANDLE/GLASS, ROSE",2.75,232,476.4,15,2.53,2.66,2.95,2.71,1.5, Competitive — Monitor,-1.0,,,MONITOR — No Clear Signal,0.0,2.75,0.0,0.0,-0.0,232.0,638.0,638.0,0.0
22805,BLUE DRAWER KNOB ACRYLIC EDWARDIAN,1.25,381,476.25,34,1.07,1.18,1.35,1.2,4.2, Competitive — Monitor,-1.0,,,MONITOR — No Clear Signal,0.0,1.25,0.0,0.0,-0.0,381.0,476.25,476.25,0.0
35600D,PINK AND WHITE CHRISTMAS TREE 180CM,5.866666666666666,140,476.00000000000006,12,5.09,5.53,6.85,5.82,0.8, Competitive — Monitor,-1.0,,,MONITOR — No Clear Signal,0.0,5.87,0.0,0.0,-0.0,140.0,821.3333333333333,821.8000000000001,0.47
21883,STARS GIFT TAPE ,0.6487179487179487,734,475.90000000000003,77,0.61,0.67,0.7,0.66,-1.7, Competitive — Monitor,-1.0,,,MONITOR — No Clear Signal,0.0,0.65,0.0,0.0,-0.0,734.0,476.1589743589744,477.1,0.94
21665,TRIANGULAR RIDGED GLASS POSY HOLDER,0.6430232558139536,766,475.1,40,0.56,0.66,0.68,0.63,2.1, Competitive — Monitor,-1.0,,,MONITOR — No Clear Signal,0.0,0.64,-0.0,0.0,-0.0,766.0,492.55581395348844,490.24,-2.32
84762A,WHITE PICNIC BARBECUE BUCKET,10.15,54,474.9,24,9.48,10.61,11.62,10.57,-4.0, Competitive — Monitor,-1.0,,,MONITOR — No Clear Signal,0.0,10.15,0.0,0.0,-0.0,54.0,548.1,548.1,0.0
46775D,SUNSET COLOUR CHUNKY KNITTED THROW,16.95,28,474.59999999999997,19,14.88,18.14,20.28,17.77,-4.6, Competitive — Monitor,-1.0,,,MONITOR — No Clear Signal,0.0,16.95,0.0,0.0,-0.0,28.0,474.59999999999997,474.59999999999997,0.0
15034,PAPER POCKET TRAVELING FAN ,0.13919540229885058,3509,474.46000000000004,84,0.13,0.14,0.15,0.14,-0.6, Competitive — Monitor,-1.0,,,MONITOR — No Clear Signal,0.0,0.14,0.0,0.0,-0.0,3509.0,488.43666666666667,491.26000000000005,2.82
21630,FLOOR CUSHION ELEPHANT CARNIVAL,8.95,53,474.34999999999997,27,8.23,8.46,9.56,8.75,2.3, Competitive — Monitor,-1.0,,,MONITOR — No Clear Signal,0.0,8.95,0.0,0.0,-0.0,53.0,474.34999999999997,474.34999999999997,0.0
37492C,GREEN BLUE FLOWER PIGGY BANK,3.7750000000000004,241,472.65,23,3.4,3.62,4.29,3.77,0.1, Competitive — Monitor,-9.027,Highly Elastic — Consider Discount,-5%,MONITOR — No Clear Signal,0.0,3.78,0.0,0.0,-0.0,241.0,909.7750000000001,910.9799999999999,1.2
21719,LOVELY BONBON STICKER SHEET,0.8480597014925373,557,471.89,64,0.75,0.89,1.01,0.88,-3.6, Competitive — Monitor,-1.0,,,MONITOR — No Clear Signal,0.0,0.85,0.0,0.0,-0.0,557.0,472.3692537313433,473.45,1.08
20735,BLACK MINI TAPE MEASURE ,0.7859999999999999,671,470.95,35,0.68,0.75,0.92,0.78,0.8, Competitive — Monitor,-1.0,,,MONITOR — No Clear Signal,0.0,0.79,0.0,0.0,-0.0,671.0,527.406,530.09,2.68
22715,CARD WEDDING DAY,0.4174647887323944,1152,470.88,70,0.36,0.39,0.48,0.41,1.8, Competitive — Monitor,-1.0,,,MONITOR — No Clear Signal,0.0,0.42,0.0,0.0,-0.0,1152.0,480.91943661971834,483.84,2.92
84706D,CHERRY BLOSSOM TABLE CLOCK ,4.283333333333332,212,469.4,12,3.77,4.42,4.7,4.3,-0.4, Competitive — Monitor,-1.447,Elastic — Maintain Price,0%,MONITOR — No Clear Signal,0.0,4.28,-0.0,0.0,-0.0,212.0,908.0666666666665,907.36,-0.71
84625A,PINK NEW BAROQUECANDLESTICK CANDLE,2.35,347,469.25,35,2.15,2.31,2.66,2.37,-0.8, Competitive — Monitor,-4.275,Highly Elastic — Consider Discount,-5%,MONITOR — No Clear Signal,0.0,2.35,0.0,0.0,-0.0,347.0,815.45,815.45,0.0
16239,BALLERINA HEART DECORATION.,2.6884615384615387,338,468.4,13,2.54,2.87,2.86,2.76,-2.6, Competitive — Monitor,-1.0,,,MONITOR — No Clear Signal,0.0,2.69,0.0,0.0,-0.0,338.0,908.7,909.22,0.52
85093,CANDY SPOT EGG WARMER HARE,1.0494999999999999,594,466.5,39,0.98,1.07,1.21,1.09,-3.7, Competitive — Monitor,-1.0,,,MONITOR — No Clear Signal,0.0,1.05,0.0,0.0,-0.0,594.0,623.4029999999999,623.7,0.3
90195B,BLACK GEMSTONE BRACELET,8.95,52,465.4,19,8.29,8.36,10.37,9.01,-0.7, Competitive — Monitor,-1.0,,,MONITOR — No Clear Signal,0.0,8.95,0.0,0.0,-0.0,52.0,465.4,465.4,0.0
90203,SILVER CHARM NECKLACE 70CM,7.5,62,465.0,24,6.97,8.04,8.96,7.99,-6.1, Competitive — Monitor,-1.0,,,MONITOR — No Clear Signal,0.0,7.5,0.0,0.0,-0.0,62.0,465.0,465.0,0.0
84798B,PURPLE FOXGLOVE ARTIIFCIAL FLOWER,1.9428571428571428,315,464.85,7,1.78,1.87,2.12,1.92,1.2, Competitive — Monitor,-1.0,,,MONITOR — No Clear Signal,0.0,1.94,-0.0,0.0,-0.0,315.0,612.0,611.1,-0.9
72598,SET/12 TAPER CANDLES,0.8378846153846153,600,464.64,51,0.73,0.82,0.88,0.81,3.4, Competitive — Monitor,-1.0,,,MONITOR — No Clear Signal,0.0,0.84,0.0,0.0,-0.0,600.0,502.7307692307692,504.0,1.27
22123,PING MICROWAVE APRON,5.316666666666667,119,464.15000000000003,21,5.0,5.23,6.02,5.42,-1.9, Competitive — Monitor,-1.0,,,MONITOR — No Clear Signal,0.0,5.32,0.0,0.0,-0.0,119.0,632.6833333333334,633.08,0.4
20910,VINTAGE PHOTO ALBUM PARIS DAYS,6.321428571428571,76,463.4,26,5.8,5.87,7.31,6.33,-0.1, Competitive — Monitor,-1.0,,,MONITOR — No Clear Signal,0.0,6.32,-0.0,0.0,-0.0,76.0,480.4285714285714,480.32000000000005,-0.11
22250,DECORATION  BUTTERFLY  MAGIC GARDEN,0.8389830508474576,574,462.94,52,0.76,0.84,0.98,0.86,-2.4, Competitive — Monitor,-1.0,,,MONITOR — No Clear Signal,0.0,0.84,0.0,0.0,-0.0,574.0,481.5762711864407,482.15999999999997,0.58
84849A,HELLO SAILOR BLUE SOAP HOLDER,1.6782926829268294,289,462.49,39,1.45,1.58,1.81,1.61,4.2, Competitive — Monitor,-1.0,,,MONITOR — No Clear Signal,0.0,1.68,0.0,0.0,-0.0,289.0,485.0265853658537,485.52,0.49
85226C,BLUE PULL BACK RACING CAR,0.5480882352941177,954,462.3,66,0.49,0.54,0.6,0.54,1.5, Competitive — Monitor,-1.0,,,MONITOR — No Clear Signal,0.0,0.55,0.0,0.0,-0.0,954.0,522.8761764705882,524.7,1.82
84984B,RED PEONY DES C/COVER ,3.9954545454545456,305,462.25,11,3.58,3.9,4.5,3.99,0.1, Competitive — Monitor,-1.0,,,MONITOR — No Clear Signal,0.0,4.0,0.0,0.0,-0.0,305.0,1218.6136363636365,1220.0,1.39
85096,HILDA CANDY SPOT RABBIT,3.75,123,461.25,39,3.51,3.91,4.12,3.85,-2.6, Competitive — Monitor,-1.0,,,MONITOR — No Clear Signal,0.0,3.75,0.0,0.0,-0.0,123.0,461.25,461.25,0.0
22116,METAL SIGN HIS DINNER IS SERVED,2.808974358974359,240,460.8,39,2.54,2.95,3.31,2.93,-4.1, Competitive — Monitor,-1.0,,,MONITOR — No Clear Signal,0.0,2.81,0.0,0.0,-0.0,240.0,674.1538461538462,674.4,0.25
16049,TEATIME GEL PENS ASST,0.28500000000000003,2640,460.79999999999995,20,0.25,0.27,0.32,0.28,1.8, Competitive — Monitor,-1.17,Elastic — Maintain Price,0%,MONITOR — No Clear Signal,0.0,0.29,0.0,0.0,-0.0,2640.0,752.4000000000001,765.5999999999999,13.2
22258,FELT FARM ANIMAL RABBIT,1.23575,394,460.58000000000004,35,1.17,1.21,1.45,1.28,-3.5, Competitive — Monitor,-1.0,,,MONITOR — No Clear Signal,0.0,1.24,0.0,0.0,-0.0,394.0,486.8855,488.56,1.67
20657,TROPICAL LUGGAGE TAG,1.194313725490196,1633,460.25,50,1.03,1.17,1.36,1.19,0.4, Competitive — Monitor,-1.0,,,MONITOR — No Clear Signal,0.0,1.19,-0.0,0.0,-0.0,1633.0,1950.3143137254901,1943.27,-7.04
35915B,BLUE KNITTED HEN ,1.6309999999999998,345,459.81,17,1.46,1.54,1.9,1.63,0.1, Competitive — Monitor,-1.0,,,MONITOR — No Clear Signal,0.0,1.63,-0.0,0.0,-0.0,345.0,562.6949999999999,562.3499999999999,-0.35
79066K,RETRO MOD TRAY,0.838,588,459.47999999999996,68,0.72,0.88,0.92,0.84,-0.2, Competitive — Monitor,-1.0,,,MONITOR — No Clear Signal,0.0,0.84,0.0,0.0,-0.0,588.0,492.74399999999997,493.91999999999996,1.18
22062,CERAMIC BOWL WITH LOVE HEART DESIGN,2.941111111111111,160,457.6,41,2.72,3.04,3.45,3.07,-4.2, Competitive — Monitor,-1.0,,,MONITOR — No Clear Signal,0.0,2.94,-0.0,0.0,-0.0,160.0,470.5777777777777,470.4,-0.18
22042,CHRISTMAS CARD SINGING ANGEL,0.3787179487179487,1337,456.66,75,0.36,0.36,0.41,0.38,-0.3, Competitive — Monitor,-1.0,,,MONITOR — No Clear Signal,0.0,0.38,0.0,0.0,-0.0,1337.0,506.3458974358974,508.06,1.71
84659A,WHITE TRAVEL ALARM CLOCK,2.55,179,456.45,49,2.24,2.5,2.89,2.54,0.4, Competitive — Monitor,-1.0,,,MONITOR — No Clear Signal,0.0,2.55,0.0,0.0,-0.0,179.0,456.45,456.45,0.0
22773,GREEN DRAWER KNOB ACRYLIC EDWARDIAN,1.2572727272727273,364,456.44,33,1.18,1.18,1.36,1.24,1.4, Competitive — Monitor,-1.0,,,MONITOR — No Clear Signal,0.0,1.26,0.0,0.0,-0.0,364.0,457.64727272727276,458.64,0.99
21536,DAIRY MAID  SMALL  MILK JUG,2.1,217,455.70000000000005,55,1.85,2.14,2.35,2.11,-0.5, Competitive — Monitor,-1.0,,,MONITOR — No Clear Signal,0.0,2.1,0.0,0.0,-0.0,217.0,455.70000000000005,455.70000000000005,0.0
20936,FORKED CACTUS CANDLE,2.7125000000000004,225,454.95000000000005,30,2.55,2.55,2.98,2.69,0.8, Competitive — Monitor,-5.787,Highly Elastic — Consider Discount,-5%,MONITOR — No Clear Signal,0.0,2.71,-0.0,0.0,-0.0,225.0,610.3125000000001,609.75,-0.56
16202B,PASTEL BLUE PHOTO ALBUM ,3.5275,1005,454.71,16,3.26,3.8,3.84,3.63,-2.8, Competitive — Monitor,-1.403,Elastic — Maintain Price,0%,MONITOR — No Clear Signal,0.0,3.53,0.0,0.0,-0.0,1005.0,3545.1375,3547.6499999999996,2.51
72789,BASKET/8 SCENTED LOVE TOKEN CANDLES,3.75,121,453.75,44,3.49,3.92,4.48,3.96,-5.3, Competitive — Monitor,-1.0,,,MONITOR — No Clear Signal,0.0,3.75,0.0,0.0,-0.0,121.0,453.75,453.75,0.0
84247G,"DECOUPAGE,GREETING CARD,",0.4191304347826087,1092,453.6,67,0.36,0.41,0.45,0.41,2.2, Competitive — Monitor,-1.0,,,MONITOR — No Clear Signal,0.0,0.42,0.0,0.0,-0.0,1092.0,457.6904347826087,458.64,0.95
84653,GREEN ROSE QUILT ,45.2,10,453.5,8,42.77,45.77,52.8,47.11,-4.1, Competitive — Monitor,-1.0,,,MONITOR — No Clear Signal,0.0,45.2,0.0,0.0,-0.0,10.0,452.0,452.0,0.0
84948,SILVER HANGING T-LIGHT HOLDER DOME,1.65,274,452.09999999999997,33,1.52,1.76,1.98,1.75,-5.7, Competitive — Monitor,-1.0,,,MONITOR — No Clear Signal,0.0,1.65,0.0,0.0,-0.0,274.0,452.09999999999997,452.09999999999997,0.0
85109,PINK BOUDOIR T-LIGHT HOLDER,0.6805882352941177,4191,451.95000000000005,17,0.6,0.69,0.72,0.67,1.6, Competitive — Monitor,-1.0,,,MONITOR — No Clear Signal,0.0,0.68,-0.0,0.0,-0.0,4191.0,2852.3452941176474,2849.88,-2.47
21503,TOYBOX  WRAP ,0.42,1075,451.5,41,0.39,0.4,0.49,0.43,-2.3, Competitive — Monitor,-1.0,,,MONITOR — No Clear Signal,0.0,0.42,0.0,0.0,-0.0,1075.0,451.5,451.5,0.0
21200,MULTICOLOUR HONEYCOMB PAPER GARLAND,1.6391891891891892,277,451.45,36,1.44,1.61,1.78,1.61,1.8, Competitive — Monitor,-1.0,,,MONITOR — No Clear Signal,0.0,1.64,0.0,0.0,-0.0,277.0,454.0554054054054,454.28,0.22
20804,GLASS CHICKEN BUTTER DISH,1.6423076923076922,291,451.34999999999997,24,1.54,1.73,1.73,1.67,-1.7, Competitive — Monitor,-1.0,,,MONITOR — No Clear Signal,0.0,1.64,-0.0,0.0,-0.0,291.0,477.91153846153844,477.23999999999995,-0.67
84569B,PACK 3 FIRE ENGINE/CAR PATCHES,1.25,361,451.25,55,1.08,1.28,1.39,1.25,0.0, Competitive — Monitor,-1.0,,,MONITOR — No Clear Signal,0.0,1.25,0.0,0.0,-0.0,361.0,451.25,451.25,0.0
85185D,FROG SOCK PUPPET,2.930487804878049,157,451.15000000000003,39,2.7,3.0,3.49,3.06,-4.2, Competitive — Monitor,-1.0,,,MONITOR — No Clear Signal,0.0,2.93,-0.0,0.0,-0.0,157.0,460.0865853658537,460.01000000000005,-0.08
20699,MOUSEY LONG LEGS SOFT TOY,2.5256756756756755,181,450.75,35,2.28,2.67,2.66,2.54,-0.6, Competitive — Monitor,-1.0,,,MONITOR — No Clear Signal,0.0,2.53,0.0,0.0,-0.0,181.0,457.14729729729726,457.92999999999995,0.78
90200D,PINK SWEETHEART BRACELET,4.25,106,450.5,32,3.65,4.52,4.84,4.34,-2.1, Competitive — Monitor,-1.0,,,MONITOR — No Clear Signal,0.0,4.25,0.0,0.0,-0.0,106.0,450.5,450.5,0.0
20733,GOLD MINI TAPE MEASURE ,0.7914754098360656,646,450.1,59,0.69,0.84,0.89,0.81,-2.3, Competitive — Monitor,-1.0,,,MONITOR — No Clear Signal,0.0,0.79,-0.0,0.0,-0.0,646.0,511.2931147540984,510.34000000000003,-0.95
35915C,PEACH KNITTED HEN ,1.6246666666666665,339,449.90999999999997,15,1.38,1.52,1.92,1.61,0.9, Competitive — Monitor,-1.0,,,MONITOR — No Clear Signal,0.0,1.62,-0.0,0.0,-0.0,339.0,550.762,549.1800000000001,-1.58
22647,CERAMIC LOVE HEART MONEY BANK,1.438235294117647,329,448.25,32,1.29,1.45,1.53,1.42,1.3, Competitive — Monitor,-1.0,,,MONITOR — No Clear Signal,0.0,1.44,0.0,0.0,-0.0,329.0,473.1794117647059,473.76,0.58
85023B,EAU DE NILE JEWELLED PHOTOFRAME,2.532,188,447.0,25,2.23,2.63,2.92,2.59,-2.2, Competitive — Monitor,-1.0,,,MONITOR — No Clear Signal,0.0,2.53,-0.0,0.0,-0.0,188.0,476.016,475.64,-0.38
16011, ANIMAL STICKERS,0.20927536231884059,2133,446.73,68,0.19,0.22,0.24,0.22,-4.9, Competitive — Monitor,-1.0,,,MONITOR — No Clear Signal,0.0,0.21,0.0,0.0,-0.0,2133.0,446.384347826087,447.93,1.55
47594A,CAROUSEL DESIGN WASHBAG,1.95,229,446.54999999999995,49,1.72,1.98,2.24,1.98,-1.5, Competitive — Monitor,-1.0,,,MONITOR — No Clear Signal,0.0,1.95,0.0,0.0,-0.0,229.0,446.55,446.55,0.0
84993A,75 GREEN PETIT FOUR CASES,0.42,1063,446.46,95,0.37,0.4,0.5,0.42,0.0, Competitive — Monitor,-1.0,,,MONITOR — No Clear Signal,0.0,0.42,0.0,0.0,-0.0,1063.0,446.46,446.46,0.0
21004,ROSE DU SUD CHILDS APRON,4.25,105,446.25,48,3.93,4.45,4.99,4.46,-4.7, Competitive — Monitor,-1.0,,,MONITOR — No Clear Signal,0.0,4.25,0.0,0.0,-0.0,105.0,446.25,446.25,0.0
21256,"FRENCH BOTTLE, BRASSERIE DES ARTIST",1.6385714285714283,282,446.09999999999997,35,1.4,1.7,1.73,1.61,1.8, Competitive — Monitor,-1.0,,,MONITOR — No Clear Signal,0.0,1.64,0.0,0.0,-0.0,282.0,462.0771428571428,462.47999999999996,0.4
17164D,ASS COL SMALL SAND FROG P'WEIGHT,0.4153125,1147,445.74,27,0.39,0.39,0.47,0.42,-1.1, Competitive — Monitor,-1.0,,,MONITOR — No Clear Signal,0.0,0.42,0.0,0.0,-0.0,1147.0,476.3634375,481.74,5.38
21758,VINTAGE SHELLS PRINT,6.45,69,445.05,31,6.03,6.41,7.16,6.53,-1.2, Competitive — Monitor,-1.0,,,MONITOR — No Clear Signal,0.0,6.45,0.0,0.0,-0.0,69.0,445.05,445.05,0.0
22702,BLACK AND WHITE CAT BOWL,2.0954545454545457,220,444.3,41,1.92,1.99,2.3,2.07,1.2, Competitive — Monitor,-1.0,,,MONITOR — No Clear Signal,0.0,2.1,0.0,0.0,-0.0,220.0,461.00000000000006,462.0,1.0
22964,3 PIECE SPACEBOY COOKIE CUTTER SET,2.1,211,443.1,42,1.91,2.05,2.35,2.1,0.0, Competitive — Monitor,-1.0,,,MONITOR — No Clear Signal,0.0,2.1,0.0,0.0,-0.0,211.0,443.1,443.1,0.0
21773,DECORATIVE ROSE BATHROOM BOTTLE,1.242549019607843,358,442.94,48,1.17,1.15,1.38,1.23,1.0, Competitive — Monitor,-1.0,,,MONITOR — No Clear Signal,0.0,1.24,-0.0,0.0,-0.0,358.0,444.8325490196078,443.92,-0.91
84972L,GIANT PINK HEART MEMO HOLDER,3.95,112,442.40000000000003,44,3.43,3.89,4.4,3.91,1.0, Competitive — Monitor,-1.0,,,MONITOR — No Clear Signal,0.0,3.95,0.0,0.0,-0.0,112.0,442.40000000000003,442.40000000000003,0.0
20689,RETRO SISTERS EXPRESSO CUPS,5.610714285714286,401,441.95000000000005,27,4.81,5.66,6.72,5.73,-2.1, Competitive — Monitor,-1.0,,,MONITOR — No Clear Signal,0.0,5.61,-0.0,0.0,-0.0,401.0,2249.8964285714287,2249.61,-0.29
84963B,BLUE PAINTED KASHMIRI CHAIR,41.56,15,441.65000000000003,5,36.32,42.36,44.19,40.96,1.5, Competitive — Monitor,-1.0,,,MONITOR — No Clear Signal,0.0,41.56,0.0,0.0,-0.0,15.0,623.4000000000001,623.4000000000001,0.0
84675,FROG KING WATERING CAN,2.9083333333333337,178,441.1,42,2.7,2.98,3.46,3.05,-4.6, Competitive — Monitor,-1.0,,,MONITOR — No Clear Signal,0.0,2.91,0.0,0.0,-0.0,178.0,517.6833333333334,517.98,0.3
35954,SMALL FOLKART STAR CHRISTMAS DEC,0.42,1050,441.0,39,0.36,0.44,0.47,0.42,0.0, Competitive — Monitor,-1.0,,,MONITOR — No Clear Signal,0.0,0.42,0.0,0.0,-0.0,1050.0,441.0,441.0,0.0
84632,DECORATIVE HANGING SHELVING UNIT,57.95,8,439.6,5,52.63,55.31,66.27,58.07,-0.2, Competitive — Monitor,-1.0,,,MONITOR — No Clear Signal,0.0,57.95,0.0,0.0,-0.0,8.0,463.6,463.6,0.0
16259,PIECE OF CAMO STATIONERY SET,0.21,2093,439.53,24,0.2,0.2,0.25,0.22,-4.5, Competitive — Monitor,-1.0,,,MONITOR — No Clear Signal,0.0,0.21,0.0,0.0,-0.0,2093.0,439.53,439.53,0.0
21750, LARGE SKULL WINDMILL,2.092857142857143,215,439.50000000000006,35,1.96,2.21,2.31,2.16,-3.1, Competitive — Monitor,-1.0,,,MONITOR — No Clear Signal,0.0,2.09,-0.0,0.0,-0.0,215.0,449.9642857142857,449.34999999999997,-0.61
16161M,WRAP  PINK FLOCK,0.41794871794871796,1050,439.0,39,0.38,0.39,0.47,0.41,1.9, Competitive — Monitor,-1.0,,,MONITOR — No Clear Signal,0.0,0.42,0.0,0.0,-0.0,1050.0,438.84615384615387,441.0,2.15
84507C,BLUE CIRCLES DESIGN MONKEY DOLL,2.3320512820512818,364,438.59999999999997,39,2.0,2.51,2.59,2.37,-1.6, Competitive — Monitor,-1.0,,,MONITOR — No Clear Signal,0.0,2.33,-0.0,0.0,-0.0,364.0,848.8666666666666,848.12,-0.75
84569C,PACK 4 FLOWER/BUTTERFLY PATCHES,1.25,350,437.5,49,1.17,1.32,1.38,1.29,-3.1, Competitive — Monitor,-1.0,,,MONITOR — No Clear Signal,0.0,1.25,0.0,0.0,-0.0,350.0,437.5,437.5,0.0
47594B,SCOTTIES DESIGN WASHBAG,1.95,224,436.79999999999995,53,1.77,1.95,2.32,2.01,-3.0, Competitive — Monitor,-1.0,,,MONITOR — No Clear Signal,0.0,1.95,0.0,0.0,-0.0,224.0,436.8,436.8,0.0
20787,BLUE RETRO BAR STOOL,39.45,11,435.45000000000005,8,33.99,42.49,46.33,40.94,-3.6, Competitive — Monitor,-1.0,,,MONITOR — No Clear Signal,0.0,39.45,0.0,0.0,-0.0,11.0,433.95000000000005,433.95000000000005,0.0
22486,PLASMATRONIC LAMP,12.6375,35,435.45,16,10.86,11.82,13.48,12.05,4.9, Competitive — Monitor,-1.0,,,MONITOR — No Clear Signal,0.0,12.64,0.0,0.0,-0.0,35.0,442.3125,442.40000000000003,0.09
85163A,WHITE BAROQUE WALL CLOCK ,12.674999999999999,35,435.45,23,11.93,12.28,13.51,12.57,0.8, Competitive — Monitor,-1.0,,,MONITOR — No Clear Signal,0.0,12.68,0.01,0.0,-0.0,35.0,443.62499999999994,443.8,0.18
84819,DANISH ROSE ROUND SEWING BOX,4.25,102,433.5,34,3.9,4.34,4.74,4.33,-1.8, Competitive — Monitor,-1.0,,,MONITOR — No Clear Signal,0.0,4.25,0.0,0.0,-0.0,102.0,433.5,433.5,0.0
47581B,FAIRY CAKE WICKER PICNIC BASKET ,12.75,34,433.5,26,11.89,12.44,13.58,12.64,0.9, Competitive — Monitor,-1.0,,,MONITOR — No Clear Signal,0.0,12.75,0.0,0.0,-0.0,34.0,433.5,433.5,0.0
82605,OLD DOC.RUSSEL METAL SIGN,2.1,206,432.6,84,1.97,2.24,2.4,2.2,-4.5, Competitive — Monitor,-1.0,,,MONITOR — No Clear Signal,0.0,2.1,0.0,0.0,-0.0,206.0,432.6,432.6,0.0
84858B,BLUE RIVIERA HANDBAG,2.816666666666667,326,431.0,9,2.56,2.62,3.02,2.73,3.2, Competitive — Monitor,-1.0,,,MONITOR — No Clear Signal,0.0,2.82,0.0,0.0,-0.0,326.0,918.2333333333333,919.3199999999999,1.09
72132,COLUMBIAN CUBE CANDLE,1.551111111111111,533,430.95,17,1.4,1.56,1.75,1.57,-1.2, Competitive — Monitor,-4.791,Highly Elastic — Consider Discount,-5%,MONITOR — No Clear Signal,0.0,1.55,-0.0,0.0,-0.0,533.0,826.7422222222223,826.15,-0.59
84509C,DOTTY PLACEMATS ,3.698387096774194,125,430.35,31,3.3,3.75,3.89,3.65,1.3, Competitive — Monitor,-1.0,,,MONITOR — No Clear Signal,0.0,3.7,0.0,0.0,-0.0,125.0,462.2983870967742,462.5,0.2
35953,FOLKART STAR CHRISTMAS DECORATIONS,1.25,344,430.0,24,1.1,1.28,1.37,1.25,0.0, Competitive — Monitor,-1.0,,,MONITOR — No Clear Signal,0.0,1.25,0.0,0.0,-0.0,344.0,430.0,430.0,0.0
22538,MINI JIGSAW GO TO THE FAIR,0.42,1023,429.66,36,0.38,0.4,0.48,0.42,0.0, Competitive — Monitor,-1.0,,,MONITOR — No Clear Signal,0.0,0.42,0.0,0.0,-0.0,1023.0,429.65999999999997,429.65999999999997,0.0
21253,SET OF PICTURE FRAME  STICKERS,2.8932432432432433,167,429.65000000000003,36,2.68,2.83,3.25,2.92,-0.9, Competitive — Monitor,-1.0,,,MONITOR — No Clear Signal,0.0,2.89,-0.0,0.0,-0.0,167.0,483.1716216216216,482.63,-0.54
85142,JARDIN ETCHED GLASS GINGER JAR,7.95,54,429.3,27,7.24,8.39,9.51,8.38,-5.1, Competitive — Monitor,-1.0,,,MONITOR — No Clear Signal,0.0,7.95,0.0,0.0,-0.0,54.0,429.3,429.3,0.0
84952C,MIRROR LOVE BIRD T-LIGHT HOLDER,3.1722222222222225,241,429.15,18,2.98,3.02,3.75,3.25,-2.4, Competitive — Monitor,-1.0,,,MONITOR — No Clear Signal,0.0,3.17,-0.0,0.0,-0.0,241.0,764.5055555555556,763.97,-0.54
22252,BIRDCAGE DECORATION MAGIC GARDEN,1.354375,325,428.99,46,1.21,1.43,1.5,1.38,-1.9, Competitive — Monitor,-1.0,,,MONITOR — No Clear Signal,0.0,1.35,-0.0,0.0,-0.0,325.0,440.17187500000006,438.75000000000006,-1.42
21062,PARTY INVITES SPACEMAN,0.8403225806451613,533,428.92999999999995,61,0.77,0.85,0.89,0.84,0.0, Competitive — Monitor,-1.0,,,MONITOR — No Clear Signal,0.0,0.84,-0.0,0.0,-0.0,533.0,447.89193548387095,447.71999999999997,-0.17
21850,BLUE  DIAMANTE PEN IN GIFT BOX,3.8115384615384618,266,428.7,26,3.48,3.97,4.49,3.98,-4.2, Competitive — Monitor,-1.0,,,MONITOR — No Clear Signal,0.0,3.81,-0.0,0.0,-0.0,266.0,1013.8692307692309,1013.46,-0.41
22608,PENS ASSORTED FUNKY JEWELED ,0.85,504,428.4,14,0.77,0.88,1.01,0.89,-4.5, Competitive — Monitor,-1.0,,,MONITOR — No Clear Signal,0.0,0.85,0.0,0.0,-0.0,504.0,428.4,428.4,0.0
21378,SMALL TALL CAMPHOR WOOD TOADSTOOL,1.5277777777777777,394,428.09999999999997,35,1.41,1.46,1.79,1.55,-1.4, Competitive — Monitor,-1.0,,,MONITOR — No Clear Signal,0.0,1.53,0.0,0.0,-0.0,394.0,601.9444444444445,602.82,0.88
84966B,BLUE KASHMIRI BOXED MIRROR,16.0,33,428.0,4,13.98,16.18,17.11,15.76,1.5, Competitive — Monitor,-1.0,,,MONITOR — No Clear Signal,0.0,16.0,0.0,0.0,-0.0,33.0,528.0,528.0,0.0
20802,SMALL GLASS SUNDAE DISH CLEAR,1.65,259,427.34999999999997,34,1.49,1.75,1.98,1.74,-5.2, Competitive — Monitor,-1.0,,,MONITOR — No Clear Signal,0.0,1.65,0.0,0.0,-0.0,259.0,427.34999999999997,427.34999999999997,0.0
84247L,FAWN AND MUSHROOM GREETING CARD,0.41999999999999993,1016,426.72,75,0.36,0.42,0.46,0.41,2.4, Competitive — Monitor,-1.0,,,MONITOR — No Clear Signal,0.0,0.42,0.0,0.0,-0.0,1016.0,426.7199999999999,426.71999999999997,0.0
84918,CREAM C/COVER W YELLOW/GREEN FLOWER,6.361764705882353,113,425.35,17,5.65,6.84,7.37,6.62,-3.9, Competitive — Monitor,-1.0,,,MONITOR — No Clear Signal,0.0,6.36,-0.0,0.0,-0.0,113.0,718.879411764706,718.6800000000001,-0.2
20715,LITTLE FLOWER SHOPPER BAG,1.06,400,424.0,1,0.95,1.05,1.26,1.09,-2.8, Competitive — Monitor,-1.0,,,MONITOR — No Clear Signal,0.0,1.06,0.0,0.0,-0.0,400.0,424.0,424.0,0.0
21195,PINK  HONEYCOMB PAPER BALL ,2.0871875,211,423.42,32,1.91,1.97,2.27,2.05,1.8, Competitive — Monitor,-1.0,,,MONITOR — No Clear Signal,0.0,2.09,0.0,0.0,-0.0,211.0,440.3965625,440.98999999999995,0.59
21650,ASSORTED TUTTI FRUTTI BRACELET,0.65,650,422.50000000000006,41,0.61,0.64,0.77,0.67,-3.0, Competitive — Monitor,-1.0,,,MONITOR — No Clear Signal,0.0,0.65,0.0,0.0,-0.0,650.0,422.5,422.5,0.0
21222,SET/4 BADGES BEETLES,1.25,338,422.5,49,1.14,1.34,1.37,1.28,-2.3, Competitive — Monitor,-1.0,,,MONITOR — No Clear Signal,0.0,1.25,0.0,0.0,-0.0,338.0,422.5,422.5,0.0
85208,SET/12 FUNKY FELT FLOWER PEG IN BAG,2.1,201,422.1,38,1.94,2.04,2.51,2.16,-2.8, Competitive — Monitor,-1.0,,,MONITOR — No Clear Signal,0.0,2.1,0.0,0.0,-0.0,201.0,422.1,422.1,0.0
16015,MEDIUM CHINESE STYLE SCISSOR,0.4866666666666667,911,421.9,42,0.44,0.52,0.53,0.5,-2.7, Competitive — Monitor,-1.0,,,MONITOR — No Clear Signal,0.0,0.49,0.0,0.0,-0.0,911.0,443.35333333333335,446.39,3.04
51020B,STRIPY DESIGN SHOWER CAP,1.0661702127659574,890,421.29999999999995,47,0.97,1.13,1.27,1.12,-4.8, Competitive — Monitor,-8.334,Highly Elastic — Consider Discount,-5%,MONITOR — No Clear Signal,0.0,1.07,0.0,0.0,-0.0,890.0,948.891489361702,952.3000000000001,3.41
20763,DAISY SKETCHBOOK ,3.4414285714285717,175,420.65,35,2.95,3.36,3.64,3.32,3.7, Competitive — Monitor,-3.749,Highly Elastic — Consider Discount,-5%,MONITOR — No Clear Signal,0.0,3.44,-0.0,0.0,-0.0,175.0,602.25,602.0,-0.25
21265,PINK GOOSE FEATHER TREE 60CM,4.616666666666666,187,420.65,12,4.04,4.31,5.34,4.56,1.2, Competitive — Monitor,-2.333,Highly Elastic — Consider Discount,-5%,MONITOR — No Clear Signal,0.0,4.62,0.0,0.0,-0.0,187.0,863.3166666666666,863.94,0.62
84596K,JELLY BABIES YELLOW SMALL BOWL,1.2440625,358,420.14,64,1.1,1.29,1.41,1.27,-2.0, Competitive — Monitor,-1.0,,,MONITOR — No Clear Signal,0.0,1.24,-0.0,0.0,-0.0,358.0,445.37437500000004,443.92,-1.45
84875D,BLUE SQUARE COMPACT MIRROR,1.853448275862069,320,420.0,29,1.66,1.8,2.08,1.85,0.2, Competitive — Monitor,-2.462,Highly Elastic — Consider Discount,-5%,MONITOR — No Clear Signal,0.0,1.85,-0.0,0.0,-0.0,320.0,593.1034482758621,592.0,-1.1
20621,ECONOMY PASSPORT COVER ,2.1,200,420.0,29,1.79,2.2,2.28,2.09,0.5, Competitive — Monitor,-1.0,,,MONITOR — No Clear Signal,0.0,2.1,0.0,0.0,-0.0,200.0,420.0,420.0,0.0
84967C,GREEN KASHMIRI OCCASIONAL TABLE,67.4625,9,419.85,4,58.29,66.84,77.98,67.7,-0.4, Competitive — Monitor,-1.0,,,MONITOR — No Clear Signal,0.0,67.46,-0.0,0.0,-0.0,9.0,607.1625,607.14,-0.02
20932,PINK POT PLANT CANDLE,3.727142857142857,117,419.55,34,3.27,3.72,4.02,3.67,1.6, Competitive — Monitor,-1.0,,,MONITOR — No Clear Signal,0.0,3.73,0.0,0.0,-0.0,117.0,436.07571428571424,436.41,0.33
84770,ROUND GEORGIAN SILVER MIRROR,3.825,135,419.25000000000006,16,3.62,4.0,4.33,3.98,-3.9, Competitive — Monitor,-1.0,,,MONITOR — No Clear Signal,0.0,3.82,-0.01,0.0,-0.0,135.0,516.375,515.6999999999999,-0.68
20943,SET/6 GINGERBREAD STAR T-LIGHTS,1.25,335,418.75,48,1.1,1.23,1.36,1.23,1.6, Competitive — Monitor,-1.0,,,MONITOR — No Clear Signal,0.0,1.25,0.0,0.0,-0.0,335.0,418.75,418.75,0.0
84510F,SET OF 4 NEW ENGLAND COASTERS ,1.2212121212121212,1094,417.5,31,1.1,1.21,1.46,1.26,-3.1, Competitive — Monitor,-1.0,,,MONITOR — No Clear Signal,0.0,1.22,-0.0,0.0,-0.0,1094.0,1336.0060606060606,1334.68,-1.33
82616C,MIDNIGHT GLAMOUR SCARF KNITTING KIT,2.7233333333333336,266,417.5,28,2.37,2.67,2.87,2.64,3.2, Competitive — Monitor,-1.0,,,MONITOR — No Clear Signal,0.0,2.72,-0.0,0.0,-0.0,266.0,724.4066666666668,723.5200000000001,-0.89
21320,GLASS CHALICE GREEN  LARGE ,2.514,172,417.0,25,2.29,2.46,2.72,2.49,1.0, Competitive — Monitor,-1.0,,,MONITOR — No Clear Signal,0.0,2.51,-0.0,0.0,-0.0,172.0,432.40799999999996,431.71999999999997,-0.69
85146,JARDIN ETCHED GLASS SMALL BELL JAR,5.9,72,416.40000000000003,19,5.18,5.92,6.41,5.84,1.0, Competitive — Monitor,-1.0,,,MONITOR — No Clear Signal,0.0,5.9,0.0,0.0,-0.0,72.0,424.8,424.8,0.0
35653,VINTAGE BEAD NOTEBOOK,2.95,141,415.95000000000005,40,2.57,3.1,3.28,2.98,-1.0, Competitive — Monitor,-1.0,,,MONITOR — No Clear Signal,0.0,2.95,0.0,0.0,-0.0,141.0,415.95000000000005,415.95000000000005,0.0
22268,EASTER DECORATION SITTING BUNNY,0.8440909090909091,515,415.90999999999997,56,0.76,0.83,0.92,0.84,0.5, Competitive — Monitor,-1.0,,,MONITOR — No Clear Signal,0.0,0.84,-0.0,0.0,-0.0,515.0,434.7068181818182,432.59999999999997,-2.11
22985,"WRAP, BILLBOARD FONTS DESIGN",0.42,990,415.8,39,0.36,0.42,0.47,0.42,0.0, Competitive — Monitor,-1.0,,,MONITOR — No Clear Signal,0.0,0.42,0.0,0.0,-0.0,990.0,415.8,415.8,0.0
22255,FELT TOADSTOOL  SMALL,0.85,487,413.95,46,0.72,0.87,1.0,0.86,-1.2, Competitive — Monitor,-1.0,,,MONITOR — No Clear Signal,0.0,0.85,0.0,0.0,-0.0,487.0,413.95,413.95,0.0
84802B,PURPLE ANEMONE ARTIFICIAL FLOWER,1.53125,425,413.45000000000005,15,1.34,1.47,1.77,1.53,0.1, Competitive — Monitor,-1.0,,,MONITOR — No Clear Signal,0.0,1.53,-0.0,0.0,-0.0,425.0,650.78125,650.25,-0.53
21629,SQUARE FLOOR CUSHION VINTAGE PINK ,7.950000000000001,52,413.40000000000003,26,6.79,7.67,9.04,7.83,1.5, Competitive — Monitor,-1.0,,,MONITOR — No Clear Signal,0.0,7.95,-0.0,0.0,-0.0,52.0,413.40000000000003,413.40000000000003,0.0
72799B,PURPLE PILLAR CANDLE BLACK FLOCK,1.8166666666666669,313,413.35,9,1.56,1.94,1.93,1.81,0.4, Competitive — Monitor,-1.0,,,MONITOR — No Clear Signal,0.0,1.82,0.0,0.0,-0.0,313.0,568.6166666666668,569.66,1.04
22101,MIRROR MOSAIC VOTIVE HOLDER,1.9571428571428573,265,412.5,27,1.73,2.03,2.26,2.01,-2.6, Competitive — Monitor,-1.0,,,MONITOR — No Clear Signal,0.0,1.96,0.0,0.0,-0.0,265.0,518.6428571428572,519.4,0.76
21002,ROSE DU SUD DRAWSTRING BAG,4.25,97,412.25,21,3.95,4.3,4.57,4.27,-0.5, Competitive — Monitor,-1.0,,,MONITOR — No Clear Signal,0.0,4.25,0.0,0.0,-0.0,97.0,412.25,412.25,0.0
90200E,GREEN SWEETHEART BRACELET,4.25,97,412.25,36,3.86,4.35,4.96,4.39,-3.2, Competitive — Monitor,-1.0,,,MONITOR — No Clear Signal,0.0,4.25,0.0,0.0,-0.0,97.0,412.25,412.25,0.0
21318,GLASS CHALICE BLUE SMALL ,1.6391891891891892,258,411.29999999999995,37,1.48,1.52,1.78,1.59,3.1, Competitive — Monitor,-1.0,,,MONITOR — No Clear Signal,0.0,1.64,0.0,0.0,-0.0,258.0,422.9108108108108,423.11999999999995,0.21
85104,SILVER GLASS T-LIGHT SET,2.95,139,410.05000000000007,38,2.59,3.01,3.28,2.96,-0.3, Competitive — Monitor,-1.0,,,MONITOR — No Clear Signal,0.0,2.95,0.0,0.0,-0.0,139.0,410.05,410.05,0.0
90120D,WHITE MURANO TWIST BRACELET,4.125,100,409.75,18,3.89,4.13,4.55,4.19,-1.6, Competitive — Monitor,-1.0,,,MONITOR — No Clear Signal,0.0,4.12,-0.0,0.0,-0.0,100.0,412.5,412.0,-0.5
16169F,WRAP BLIZZARD,0.42,975,409.5,34,0.37,0.42,0.5,0.43,-2.3, Competitive — Monitor,-1.0,,,MONITOR — No Clear Signal,0.0,0.42,0.0,0.0,-0.0,975.0,409.5,409.5,0.0
22718,CARD CAT AND TREE ,0.41914285714285715,984,408.96,69,0.36,0.41,0.45,0.41,2.2, Competitive — Monitor,-1.0,,,MONITOR — No Clear Signal,0.0,0.42,0.0,0.0,-0.0,984.0,412.4365714285714,413.28,0.84
37482P,CUBIC MUG PINK POLKA DOT,2.55,160,408.0,28,2.32,2.38,2.89,2.53,0.8, Competitive — Monitor,-1.0,,,MONITOR — No Clear Signal,0.0,2.55,0.0,0.0,-0.0,160.0,408.0,408.0,0.0
37444A,YELLOW BREAKFAST CUP AND SAUCER,2.5471428571428576,2639,407.93,14,2.19,2.42,2.73,2.45,4.0, Competitive — Monitor,-1.0,,,MONITOR — No Clear Signal,0.0,2.55,0.0,0.0,-0.0,2639.0,6721.910000000001,6729.45,7.54
35240,ENAMEL BLUE RIM OVAL TRAY SET/2,8.49,48,407.52,38,7.51,9.1,9.81,8.81,-3.6, Competitive — Monitor,-1.0,,,MONITOR — No Clear Signal,0.0,8.49,0.0,0.0,-0.0,48.0,407.52,407.52,0.0
47592A,CAROUSEL DES CHILD'S OVERALL,2.1,194,407.40000000000003,36,1.89,2.07,2.49,2.15,-2.3, Competitive — Monitor,-1.0,,,MONITOR — No Clear Signal,0.0,2.1,0.0,0.0,-0.0,194.0,407.40000000000003,407.40000000000003,0.0
17012C,ORIGAMI LAVENDER INCENSE/CANDL SET ,2.2884615384615383,415,405.45,13,2.15,2.28,2.55,2.33,-1.8, Competitive — Monitor,-1.0,,,MONITOR — No Clear Signal,0.0,2.29,0.0,0.0,-0.0,415.0,949.7115384615385,950.35,0.64
20823,GOLD WINE GOBLET,4.577272727272727,92,405.40000000000003,10,4.12,4.25,5.14,4.5,1.7, Competitive — Monitor,-1.0,,,MONITOR — No Clear Signal,0.0,4.58,0.0,0.0,-0.0,92.0,421.1090909090909,421.36,0.25
84595B,LARGE TRIFLE DESIGN L BLUE BOWL,3.05,229,405.15,15,2.81,2.82,3.63,3.09,-1.3, Competitive — Monitor,-5.239,Highly Elastic — Consider Discount,-5%,MONITOR — No Clear Signal,0.0,3.05,0.0,0.0,-0.0,229.0,698.4499999999999,698.4499999999999,0.0
21663,VINTAGE GLASS SUGAR CADDY,5.93,69,404.55,25,5.63,6.14,6.69,6.15,-3.6, Competitive — Monitor,-1.0,,,MONITOR — No Clear Signal,0.0,5.93,0.0,0.0,-0.0,69.0,409.16999999999996,409.16999999999996,0.0
21847,GREEN  DIAMANTE PEN IN GIFT BOX,3.9222222222222225,243,403.65000000000003,17,3.39,3.95,4.41,3.92,0.1, Competitive — Monitor,-7.458,Highly Elastic — Consider Discount,-5%,MONITOR — No Clear Signal,0.0,3.92,-0.0,0.0,-0.0,243.0,953.1,952.56,-0.54
72801E,S/4 FESTIVE GREEN DINNER CANDLES,1.1417391304347826,768,402.24,23,1.0,1.14,1.3,1.15,-0.7, Competitive — Monitor,-1.0,,,MONITOR — No Clear Signal,0.0,1.14,-0.0,0.0,-0.0,768.0,876.8556521739131,875.52,-1.34
84932B,SMALL PINK PEONY FOLDING STOOL,3.105882352941176,189,401.3,17,2.76,2.98,3.58,3.11,-0.1, Competitive — Monitor,-1.0,,,MONITOR — No Clear Signal,0.0,3.11,0.0,0.0,-0.0,189.0,587.0117647058822,587.79,0.78
20897,VINTAGE NOTEBOOK PARIS DAYS,2.8933333333333335,219,401.25000000000006,30,2.58,3.01,3.08,2.89,0.1, Competitive — Monitor,-1.0,,,MONITOR — No Clear Signal,0.0,2.89,-0.0,0.0,-0.0,219.0,633.6400000000001,632.9100000000001,-0.73
35599D,PINK AND WHITE CHRISTMAS TREE 120CM,2.95,136,401.20000000000005,20,2.63,2.79,3.46,2.96,-0.3, Competitive — Monitor,-1.0,,,MONITOR — No Clear Signal,0.0,2.95,0.0,0.0,-0.0,136.0,401.20000000000005,401.20000000000005,0.0
84846A,SCENTED CANDLE IN DIGITALIS TIN,2.1,191,401.1,34,1.98,2.0,2.34,2.11,-0.5, Competitive — Monitor,-1.0,,,MONITOR — No Clear Signal,0.0,2.1,0.0,0.0,-0.0,191.0,401.1,401.1,0.0
20782,CAMOUFLAGE EAR MUFF HEADPHONES,5.49,73,400.77,36,5.06,5.46,5.82,5.45,0.7, Competitive — Monitor,-1.0,,,MONITOR — No Clear Signal,0.0,5.49,0.0,0.0,-0.0,73.0,400.77000000000004,400.77000000000004,0.0
85129C,BEADED CRYSTAL HEART BLUE SMALL,1.24525,322,400.22,38,1.13,1.2,1.45,1.26,-1.2, Competitive — Monitor,-1.0,,,MONITOR — No Clear Signal,0.0,1.25,0.0,0.0,-0.0,322.0,400.9705,402.5,1.53
16243B,BROWN COZY SQUARE PHOTO ALBUM,1.95,205,399.75,1,1.72,1.87,2.16,1.92,1.6, Competitive — Monitor,-1.0,,,MONITOR — No Clear Signal,0.0,1.95,0.0,0.0,-0.0,205.0,399.75,399.75,0.0
21553,CERAMIC BIRDHOUSE FINCH BLUE  LARGE,5.880357142857143,76,399.55,27,5.48,6.02,6.26,5.92,-0.7, Competitive — Monitor,-1.0,,,MONITOR — No Clear Signal,0.0,5.88,-0.0,0.0,-0.0,76.0,446.90714285714284,446.88,-0.03
22407,MONEY BOX FIRST ADE DESIGN,1.2409523809523808,334,399.26,42,1.17,1.27,1.42,1.29,-3.8, Competitive — Monitor,-1.0,,,MONITOR — No Clear Signal,0.0,1.24,-0.0,0.0,-0.0,334.0,414.4780952380952,414.16,-0.32
D,Discount,41.378,196,397.89,5,38.57,43.53,48.91,43.67,-5.2, Competitive — Monitor,-1.0,,,MONITOR — No Clear Signal,0.0,41.38,0.0,0.0,-0.0,196.0,8110.088,8110.4800000000005,0.39
21129,SILVER FISHING GNOME ,6.741666666666667,63,397.85,22,5.73,6.65,7.98,6.79,-0.7, Competitive — Monitor,-1.0,,,MONITOR — No Clear Signal,0.0,6.74,-0.0,0.0,-0.0,63.0,424.725,424.62,-0.11
17107D,"FLOWER FAIRY,5 SUMMER B'DRAW LINERS",2.55,156,397.79999999999995,39,2.33,2.38,3.04,2.58,-1.2, Competitive — Monitor,-1.0,,,MONITOR — No Clear Signal,0.0,2.55,0.0,0.0,-0.0,156.0,397.79999999999995,397.79999999999995,0.0
22266,EASTER DECORATION HANGING BUNNY,0.6460000000000001,619,397.55,45,0.55,0.62,0.76,0.64,0.9, Competitive — Monitor,-1.0,,,MONITOR — No Clear Signal,0.0,0.65,0.0,0.0,-0.0,619.0,399.8740000000001,402.35,2.48
22922,FRIDGE MAGNETS US DINER ASSORTED,0.8221428571428572,522,396.9,14,0.72,0.89,0.86,0.82,0.3, Competitive — Monitor,-1.0,,,MONITOR — No Clear Signal,0.0,0.82,-0.0,0.0,-0.0,522.0,429.15857142857146,428.03999999999996,-1.12
79191C,RETRO PLASTIC ELEPHANT TRAY,0.85,466,396.09999999999997,68,0.73,0.86,0.94,0.84,1.2, Competitive — Monitor,-1.0,,,MONITOR — No Clear Signal,0.0,0.85,0.0,0.0,-0.0,466.0,396.09999999999997,396.09999999999997,0.0
21723,ALPHABET HEARTS STICKER SHEET,0.85,466,396.09999999999997,59,0.77,0.88,1.0,0.88,-3.4, Competitive — Monitor,-1.0,,,MONITOR — No Clear Signal,0.0,0.85,0.0,0.0,-0.0,466.0,396.09999999999997,396.09999999999997,0.0
82616B,FRAPPUCINO SCARF KNITTING KIT,2.692424242424243,231,395.85,31,2.47,2.48,2.97,2.64,2.0, Competitive — Monitor,-1.0,,,MONITOR — No Clear Signal,0.0,2.69,-0.0,0.0,-0.0,231.0,621.95,621.39,-0.56
22510,DOORSTOP RUSSIAN DOLL GINGHAM,3.7416279069767437,107,395.49,43,3.22,3.75,4.27,3.75,-0.2, Competitive — Monitor,-1.0,,,MONITOR — No Clear Signal,0.0,3.74,-0.0,0.0,-0.0,107.0,400.3541860465116,400.18,-0.17
84726,LILLIES CANVAS PICTURE,2.17,233,394.84999999999997,5,1.93,2.01,2.48,2.14,1.4, Competitive — Monitor,-1.0,,,MONITOR — No Clear Signal,0.0,2.17,0.0,0.0,-0.0,233.0,505.60999999999996,505.60999999999996,0.0
84007,MAGIC GARDEN MOUNT FUJI,2.55,154,392.7,37,2.28,2.58,2.82,2.56,-0.4, Competitive — Monitor,-1.0,,,MONITOR — No Clear Signal,0.0,2.55,0.0,0.0,-0.0,154.0,392.7,392.7,0.0
20889,JARDIN DE FEMME SCENTED CANDLE,2.029166666666667,656,392.0,12,1.8,2.17,2.41,2.13,-4.7, Competitive — Monitor,-1.0,,,MONITOR — No Clear Signal,0.0,2.03,0.0,0.0,-0.0,656.0,1331.1333333333334,1331.6799999999998,0.55
85215,ASSORTED CHEESE FRIDGE MAGNETS,0.6472093023255815,611,391.39000000000004,40,0.56,0.7,0.73,0.66,-1.9, Competitive — Monitor,-1.0,,,MONITOR — No Clear Signal,0.0,0.65,0.0,0.0,-0.0,611.0,395.4448837209303,397.15000000000003,1.71
22953,BIRTHDAY PARTY CORDON BARRIER TAPE,1.242962962962963,335,391.39,26,1.11,1.25,1.39,1.25,-0.6, Competitive — Monitor,-1.0,,,MONITOR — No Clear Signal,0.0,1.24,-0.0,0.0,-0.0,335.0,416.3925925925926,415.4,-0.99
35471D,SET OF 3 BIRD LIGHT PINK FEATHER ,1.25,313,391.25,71,1.16,1.24,1.5,1.3,-3.8, Competitive — Monitor,-1.0,,,MONITOR — No Clear Signal,0.0,1.25,0.0,0.0,-0.0,313.0,391.25,391.25,0.0
20753,RETRO PINK SPOT WASHING UP GLOVES,2.057894736842105,187,391.1,38,1.76,2.2,2.31,2.09,-1.5, Competitive — Monitor,-1.0,,,MONITOR — No Clear Signal,0.0,2.06,0.0,0.0,-0.0,187.0,384.82631578947365,385.22,0.39
47562,ENGLISH ROSE IRONING BOARD COVER,3.75,104,390.0,41,3.22,3.85,4.04,3.7,1.4, Competitive — Monitor,-1.0,,,MONITOR — No Clear Signal,0.0,3.75,0.0,0.0,-0.0,104.0,390.0,390.0,0.0
35598B,BLACK CHRISTMAS TREE 60CM,2.23125,394,389.50000000000006,29,1.98,2.08,2.51,2.19,1.9, Competitive — Monitor,-1.0,,,MONITOR — No Clear Signal,0.0,2.23,-0.0,0.0,-0.0,394.0,879.1125000000001,878.62,-0.49
22247,BUNNY DECORATION MAGIC GARDEN,0.832156862745098,492,389.08,46,0.79,0.83,0.98,0.87,-4.3, Competitive — Monitor,-1.0,,,MONITOR — No Clear Signal,0.0,0.83,-0.0,0.0,-0.0,492.0,409.42117647058825,408.35999999999996,-1.06
16044,POP-ART FLUORESCENT PENS,0.24,6192,388.8,2,0.22,0.23,0.28,0.24,0.0, Competitive — Monitor,-1.0,,,MONITOR — No Clear Signal,0.0,0.24,0.0,0.0,-0.0,6192.0,1486.08,1486.08,0.0
35004S,SET OF 3 SILVER FLYING DUCKS,4.425,136,388.4,16,4.06,4.4,5.17,4.54,-2.5, Competitive — Monitor,-1.0,,,MONITOR — No Clear Signal,0.0,4.42,-0.0,0.0,-0.0,136.0,601.8,601.12,-0.68
84596G,SMALL CHOCOLATES PINK BOWL,1.25,310,387.5,67,1.11,1.24,1.45,1.27,-1.6, Competitive — Monitor,-1.0,,,MONITOR — No Clear Signal,0.0,1.25,0.0,0.0,-0.0,310.0,387.5,387.5,0.0
85027L,FRENCH CHATEAU LARGE PLATTER ,6.123913043478261,121,385.95,23,5.57,6.2,6.66,6.14,-0.3, Competitive — Monitor,-1.0,,,MONITOR — No Clear Signal,0.0,6.12,-0.0,0.0,-0.0,121.0,740.9934782608696,740.52,-0.47
22641,SET OF 4 NAPKIN CHARMS INSTRUMENT,2.5349999999999997,157,385.95,30,2.16,2.48,2.99,2.54,-0.2, Competitive — Monitor,-1.0,,,MONITOR — No Clear Signal,0.0,2.53,-0.0,0.0,-0.0,157.0,397.99499999999995,397.21,-0.78
35095B,RED VICTORIAN FABRIC OVAL BOX,0.4126415094339622,1059,385.37,51,0.38,0.39,0.49,0.42,-1.8, Competitive — Monitor,-1.0,,,MONITOR — No Clear Signal,0.0,0.41,-0.0,0.0,-0.0,1059.0,436.987358490566,434.19,-2.8
20653,CHERRY BLOSSOM LUGGAGE TAG,1.1984000000000001,1894,385.22,25,1.13,1.2,1.29,1.21,-1.0, Competitive — Monitor,-1.0,,,MONITOR — No Clear Signal,0.0,1.2,0.0,0.0,-0.0,1894.0,2269.7696,2272.7999999999997,3.03
85019C,CURIOUS  IMAGES NOTEBOOK SET,3.392857142857143,243,384.75,14,3.09,3.57,3.63,3.43,-1.1, Competitive — Monitor,-1.0,,,MONITOR — No Clear Signal,0.0,3.39,-0.0,0.0,-0.0,243.0,824.4642857142857,823.77,-0.69
84809A,WHITE CHRYSANTHEMUMS ART FLOWER,1.9893333333333334,233,384.54,15,1.86,2.04,2.38,2.09,-4.8, Competitive — Monitor,-1.0,,,MONITOR — No Clear Signal,0.0,1.99,0.0,0.0,-0.0,233.0,463.5146666666667,463.67,0.16
84929,ASSTD FRUIT+FLOWERS FRIDGE MAGNETS,0.5455172413793103,708,383.16,28,0.5,0.53,0.64,0.56,-2.6, Competitive — Monitor,-1.0,,,MONITOR — No Clear Signal,0.0,0.55,0.0,0.0,-0.0,708.0,386.22620689655173,389.40000000000003,3.17
21377,SMALL CAMPHOR WOOD FIELD  MUSHROOM,1.5115384615384615,358,383.09999999999997,26,1.3,1.62,1.79,1.57,-3.7, Competitive — Monitor,-1.0,,,MONITOR — No Clear Signal,0.0,1.51,-0.0,0.0,-0.0,358.0,541.1307692307693,540.58,-0.55
72803B,OCEAN SCENT CANDLE JEWELLED DRAWER,4.25,90,382.5,34,4.0,4.53,5.03,4.52,-6.0, Competitive — Monitor,-1.0,,,MONITOR — No Clear Signal,0.0,4.25,0.0,0.0,-0.0,90.0,382.5,382.5,0.0
85097B,BLUE ROCKING SINGING CANARY,3.75,102,382.5,36,3.21,3.58,4.24,3.68,1.9, Competitive — Monitor,-1.0,,,MONITOR — No Clear Signal,0.0,3.75,0.0,0.0,-0.0,102.0,382.5,382.5,0.0
20700,GREEN CAT FLORAL CUSHION COVER ,2.8125,278,382.5,8,2.54,2.61,3.23,2.79,0.8, Competitive — Monitor,-1.0,,,MONITOR — No Clear Signal,0.0,2.81,-0.0,0.0,-0.0,278.0,781.875,781.1800000000001,-0.69
84712B,PINK JEWELLED PHOTO FRAME,7.95,48,381.6,25,6.87,8.26,9.0,8.04,-1.1, Competitive — Monitor,-1.0,,,MONITOR — No Clear Signal,0.0,7.95,0.0,0.0,-0.0,48.0,381.6,381.6,0.0
85090,CANDY SPOT APRON,4.65,82,381.3,35,3.96,4.89,4.92,4.59,1.3, Competitive — Monitor,-1.0,,,MONITOR — No Clear Signal,0.0,4.65,0.0,0.0,-0.0,82.0,381.3,381.3,0.0
21336,GOLD WASHBAG,2.693636363636364,1781,380.99,22,2.4,2.9,3.13,2.81,-4.1, Competitive — Monitor,-1.0,,,MONITOR — No Clear Signal,0.0,2.69,-0.0,0.0,-0.0,1781.0,4797.3663636363635,4790.89,-6.48
90035B,"PEARL & SHELL 42""NECKL. PINK",10.185,43,380.89,4,8.96,10.82,11.47,10.42,-2.3, Competitive — Monitor,-1.0,,,MONITOR — No Clear Signal,0.0,10.18,-0.01,0.0,-0.0,43.0,437.95500000000004,437.74,-0.22
35969,FOLKART CROWN TABLE DECORATIONS,1.4685714285714286,452,380.03999999999996,40,1.32,1.49,1.68,1.5,-2.1, Competitive — Monitor,-1.0,,,MONITOR — No Clear Signal,0.0,1.47,0.0,0.0,-0.0,452.0,663.7942857142857,664.4399999999999,0.65
85167A,WHITE GRAND BAROQUE PHOTO FRAME,3.5,174,379.5,12,3.18,3.52,3.94,3.55,-1.4, Competitive — Monitor,-1.0,,,MONITOR — No Clear Signal,0.0,3.5,0.0,0.0,-0.0,174.0,609.0,609.0,0.0
84016,FLAG OF ST GEORGE CAR FLAG,0.4184444444444444,953,379.26,45,0.36,0.39,0.47,0.41,2.1, Competitive — Monitor,-1.0,,,MONITOR — No Clear Signal,0.0,0.42,0.0,0.0,-0.0,953.0,398.7775555555555,400.26,1.48
22707,WRAP MONSTER FUN ,0.42,900,378.0,34,0.36,0.4,0.45,0.4,5.0, Competitive — Monitor,-1.0,,,MONITOR — No Clear Signal,0.0,0.42,0.0,0.0,-0.0,900.0,378.0,378.0,0.0
79071B,ENGLISH ROSE METAL WASTE BIN,2.95,128,377.6,49,2.67,2.93,3.22,2.94,0.3, Competitive — Monitor,-1.0,,,MONITOR — No Clear Signal,0.0,2.95,0.0,0.0,-0.0,128.0,377.6,377.6,0.0
21147,JINGLE BELLS TREE DECORATION,1.8767857142857145,251,377.1,27,1.66,1.92,2.02,1.87,0.4, Competitive — Monitor,-1.0,,,MONITOR — No Clear Signal,0.0,1.88,0.0,0.0,-0.0,251.0,471.07321428571436,471.88,0.81
84827,ASS DES PHONE SPONGE CRAFT STICKER,0.65,580,377.0,17,0.6,0.66,0.7,0.65,0.0, Competitive — Monitor,-1.0,,,MONITOR — No Clear Signal,0.0,0.65,0.0,0.0,-0.0,580.0,377.0,377.0,0.0
84901,BLACK FACE LAMB WITH PANTS,3.7377966101694917,101,376.59,56,3.42,3.88,4.47,3.92,-4.6, Competitive — Monitor,-1.0,,,MONITOR — No Clear Signal,0.0,3.74,0.0,0.0,-0.0,101.0,377.5174576271187,377.74,0.22
21014,SWISS CHALET TREE DECORATION ,0.8162745098039215,540,376.44,47,0.76,0.79,0.88,0.81,0.8, Competitive — Monitor,-1.0,,,MONITOR — No Clear Signal,0.0,0.82,0.0,0.0,-0.0,540.0,440.7882352941176,442.79999999999995,2.01
85007,SET OF 3 VINTAGE TEA TIME BOXES,3.9,139,376.35,19,3.59,3.94,4.25,3.93,-0.8, Competitive — Monitor,-1.0,,,MONITOR — No Clear Signal,0.0,3.9,0.0,0.0,-0.0,139.0,542.1,542.1,0.0
22230,JIGSAW TREE WITH WATERING CAN,0.85,442,375.7,60,0.76,0.79,0.97,0.84,1.2, Competitive — Monitor,-1.0,,,MONITOR — No Clear Signal,0.0,0.85,0.0,0.0,-0.0,442.0,375.7,375.7,0.0
21252,SET OF MEADOW  FLOWER STICKERS,2.743125,161,375.65000000000003,16,2.52,2.71,3.13,2.79,-1.7, Competitive — Monitor,-1.0,,,MONITOR — No Clear Signal,0.0,2.74,-0.0,0.0,-0.0,161.0,441.643125,441.14000000000004,-0.5
22761,CHEST 7 DRAWER MA CAMPAGNE,24.28333333333333,16,375.2,9,21.31,25.26,26.06,24.21,0.3, Competitive — Monitor,-1.0,,,MONITOR — No Clear Signal,0.0,24.28,-0.0,0.0,-0.0,16.0,388.5333333333333,388.48,-0.05
20701,PINK CAT FLORAL CUSHION COVER ,3.0,276,375.0,10,2.64,3.09,3.51,3.08,-2.6, Competitive — Monitor,-1.0,,,MONITOR — No Clear Signal,0.0,3.0,0.0,0.0,-0.0,276.0,828.0,828.0,0.0
84876D,BLUE HEART COMPACT MIRROR,2.8676470588235294,204,375.0,17,2.66,3.09,3.35,3.03,-5.4, Competitive — Monitor,-1.0,,,MONITOR — No Clear Signal,0.0,2.87,0.0,0.0,-0.0,204.0,585.0,585.48,0.48
21198,WHITE HEART CONFETTI IN TUBE,1.65,227,374.54999999999995,32,1.48,1.59,1.79,1.62,1.9, Competitive — Monitor,-1.0,,,MONITOR — No Clear Signal,0.0,1.65,0.0,0.0,-0.0,227.0,374.54999999999995,374.54999999999995,0.0
84798A,PINK FOXGLOVE ARTIIFCIAL FLOWER,2.475,172,373.80000000000007,6,2.3,2.47,2.71,2.49,-0.6, Competitive — Monitor,-1.0,,,MONITOR — No Clear Signal,0.0,2.48,0.0,0.0,-0.0,172.0,425.7,426.56,0.86
85136B,BLUE SHARK HELICOPTER,7.950000000000001,47,373.65000000000003,37,7.41,7.73,9.47,8.2,-3.0, Competitive — Monitor,-1.0,,,MONITOR — No Clear Signal,0.0,7.95,-0.0,0.0,-0.0,47.0,373.65000000000003,373.65000000000003,0.0
85136A,YELLOW SHARK HELICOPTER,7.949999999999999,47,373.65,36,7.44,7.87,9.33,8.21,-3.2, Competitive — Monitor,-1.0,,,MONITOR — No Clear Signal,0.0,7.95,0.0,0.0,-0.0,47.0,373.65,373.65000000000003,0.0
21641,ASSORTED TUTTI FRUTTI KEYRING BALL,0.85,439,373.15,25,0.8,0.9,0.98,0.89,-4.5, Competitive — Monitor,-1.0,,,MONITOR — No Clear Signal,0.0,0.85,0.0,0.0,-0.0,439.0,373.15,373.15,0.0
22135,LADLE LOVE HEART PINK,0.4179310344827586,935,372.54,58,0.37,0.43,0.44,0.41,1.9, Competitive — Monitor,-1.0,,,MONITOR — No Clear Signal,0.0,0.42,0.0,0.0,-0.0,935.0,390.76551724137926,392.7,1.93
21220,SET/4 BADGES DOGS,1.25,298,372.5,41,1.1,1.33,1.39,1.27,-1.6, Competitive — Monitor,-1.0,,,MONITOR — No Clear Signal,0.0,1.25,0.0,0.0,-0.0,298.0,372.5,372.5,0.0
22799,SWEETHEART WIRE FRUIT BOWL,8.452777777777778,45,372.3,18,7.68,8.05,9.58,8.44,0.2, Competitive — Monitor,-1.0,,,MONITOR — No Clear Signal,0.0,8.45,-0.0,0.0,-0.0,45.0,380.375,380.24999999999994,-0.13
84680,CLASSICAL ROSE URN,7.06764705882353,94,372.3,17,6.27,7.49,7.62,7.13,-0.9, Competitive — Monitor,-1.0,,,MONITOR — No Clear Signal,0.0,7.07,0.0,0.0,-0.0,94.0,664.3588235294118,664.58,0.22
62094B,TURQ ICE CREAM BUM BAG ,2.2479166666666663,238,371.9,24,2.05,2.09,2.51,2.22,1.3, Competitive — Monitor,-1.0,,,MONITOR — No Clear Signal,0.0,2.25,0.0,0.0,-0.0,238.0,535.0041666666666,535.5,0.5
85213,MINI  ZINC GARDEN DECORATIONS ,0.8416,461,371.69,25,0.77,0.89,0.96,0.87,-3.3, Competitive — Monitor,-1.0,,,MONITOR — No Clear Signal,0.0,0.84,-0.0,0.0,-0.0,461.0,387.9776,387.24,-0.74
85071C,"CHARLIE+LOLA""EXTREMELY BUSY"" SIGN",2.211851851851852,596,371.34000000000003,27,2.03,2.15,2.43,2.2,0.5, Competitive — Monitor,-1.0,,,MONITOR — No Clear Signal,0.0,2.21,-0.0,0.0,-0.0,596.0,1318.2637037037039,1317.16,-1.1
20857,BLUE ROSE PATCH PURSE PINK BUTTERFL,1.65,225,371.25,65,1.46,1.6,1.93,1.66,-0.6, Competitive — Monitor,-1.0,,,MONITOR — No Clear Signal,0.0,1.65,0.0,0.0,-0.0,225.0,371.25,371.25,0.0
22105,MIRROR MOSAIC GOBLET CANDLE HOLDER,4.044117647058823,107,370.75,16,3.5,4.05,4.76,4.1,-1.4, Competitive — Monitor,-1.0,,,MONITOR — No Clear Signal,0.0,4.04,-0.0,0.0,-0.0,107.0,432.7205882352941,432.28000000000003,-0.44
85025B,EAU DE NILE HEART SHAPE PHOTO FRAME,1.65,224,369.59999999999997,44,1.47,1.77,1.81,1.68,-1.8, Competitive — Monitor,-1.0,,,MONITOR — No Clear Signal,0.0,1.65,0.0,0.0,-0.0,224.0,369.59999999999997,369.59999999999997,0.0
22391,PAPERWEIGHT HOME SWEET HOME,2.4367647058823527,163,369.45,32,2.11,2.26,2.87,2.41,1.1, Competitive — Monitor,-1.0,,,MONITOR — No Clear Signal,0.0,2.44,0.0,0.0,-0.0,163.0,397.19264705882347,397.71999999999997,0.53
37475,SET/4 COLOURFUL MIXING BOWLS,9.883636363636363,38,369.34,22,9.28,9.65,10.53,9.82,0.6, Competitive — Monitor,-1.0,,,MONITOR — No Clear Signal,0.0,9.88,-0.0,0.0,-0.0,38.0,375.5781818181818,375.44000000000005,-0.14
84859C,PINK DISCO HANDBAG,3.661764705882353,219,366.25,16,3.24,3.87,4.3,3.8,-3.6, Competitive — Monitor,-1.0,,,MONITOR — No Clear Signal,0.0,3.66,-0.0,0.0,-0.0,219.0,801.9264705882352,801.5400000000001,-0.39
35972,DAISY FOLKART HEART DECORATION,1.25,293,366.25,35,1.08,1.23,1.34,1.22,2.5, Competitive — Monitor,-1.0,,,MONITOR — No Clear Signal,0.0,1.25,0.0,0.0,-0.0,293.0,366.25,366.25,0.0
35915A,CREAM KNITTED HEN,1.27,288,365.76,1,1.08,1.21,1.35,1.21,5.0, Competitive — Monitor,-1.0,,,MONITOR — No Clear Signal,0.0,1.27,0.0,0.0,-0.0,288.0,365.76,365.76,0.0
22044,CHRISTMAS CARD STACK OF PRESENTS,0.35924528301886793,1153,365.58,53,0.33,0.35,0.41,0.36,-0.2, Competitive — Monitor,-1.0,,,MONITOR — No Clear Signal,0.0,0.36,0.0,0.0,-0.0,1153.0,414.20981132075474,415.08,0.87
84865,NEW BAROQUE BLACK PHOTO ALBUM,8.5,43,365.5,29,7.77,8.34,9.53,8.55,-0.6, Competitive — Monitor,-1.0,,,MONITOR — No Clear Signal,0.0,8.5,0.0,0.0,-0.0,43.0,365.5,365.5,0.0
22264,FELT FARM ANIMAL WHITE BUNNY ,0.8476785714285714,431,364.78999999999996,49,0.75,0.9,1.01,0.89,-4.8, Competitive — Monitor,-1.0,,,MONITOR — No Clear Signal,0.0,0.85,0.0,0.0,-0.0,431.0,365.34946428571425,366.34999999999997,1.0
84597C,RETRO PINK BALL ASHTRAY ,1.2166666666666666,307,364.55,24,1.04,1.27,1.34,1.22,-0.3, Competitive — Monitor,-1.0,,,MONITOR — No Clear Signal,0.0,1.22,0.0,0.0,-0.0,307.0,373.51666666666665,374.53999999999996,1.02
20851,ZINC HEART LATTICE TRAY OVAL ,5.690476190476191,325,364.15000000000003,20,5.07,5.7,6.22,5.66,0.5, Competitive — Monitor,-1.0,,,MONITOR — No Clear Signal,0.0,5.69,-0.0,0.0,-0.0,325.0,1849.404761904762,1849.2500000000002,-0.15
21386,IVORY HANGING DECORATION  EGG,0.8465789473684211,432,364.08,36,0.75,0.91,0.95,0.87,-2.7, Competitive — Monitor,-1.0,,,MONITOR — No Clear Signal,0.0,0.85,0.0,0.0,-0.0,432.0,365.7221052631579,367.2,1.48
22263,FELT EGG COSY LADYBIRD ,0.8453571428571428,472,363.76,25,0.78,0.84,0.95,0.86,-1.7, Competitive — Monitor,-1.0,,,MONITOR — No Clear Signal,0.0,0.85,0.0,0.0,-0.0,472.0,399.00857142857143,401.2,2.19
16169M,WRAP DAISY CARPET ,0.305,1400,363.75,34,0.28,0.28,0.34,0.3,1.7, Competitive — Monitor,-1.0,,,MONITOR — No Clear Signal,0.0,0.3,-0.01,0.0,-0.0,1400.0,427.0,420.0,-7.0
20819,SILVER TEDDY BEAR,3.4642857142857144,161,363.75,35,3.07,3.33,4.0,3.47,-0.2, Competitive — Monitor,-1.0,,,MONITOR — No Clear Signal,0.0,3.46,-0.0,0.0,-0.0,161.0,557.75,557.06,-0.69
21880,RED AND WHITE SPOT TAPE,0.65,559,363.35,51,0.57,0.64,0.76,0.66,-1.5, Competitive — Monitor,-1.0,,,MONITOR — No Clear Signal,0.0,0.65,0.0,0.0,-0.0,559.0,363.35,363.35,0.0
20619,TROPICAL PASSPORT COVER ,2.073404255319149,232,362.20000000000005,46,1.97,1.96,2.44,2.12,-2.2, Competitive — Monitor,-1.0,,,MONITOR — No Clear Signal,0.0,2.07,-0.0,0.0,-0.0,232.0,481.02978723404254,480.23999999999995,-0.79
84984A,GREEN PEONY DES C/COVER,3.6300000000000003,246,361.9,10,3.25,3.89,4.34,3.83,-5.2, Competitive — Monitor,-1.0,,,MONITOR — No Clear Signal,0.0,3.63,-0.0,0.0,-0.0,246.0,892.9800000000001,892.98,-0.0
84708B,PINK JEWELLED PHOTO FRAME ,4.95,73,361.35,31,4.55,5.16,5.4,5.04,-1.8, Competitive — Monitor,-1.0,,,MONITOR — No Clear Signal,0.0,4.95,0.0,0.0,-0.0,73.0,361.35,361.35,0.0
84306,S/3 PINK SQUARE PLANTERS ROSES,10.95,33,361.34999999999997,17,9.46,10.54,12.67,10.89,0.6, Competitive — Monitor,-1.0,,,MONITOR — No Clear Signal,0.0,10.95,0.0,0.0,-0.0,33.0,361.34999999999997,361.34999999999997,0.0
21017,RED BIRD HOUSE TREE DECORATION,0.805952380952381,551,360.83,39,0.72,0.82,0.89,0.81,-0.5, Competitive — Monitor,-1.0,,,MONITOR — No Clear Signal,0.0,0.81,0.0,0.0,-0.0,551.0,444.07976190476194,446.31,2.23
84799,SPRIG LAVENDER ARTIFICIAL FLOWER,1.0523809523809524,448,360.8,20,0.9,1.09,1.21,1.07,-1.6, Competitive — Monitor,-1.0,,,MONITOR — No Clear Signal,0.0,1.05,-0.0,0.0,-0.0,448.0,471.4666666666667,470.40000000000003,-1.07
21117,BLOND DOLL DOORSTOP,2.2275,219,360.33,12,2.01,2.38,2.5,2.3,-3.2, Competitive — Monitor,-1.0,,,MONITOR — No Clear Signal,0.0,2.23,0.0,0.0,-0.0,219.0,487.8225,488.37,0.55
20615,BLUE SPOTTY PASSPORT COVER,2.0739583333333336,231,360.1,47,1.96,2.2,2.49,2.22,-6.6, Competitive — Monitor,-1.0,,,MONITOR — No Clear Signal,0.0,2.07,-0.0,0.0,-0.0,231.0,479.0843750000001,478.16999999999996,-0.91
84913A,SOFT PINK ROSE TOWEL ,4.65,77,358.05,23,4.13,4.66,5.39,4.73,-1.7, Competitive — Monitor,-1.0,,,MONITOR — No Clear Signal,0.0,4.65,0.0,0.0,-0.0,77.0,358.05,358.05,0.0
90195A,PURPLE GEMSTONE BRACELET,8.95,40,358.0,21,7.64,9.34,10.68,9.22,-2.9, Competitive — Monitor,-1.0,,,MONITOR — No Clear Signal,0.0,8.95,0.0,0.0,-0.0,40.0,358.0,358.0,0.0
47579,TEA TIME BREAKFAST BASKET,2.1,170,357.0,43,1.79,2.12,2.47,2.13,-1.4, Competitive — Monitor,-1.0,,,MONITOR — No Clear Signal,0.0,2.1,0.0,0.0,-0.0,170.0,357.0,357.0,0.0
16012,FOOD/DRINK SPUNGE STICKERS,0.2089795918367347,1705,356.85,48,0.19,0.21,0.25,0.22,-5.0, Competitive — Monitor,-1.0,,,MONITOR — No Clear Signal,0.0,0.21,0.0,0.0,-0.0,1705.0,356.31020408163266,358.05,1.74
84859B,BLUE DISCO HANDBAG,2.87,249,356.75,5,2.49,2.69,3.36,2.85,0.7, Competitive — Monitor,-1.0,,,MONITOR — No Clear Signal,0.0,2.87,0.0,0.0,-0.0,249.0,714.63,714.63,0.0
20830,SILVER PHOTO FRAME,2.055357142857143,227,356.7,26,1.75,1.93,2.3,1.99,3.3, Competitive — Monitor,-1.0,,,MONITOR — No Clear Signal,0.0,2.06,0.0,0.0,-0.0,227.0,466.56607142857143,467.62,1.05
85186A,EASTER BUNNY GARLAND OF FLOWERS,0.42,849,356.58,44,0.39,0.42,0.46,0.42,0.0, Competitive — Monitor,-1.0,,,MONITOR — No Clear Signal,0.0,0.42,0.0,0.0,-0.0,849.0,356.58,356.58,0.0
85127,SMALL SQUARE CUT GLASS CANDLESTICK,4.95,72,356.40000000000003,22,4.43,4.77,5.47,4.89,1.2, Competitive — Monitor,-1.0,,,MONITOR — No Clear Signal,0.0,4.95,0.0,0.0,-0.0,72.0,356.40000000000003,356.40000000000003,0.0
22447,PIN CUSHION RUSSIAN DOLL BLUE,3.35,106,355.1,32,2.94,3.09,3.53,3.19,5.0, Competitive — Monitor,-1.0,,,MONITOR — No Clear Signal,0.0,3.35,0.0,0.0,-0.0,106.0,355.1,355.1,0.0
22053,EMPIRE DESIGN ROSETTE,1.25,284,355.0,40,1.18,1.29,1.41,1.29,-3.1, Competitive — Monitor,-1.0,,,MONITOR — No Clear Signal,0.0,1.25,0.0,0.0,-0.0,284.0,355.0,355.0,0.0
21729,SMALL MARAKESH METAL  LANTERN ,3.2291666666666665,114,354.5,23,2.78,2.99,3.64,3.14,2.8, Competitive — Monitor,-1.0,,,MONITOR — No Clear Signal,0.0,3.23,0.0,0.0,-0.0,114.0,368.125,368.21999999999997,0.09
85230E,STRAWBRY SCENTED VOTIVE CANDLE,0.28024390243902436,1320,353.99999999999994,41,0.26,0.28,0.32,0.29,-3.4, Competitive — Monitor,-3.301,Highly Elastic — Consider Discount,-5%,MONITOR — No Clear Signal,0.0,0.28,-0.0,0.0,-0.0,1320.0,369.92195121951215,369.6,-0.32
22815,CARD PSYCHEDELIC APPLES,0.4189655172413793,852,353.52,56,0.37,0.42,0.5,0.43,-2.6, Competitive — Monitor,-1.0,,,MONITOR — No Clear Signal,0.0,0.42,0.0,0.0,-0.0,852.0,356.95862068965516,357.84,0.88
20662,FIRST CLASS HOLIDAY PURSE ,2.652,686,353.30000000000007,20,2.49,2.85,3.15,2.83,-6.3, Competitive — Monitor,-1.0,,,MONITOR — No Clear Signal,0.0,2.65,-0.0,0.0,-0.0,686.0,1819.2720000000002,1817.8999999999999,-1.37
72487,ROSES WHITE ROUND CANDLE,0.9776923076923077,826,351.62,13,0.89,0.98,1.05,0.97,0.8, Competitive — Monitor,-1.0,,,MONITOR — No Clear Signal,0.0,0.98,0.0,0.0,-0.0,826.0,807.5738461538461,809.48,1.91
84600,NEW BAROQUE JEWELLERY BOX ,7.897368421052632,46,349.7,19,7.37,7.35,8.73,7.82,1.0, Competitive — Monitor,-1.0,,,MONITOR — No Clear Signal,0.0,7.9,0.0,0.0,-0.0,46.0,363.2789473684211,363.40000000000003,0.12
35471A,SET OF 3 BIRD L.BLUE FEATHER,1.1857142857142857,360,349.2,54,1.12,1.2,1.32,1.21,-2.0, Competitive — Monitor,-1.0,,,MONITOR — No Clear Signal,0.0,1.19,0.0,0.0,-0.0,360.0,426.85714285714283,428.4,1.54
35004P,SET OF 3 PINK FLYING DUCKS,5.0200000000000005,83,349.15000000000003,20,4.41,5.29,5.54,5.08,-1.2, Competitive — Monitor,-1.0,,,MONITOR — No Clear Signal,0.0,5.02,-0.0,0.0,-0.0,83.0,416.66,416.65999999999997,-0.0
21209,MULTICOLOUR HONEYCOMB FAN,1.6428571428571428,213,349.04999999999995,28,1.55,1.77,1.92,1.75,-6.1, Competitive — Monitor,-1.0,,,MONITOR — No Clear Signal,0.0,1.64,-0.0,0.0,-0.0,213.0,349.9285714285714,349.32,-0.61
90184C,BLACK CHUNKY BEAD BRACELET W STRAP,8.95,39,349.04999999999995,19,7.96,8.85,10.1,8.97,-0.2, Competitive — Monitor,-1.0,,,MONITOR — No Clear Signal,0.0,8.95,0.0,0.0,-0.0,39.0,349.04999999999995,349.04999999999995,0.0
84804B,BLUE DELPHINIUM ARTIFICIAL FLOWER,2.6433333333333335,268,349.00000000000006,13,2.35,2.57,3.0,2.64,0.1, Competitive — Monitor,-1.0,,,MONITOR — No Clear Signal,0.0,2.64,-0.0,0.0,-0.0,268.0,708.4133333333334,707.52,-0.89
20793,BLUE TILED TRAY,6.204545454545454,265,348.75,11,5.49,6.61,7.31,6.47,-4.1, Competitive — Monitor,-1.0,,,MONITOR — No Clear Signal,0.0,6.2,-0.0,0.0,-0.0,265.0,1644.2045454545453,1643.0,-1.2
47469,ASSORTED SHAPES PHOTO CLIP SILVER ,0.627,740,348.52,16,0.57,0.6,0.73,0.63,-0.5, Competitive — Monitor,-1.0,,,MONITOR — No Clear Signal,0.0,0.63,0.0,0.0,-0.0,740.0,463.98,466.2,2.22
51020A,SUMMER FUN DESIGN SHOWER CAP,0.9881818181818182,979,348.22999999999996,32,0.86,1.01,1.06,0.98,0.8, Competitive — Monitor,-6.43,Highly Elastic — Consider Discount,-5%,MONITOR — No Clear Signal,0.0,0.99,0.0,0.0,-0.0,979.0,967.43,969.21,1.78
20854,BLUE PATCH PURSE PINK HEART,1.65,211,348.15,70,1.49,1.63,1.91,1.68,-1.8, Competitive — Monitor,-1.0,,,MONITOR — No Clear Signal,0.0,1.65,0.0,0.0,-0.0,211.0,348.15,348.15,0.0
47310M,"SMALL POP BOX,FUNKY MONKEY",1.2214285714285715,309,347.85,35,1.1,1.13,1.36,1.2,1.8, Competitive — Monitor,-1.0,,,MONITOR — No Clear Signal,0.0,1.22,-0.0,0.0,-0.0,309.0,377.4214285714286,376.98,-0.44
71101E,STANDING FAIRY POLE SUPPORT ,0.84,431,347.63,25,0.78,0.82,0.92,0.84,0.0, Competitive — Monitor,-1.0,,,MONITOR — No Clear Signal,0.0,0.84,0.0,0.0,-0.0,431.0,362.03999999999996,362.03999999999996,0.0
84402D,PINK DRESS JEWELLERY STAND ,1.6136363636363635,371,346.84999999999997,11,1.51,1.55,1.71,1.59,1.5, Competitive — Monitor,-1.0,,,MONITOR — No Clear Signal,0.0,1.61,-0.0,0.0,-0.0,371.0,598.6590909090909,597.3100000000001,-1.35
85019A,ROMANTIC IMAGES NOTEBOOK SET,3.392857142857143,234,346.5,14,3.03,3.49,3.81,3.44,-1.4, Competitive — Monitor,-3.04,Highly Elastic — Consider Discount,-5%,MONITOR — No Clear Signal,0.0,3.39,-0.0,0.0,-0.0,234.0,793.9285714285714,793.26,-0.67
85180B,PINK HEARTS LIGHT CHAIN ,4.585384615384616,83,345.63,11,4.04,4.91,5.06,4.67,-1.8, Competitive — Monitor,-1.0,,,MONITOR — No Clear Signal,0.0,4.59,0.0,0.0,-0.0,83.0,380.5869230769231,380.96999999999997,0.38
72801C,S/4 ROSE PINK DINNER CANDLES,1.1223529411764706,567,345.63,34,0.98,1.08,1.22,1.09,3.0, Competitive — Monitor,-1.0,,,MONITOR — No Clear Signal,0.0,1.12,-0.0,0.0,-0.0,567.0,636.3741176470588,635.0400000000001,-1.33
84820,DANISH ROSE TRINKET TRAYS,5.95,58,345.1,18,5.17,6.25,6.87,6.1,-2.5, Competitive — Monitor,-1.0,,,MONITOR — No Clear Signal,0.0,5.95,0.0,0.0,-0.0,58.0,345.1,345.1,0.0
17129D,CLEAR COLOUR GLASS GEMS IN BAG,0.7615789473684211,518,344.53999999999996,19,0.65,0.71,0.89,0.75,1.5, Competitive — Monitor,-1.0,,,MONITOR — No Clear Signal,0.0,0.76,-0.0,0.0,-0.0,518.0,394.49789473684217,393.68,-0.82
22701,PINK DOG BOWL,2.946857142857143,117,344.49000000000007,35,2.61,2.96,3.2,2.92,0.9, Competitive — Monitor,-1.0,,,MONITOR — No Clear Signal,0.0,2.95,0.0,0.0,-0.0,117.0,344.78228571428576,345.15000000000003,0.37
21270,ANTIQUE CREAM CUTLERY CUPBOARD,12.75,27,344.25,14,11.18,11.87,13.48,12.18,4.7, Competitive — Monitor,-1.0,,,MONITOR — No Clear Signal,0.0,12.75,0.0,0.0,-0.0,27.0,344.25,344.25,0.0
90200A,PURPLE SWEETHEART BRACELET,4.25,81,344.25,28,4.02,4.55,5.0,4.52,-6.0, Competitive — Monitor,-1.0,,,MONITOR — No Clear Signal,0.0,4.25,0.0,0.0,-0.0,81.0,344.25,344.25,0.0
17181,CIRCLE OF FRIENDS CANDLE HOLDER,2.1661290322580644,295,344.24999999999994,28,1.96,2.26,2.28,2.17,-0.2, Competitive — Monitor,-9.836,Highly Elastic — Consider Discount,-5%,MONITOR — No Clear Signal,0.0,2.17,0.0,0.0,-0.0,295.0,639.008064516129,640.15,1.14
20845,ZINC HEART LATTICE 2 WALL PLANTER,6.35,54,342.9,10,5.62,6.51,7.56,6.56,-3.2, Competitive — Monitor,-1.0,,,MONITOR — No Clear Signal,0.0,6.35,0.0,0.0,-0.0,54.0,342.9,342.9,0.0
84051,ASS COLOUR GLOWING TIARAS,0.843,432,342.0,29,0.77,0.89,0.96,0.87,-3.1, Competitive — Monitor,-1.0,,,MONITOR — No Clear Signal,0.0,0.84,-0.0,0.0,-0.0,432.0,364.176,362.88,-1.3
17012A,ORIGAMI VANILLA INCENSE/CANDLE SET ,1.8699999999999999,374,341.7,10,1.62,1.91,2.05,1.86,0.5, Competitive — Monitor,-1.0,,,MONITOR — No Clear Signal,0.0,1.87,0.0,0.0,-0.0,374.0,699.38,699.38,0.0
84984C,ORIENTAL BLUE C/COVER ,3.8000000000000003,227,341.55,12,3.4,4.09,4.13,3.87,-1.8, Competitive — Monitor,-1.0,,,MONITOR — No Clear Signal,0.0,3.8,-0.0,0.0,-0.0,227.0,862.6,862.5999999999999,-0.0
20696,FLORAL SOFT CAR TOY,3.75,91,341.25,24,3.42,3.88,3.94,3.75,0.0, Competitive — Monitor,-1.0,,,MONITOR — No Clear Signal,0.0,3.75,0.0,0.0,-0.0,91.0,341.25,341.25,0.0
21090,SET/6 COLLAGE PAPER PLATES,0.8206666666666667,625,341.16999999999996,44,0.74,0.88,0.89,0.84,-2.3, Competitive — Monitor,-1.0,,,MONITOR — No Clear Signal,0.0,0.82,-0.0,0.0,-0.0,625.0,512.9166666666666,512.5,-0.42
47367B,PAIR PADDED HANGERS PINK CHECK,3.722413793103448,96,340.8,28,3.31,3.73,3.99,3.68,1.2, Competitive — Monitor,-1.0,,,MONITOR — No Clear Signal,0.0,3.72,-0.0,0.0,-0.0,96.0,357.351724137931,357.12,-0.23
22811,SET OF 6 T-LIGHTS CACTI ,2.9233333333333333,122,340.70000000000005,15,2.78,2.74,3.34,2.95,-0.9, Competitive — Monitor,-1.0,,,MONITOR — No Clear Signal,0.0,2.92,-0.0,0.0,-0.0,122.0,356.64666666666665,356.24,-0.41
84249D,FAIRY CAKE GREETINGS CARD,0.41892857142857143,821,340.5,55,0.39,0.42,0.45,0.42,-0.3, Competitive — Monitor,-1.0,,,MONITOR — No Clear Signal,0.0,0.42,0.0,0.0,-0.0,821.0,343.9403571428571,344.82,0.88
90010B,BLACK/WHITE GLASS/SILVER BRACELET,8.95,38,340.09999999999997,14,8.17,8.42,10.11,8.9,0.6, Competitive — Monitor,-1.0,,,MONITOR — No Clear Signal,0.0,8.95,0.0,0.0,-0.0,38.0,340.09999999999997,340.09999999999997,0.0
21221,SET/4 BADGES CUTE CREATURES,1.25,272,340.0,39,1.13,1.27,1.42,1.27,-1.6, Competitive — Monitor,-1.0,,,MONITOR — No Clear Signal,0.0,1.25,0.0,0.0,-0.0,272.0,340.0,340.0,0.0
75149N,STRING CRYSTALS NATURAL,1.25,272,340.0,25,1.14,1.25,1.37,1.25,0.0, Competitive — Monitor,-1.0,,,MONITOR — No Clear Signal,0.0,1.25,0.0,0.0,-0.0,272.0,340.0,340.0,0.0
84569A,PACK 3 IRON ON DOG PATCHES,1.25,271,338.75,39,1.09,1.27,1.32,1.23,1.6, Competitive — Monitor,-1.0,,,MONITOR — No Clear Signal,0.0,1.25,0.0,0.0,-0.0,271.0,338.75,338.75,0.0
82076,BEECH WOOD PHOTO FRAME ,1.25,271,338.75,6,1.11,1.15,1.32,1.19,5.0, Competitive — Monitor,-1.0,,,MONITOR — No Clear Signal,0.0,1.25,0.0,0.0,-0.0,271.0,338.75,338.75,0.0
84313B,BLUE TV TRAY TABLE ,4.2225,82,337.94,32,3.61,4.02,4.45,4.03,4.8, Competitive — Monitor,-1.0,,,MONITOR — No Clear Signal,0.0,4.22,-0.0,0.0,-0.0,82.0,346.245,346.03999999999996,-0.21
22856,ASSORTED EASTER DECORATIONS  BELLS,1.2183333333333335,314,337.78000000000003,5,1.09,1.22,1.41,1.24,-1.7, Competitive — Monitor,-1.0,,,MONITOR — No Clear Signal,0.0,1.22,0.0,0.0,-0.0,314.0,382.55666666666673,383.08,0.52
84081,WHITE CERAMIC PARTY SET (5PCS),4.078,94,337.58,15,3.69,4.37,4.48,4.18,-2.4, Competitive — Monitor,-1.0,,,MONITOR — No Clear Signal,0.0,4.08,0.0,0.0,-0.0,94.0,383.33200000000005,383.52,0.19
20976,12 PENCILS SMALL TUBE POSY,0.65,519,337.35,64,0.57,0.64,0.76,0.66,-1.5, Competitive — Monitor,-1.0,,,MONITOR — No Clear Signal,0.0,0.65,0.0,0.0,-0.0,519.0,337.35,337.35,0.0
82081,PINK HEARTS PHOTO ALBUM,3.0416666666666665,159,336.25,12,2.88,3.0,3.39,3.09,-1.6, Competitive — Monitor,-1.0,,,MONITOR — No Clear Signal,0.0,3.04,-0.0,0.0,-0.0,159.0,483.625,483.36,-0.26
85194S,HANGING SPRING FLOWER EGG SMALL,0.65,517,336.05,40,0.61,0.67,0.73,0.67,-3.0, Competitive — Monitor,-1.0,,,MONITOR — No Clear Signal,0.0,0.65,0.0,0.0,-0.0,517.0,336.05,336.05,0.0
17129F,DEEP BLUE GLASS GEMS IN BAG,0.731304347826087,513,335.25,22,0.67,0.74,0.82,0.74,-1.2, Competitive — Monitor,-4.528,Highly Elastic — Consider Discount,-5%,MONITOR — No Clear Signal,0.0,0.73,-0.0,0.0,-0.0,513.0,375.15913043478264,374.49,-0.67
20831,GOLD PHOTO FRAME,2.013793103448276,231,335.1,27,1.82,1.95,2.33,2.03,-0.8, Competitive — Monitor,-1.0,,,MONITOR — No Clear Signal,0.0,2.01,-0.0,0.0,-0.0,231.0,465.1862068965517,464.30999999999995,-0.88
84683,CLASSICAL ROSE CANDLESTAND,1.178,348,334.2,21,1.1,1.16,1.29,1.18,-0.2, Competitive — Monitor,-1.0,,,MONITOR — No Clear Signal,0.0,1.18,0.0,0.0,-0.0,348.0,409.94399999999996,410.64,0.7
22821,GIFT BAG PSYCHEDELIC APPLES,0.65,514,334.1,40,0.56,0.62,0.69,0.62,4.8, Competitive — Monitor,-1.0,,,MONITOR — No Clear Signal,0.0,0.65,0.0,0.0,-0.0,514.0,334.1,334.1,0.0
84292,ROSE PINK METAL FOLDING CHAIR,7.95,42,333.90000000000003,12,7.39,8.54,9.01,8.31,-4.3, Competitive — Monitor,-1.0,,,MONITOR — No Clear Signal,0.0,7.95,0.0,0.0,-0.0,42.0,333.90000000000003,333.90000000000003,0.0
17109A,FLOWER FAIRY INCENSE LILY,1.1861538461538461,709,333.61,13,1.02,1.12,1.3,1.15,3.1, Competitive — Monitor,-1.0,,,MONITOR — No Clear Signal,0.0,1.19,0.0,0.0,-0.0,709.0,840.9830769230769,843.7099999999999,2.73
79030D,"TUMBLER, BAROQUE",1.5625,431,333.15,12,1.45,1.53,1.74,1.57,-0.5, Competitive — Monitor,-1.0,,,MONITOR — No Clear Signal,0.0,1.56,-0.0,0.0,-0.0,431.0,673.4375,672.36,-1.08
21442,GREEN BIRDHOUSE DECORATION,0.8186666666666665,498,333.06,44,0.72,0.76,0.94,0.81,1.1, Competitive — Monitor,-1.0,,,MONITOR — No Clear Signal,0.0,0.82,0.0,0.0,-0.0,498.0,407.6959999999999,408.35999999999996,0.66
84905,PINK BUTTERFLY C/COVER ,4.127777777777777,139,332.85,18,3.87,3.94,4.64,4.15,-0.5, Competitive — Monitor,-1.0,,,MONITOR — No Clear Signal,0.0,4.13,0.0,0.0,-0.0,139.0,573.7611111111111,574.0699999999999,0.31
47583B,SET OF 3 WICKER BASKET TEA AND CAKE,21.958333333333332,27,332.6,6,20.74,22.94,25.1,22.93,-4.2, Competitive — Monitor,-1.0,,,MONITOR — No Clear Signal,0.0,21.96,0.0,0.0,-0.0,27.0,592.875,592.9200000000001,0.05
37444B,BLUE BREAKFAST CUP AND SAUCER ,2.574,1994,332.54,15,2.23,2.45,2.91,2.53,1.7, Competitive — Monitor,-1.0,,,MONITOR — No Clear Signal,0.0,2.57,-0.0,0.0,-0.0,1994.0,5132.556,5124.58,-7.98
84609,TALL ROCOCO CANDLE HOLDER,8.5,39,331.5,10,7.62,7.93,9.87,8.47,0.4, Competitive — Monitor,-1.0,,,MONITOR — No Clear Signal,0.0,8.5,0.0,0.0,-0.0,39.0,331.5,331.5,0.0
84801A,PINK HYDRANGEA ART FLOWER,1.9140000000000001,226,330.84000000000003,10,1.81,1.91,2.21,1.98,-3.3, Competitive — Monitor,-1.0,,,MONITOR — No Clear Signal,0.0,1.91,-0.0,0.0,-0.0,226.0,432.564,431.65999999999997,-0.9
21311,SET/4 BIRD MIRROR MAGNETS ,1.9988235294117649,236,330.48,34,1.8,1.84,2.26,1.97,1.5, Competitive — Monitor,-1.0,,,MONITOR — No Clear Signal,0.0,2.0,0.0,0.0,-0.0,236.0,471.7223529411765,472.0,0.28
22096,PINK PAISLEY SQUARE TISSUE BOX ,1.2327118644067798,293,329.53000000000003,56,1.15,1.15,1.42,1.24,-0.6, Competitive — Monitor,-1.0,,,MONITOR — No Clear Signal,0.0,1.23,-0.0,0.0,-0.0,293.0,361.1845762711865,360.39,-0.79
79336,LIGHT PINK FLOCK GLASS CANDLEHOLDER,0.966153846153846,796,329.15000000000003,13,0.88,1.01,1.14,1.01,-4.3, Competitive — Monitor,-1.0,,,MONITOR — No Clear Signal,0.0,0.97,0.0,0.0,-0.0,796.0,769.0584615384614,772.12,3.06
22248,DECORATION  PINK CHICK MAGIC GARDEN,0.8443478260869565,392,329.03999999999996,41,0.75,0.88,0.94,0.86,-1.8, Competitive — Monitor,-1.0,,,MONITOR — No Clear Signal,0.0,0.84,-0.0,0.0,-0.0,392.0,330.98434782608695,329.28,-1.7
84925A,WAKE UP COCKEREL WALL THERMOMETER,2.493333333333333,177,328.95,15,2.19,2.66,2.77,2.54,-1.8, Competitive — Monitor,-1.0,,,MONITOR — No Clear Signal,0.0,2.49,-0.0,0.0,-0.0,177.0,441.32,440.73,-0.59
20666,ECONOMY HOLIDAY PURSE,2.618888888888889,867,328.85,18,2.28,2.77,3.05,2.7,-3.0, Competitive — Monitor,-1.0,,,MONITOR — No Clear Signal,0.0,2.62,0.0,0.0,-0.0,867.0,2270.576666666667,2271.54,0.96
85020,ROUND PINK HEART MIRROR,2.1,156,327.6,30,1.94,2.16,2.39,2.16,-2.8, Competitive — Monitor,-1.0,,,MONITOR — No Clear Signal,0.0,2.1,0.0,0.0,-0.0,156.0,327.6,327.6,0.0
37464,ROBOT MUG IN DISPLAY BOX,1.2417391304347825,273,327.57,45,1.1,1.15,1.32,1.19,4.3, Competitive — Monitor,-1.0,,,MONITOR — No Clear Signal,0.0,1.24,-0.0,0.0,-0.0,273.0,338.99478260869563,338.52,-0.47
90200B,BLACK SWEETHEART BRACELET,4.25,77,327.25,22,3.83,4.44,5.03,4.43,-4.1, Competitive — Monitor,-1.0,,,MONITOR — No Clear Signal,0.0,4.25,0.0,0.0,-0.0,77.0,327.25,327.25,0.0
22927,GREEN GIANT GARDEN THERMOMETER,5.95,55,327.25,21,5.35,6.28,6.27,5.97,-0.3, Competitive — Monitor,-1.0,,,MONITOR — No Clear Signal,0.0,5.95,0.0,0.0,-0.0,55.0,327.25,327.25,0.0
21441,BLUE BIRDHOUSE DECORATION,0.82,491,327.11,46,0.74,0.86,0.95,0.85,-3.5, Competitive — Monitor,-1.0,,,MONITOR — No Clear Signal,0.0,0.82,0.0,0.0,-0.0,491.0,402.61999999999995,402.61999999999995,0.0
20997,ROSE DU SUD CUSHION COVER ,4.95,66,326.70000000000005,23,4.64,4.96,5.76,5.12,-3.3, Competitive — Monitor,-1.0,,,MONITOR — No Clear Signal,0.0,4.95,0.0,0.0,-0.0,66.0,326.7,326.7,0.0
84802A,WHITE ANEMONE ARTIFICIAL FLOWER,1.6900000000000002,193,326.17,20,1.6,1.62,2.02,1.75,-3.4, Competitive — Monitor,-1.0,,,MONITOR — No Clear Signal,0.0,1.69,-0.0,0.0,-0.0,193.0,326.17,326.17,0.0
84858C,PINK RIVIERA HANDBAG,5.095454545454546,159,325.65000000000003,22,4.54,5.38,5.39,5.1,-0.1, Competitive — Monitor,-1.0,,,MONITOR — No Clear Signal,0.0,5.1,0.0,0.0,-0.0,159.0,810.1772727272728,810.9,0.72
21309,LOUVRE CHALKBOARD,9.16,49,325.6,5,8.54,9.49,10.44,9.49,-3.5, Competitive — Monitor,-1.0,,,MONITOR — No Clear Signal,0.0,9.16,0.0,0.0,-0.0,49.0,448.84000000000003,448.84000000000003,0.0
21293,MIRRORED DOVE WALL DECORATION,2.1,155,325.5,24,1.95,2.26,2.34,2.18,-3.7, Competitive — Monitor,-1.0,,,MONITOR — No Clear Signal,0.0,2.1,0.0,0.0,-0.0,155.0,325.5,325.5,0.0
84800L,LARGE WHITE/PINK ROSE ART FLOWER,1.7526666666666666,287,325.07,15,1.59,1.66,1.93,1.73,1.3, Competitive — Monitor,-2.302,Highly Elastic — Consider Discount,-5%,MONITOR — No Clear Signal,0.0,1.75,-0.0,0.0,-0.0,287.0,503.01533333333333,502.25,-0.77
40046A,RED DAISY PAPER LAMPSHADE,1.2364285714285714,271,325.07,28,1.17,1.18,1.32,1.22,1.3, Competitive — Monitor,-1.0,,,MONITOR — No Clear Signal,0.0,1.24,0.0,0.0,-0.0,271.0,335.07214285714286,336.04,0.97
21026,SPACE OWL,1.25,260,325.0,35,1.09,1.19,1.42,1.23,1.6, Competitive — Monitor,-1.0,,,MONITOR — No Clear Signal,0.0,1.25,0.0,0.0,-0.0,260.0,325.0,325.0,0.0
35599B,BLACK CHRISTMAS TREE 120CM,8.407333333333334,40,324.72,15,7.24,8.8,9.43,8.49,-1.0, Competitive — Monitor,-1.0,,,MONITOR — No Clear Signal,0.0,8.41,0.0,0.0,-0.0,40.0,336.29333333333335,336.4,0.11
22102,MIRROR MOSAIC T-LIGHT HOLDER ,1.619230769230769,214,324.29999999999995,23,1.51,1.54,1.73,1.59,1.8, Competitive — Monitor,-1.0,,,MONITOR — No Clear Signal,0.0,1.62,0.0,0.0,-0.0,214.0,346.51538461538456,346.68,0.16
84952B,BLACK LOVE BIRD T-LIGHT HOLDER,2.6750000000000003,229,324.15,12,2.39,2.49,3.05,2.64,1.3, Competitive — Monitor,-1.0,,,MONITOR — No Clear Signal,0.0,2.68,0.0,0.0,-0.0,229.0,612.575,613.72,1.14
21793,CLASSIC FRENCH STYLE BASKET BROWN,6.75,48,324.0,27,6.31,7.29,7.83,7.14,-5.5, Competitive — Monitor,-1.0,,,MONITOR — No Clear Signal,0.0,6.75,0.0,0.0,-0.0,48.0,324.0,324.0,0.0
85130C,BEADED CRYSTAL HEART BLUE  LARGE,1.65,196,323.4,18,1.55,1.52,1.92,1.66,-0.6, Competitive — Monitor,-1.0,,,MONITOR — No Clear Signal,0.0,1.65,0.0,0.0,-0.0,196.0,323.4,323.4,0.0
84875B,GREEN SQUARE COMPACT MIRROR,1.4880952380952381,246,322.5,21,1.27,1.57,1.76,1.53,-2.7, Competitive — Monitor,-1.0,,,MONITOR — No Clear Signal,0.0,1.49,0.0,0.0,-0.0,246.0,366.07142857142856,366.54,0.47
62096A,PINK/YELLOW FLOWERS HANDBAG,1.3717391304347826,243,321.95,45,1.29,1.34,1.52,1.38,-0.6, Competitive — Monitor,-3.192,Highly Elastic — Consider Discount,-5%,MONITOR — No Clear Signal,0.0,1.37,-0.0,0.0,-0.0,243.0,333.33260869565214,332.91,-0.42
20856,DENIM PATCH PURSE PINK BUTTERFLY,1.65,195,321.75,62,1.48,1.74,1.97,1.73,-4.6, Competitive — Monitor,-1.0,,,MONITOR — No Clear Signal,0.0,1.65,0.0,0.0,-0.0,195.0,321.75,321.75,0.0
85186C,BUNNY EGG GARLAND,0.42,766,321.72,46,0.38,0.42,0.5,0.43,-2.3, Competitive — Monitor,-1.0,,,MONITOR — No Clear Signal,0.0,0.42,0.0,0.0,-0.0,766.0,321.71999999999997,321.71999999999997,0.0
85112,S/3 TEAR DROP CUT GLASS DECORATION,1.21875,430,321.5,23,1.11,1.3,1.33,1.25,-2.5, Competitive — Monitor,-1.0,,,MONITOR — No Clear Signal,0.0,1.22,0.0,0.0,-0.0,430.0,524.0625,524.6,0.54
22925,BLUE GIANT GARDEN THERMOMETER,5.95,54,321.3,16,5.61,6.36,6.39,6.12,-2.8, Competitive — Monitor,-1.0,,,MONITOR — No Clear Signal,0.0,5.95,0.0,0.0,-0.0,54.0,321.3,321.3,0.0
85070,ANT WHITE SWEETHEART TABLE W 3 DRAW,106.66666666666667,3,320.0,3,90.87,98.29,118.97,102.71,3.9, Competitive — Monitor,-1.0,,,MONITOR — No Clear Signal,0.0,106.67,0.0,0.0,-0.0,3.0,320.0,320.01,0.01
21459,YELLOW EASTER EGG HUNT START POST,1.9342105263157894,175,319.65,19,1.74,1.8,2.15,1.9,1.8, Competitive — Monitor,-1.0,,,MONITOR — No Clear Signal,0.0,1.93,-0.0,0.0,-0.0,175.0,338.4868421052631,337.75,-0.74
84823,DANISH ROSE FOLDING CHAIR,39.95,8,319.6,4,36.7,38.35,45.4,40.15,-0.5, Competitive — Monitor,-1.0,,,MONITOR — No Clear Signal,0.0,39.95,0.0,0.0,-0.0,8.0,319.6,319.6,0.0
84933C,LARGE BLUE ORIENTAL FOLDING STOOL,4.716666666666667,136,317.0,6,4.35,4.84,5.37,4.85,-2.7, Competitive — Monitor,-1.0,,,MONITOR — No Clear Signal,0.0,4.72,0.0,0.0,-0.0,136.0,641.4666666666667,641.92,0.45
47504G,ENGLISH ROSE TAPE MEASURE,1.2460416666666667,257,316.69,47,1.15,1.32,1.45,1.31,-4.9, Competitive — Monitor,-1.0,,,MONITOR — No Clear Signal,0.0,1.25,0.0,0.0,-0.0,257.0,320.23270833333333,321.25,1.02
84584,PINK GINGHAM CAT WITH SCARF,2.55,124,316.2,32,2.2,2.53,2.87,2.53,0.8, Competitive — Monitor,-1.0,,,MONITOR — No Clear Signal,0.0,2.55,0.0,0.0,-0.0,124.0,316.2,316.2,0.0
47597,NEW ENGLAND TEATOWELS,2.55,124,316.2,41,2.24,2.59,2.72,2.52,1.2, Competitive — Monitor,-1.0,,,MONITOR — No Clear Signal,0.0,2.55,0.0,0.0,-0.0,124.0,316.2,316.2,0.0
84821,DANISH ROSE DELUXE COASTER,0.85,371,315.34999999999997,27,0.75,0.81,1.0,0.85,0.0, Competitive — Monitor,-1.0,,,MONITOR — No Clear Signal,0.0,0.85,0.0,0.0,-0.0,371.0,315.34999999999997,315.34999999999997,0.0
20695,FLORAL BLUE MONSTER,4.163043478260869,78,315.0,23,3.87,4.37,4.56,4.27,-2.5, Competitive — Monitor,-1.0,,,MONITOR — No Clear Signal,0.0,4.16,-0.0,0.0,-0.0,78.0,324.7173913043478,324.48,-0.24
21374,MIRRORED WALL ART SKULLS,3.1818181818181817,164,315.0,22,2.79,3.42,3.8,3.34,-4.7, Competitive — Monitor,-1.0,,,MONITOR — No Clear Signal,0.0,3.18,-0.0,0.0,-0.0,164.0,521.8181818181818,521.52,-0.3
21518,BANK ACCOUNT  GREETING  CARD ,0.4166666666666667,763,314.7,54,0.36,0.4,0.44,0.4,4.2, Competitive — Monitor,-1.0,,,MONITOR — No Clear Signal,0.0,0.42,0.0,0.0,-0.0,763.0,317.9166666666667,320.46,2.54
84933A,LARGE GREEN PEONY FOLDING STOOL,4.716666666666666,131,314.35,6,4.46,4.71,5.63,4.93,-4.3, Competitive — Monitor,-1.0,,,MONITOR — No Clear Signal,0.0,4.72,0.0,0.0,-0.0,131.0,617.8833333333332,618.3199999999999,0.44
90058B,CRYSTAL STUD EARRINGS ASSORTED COL ,0.6228571428571429,505,314.3,13,0.53,0.58,0.66,0.59,5.6, Competitive — Monitor,-1.0,,,MONITOR — No Clear Signal,0.0,0.62,-0.0,0.0,-0.0,505.0,314.54285714285714,313.1,-1.44
21261,GREEN GOOSE FEATHER CHRISTMAS TREE ,7.325,78,314.1,16,6.96,7.39,7.95,7.43,-1.4, Competitive — Monitor,-1.0,,,MONITOR — No Clear Signal,0.0,7.32,-0.0,0.0,-0.0,78.0,571.35,570.96,-0.39
37444C,PINK BREAKFAST CUP AND SAUCER ,2.400909090909091,1578,313.98,11,2.2,2.4,2.54,2.38,0.9, Competitive — Monitor,-1.0,,,MONITOR — No Clear Signal,0.0,2.4,-0.0,0.0,-0.0,1578.0,3788.6345454545453,3787.2,-1.43
84809B,PINK CHRYSANTHEMUMS ART FLOWER,1.7428571428571427,278,313.8,7,1.63,1.64,2.01,1.76,-1.0, Competitive — Monitor,-1.0,,,MONITOR — No Clear Signal,0.0,1.74,-0.0,0.0,-0.0,278.0,484.5142857142857,483.71999999999997,-0.79
22394,PAPERWEIGHT KINGS CHOICE ,2.390625,179,313.65,31,2.1,2.37,2.82,2.43,-1.6, Competitive — Monitor,-1.0,,,MONITOR — No Clear Signal,0.0,2.39,-0.0,0.0,-0.0,179.0,427.921875,427.81,-0.11
20940,SET/6 GARDEN GNOME T-LIGHT CANDLES,2.905555555555556,113,312.55,18,2.47,2.83,3.24,2.85,1.9, Competitive — Monitor,-1.0,,,MONITOR — No Clear Signal,0.0,2.91,0.0,0.0,-0.0,113.0,328.32777777777784,328.83000000000004,0.5
84859A,SILVER DISCO HANDBAG,4.097619047619047,161,312.55,20,3.79,4.11,4.87,4.26,-3.8, Competitive — Monitor,-1.0,,,MONITOR — No Clear Signal,0.0,4.1,0.0,0.0,-0.0,161.0,659.7166666666666,660.0999999999999,0.38
22782,SET 3 WICKER STORAGE BASKETS ,24.65,13,312.35,10,23.01,24.99,28.07,25.36,-2.8, Competitive — Monitor,-1.0,,,MONITOR — No Clear Signal,0.0,24.65,0.0,0.0,-0.0,13.0,320.45,320.45,0.0
16048,TEATIME ROUND PENCIL SHARPENER ,0.3245454545454545,1977,311.94,22,0.3,0.3,0.37,0.32,1.4, Competitive — Monitor,-2.229,Highly Elastic — Consider Discount,-5%,MONITOR — No Clear Signal,0.0,0.32,-0.0,0.0,-0.0,1977.0,641.6263636363636,632.64,-8.99
21757,LIGHTHOUSE PRINTED METAL SIGN,4.95,63,311.85,28,4.28,5.16,5.83,5.09,-2.8, Competitive — Monitor,-1.0,,,MONITOR — No Clear Signal,0.0,4.95,0.0,0.0,-0.0,63.0,311.85,311.85,0.0
35095A,BLUE VICTORIAN FABRIC OVAL BOX,0.41409090909090907,854,311.75,44,0.38,0.43,0.45,0.42,-1.4, Competitive — Monitor,-1.0,,,MONITOR — No Clear Signal,0.0,0.41,-0.0,0.0,-0.0,854.0,353.63363636363636,350.14,-3.49
46126A,ELVIS WALLHANGING / CURTAIN,1.25,249,311.25,28,1.16,1.22,1.38,1.25,0.0, Competitive — Monitor,-1.0,,,MONITOR — No Clear Signal,0.0,1.25,0.0,0.0,-0.0,249.0,311.25,311.25,0.0
72801D,S/4 SKY BLUE DINNER CANDLES,1.1775675675675676,475,310.31,36,1.08,1.09,1.4,1.19,-1.0, Competitive — Monitor,-1.0,,,MONITOR — No Clear Signal,0.0,1.18,0.0,0.0,-0.0,475.0,559.3445945945946,560.5,1.16
22229,BUNNY WOODEN PAINTED WITH FLOWER ,0.85,365,310.25,52,0.79,0.88,1.01,0.89,-4.5, Competitive — Monitor,-1.0,,,MONITOR — No Clear Signal,0.0,0.85,0.0,0.0,-0.0,365.0,310.25,310.25,0.0
22043,CHRISTMAS CARD SCREEN PRINT ,0.35807692307692307,948,309.84000000000003,50,0.33,0.38,0.43,0.38,-5.8, Competitive — Monitor,-1.0,,,MONITOR — No Clear Signal,0.0,0.36,0.0,0.0,-0.0,948.0,339.4569230769231,341.28,1.82
71279,PINK GLASS CANDLEHOLDER,2.95,105,309.75000000000006,26,2.69,2.83,3.5,3.01,-2.0, Competitive — Monitor,-1.0,,,MONITOR — No Clear Signal,0.0,2.95,0.0,0.0,-0.0,105.0,309.75,309.75,0.0
85130D,BEADED CRYSTAL HEART PINK LARGE,1.643939393939394,189,309.45,30,1.41,1.6,1.76,1.59,3.4, Competitive — Monitor,-1.0,,,MONITOR — No Clear Signal,0.0,1.64,-0.0,0.0,-0.0,189.0,310.7045454545455,309.96,-0.74
84933B,LARGE PINK PEONY FOLDING STOOL,3.408333333333333,136,309.15000000000003,6,3.06,3.24,4.0,3.43,-0.6, Competitive — Monitor,-1.0,,,MONITOR — No Clear Signal,0.0,3.41,0.0,0.0,-0.0,136.0,463.5333333333333,463.76,0.23
46776B,WOVEN BERRIES CUSHION COVER ,4.096153846153846,179,308.85,13,3.51,4.15,4.55,4.07,0.6, Competitive — Monitor,-1.0,,,MONITOR — No Clear Signal,0.0,4.1,0.0,0.0,-0.0,179.0,733.2115384615385,733.9,0.69
21379, CAMPHOR WOOD PORTOBELLO MUSHROOM,1.1635483870967742,407,308.41,31,1.04,1.1,1.39,1.18,-1.4, Competitive — Monitor,-1.0,,,MONITOR — No Clear Signal,0.0,1.16,-0.0,0.0,-0.0,407.0,473.5641935483871,472.11999999999995,-1.44
84706A,ENGLISH ROSE TABLE CLOCK,5.449999999999999,136,307.2,6,4.85,5.32,6.11,5.43,0.4, Competitive — Monitor,-1.0,,,MONITOR — No Clear Signal,0.0,5.45,0.0,0.0,-0.0,136.0,741.1999999999999,741.2,0.0
20688,BEAUTY SPEED EXPRESSO CUPS,4.45,462,306.9,9,3.81,4.59,5.04,4.48,-0.7, Competitive — Monitor,-1.0,,,MONITOR — No Clear Signal,0.0,4.45,0.0,0.0,-0.0,462.0,2055.9,2055.9,0.0
20803,SMALL PINK GLASS SUNDAE DISH,1.65,186,306.9,30,1.46,1.67,1.86,1.66,-0.6, Competitive — Monitor,-1.0,,,MONITOR — No Clear Signal,0.0,1.65,0.0,0.0,-0.0,186.0,306.9,306.9,0.0
85163B,BLACK BAROQUE WALL CLOCK ,12.75,24,306.0,23,10.98,12.52,14.0,12.5,2.0, Competitive — Monitor,-1.0,,,MONITOR — No Clear Signal,0.0,12.75,0.0,0.0,-0.0,24.0,306.0,306.0,0.0
22972,CHILDREN'S SPACEBOY MUG,1.65,185,305.24999999999994,24,1.54,1.63,1.75,1.64,0.6, Competitive — Monitor,-1.0,,,MONITOR — No Clear Signal,0.0,1.65,0.0,0.0,-0.0,185.0,305.25,305.25,0.0
16207B,PINK HEART RED HANDBAG,2.4400000000000004,207,304.65000000000003,10,2.31,2.46,2.89,2.55,-4.3, Competitive — Monitor,-1.0,,,MONITOR — No Clear Signal,0.0,2.44,-0.0,0.0,-0.0,207.0,505.0800000000001,505.08,-0.0
62095B,TURQOISE ICE CREAM SUNHAT,1.456315789473684,289,304.09000000000003,19,1.25,1.34,1.7,1.43,1.8, Competitive — Monitor,-1.0,,,MONITOR — No Clear Signal,0.0,1.46,0.0,0.0,-0.0,289.0,420.87526315789466,421.94,1.06
84838,ANT WHITE HIGH RISE BIRD BOX,7.666666666666667,49,304.0,3,7.25,7.15,8.21,7.54,1.7, Competitive — Monitor,-1.0,,,MONITOR — No Clear Signal,0.0,7.67,0.0,0.0,-0.0,49.0,375.6666666666667,375.83,0.16
79303B,BLUE STAR BLOCK TABLE LAMP,2.95,103,303.85,4,2.66,3.13,3.44,3.08,-4.2, Competitive — Monitor,-1.0,,,MONITOR — No Clear Signal,0.0,2.95,0.0,0.0,-0.0,103.0,303.85,303.85,0.0
22817,CARD SUKI BIRTHDAY,0.4173333333333333,744,303.84,44,0.37,0.39,0.48,0.41,1.8, Competitive — Monitor,-1.0,,,MONITOR — No Clear Signal,0.0,0.42,0.0,0.0,-0.0,744.0,310.496,312.47999999999996,1.98
22819,"BIRTHDAY CARD, RETRO SPOT",0.41720930232558134,744,303.84,43,0.36,0.43,0.46,0.42,-0.7, Competitive — Monitor,-1.0,,,MONITOR — No Clear Signal,0.0,0.42,0.0,0.0,-0.0,744.0,310.4037209302325,312.47999999999996,2.08
84627,CANDY STRIPE ROSE C/COVER ,5.95,51,303.45,19,5.36,6.35,6.47,6.06,-1.8, Competitive — Monitor,-1.0,,,MONITOR — No Clear Signal,0.0,5.95,0.0,0.0,-0.0,51.0,303.45,303.45,0.0
84766,SILVER ROCOCO CANDLE STICK,5.878571428571428,55,303.25,13,5.46,5.66,6.93,6.02,-2.3, Competitive — Monitor,-1.0,,,MONITOR — No Clear Signal,0.0,5.88,0.0,0.0,-0.0,55.0,323.32142857142856,323.4,0.08
22703,PINK CAT BOWL,2.101388888888889,144,302.70000000000005,35,1.93,2.06,2.43,2.14,-1.8, Competitive — Monitor,-1.0,,,MONITOR — No Clear Signal,0.0,2.1,-0.0,0.0,-0.0,144.0,302.6,302.40000000000003,-0.2
72753D,S/3 FLWR FAIRY SUMMER CANDLES,2.1,144,302.40000000000003,9,1.8,2.12,2.38,2.1,0.0, Competitive — Monitor,-1.0,,,MONITOR — No Clear Signal,0.0,2.1,0.0,0.0,-0.0,144.0,302.40000000000003,302.40000000000003,0.0
85147,JARDIN ETCHED GLASS CANDLEHLDR LONG,4.95,61,301.95,16,4.24,5.25,5.65,5.05,-2.0, Competitive — Monitor,-1.0,,,MONITOR — No Clear Signal,0.0,4.95,0.0,0.0,-0.0,61.0,301.95,301.95,0.0
20998,ROSE DU SUD OVEN GLOVE,2.95,102,300.90000000000003,32,2.63,3.16,3.14,2.98,-1.0, Competitive — Monitor,-1.0,,,MONITOR — No Clear Signal,0.0,2.95,0.0,0.0,-0.0,102.0,300.90000000000003,300.90000000000003,0.0
72780,BLACK SILOUETTE CANDLE PLATE,0.8330434782608696,376,300.88,23,0.73,0.86,0.93,0.84,-0.8, Competitive — Monitor,-1.0,,,MONITOR — No Clear Signal,0.0,0.83,-0.0,0.0,-0.0,376.0,313.22434782608696,312.08,-1.14
21197,MULTICOLOUR  CONFETTI IN TUBE,1.65,182,300.29999999999995,20,1.44,1.54,1.78,1.59,3.8, Competitive — Monitor,-1.0,,,MONITOR — No Clear Signal,0.0,1.65,0.0,0.0,-0.0,182.0,300.3,300.3,0.0
BANK CHARGES, Bank Charges,15.0,20,300.0,20,13.17,15.41,16.22,14.93,0.5, Competitive — Monitor,-1.0,,,MONITOR — No Clear Signal,0.0,15.0,0.0,0.0,-0.0,20.0,300.0,300.0,0.0
84497,BUTTONS AND STRIPES NOTEBOOK ,3.75,80,300.0,27,3.49,3.7,4.31,3.83,-2.1, Competitive — Monitor,-1.0,,,MONITOR — No Clear Signal,0.0,3.75,0.0,0.0,-0.0,80.0,300.0,300.0,0.0
85019B,BLOSSOM  IMAGES NOTEBOOK SET,3.4318181818181817,206,299.5,11,3.24,3.42,4.07,3.58,-4.1, Competitive — Monitor,-1.0,,,MONITOR — No Clear Signal,0.0,3.43,-0.0,0.0,-0.0,206.0,706.9545454545454,706.58,-0.37
82613B,"METAL SIGN,CUPCAKE SINGLE HOOK",1.25,239,298.75,50,1.11,1.16,1.39,1.22,2.5, Competitive — Monitor,-1.0,,,MONITOR — No Clear Signal,0.0,1.25,0.0,0.0,-0.0,239.0,298.75,298.75,0.0
84707A,SILVER JEWELLED MIRROR TRINKET TRAY,9.95,30,298.5,16,9.36,9.46,10.76,9.86,0.9, Competitive — Monitor,-1.0,,,MONITOR — No Clear Signal,0.0,9.95,0.0,0.0,-0.0,30.0,298.5,298.5,0.0
85212,MINI PAINTED GARDEN DECORATION ,0.85,351,298.34999999999997,26,0.75,0.89,0.98,0.87,-2.3, Competitive — Monitor,-1.0,,,MONITOR — No Clear Signal,0.0,0.85,0.0,0.0,-0.0,351.0,298.34999999999997,298.34999999999997,0.0
85086A,CANDY SPOT HEART DECORATION,0.8499999999999999,351,298.34999999999997,41,0.76,0.84,1.0,0.87,-2.3, Competitive — Monitor,-1.0,,,MONITOR — No Clear Signal,0.0,0.85,0.0,0.0,-0.0,351.0,298.34999999999997,298.34999999999997,0.0
90002D,FLOWER BURST SILVER RING CRYSTAL,3.7205882352941178,86,297.5,17,3.25,3.6,4.32,3.72,0.0, Competitive — Monitor,-1.0,,,MONITOR — No Clear Signal,0.0,3.72,-0.0,0.0,-0.0,86.0,319.97058823529414,319.92,-0.05
16168M,FUNKY MONKEY GIFT BAG MEDIUM,0.3729411764705882,1273,297.06,34,0.34,0.37,0.44,0.38,-1.9, Competitive — Monitor,-1.0,,,MONITOR — No Clear Signal,0.0,0.37,-0.0,0.0,-0.0,1273.0,474.7541176470588,471.01,-3.74
22640,SET OF 4 NAPKIN CHARMS 3 KEYS ,2.55,116,295.79999999999995,30,2.42,2.69,2.88,2.66,-4.1, Competitive — Monitor,-1.0,,,MONITOR — No Clear Signal,0.0,2.55,0.0,0.0,-0.0,116.0,295.79999999999995,295.79999999999995,0.0
22124,SET OF 2 TEA TOWELS PING MICROWAVE,2.9250000000000003,101,295.55,16,2.66,3.04,3.4,3.03,-3.5, Competitive — Monitor,-1.0,,,MONITOR — No Clear Signal,0.0,2.92,-0.01,0.0,-0.0,101.0,295.425,294.92,-0.5
72225C,LAVENDER SCENT CAKE CANDLE,0.26052631578947366,1277,295.45,19,0.23,0.25,0.28,0.25,4.2, Competitive — Monitor,-1.0,,,MONITOR — No Clear Signal,0.0,0.26,-0.0,0.0,-0.0,1277.0,332.6921052631579,332.02000000000004,-0.67
21697,SET 5 MINI DOUGHNUT FRIDGE MAGNET ,1.4914285714285713,372,295.08000000000004,7,1.36,1.4,1.64,1.47,1.5, Competitive — Monitor,-1.0,,,MONITOR — No Clear Signal,0.0,1.49,-0.0,0.0,-0.0,372.0,554.8114285714286,554.28,-0.53
22832,SWEETHEART WIRE WALL TIDY,10.67,28,294.6,10,9.2,10.25,11.83,10.43,2.3, Competitive — Monitor,-1.0,,,MONITOR — No Clear Signal,0.0,10.67,0.0,0.0,-0.0,28.0,298.76,298.76,0.0
17091B,JASMINE TEA INCENSE IN TIN,1.2233333333333332,270,294.3,43,1.15,1.31,1.38,1.28,-4.4, Competitive — Monitor,-1.0,,,MONITOR — No Clear Signal,0.0,1.22,-0.0,0.0,-0.0,270.0,330.29999999999995,329.4,-0.9
46776A,WOVEN BUBBLE GUM CUSHION COVER,4.1571428571428575,176,294.0,14,3.74,4.21,4.94,4.3,-3.3, Competitive — Monitor,-1.0,,,MONITOR — No Clear Signal,0.0,4.16,0.0,0.0,-0.0,176.0,731.657142857143,732.1600000000001,0.5
84533B,FAIRY CAKES ROUND NESTING BOXES,5.813157894736842,52,293.8,19,5.2,5.84,6.87,5.97,-2.6, Competitive — Monitor,-1.0,,,MONITOR — No Clear Signal,0.0,5.81,-0.0,0.0,-0.0,52.0,302.2842105263158,302.12,-0.16
85230A,OPIUM SCENTED VOTIVE CANDLE,0.2713333333333333,1152,293.76,30,0.25,0.28,0.29,0.27,0.5, Competitive — Monitor,-1.0,,,MONITOR — No Clear Signal,0.0,0.27,-0.0,0.0,-0.0,1152.0,312.57599999999996,311.04,-1.54
35810B,ENAMEL BLUE RIM COFFEE CONTAINER,2.0166666666666666,161,293.1,30,1.84,1.97,2.17,1.99,1.3, Competitive — Monitor,-1.0,,,MONITOR — No Clear Signal,0.0,2.02,0.0,0.0,-0.0,161.0,324.68333333333334,325.22,0.54
16244A,MAXWELL 2 TONE PINK 60 PAGE PHOTO A,3.483333333333333,142,293.0,6,2.99,3.65,3.84,3.49,-0.2, Competitive — Monitor,-1.0,,,MONITOR — No Clear Signal,0.0,3.48,-0.0,0.0,-0.0,142.0,494.63333333333327,494.16,-0.47
72801F,S/4 FESTIVE RED DINNER CANDLES,1.25,234,292.5,25,1.15,1.25,1.37,1.26,-0.8, Competitive — Monitor,-1.0,,,MONITOR — No Clear Signal,0.0,1.25,0.0,0.0,-0.0,234.0,292.5,292.5,0.0
85071D,CHARLIE+LOLA MY ROOM DOOR SIGN,2.27875,482,291.66,24,1.99,2.14,2.6,2.24,1.7, Competitive — Monitor,-1.0,,,MONITOR — No Clear Signal,0.0,2.28,0.0,0.0,-0.0,482.0,1098.3575,1098.9599999999998,0.6
22108,PING! MICROWAVE PLATE,3.532857142857143,96,291.36,21,3.26,3.32,4.19,3.59,-1.6, Competitive — Monitor,-1.0,,,MONITOR — No Clear Signal,0.0,3.53,-0.0,0.0,-0.0,96.0,339.1542857142857,338.88,-0.27
22541,MINI JIGSAW LEAP FROG,0.417,727,290.94,19,0.39,0.42,0.5,0.44,-5.2, Competitive — Monitor,-1.0,,,MONITOR — No Clear Signal,0.0,0.42,0.0,0.0,-0.0,727.0,303.159,305.34,2.18
22345,PARTY PIZZA DISH BLUE+WHITE SPOT ,0.8499999999999999,342,290.7,42,0.79,0.91,0.98,0.89,-4.5, Competitive — Monitor,-1.0,,,MONITOR — No Clear Signal,0.0,0.85,0.0,0.0,-0.0,342.0,290.69999999999993,290.7,0.0
20654,FIRST CLASS LUGGAGE TAG ,1.2438709677419355,236,290.44,61,1.13,1.21,1.46,1.27,-2.1, Competitive — Monitor,-1.0,,,MONITOR — No Clear Signal,0.0,1.24,-0.0,0.0,-0.0,236.0,293.5535483870968,292.64,-0.91
84920,PINK FLOWER FABRIC PONY,3.6966666666666668,79,289.85,30,3.33,3.92,4.17,3.81,-3.0, Competitive — Monitor,-1.0,,,MONITOR — No Clear Signal,0.0,3.7,0.0,0.0,-0.0,79.0,292.0366666666667,292.3,0.26
47503G,ASS FLORAL PRINT TAPE MEASURE,1.2424,235,289.19,24,1.07,1.29,1.34,1.23,1.0, Competitive — Monitor,-1.0,,,MONITOR — No Clear Signal,0.0,1.24,-0.0,0.0,-0.0,235.0,291.964,291.4,-0.56
90120A,PINK MURANO TWIST BRACELET,4.25,68,289.0,21,3.94,4.08,4.8,4.27,-0.5, Competitive — Monitor,-1.0,,,MONITOR — No Clear Signal,0.0,4.25,0.0,0.0,-0.0,68.0,289.0,289.0,0.0
22824,3 TIER SWEETHEART GARDEN SHELF,35.95,8,287.6,7,31.53,33.28,40.74,35.18,2.2, Competitive — Monitor,-1.0,,,MONITOR — No Clear Signal,0.0,35.95,0.0,0.0,-0.0,8.0,287.6,287.6,0.0
21264,WHITE GOOSE FEATHER TREE 60CM ,6.216666666666667,98,287.09999999999997,15,5.59,5.82,7.22,6.21,0.1, Competitive — Monitor,-1.0,,,MONITOR — No Clear Signal,0.0,6.22,0.0,0.0,-0.0,98.0,609.2333333333333,609.56,0.33
21775,DECORATIVE FLORE BATHROOM BOTTLE,1.25,229,286.25,38,1.1,1.3,1.35,1.25,0.0, Competitive — Monitor,-1.0,,,MONITOR — No Clear Signal,0.0,1.25,0.0,0.0,-0.0,229.0,286.25,286.25,0.0
21417,COCKLE SHELL DISH,2.091071428571429,137,286.20000000000005,27,1.81,1.99,2.31,2.04,2.5, Competitive — Monitor,-1.0,,,MONITOR — No Clear Signal,0.0,2.09,-0.0,0.0,-0.0,137.0,286.47678571428577,286.33,-0.15
84596L,BISCUITS SMALL BOWL LIGHT BLUE,1.25,228,285.0,54,1.14,1.22,1.38,1.25,0.0, Competitive — Monitor,-1.0,,,MONITOR — No Clear Signal,0.0,1.25,0.0,0.0,-0.0,228.0,285.0,285.0,0.0
79190B,RETRO PLASTIC POLKA TRAY,0.4183870967741935,749,284.58,62,0.36,0.42,0.5,0.43,-2.7, Competitive — Monitor,-1.0,,,MONITOR — No Clear Signal,0.0,0.42,0.0,0.0,-0.0,749.0,313.3719354838709,314.58,1.21
22770,MIRROR CORNICE,14.95,19,284.05,10,13.83,15.49,16.69,15.34,-2.5, Competitive — Monitor,-1.0,,,MONITOR — No Clear Signal,0.0,14.95,0.0,0.0,-0.0,19.0,284.05,284.05,0.0
21382,SET/4 SPRING FLOWER DECORATION,2.95,96,283.20000000000005,22,2.6,2.77,3.43,2.93,0.7, Competitive — Monitor,-1.0,,,MONITOR — No Clear Signal,0.0,2.95,0.0,0.0,-0.0,96.0,283.20000000000005,283.20000000000005,0.0
84508B,STRIPES DESIGN TEDDY,2.55,111,283.04999999999995,39,2.17,2.51,2.96,2.55,0.0, Competitive — Monitor,-1.0,,,MONITOR — No Clear Signal,0.0,2.55,0.0,0.0,-0.0,111.0,283.04999999999995,283.04999999999995,0.0
20950,SET/6  ANGEL T-LIGHTS WHITE/GOLD,0.4577272727272727,652,282.96999999999997,65,0.41,0.46,0.5,0.46,-0.5, Competitive — Monitor,-1.0,,,MONITOR — No Clear Signal,0.0,0.46,0.0,0.0,-0.0,652.0,298.4381818181818,299.92,1.48
22038,BOTANICAL LAVENDER GIFT WRAP ,0.4169230769230769,675,281.5,26,0.36,0.42,0.47,0.42,-0.7, Competitive — Monitor,-1.0,,,MONITOR — No Clear Signal,0.0,0.42,0.0,0.0,-0.0,675.0,281.4230769230769,283.5,2.08
22100,SKULLS SQUARE TISSUE BOX,1.25,225,281.25,48,1.1,1.31,1.48,1.3,-3.8, Competitive — Monitor,-1.0,,,MONITOR — No Clear Signal,0.0,1.25,0.0,0.0,-0.0,225.0,281.25,281.25,0.0
84592,CROCHET ROSE PURSE WITH SUEDE BACK,2.95,95,280.25000000000006,21,2.72,2.8,3.31,2.94,0.3, Competitive — Monitor,-1.0,,,MONITOR — No Clear Signal,0.0,2.95,0.0,0.0,-0.0,95.0,280.25,280.25,0.0
90035C,"PEARL & SHELL 42""NECKL. IVORY",10.75,26,279.5,4,9.2,11.28,12.81,11.1,-3.2, Competitive — Monitor,-1.0,,,MONITOR — No Clear Signal,0.0,10.75,0.0,0.0,-0.0,26.0,279.5,279.5,0.0
84625B,BLCK NEW BAROQUE CANDLESTICK CANDLE,2.3323529411764707,180,279.0,17,2.18,2.4,2.52,2.37,-1.6, Competitive — Monitor,-1.0,,,MONITOR — No Clear Signal,0.0,2.33,-0.0,0.0,-0.0,180.0,419.82352941176475,419.40000000000003,-0.42
17001,HEAVENS SCENT FRAGRANCE OILS ASSTD,0.27909090909090906,1139,278.46999999999997,22,0.24,0.28,0.3,0.27,3.4, Competitive — Monitor,-1.0,,,MONITOR — No Clear Signal,0.0,0.28,0.0,0.0,-0.0,1139.0,317.8845454545454,318.92,1.04
20868,SILVER FABRIC MIRROR,1.1793333333333333,408,278.4,15,1.03,1.22,1.4,1.22,-3.3, Competitive — Monitor,-1.0,,,MONITOR — No Clear Signal,0.0,1.18,0.0,0.0,-0.0,408.0,481.168,481.44,0.27
17084N,FAIRY DREAMS INCENSE ,0.20722222222222222,1391,278.36,36,0.19,0.2,0.24,0.21,-1.3, Competitive — Monitor,-1.0,,,MONITOR — No Clear Signal,0.0,0.21,0.0,0.0,-0.0,1391.0,288.24611111111113,292.11,3.86
21678,PAISLEY PATTERN  STICKERS,0.8072727272727273,420,278.03999999999996,32,0.71,0.76,0.97,0.81,-0.3, Competitive — Monitor,-1.0,,,MONITOR — No Clear Signal,0.0,0.81,0.0,0.0,-0.0,420.0,339.05454545454546,340.20000000000005,1.15
90160C,TURQ+RED BOUDICCA LARGE BRACELET,6.95,40,278.0,16,5.98,7.13,8.01,7.04,-1.3, Competitive — Monitor,-1.0,,,MONITOR — No Clear Signal,0.0,6.95,0.0,0.0,-0.0,40.0,278.0,278.0,0.0
84663A,GRASS HOPPER WOODEN WALL CLOCK ,5.45,87,277.65000000000003,14,4.83,5.47,6.49,5.6,-2.7, Competitive — Monitor,-1.0,,,MONITOR — No Clear Signal,0.0,5.45,0.0,0.0,-0.0,87.0,474.15000000000003,474.15000000000003,0.0
20694,FLORAL PINK MONSTER,3.6825,77,277.23,15,3.23,3.76,4.32,3.77,-2.3, Competitive — Monitor,-1.0,,,MONITOR — No Clear Signal,0.0,3.68,-0.0,0.0,-0.0,77.0,283.5525,283.36,-0.19
85170D,SET/6 PINK BIRD T-LIGHT CANDLES,1.9459259259259258,220,277.08,27,1.82,1.9,2.29,2.0,-2.7, Competitive — Monitor,-1.0,,,MONITOR — No Clear Signal,0.0,1.95,0.0,0.0,-0.0,220.0,428.1037037037037,429.0,0.9
84522,PINK PARTY SUNGLASSES,1.9,167,277.05,15,1.67,2.02,2.16,1.95,-2.6, Competitive — Monitor,-1.0,,,MONITOR — No Clear Signal,0.0,1.9,0.0,0.0,-0.0,167.0,317.3,317.3,0.0
21654,RIDGED GLASS FINGER BOWL,1.4375,201,277.05,16,1.34,1.46,1.59,1.46,-1.5, Competitive — Monitor,-1.0,,,MONITOR — No Clear Signal,0.0,1.44,0.0,0.0,-0.0,201.0,288.9375,289.44,0.5
62096B,PURPLE/TURQ FLOWERS HANDBAG,1.3869565217391304,207,276.25,45,1.3,1.29,1.65,1.41,-1.6, Competitive — Monitor,-2.852,Highly Elastic — Consider Discount,-5%,MONITOR — No Clear Signal,0.0,1.39,0.0,0.0,-0.0,207.0,287.1,287.72999999999996,0.63
84977,WIRE FLOWER T-LIGHT HOLDER,1.25,221,276.25,41,1.12,1.24,1.39,1.25,0.0, Competitive — Monitor,-1.0,,,MONITOR — No Clear Signal,0.0,1.25,0.0,0.0,-0.0,221.0,276.25,276.25,0.0
85161,ACRYLIC GEOMETRIC LAMP,18.768181818181816,15,276.25,11,17.66,19.54,21.22,19.47,-3.6, Competitive — Monitor,-1.0,,,MONITOR — No Clear Signal,0.0,18.77,0.0,0.0,-0.0,15.0,281.52272727272725,281.55,0.03
84966C,GREEN KASHMIRI BOXED MIRROR,12.0,23,276.0,2,10.65,12.56,13.4,12.2,-1.6, Competitive — Monitor,-1.0,,,MONITOR — No Clear Signal,0.0,12.0,0.0,0.0,-0.0,23.0,276.0,276.0,0.0
22820,GIFT BAG BIRTHDAY,0.65,423,274.95000000000005,32,0.62,0.65,0.74,0.67,-3.0, Competitive — Monitor,-1.0,,,MONITOR — No Clear Signal,0.0,0.65,0.0,0.0,-0.0,423.0,274.95,274.95,0.0
84801B,WHITE HYDRANGEA ART FLOWER,1.9884615384615385,180,273.6,13,1.71,2.11,2.23,2.02,-1.6, Competitive — Monitor,-1.0,,,MONITOR — No Clear Signal,0.0,1.99,0.0,0.0,-0.0,180.0,357.9230769230769,358.2,0.28
22092,BLUE PAISLEY TISSUE BOX,1.217450980392157,266,272.74,49,1.12,1.17,1.29,1.19,2.3, Competitive — Monitor,-1.0,,,MONITOR — No Clear Signal,0.0,1.22,0.0,0.0,-0.0,266.0,323.84196078431376,324.52,0.68
90143,SILVER BRACELET W PASTEL FLOWER,7.083333333333333,37,272.5,11,6.37,6.98,8.37,7.24,-2.2, Competitive — Monitor,-1.0,,,MONITOR — No Clear Signal,0.0,7.08,-0.0,0.0,-0.0,37.0,262.0833333333333,261.96,-0.12
22638,SET OF 4 NAPKIN CHARMS CROWNS ,2.5326923076923076,112,271.2,25,2.25,2.69,2.83,2.59,-2.2, Competitive — Monitor,-1.0,,,MONITOR — No Clear Signal,0.0,2.53,-0.0,0.0,-0.0,112.0,283.66153846153844,283.35999999999996,-0.3
84482,BUTTONS DESIGN JEWELLERY BOX,3.75,72,270.0,28,3.42,3.99,4.27,3.89,-3.6, Competitive — Monitor,-1.0,,,MONITOR — No Clear Signal,0.0,3.75,0.0,0.0,-0.0,72.0,270.0,270.0,0.0
46776F,WOVEN ROSE GARDEN CUSHION COVER ,4.127777777777777,153,268.95,9,3.8,4.25,4.42,4.16,-0.8, Competitive — Monitor,-1.0,,,MONITOR — No Clear Signal,0.0,4.13,0.0,0.0,-0.0,153.0,631.55,631.89,0.34
72793,BLACK BOX MIRROR LANTERN,5.5600000000000005,55,268.75,10,4.73,5.88,5.84,5.48,1.5, Competitive — Monitor,-1.0,,,MONITOR — No Clear Signal,0.0,5.56,-0.0,0.0,-0.0,55.0,305.8,305.79999999999995,-0.0
90184B,AMETHYST CHUNKY BEAD BRACELET W STR,8.95,30,268.5,16,7.76,8.36,9.73,8.62,3.8, Competitive — Monitor,-1.0,,,MONITOR — No Clear Signal,0.0,8.95,0.0,0.0,-0.0,30.0,268.5,268.5,0.0
16202A,PASTEL PINK PHOTO ALBUM ,4.152222222222222,654,268.5,17,3.83,4.39,4.8,4.34,-4.3, Competitive — Monitor,-1.151,Elastic — Maintain Price,0%,MONITOR — No Clear Signal,0.0,4.15,-0.0,0.0,-0.0,654.0,2715.5533333333333,2714.1000000000004,-1.45
21263,GREEN GOOSE FEATHER TREE 60CM,3.9499999999999997,125,267.75,8,3.62,3.84,4.21,3.89,1.5, Competitive — Monitor,-1.0,,,MONITOR — No Clear Signal,0.0,3.95,0.0,0.0,-0.0,125.0,493.74999999999994,493.75,0.0
20794,BLUE  TILE HOOK,2.55,105,267.75,15,2.41,2.42,3.03,2.62,-2.7, Competitive — Monitor,-1.0,,,MONITOR — No Clear Signal,0.0,2.55,0.0,0.0,-0.0,105.0,267.75,267.75,0.0
84984D,ORIENTAL RED C/COVER ,3.9954545454545456,139,267.55,11,3.7,3.83,4.32,3.95,1.2, Competitive — Monitor,-1.0,,,MONITOR — No Clear Signal,0.0,4.0,0.0,0.0,-0.0,139.0,555.3681818181818,556.0,0.63
90161C,ANT COPPER LIME BOUDICCA BRACELET,4.95,54,267.3,19,4.68,4.89,5.35,4.97,-0.4, Competitive — Monitor,-1.0,,,MONITOR — No Clear Signal,0.0,4.95,0.0,0.0,-0.0,54.0,267.3,267.3,0.0
20670,VIP HOLIDAY PURSE,2.6025,656,267.20000000000005,16,2.39,2.5,2.8,2.56,1.7, Competitive — Monitor,-1.0,,,MONITOR — No Clear Signal,0.0,2.6,-0.0,0.0,-0.0,656.0,1707.24,1705.6000000000001,-1.64
20618,QUEEN OF THE SKIES PASSPORT COVER ,2.1,127,266.7,47,1.85,2.04,2.21,2.03,3.4, Competitive — Monitor,-1.0,,,MONITOR — No Clear Signal,0.0,2.1,0.0,0.0,-0.0,127.0,266.7,266.7,0.0
90160B,RED BOUDICCA LARGE BRACELET,6.653333333333333,39,266.6,15,5.73,6.26,7.76,6.58,1.1, Competitive — Monitor,-1.0,,,MONITOR — No Clear Signal,0.0,6.65,-0.0,0.0,-0.0,39.0,259.48,259.35,-0.13
35981C,WHITE SNOW SCANDINAVIAN STOCKING ,0.4854545454545454,564,266.52,60,0.45,0.47,0.57,0.5,-2.9, Competitive — Monitor,-1.0,,,MONITOR — No Clear Signal,0.0,0.49,0.0,0.0,-0.0,564.0,273.7963636363636,276.36,2.56
21375,LARGE CAMPHOR WOOD FIELD MUSHROOM ,4.897368421052631,72,266.4,19,4.48,4.95,5.59,5.01,-2.2, Competitive — Monitor,-1.0,,,MONITOR — No Clear Signal,0.0,4.9,0.0,0.0,-0.0,72.0,352.61052631578946,352.8,0.19
72128,COLUMBIAN CANDLE ROUND,0.7910909090909091,513,265.53000000000003,47,0.68,0.78,0.85,0.77,2.7, Competitive — Monitor,-1.0,,,MONITOR — No Clear Signal,0.0,0.79,-0.0,0.0,-0.0,513.0,405.8296363636363,405.27000000000004,-0.56
20663,QUEEN OF THE SKIES HOLIDAY PURSE ,2.4533333333333336,1034,265.5,12,2.17,2.39,2.68,2.41,1.8, Competitive — Monitor,-8.475,Highly Elastic — Consider Discount,-5%,MONITOR — No Clear Signal,0.0,2.45,-0.0,0.0,-0.0,1034.0,2536.746666666667,2533.3,-3.45
21636,MADRAS NOTEBOOK MEDIUM,2.55,104,265.2,17,2.41,2.65,2.86,2.64,-3.4, Competitive — Monitor,-1.0,,,MONITOR — No Clear Signal,0.0,2.55,0.0,0.0,-0.0,104.0,265.2,265.2,0.0
90209B,GREEN ENAMEL+GLASS HAIR COMB,2.0,144,264.6,7,1.8,2.13,2.39,2.11,-5.2, Competitive — Monitor,-1.0,,,MONITOR — No Clear Signal,0.0,2.0,0.0,0.0,-0.0,144.0,288.0,288.0,0.0
22973,CHILDRENS CIRCUS PARADE MUG,1.65,160,263.99999999999994,17,1.47,1.72,1.79,1.66,-0.6, Competitive — Monitor,-1.0,,,MONITOR — No Clear Signal,0.0,1.65,0.0,0.0,-0.0,160.0,264.0,264.0,0.0
22344,PARTY PIZZA DISH PINK+WHITE SPOT ,0.85,310,263.5,39,0.76,0.83,0.99,0.86,-1.2, Competitive — Monitor,-1.0,,,MONITOR — No Clear Signal,0.0,0.85,0.0,0.0,-0.0,310.0,263.5,263.5,0.0
21418,STARFISH SOAP DISH,2.55,103,262.65,23,2.22,2.65,2.85,2.57,-0.8, Competitive — Monitor,-1.0,,,MONITOR — No Clear Signal,0.0,2.55,0.0,0.0,-0.0,103.0,262.65,262.65,0.0
21001,ROSE DU SUD WASHBAG ,5.95,44,261.8,20,5.28,5.62,6.51,5.8,2.6, Competitive — Monitor,-1.0,,,MONITOR — No Clear Signal,0.0,5.95,0.0,0.0,-0.0,44.0,261.8,261.8,0.0
72811,SMALL ZINC/GLASS CANDLEHOLDER,1.2349999999999999,392,261.52,14,1.1,1.16,1.38,1.21,2.1, Competitive — Monitor,-5.532,Highly Elastic — Consider Discount,-5%,MONITOR — No Clear Signal,0.0,1.23,-0.0,0.0,-0.0,392.0,484.11999999999995,482.15999999999997,-1.96
84623,PINK GINGHAM ROSE FLOOR CUSHION,6.7,53,261.35,12,5.73,6.53,7.11,6.46,3.7, Competitive — Monitor,-1.0,,,MONITOR — No Clear Signal,0.0,6.7,0.0,0.0,-0.0,53.0,355.1,355.1,0.0
84218,BOX/12 CHICK & EGG IN BASKET,1.9499999999999997,134,261.3,49,1.81,2.05,2.28,2.05,-4.9, Competitive — Monitor,-1.0,,,MONITOR — No Clear Signal,0.0,1.95,0.0,0.0,-0.0,134.0,261.29999999999995,261.3,0.0
84596J,MIXED NUTS LIGHT GREEN BOWL,1.25,209,261.25,42,1.11,1.2,1.36,1.22,2.5, Competitive — Monitor,-1.0,,,MONITOR — No Clear Signal,0.0,1.25,0.0,0.0,-0.0,209.0,261.25,261.25,0.0
84881,BLUE WIRE SPIRAL CANDLE HOLDER,6.35,41,260.34999999999997,18,5.92,5.91,7.36,6.4,-0.8, Competitive — Monitor,-1.0,,,MONITOR — No Clear Signal,0.0,6.35,0.0,0.0,-0.0,41.0,260.34999999999997,260.34999999999997,0.0
82095,HEART BUTTONS JEWELLERY BOX,7.6499999999999995,34,260.1,18,7.15,7.2,8.11,7.49,2.1, Competitive — Monitor,-1.0,,,MONITOR — No Clear Signal,0.0,7.65,0.0,0.0,-0.0,34.0,260.09999999999997,260.1,0.0
22929,SCHOOL DESK AND CHAIR ,65.0,4,260.0,4,56.63,68.73,77.56,67.64,-3.9, Competitive — Monitor,-1.0,,,MONITOR — No Clear Signal,0.0,65.0,0.0,0.0,-0.0,4.0,260.0,260.0,0.0
37476,CONDIMENT TRAY 4 BOWLS AND 4 SPOONS,9.868888888888888,27,259.89,18,9.04,10.08,10.65,9.92,-0.5, Competitive — Monitor,-1.0,,,MONITOR — No Clear Signal,0.0,9.87,0.0,0.0,-0.0,27.0,266.46,266.48999999999995,0.03
72127,COLUMBIAN CANDLE ROUND ,1.2345945945945946,220,259.04,34,1.11,1.19,1.46,1.25,-1.2, Competitive — Monitor,-1.0,,,MONITOR — No Clear Signal,0.0,1.23,-0.0,0.0,-0.0,220.0,271.61081081081085,270.6,-1.01
22420,LIPSTICK PEN BABY PINK,0.4182608695652174,620,258.96,65,0.39,0.42,0.49,0.43,-2.7, Competitive — Monitor,-1.0,,,MONITOR — No Clear Signal,0.0,0.42,0.0,0.0,-0.0,620.0,259.3217391304348,260.4,1.08
20800,LARGE GLASS SUNDAE DISH CLEAR,1.4,996,258.2,2,1.22,1.41,1.67,1.43,-2.1, Competitive — Monitor,-1.0,,,MONITOR — No Clear Signal,0.0,1.4,0.0,0.0,-0.0,996.0,1394.3999999999999,1394.3999999999999,0.0
84613C,BLUE NEW BAROQUE FLOCK CANDLESTICK,4.580000000000001,62,258.06,12,4.2,4.69,5.14,4.68,-2.1, Competitive — Monitor,-1.0,,,MONITOR — No Clear Signal,0.0,4.58,-0.0,0.0,-0.0,62.0,283.96000000000004,283.96,-0.0
85170C,SET/6 EAU DE NIL BIRD T-LIGHTS,2.0375,180,258.0,20,1.86,1.95,2.36,2.06,-1.1, Competitive — Monitor,-1.0,,,MONITOR — No Clear Signal,0.0,2.04,0.0,0.0,-0.0,180.0,366.75,367.2,0.45
17013D,ORIGAMI ROSE INCENSE IN TUBE,1.146,516,257.58,10,1.01,1.21,1.27,1.16,-1.2, Competitive — Monitor,-1.673,Highly Elastic — Consider Discount,-5%,MONITOR — No Clear Signal,0.0,1.15,0.0,0.0,-0.0,516.0,591.3359999999999,593.4,2.06
21454,PAINTED PINK RABBIT ,0.85,303,257.55,42,0.73,0.82,0.92,0.82,3.7, Competitive — Monitor,-1.0,,,MONITOR — No Clear Signal,0.0,0.85,0.0,0.0,-0.0,303.0,257.55,257.55,0.0
21395,BLUE SPOTTY BEAKER ,1.95,132,257.4,22,1.78,2.01,2.18,1.99,-2.0, Competitive — Monitor,-1.0,,,MONITOR — No Clear Signal,0.0,1.95,0.0,0.0,-0.0,132.0,257.4,257.4,0.0
90160D,PINK BOUDICCA LARGE BRACELET,6.95,37,257.15000000000003,12,6.42,6.41,7.47,6.77,2.7, Competitive — Monitor,-1.0,,,MONITOR — No Clear Signal,0.0,6.95,0.0,0.0,-0.0,37.0,257.15000000000003,257.15000000000003,0.0
18096C,WHITE ROUND PORCELAIN TLIGHT HOLDER,2.5071428571428567,112,256.8,13,2.21,2.46,3.0,2.56,-2.1, Competitive — Monitor,-1.0,,,MONITOR — No Clear Signal,0.0,2.51,0.0,0.0,-0.0,112.0,280.79999999999995,281.12,0.32
21394,RED SPOTTY BEAKER ,1.9333333333333331,139,256.65,18,1.77,1.89,2.06,1.91,1.2, Competitive — Monitor,-1.0,,,MONITOR — No Clear Signal,0.0,1.93,-0.0,0.0,-0.0,139.0,268.7333333333333,268.27,-0.46
21943,CAKES AND RABBITS DESIGN FLANNEL ,0.8306451612903226,330,256.38,31,0.74,0.84,0.95,0.84,-1.1, Competitive — Monitor,-1.0,,,MONITOR — No Clear Signal,0.0,0.83,-0.0,0.0,-0.0,330.0,274.11290322580646,273.9,-0.21
22031,BOTANICAL LAVENDER BIRTHDAY CARD,0.4175510204081633,612,255.6,49,0.38,0.39,0.48,0.42,-0.6, Competitive — Monitor,-1.0,,,MONITOR — No Clear Signal,0.0,0.42,0.0,0.0,-0.0,612.0,255.54122448979592,257.03999999999996,1.5
77081,FLOWER WINDMILL,1.228888888888889,219,255.51000000000002,18,1.07,1.29,1.39,1.25,-1.7, Competitive — Monitor,-1.0,,,MONITOR — No Clear Signal,0.0,1.23,0.0,0.0,-0.0,219.0,269.12666666666667,269.37,0.24
85230B,CINNAMON SCENTED VOTIVE CANDLE,0.27999999999999997,927,255.39,31,0.26,0.27,0.32,0.28,-0.0, Competitive — Monitor,-1.0,,,MONITOR — No Clear Signal,0.0,0.28,0.0,0.0,-0.0,927.0,259.55999999999995,259.56,0.0
84671B,CROCHET BEAR WITH BLUE STRIPES,2.55,100,255.0,24,2.24,2.62,2.72,2.53,0.8, Competitive — Monitor,-1.0,,,MONITOR — No Clear Signal,0.0,2.55,0.0,0.0,-0.0,100.0,254.99999999999997,254.99999999999997,0.0
85033S,SET/6 SILVER REINDEER T-LIGHTS,0.9904761904761905,244,254.8,39,0.88,1.04,1.12,1.01,-1.9, Competitive — Monitor,-1.0,,,MONITOR — No Clear Signal,0.0,0.99,-0.0,0.0,-0.0,244.0,241.67619047619047,241.56,-0.12
21415,CLAM SHELL SMALL ,2.0726666666666667,126,254.76000000000002,27,1.77,2.09,2.27,2.04,1.6, Competitive — Monitor,-1.0,,,MONITOR — No Clear Signal,0.0,2.07,-0.0,0.0,-0.0,126.0,261.156,260.82,-0.34
46775E,CANDY POP CHUNKY KNITTED THROW ,16.95,15,254.25,10,14.6,17.6,20.19,17.46,-2.9, Competitive — Monitor,-1.0,,,MONITOR — No Clear Signal,0.0,16.95,0.0,0.0,-0.0,15.0,254.25,254.25,0.0
90082B,DIAMANTE BOW BROOCH RED COLOUR,6.35,40,253.99999999999997,16,5.73,6.51,7.39,6.54,-2.9, Competitive — Monitor,-1.0,,,MONITOR — No Clear Signal,0.0,6.35,0.0,0.0,-0.0,40.0,254.0,254.0,0.0
17011F,ORIGAMI SANDLEWOOD INCENSE+FLOWER,1.6166666666666667,300,253.00000000000003,9,1.42,1.58,1.93,1.64,-1.4, Competitive — Monitor,-2.574,Highly Elastic — Consider Discount,-5%,MONITOR — No Clear Signal,0.0,1.62,0.0,0.0,-0.0,300.0,485.0,486.00000000000006,1.0
85205B,PINK FELT EASTER RABBIT GARLAND,2.55,99,252.45,19,2.38,2.68,2.69,2.58,-1.2, Competitive — Monitor,-1.0,,,MONITOR — No Clear Signal,0.0,2.55,0.0,0.0,-0.0,99.0,252.45,252.45,0.0
84924F,PSYCHEDELIC METAL SIGN CALENDAR,2.35,963,251.25,5,2.0,2.27,2.57,2.28,3.1, Competitive — Monitor,-1.0,,,MONITOR — No Clear Signal,0.0,2.35,0.0,0.0,-0.0,963.0,2263.05,2263.05,0.0
21341,KASBAH LANTERN WITH GLASS ,4.623333333333334,56,250.8,15,4.11,4.68,4.99,4.59,0.7, Competitive — Monitor,-1.0,,,MONITOR — No Clear Signal,0.0,4.62,-0.0,0.0,-0.0,56.0,258.9066666666667,258.72,-0.19
72817,SET/2 CHRISTMAS DECOUPAGE CANDLES,1.2438709677419355,204,250.44,30,1.1,1.29,1.31,1.23,1.1, Competitive — Monitor,-1.0,,,MONITOR — No Clear Signal,0.0,1.24,-0.0,0.0,-0.0,204.0,253.74967741935484,252.96,-0.79
84760S,SMALL HANGING GLASS+ZINC LANTERN,1.45,172,249.39999999999998,17,1.24,1.42,1.58,1.41,2.8, Competitive — Monitor,-1.0,,,MONITOR — No Clear Signal,0.0,1.45,0.0,0.0,-0.0,172.0,249.4,249.4,0.0
79030A,"TUMBLER, ENGLISH ROSE",1.65,151,249.14999999999998,20,1.42,1.6,1.9,1.64,0.6, Competitive — Monitor,-1.0,,,MONITOR — No Clear Signal,0.0,1.65,0.0,0.0,-0.0,151.0,249.14999999999998,249.14999999999998,0.0
21946,PARTY TIME DESIGN FLANNEL,0.7689473684210526,507,248.91,19,0.69,0.76,0.83,0.76,1.2, Competitive — Monitor,-1.0,,,MONITOR — No Clear Signal,0.0,0.77,0.0,0.0,-0.0,507.0,389.8563157894737,390.39,0.53
45016,DECORATIVE NET CANOPY LEOPARD,3.611111111111111,73,248.75,8,3.25,3.79,4.07,3.7,-2.4, Competitive — Monitor,-1.0,,,MONITOR — No Clear Signal,0.0,3.61,-0.0,0.0,-0.0,73.0,263.61111111111114,263.53,-0.08
22039,BOTANICAL LILY GIFT WRAP,0.41304347826086957,600,248.0,23,0.37,0.44,0.49,0.43,-3.9, Competitive — Monitor,-1.0,,,MONITOR — No Clear Signal,0.0,0.41,-0.0,0.0,-0.0,600.0,247.82608695652175,245.99999999999997,-1.83
22893,MINI CAKE STAND T-LIGHT HOLDER,0.42,590,247.8,30,0.38,0.42,0.48,0.43,-2.3, Competitive — Monitor,-1.0,,,MONITOR — No Clear Signal,0.0,0.42,0.0,0.0,-0.0,590.0,247.79999999999998,247.79999999999998,0.0
21388,IVORY HANGING DECORATION  CHICKEN,0.85,291,247.35,27,0.77,0.87,0.94,0.86,-1.2, Competitive — Monitor,-1.0,,,MONITOR — No Clear Signal,0.0,0.85,0.0,0.0,-0.0,291.0,247.35,247.35,0.0
22984,"CARD, GINGHAM ROSE ",0.42,588,246.96,46,0.36,0.45,0.46,0.42,0.0, Competitive — Monitor,-1.0,,,MONITOR — No Clear Signal,0.0,0.42,0.0,0.0,-0.0,588.0,246.95999999999998,246.95999999999998,0.0
20659,ECONOMY LUGGAGE TAG,1.25,197,246.25,61,1.12,1.17,1.4,1.23,1.6, Competitive — Monitor,-1.0,,,MONITOR — No Clear Signal,0.0,1.25,0.0,0.0,-0.0,197.0,246.25,246.25,0.0
84924D,LA PALMIERA METAL SIGN CALENDAR,3.1666666666666665,760,246.0,12,3.0,3.03,3.41,3.15,0.5, Competitive — Monitor,-1.0,,,MONITOR — No Clear Signal,0.0,3.17,0.0,0.0,-0.0,760.0,2406.6666666666665,2409.2,2.53
21321,GLASS CHALICE BLUE  LARGE ,2.480769230769231,108,245.25,13,2.24,2.56,2.84,2.55,-2.7, Competitive — Monitor,-1.0,,,MONITOR — No Clear Signal,0.0,2.48,-0.0,0.0,-0.0,108.0,267.9230769230769,267.84,-0.08
21038,SET/4 MODERN VINTAGE COTTON NAPKINS,2.95,83,244.85000000000002,28,2.71,3.1,3.26,3.02,-2.3, Competitive — Monitor,-1.0,,,MONITOR — No Clear Signal,0.0,2.95,0.0,0.0,-0.0,83.0,244.85000000000002,244.85000000000002,0.0
35979,SIX STRING SCANDINAVIAN HEART DECS,2.95,83,244.85000000000002,19,2.6,3.12,3.47,3.06,-3.6, Competitive — Monitor,-1.0,,,MONITOR — No Clear Signal,0.0,2.95,0.0,0.0,-0.0,83.0,244.85000000000002,244.85000000000002,0.0
22814,CARD PARTY GAMES ,0.4186046511627907,593,244.74,43,0.39,0.41,0.49,0.43,-2.7, Competitive — Monitor,-1.0,,,MONITOR — No Clear Signal,0.0,0.42,0.0,0.0,-0.0,593.0,248.2325581395349,249.06,0.83
72739B,WHITE CHOCOLATE SCENT CANDLE,0.89,351,244.35000000000002,10,0.83,0.83,1.02,0.89,0.0, Competitive — Monitor,-1.0,,,MONITOR — No Clear Signal,0.0,0.89,0.0,0.0,-0.0,351.0,312.39,312.39,0.0
84898F,YELLOW FLOWERS FELT HANDBAG KIT,2.1,116,243.60000000000002,33,1.89,2.08,2.32,2.1,0.0, Competitive — Monitor,-1.0,,,MONITOR — No Clear Signal,0.0,2.1,0.0,0.0,-0.0,116.0,243.60000000000002,243.60000000000002,0.0
20781,GOLD EAR MUFF HEADPHONES,5.3425,52,243.0,23,5.06,5.11,5.78,5.32,0.4, Competitive — Monitor,-1.0,,,MONITOR — No Clear Signal,0.0,5.34,-0.0,0.0,-0.0,52.0,277.81,277.68,-0.13
22912,YELLOW COAT RACK PARIS FASHION,4.95,49,242.55,16,4.27,4.78,5.77,4.94,0.2, Competitive — Monitor,-1.0,,,MONITOR — No Clear Signal,0.0,4.95,0.0,0.0,-0.0,49.0,242.55,242.55,0.0
90198B,VINTAGE ROSE BEAD BRACELET BLACK,4.25,57,242.25,22,3.62,4.44,4.77,4.28,-0.7, Competitive — Monitor,-1.0,,,MONITOR — No Clear Signal,0.0,4.25,0.0,0.0,-0.0,57.0,242.25,242.25,0.0
85195,HANGING HEART BASKET,2.0684615384615386,134,242.04000000000002,13,1.92,1.93,2.24,2.03,1.9, Competitive — Monitor,-1.0,,,MONITOR — No Clear Signal,0.0,2.07,0.0,0.0,-0.0,134.0,277.17384615384617,277.38,0.21
35964,FOLKART CLIP ON STARS,1.596,384,241.92000000000002,19,1.49,1.68,1.72,1.63,-2.1, Competitive — Monitor,-1.0,,,MONITOR — No Clear Signal,0.0,1.6,0.0,0.0,-0.0,384.0,612.864,614.4000000000001,1.54
79337,BLUE FLOCK GLASS CANDLEHOLDER,1.015,553,241.89,10,0.87,1.0,1.09,0.99,2.5, Competitive — Monitor,-1.643,Highly Elastic — Consider Discount,-5%,MONITOR — No Clear Signal,0.0,1.01,-0.0,0.0,-0.0,553.0,561.295,558.53,-2.76
90175C,BLUE GLASS CHUNKY CHARM BRACELET,8.95,27,241.64999999999998,13,7.85,9.09,10.44,9.13,-2.0, Competitive — Monitor,-1.0,,,MONITOR — No Clear Signal,0.0,8.95,0.0,0.0,-0.0,27.0,241.64999999999998,241.64999999999998,0.0
90175D,TIGRIS EYE CHUNKY CHARM BRACELET,8.95,27,241.64999999999998,14,7.62,8.36,9.7,8.56,4.6, Competitive — Monitor,-1.0,,,MONITOR — No Clear Signal,0.0,8.95,0.0,0.0,-0.0,27.0,241.64999999999998,241.64999999999998,0.0
90120B,BLUE MURANO TWIST BRACELET,4.140625,57,240.5,16,3.64,4.03,4.67,4.11,0.7, Competitive — Monitor,-1.0,,,MONITOR — No Clear Signal,0.0,4.14,-0.0,0.0,-0.0,57.0,236.015625,235.98,-0.04
18094C,WHITE/BLUE RECT CERAMIC OIL BURNER,1.1966666666666665,211,239.75,30,1.11,1.12,1.34,1.19,0.6, Competitive — Monitor,-1.0,,,MONITOR — No Clear Signal,0.0,1.2,0.0,0.0,-0.0,211.0,252.49666666666664,253.2,0.7
22923,FRIDGE MAGNETS LES ENFANTS ASSORTED,0.8413333333333333,300,239.39999999999998,15,0.76,0.9,0.96,0.87,-3.3, Competitive — Monitor,-1.0,,,MONITOR — No Clear Signal,0.0,0.84,-0.0,0.0,-0.0,300.0,252.39999999999998,252.0,-0.4
20855,PINK PATCH PURSE BLUE HEART,1.65,145,239.24999999999997,47,1.46,1.73,1.95,1.71,-3.5, Competitive — Monitor,-1.0,,,MONITOR — No Clear Signal,0.0,1.65,0.0,0.0,-0.0,145.0,239.25,239.25,0.0
16212,FUNKY GIRLZ ASST MAGNETIC MEMO PAD,0.65,366,237.9,30,0.58,0.65,0.77,0.67,-3.0, Competitive — Monitor,-1.0,,,MONITOR — No Clear Signal,0.0,0.65,0.0,0.0,-0.0,366.0,237.9,237.9,0.0
16236,KITTY PENCIL ERASERS,0.21,1129,237.09,70,0.18,0.2,0.23,0.2,5.0, Competitive — Monitor,-1.0,,,MONITOR — No Clear Signal,0.0,0.21,0.0,0.0,-0.0,1129.0,237.09,237.09,0.0
44217M,MULTICOLOUR FEATHERS CURTAIN,3.616666666666667,72,236.40000000000003,3,3.18,3.87,3.81,3.62,-0.1, Competitive — Monitor,-1.0,,,MONITOR — No Clear Signal,0.0,3.62,0.0,0.0,-0.0,72.0,260.40000000000003,260.64,0.24
35923,CANDY HEART HANGING DECORATION,1.25,189,236.25,25,1.14,1.22,1.39,1.25,0.0, Competitive — Monitor,-1.0,,,MONITOR — No Clear Signal,0.0,1.25,0.0,0.0,-0.0,189.0,236.25,236.25,0.0
84976,RECTANGULAR SHAPED MIRROR,1.6715384615384616,150,236.22,13,1.58,1.58,1.91,1.69,-1.1, Competitive — Monitor,-1.0,,,MONITOR — No Clear Signal,0.0,1.67,-0.0,0.0,-0.0,150.0,250.73076923076925,250.5,-0.23
84741C,CITRUS GARLAND FELT FLOWERS ,1.95,121,235.95,33,1.82,1.97,2.21,2.0,-2.5, Competitive — Monitor,-1.0,,,MONITOR — No Clear Signal,0.0,1.95,0.0,0.0,-0.0,121.0,235.95,235.95,0.0
37483,ENGLISH ROSE MUG IN GIFT BOX,2.4669230769230768,144,235.44,10,2.1,2.64,2.83,2.52,-2.1, Competitive — Monitor,-1.0,,,MONITOR — No Clear Signal,0.0,2.47,0.0,0.0,-0.0,144.0,355.23692307692306,355.68,0.44
79328,BLUE FLOCK GLASS CANDLEHOLDER,0.6109090909090908,586,235.38000000000002,11,0.57,0.56,0.66,0.6,1.8, Competitive — Monitor,-1.0,,,MONITOR — No Clear Signal,0.0,0.61,-0.0,0.0,-0.0,586.0,357.9927272727272,357.46,-0.53
84673A,PINK FLY SWAT,0.645,396,234.36,45,0.6,0.62,0.74,0.65,-0.8, Competitive — Monitor,-1.0,,,MONITOR — No Clear Signal,0.0,0.64,-0.01,0.0,-0.0,396.0,255.42000000000002,253.44,-1.98
35096A,BLUE VICTORIAN FABRIC HEART BOX,0.4135,722,233.43,19,0.38,0.44,0.45,0.42,-1.5, Competitive — Monitor,-1.0,,,MONITOR — No Clear Signal,0.0,0.41,-0.0,0.0,-0.0,722.0,298.54699999999997,296.02,-2.53
90184A,AMBER CHUNKY BEAD BRACELET W STRAP,8.95,26,232.7,9,8.02,8.48,10.41,8.97,-0.2, Competitive — Monitor,-1.0,,,MONITOR — No Clear Signal,0.0,8.95,0.0,0.0,-0.0,26.0,232.7,232.7,0.0
90085,CRYSTAL STILETTO PHONE CHARM,0.85,273,232.04999999999998,15,0.76,0.8,0.94,0.83,2.4, Competitive — Monitor,-1.0,,,MONITOR — No Clear Signal,0.0,0.85,0.0,0.0,-0.0,273.0,232.04999999999998,232.04999999999998,0.0
79338,DARK PINK FLOCK GLASS CANDLEHOLDER,0.8879999999999999,547,231.99,10,0.78,0.9,1.03,0.9,-1.3, Competitive — Monitor,-1.0,,,MONITOR — No Clear Signal,0.0,0.89,0.0,0.0,-0.0,547.0,485.73599999999993,486.83,1.09
21736,GOLD SCROLL GLASS T-LIGHT HOLDER,2.1,110,231.00000000000003,17,1.8,2.22,2.22,2.08,1.0, Competitive — Monitor,-1.0,,,MONITOR — No Clear Signal,0.0,2.1,0.0,0.0,-0.0,110.0,231.0,231.0,0.0
20736,PINK MINI TAPE MEASURE ,0.8431578947368421,287,230.95,18,0.74,0.84,0.94,0.84,0.4, Competitive — Monitor,-1.0,,,MONITOR — No Clear Signal,0.0,0.84,-0.0,0.0,-0.0,287.0,241.98631578947368,241.07999999999998,-0.91
22825,DECORATIVE PLANT POT WITH FRIEZE,7.95,29,230.55,11,6.95,8.58,9.19,8.24,-3.5, Competitive — Monitor,-1.0,,,MONITOR — No Clear Signal,0.0,7.95,0.0,0.0,-0.0,29.0,230.55,230.55,0.0
85135C,RED DRAGONFLY HELICOPTER,7.95,29,230.55,20,7.14,8.18,8.62,7.98,-0.4, Competitive — Monitor,-1.0,,,MONITOR — No Clear Signal,0.0,7.95,0.0,0.0,-0.0,29.0,230.55,230.55,0.0
16254,TRANSPARENT ACRYLIC TAPE DISPENSER,0.7954545454545454,881,230.45,10,0.74,0.74,0.93,0.8,-0.6, Competitive — Monitor,-1.0,,,MONITOR — No Clear Signal,0.0,0.8,0.0,0.0,-0.0,881.0,700.7954545454545,704.8000000000001,4.0
37508,NEW ENGLAND CERAMIC CAKE SERVER,2.55,90,229.5,44,2.29,2.75,2.92,2.65,-3.8, Competitive — Monitor,-1.0,,,MONITOR — No Clear Signal,0.0,2.55,0.0,0.0,-0.0,90.0,229.49999999999997,229.49999999999997,0.0
90148,LONG SILVER NECKLACE PASTEL FLOWER,12.75,18,229.5,11,10.91,12.56,14.51,12.66,0.7, Competitive — Monitor,-1.0,,,MONITOR — No Clear Signal,0.0,12.75,0.0,0.0,-0.0,18.0,229.5,229.5,0.0
72122,COFFEE SCENT PILLAR CANDLE,0.9499999999999998,241,228.95,50,0.9,0.92,1.05,0.96,-1.0, Competitive — Monitor,-1.0,,,MONITOR — No Clear Signal,0.0,0.95,0.0,0.0,-0.0,241.0,228.94999999999996,228.95,0.0
90180A,BLACK+WHITE NECKLACE W TASSEL,9.95,23,228.85,15,9.4,10.04,11.17,10.2,-2.5, Competitive — Monitor,-1.0,,,MONITOR — No Clear Signal,0.0,9.95,0.0,0.0,-0.0,23.0,228.85,228.85,0.0
84219,BOX/12 MOTHER & CHICK IN BASKET/BOW,2.529310344827586,99,228.45,26,2.35,2.45,2.88,2.56,-1.2, Competitive — Monitor,-1.0,,,MONITOR — No Clear Signal,0.0,2.53,0.0,0.0,-0.0,99.0,250.40172413793104,250.46999999999997,0.07
20987,GEISHA GIRL CHOPSTICKS SET/5,1.95,117,228.15,12,1.85,1.82,2.19,1.95,0.0, Competitive — Monitor,-1.0,,,MONITOR — No Clear Signal,0.0,1.95,0.0,0.0,-0.0,117.0,228.15,228.15,0.0
85211,S/4 GROOVY CAT MAGNETS,1.65,138,227.7,34,1.49,1.52,1.91,1.64,0.6, Competitive — Monitor,-1.0,,,MONITOR — No Clear Signal,0.0,1.65,0.0,0.0,-0.0,138.0,227.7,227.7,0.0
72781,BLACK SILOUETTE CANDLE PLATE ,2.0414285714285714,120,227.4,14,1.93,2.02,2.28,2.08,-1.9, Competitive — Monitor,-1.0,,,MONITOR — No Clear Signal,0.0,2.04,-0.0,0.0,-0.0,120.0,244.97142857142856,244.8,-0.17
22935,BAKING MOULD ROSE MILK CHOCOLATE,3.0833333333333335,81,227.25,3,2.64,3.25,3.33,3.07,0.4, Competitive — Monitor,-1.0,,,MONITOR — No Clear Signal,0.0,3.08,-0.0,0.0,-0.0,81.0,249.75,249.48000000000002,-0.27
22032,BOTANICAL LILY GREETING CARD,0.41720930232558134,542,226.8,43,0.37,0.42,0.45,0.41,1.8, Competitive — Monitor,-1.0,,,MONITOR — No Clear Signal,0.0,0.42,0.0,0.0,-0.0,542.0,226.1274418604651,227.64,1.51
72750D,F.FAIRY S/3 CANDLE/GLASS,2.6772727272727272,110,226.5,11,2.34,2.89,2.81,2.68,-0.1, Competitive — Monitor,-1.0,,,MONITOR — No Clear Signal,0.0,2.68,0.0,0.0,-0.0,110.0,294.5,294.8,0.3
10123C,HEARTS WRAPPING TAPE ,0.6223404255319149,627,226.11,44,0.54,0.6,0.68,0.61,2.0, Competitive — Monitor,-1.0,,,MONITOR — No Clear Signal,0.0,0.62,-0.0,0.0,-0.0,627.0,390.20744680851067,388.74,-1.47
84532B,FAIRY CAKES RECTANGLUAR BOXES,5.95,38,226.1,23,5.14,5.74,6.92,5.93,0.3, Competitive — Monitor,-1.0,,,MONITOR — No Clear Signal,0.0,5.95,0.0,0.0,-0.0,38.0,226.1,226.1,0.0
21879,HEARTS GIFT TAPE,0.6474358974358975,349,225.65,38,0.59,0.61,0.76,0.65,-0.4, Competitive — Monitor,-1.0,,,MONITOR — No Clear Signal,0.0,0.65,0.0,0.0,-0.0,349.0,225.9551282051282,226.85,0.89
85033G,SET/6 GOLD REINDEER T-LIGHT CANDLES,1.4444444444444444,201,225.55,17,1.34,1.37,1.56,1.42,1.7, Competitive — Monitor,-1.0,,,MONITOR — No Clear Signal,0.0,1.44,-0.0,0.0,-0.0,201.0,290.3333333333333,289.44,-0.89
79191B,RETRO PLASTIC POLKA TRAY,0.8421428571428571,302,225.01999999999998,28,0.76,0.81,1.01,0.86,-2.1, Competitive — Monitor,-1.0,,,MONITOR — No Clear Signal,0.0,0.84,-0.0,0.0,-0.0,302.0,254.32714285714283,253.67999999999998,-0.65
TEST001,This is a test product.,4.5,50,225.0,9,3.89,4.71,5.06,4.55,-1.1, Competitive — Monitor,-1.0,,,MONITOR — No Clear Signal,0.0,4.5,0.0,0.0,-0.0,50.0,225.0,225.0,0.0
84804A,CREAM DELPHINIUM ARTIFICIAL FLOWER,2.72,151,224.65000000000003,9,2.53,2.9,3.23,2.89,-5.9, Competitive — Monitor,-1.0,,,MONITOR — No Clear Signal,0.0,2.72,0.0,0.0,-0.0,151.0,410.72,410.72,0.0
71403,"PINK/WHITE ""KEEP CLEAN"" BULLET BIN",2.95,76,224.20000000000005,16,2.7,3.17,3.41,3.09,-4.5, Competitive — Monitor,-1.0,,,MONITOR — No Clear Signal,0.0,2.95,0.0,0.0,-0.0,76.0,224.20000000000002,224.20000000000002,0.0
20906,VINTAGE NOTEBOOK BEAUTY GIRL,2.95,76,224.20000000000002,27,2.62,2.82,3.42,2.95,0.0, Competitive — Monitor,-1.0,,,MONITOR — No Clear Signal,0.0,2.95,0.0,0.0,-0.0,76.0,224.20000000000002,224.20000000000002,0.0
84247N,PACK/12 BLUE FOLKART CARDS,2.95,76,224.20000000000002,23,2.71,3.13,3.14,2.99,-1.3, Competitive — Monitor,-1.0,,,MONITOR — No Clear Signal,0.0,2.95,0.0,0.0,-0.0,76.0,224.20000000000002,224.20000000000002,0.0
84931B,BLUE SCOTTIE DOG W FLOWER PATTERN,2.518965517241379,90,224.1,27,2.21,2.45,2.73,2.46,2.4, Competitive — Monitor,-1.0,,,MONITOR — No Clear Signal,0.0,2.52,0.0,0.0,-0.0,90.0,226.70689655172413,226.8,0.09
35922,EASTER BUNNY WREATH,4.886363636363637,48,223.6,11,4.32,4.58,5.14,4.68,4.4, Competitive — Monitor,-1.0,,,MONITOR — No Clear Signal,0.0,4.89,0.0,0.0,-0.0,48.0,234.54545454545456,234.71999999999997,0.17
20903,VINTAGE KEEPSAKE BOX TRAVELOGUE,5.029999999999999,85,222.95,10,4.74,5.33,5.82,5.3,-5.1, Competitive — Monitor,-2.212,Highly Elastic — Consider Discount,-5%,MONITOR — No Clear Signal,0.0,5.03,0.0,0.0,-0.0,85.0,427.54999999999995,427.55,0.0
85089,CANDY SPOT BUNNY,2.87,78,222.90000000000003,13,2.52,2.93,3.16,2.87,0.0, Competitive — Monitor,-1.0,,,MONITOR — No Clear Signal,0.0,2.87,0.0,0.0,-0.0,78.0,223.86,223.86,0.0
84529C,YELLOW KNITTED KIDS RUCKSACK,6.75,33,222.75,11,6.05,6.39,7.88,6.77,-0.3, Competitive — Monitor,-1.0,,,MONITOR — No Clear Signal,0.0,6.75,0.0,0.0,-0.0,33.0,222.75,222.75,0.0
21027,NINJA RABBIT PINK,1.2440625,179,221.85,29,1.17,1.23,1.37,1.26,-1.3, Competitive — Monitor,-1.0,,,MONITOR — No Clear Signal,0.0,1.24,-0.0,0.0,-0.0,179.0,222.68718750000002,221.96,-0.73
37327,ASSTD MULTICOLOUR CIRCLES MUG,1.5499999999999998,167,221.75,8,1.43,1.5,1.82,1.58,-1.9, Competitive — Monitor,-9.275,Highly Elastic — Consider Discount,-5%,MONITOR — No Clear Signal,0.0,1.55,0.0,0.0,-0.0,167.0,258.84999999999997,258.85,0.0
21144,PINK POODLE HANGING DECORATION ,0.5044186046511628,505,220.79000000000002,42,0.43,0.52,0.54,0.5,0.9, Competitive — Monitor,-1.0,,,MONITOR — No Clear Signal,0.0,0.5,-0.0,0.0,-0.0,505.0,254.73139534883722,252.5,-2.23
35968,FOLK ART METAL HEART T-LIGHT HOLDER,0.38,580,220.40000000000003,40,0.33,0.38,0.41,0.37,2.7, Competitive — Monitor,-1.0,,,MONITOR — No Clear Signal,0.0,0.38,0.0,0.0,-0.0,580.0,220.4,220.4,0.0
16258B,DAISY ERASERS IN BAG,0.29733333333333334,1015,219.76,13,0.25,0.32,0.33,0.3,-0.9, Competitive — Monitor,-1.0,,,MONITOR — No Clear Signal,0.0,0.3,0.0,0.0,-0.0,1015.0,301.79333333333335,304.5,2.71
22808,SET OF 6 T-LIGHTS EASTER CHICKS,2.905555555555556,81,219.75,9,2.65,2.7,3.23,2.86,1.6, Competitive — Monitor,-1.0,,,MONITOR — No Clear Signal,0.0,2.91,0.0,0.0,-0.0,81.0,235.35000000000002,235.71,0.36
72739C,DARK CHOCOLATE SCENTCANDLE,1.0318181818181817,291,219.75,11,0.92,1.01,1.14,1.02,1.2, Competitive — Monitor,-1.0,,,MONITOR — No Clear Signal,0.0,1.03,-0.0,0.0,-0.0,291.0,300.2590909090909,299.73,-0.53
85032C,CURIOUS IMAGES GIFT WRAP SET,2.014705882352941,204,219.60000000000002,17,1.74,2.01,2.35,2.03,-0.8, Competitive — Monitor,-1.0,,,MONITOR — No Clear Signal,0.0,2.01,-0.0,0.0,-0.0,204.0,411.0,410.03999999999996,-0.96
21365,MIRRORED WALL ART STARS,2.771052631578948,102,219.3,19,2.62,2.77,2.95,2.78,-0.3, Competitive — Monitor,-1.0,,,MONITOR — No Clear Signal,0.0,2.77,-0.0,0.0,-0.0,102.0,282.6473684210527,282.54,-0.11
47586A,PINK FAIRY CAKE CUSHION COVER,2.032608695652174,182,219.29999999999998,21,1.84,1.97,2.24,2.02,0.6, Competitive — Monitor,-1.0,,,MONITOR — No Clear Signal,0.0,2.03,-0.0,0.0,-0.0,182.0,369.9347826086956,369.46,-0.47
90090,PINK CRYSTAL HEART PHONE CHARM,0.85,258,219.29999999999998,17,0.74,0.88,1.0,0.87,-2.3, Competitive — Monitor,-1.0,,,MONITOR — No Clear Signal,0.0,0.85,0.0,0.0,-0.0,258.0,219.29999999999998,219.29999999999998,0.0
85168A,WHITE BAROQUE CARRIAGE CLOCK,9.95,22,218.89999999999998,15,8.96,10.55,10.55,10.02,-0.7, Competitive — Monitor,-1.0,,,MONITOR — No Clear Signal,0.0,9.95,0.0,0.0,-0.0,22.0,218.89999999999998,218.89999999999998,0.0
72225D,VANILLA SCENT CAKE CANDLE ,0.26599999999999996,960,218.88,10,0.24,0.28,0.32,0.28,-5.0, Competitive — Monitor,-1.0,,,MONITOR — No Clear Signal,0.0,0.27,0.0,0.0,-0.0,960.0,255.35999999999996,259.20000000000005,3.84
20655,QUEEN OF SKIES LUGGAGE TAG,1.24109375,180,218.16,60,1.06,1.3,1.49,1.28,-3.0, Competitive — Monitor,-1.0,,,MONITOR — No Clear Signal,0.0,1.24,-0.0,0.0,-0.0,180.0,223.39687500000002,223.2,-0.2
90161B,ANT COPPER TURQ BOUDICCA BRACELET,4.95,44,217.8,14,4.34,5.23,5.26,4.94,0.2, Competitive — Monitor,-1.0,,,MONITOR — No Clear Signal,0.0,4.95,0.0,0.0,-0.0,44.0,217.8,217.8,0.0
17013B,ORIGAMI JASMINE INCENSE IN TUBE,0.845,255,217.6,2,0.79,0.85,0.92,0.85,-0.6, Competitive — Monitor,-1.0,,,MONITOR — No Clear Signal,0.0,0.84,-0.01,0.0,-0.0,255.0,215.475,214.2,-1.28
85203,HANGING WOOD AND FELT BUTTERFLY ,0.41907692307692307,521,217.38,62,0.38,0.44,0.46,0.43,-2.5, Competitive — Monitor,-1.0,,,MONITOR — No Clear Signal,0.0,0.42,0.0,0.0,-0.0,521.0,218.33907692307693,218.82,0.48
17011C,ORIGAMI LAVENDER INCENSE+FLOWER,0.65,334,217.1,1,0.59,0.63,0.76,0.66,-1.5, Competitive — Monitor,-1.0,,,MONITOR — No Clear Signal,0.0,0.65,0.0,0.0,-0.0,334.0,217.1,217.1,0.0
16238,PARTY TIME PENCIL ERASERS,0.21,1030,216.29999999999998,60,0.19,0.21,0.24,0.21,0.0, Competitive — Monitor,-1.0,,,MONITOR — No Clear Signal,0.0,0.21,0.0,0.0,-0.0,1030.0,216.29999999999998,216.29999999999998,0.0
84807,RED POPPY ARTIFICIAL FLOWER,1.5414285714285714,233,215.93,7,1.32,1.5,1.77,1.53,0.7, Competitive — Monitor,-1.0,,,MONITOR — No Clear Signal,0.0,1.54,-0.0,0.0,-0.0,233.0,359.1528571428571,358.82,-0.33
20799,PINK MILKSHAKE GLASS,2.0,167,215.5,13,1.73,1.99,2.33,2.02,-1.0, Competitive — Monitor,-1.0,,,MONITOR — No Clear Signal,0.0,2.0,0.0,0.0,-0.0,167.0,334.0,334.0,0.0
84247C,PACK/12 BLUE REINDEER CARD,2.95,73,215.35000000000002,22,2.64,2.85,3.15,2.88,2.4, Competitive — Monitor,-1.0,,,MONITOR — No Clear Signal,0.0,2.95,0.0,0.0,-0.0,73.0,215.35000000000002,215.35000000000002,0.0
84902,PINK KNITTED COW STUFFED TOY,3.728181818181818,58,215.34,33,3.25,4.0,4.38,3.88,-3.9, Competitive — Monitor,-1.0,,,MONITOR — No Clear Signal,0.0,3.73,0.0,0.0,-0.0,58.0,216.23454545454544,216.34,0.11
90178A,AMBER CHUNKY GLASS+BEAD NECKLACE,11.949999999999998,18,215.1,11,10.22,11.59,13.81,11.87,0.7, Competitive — Monitor,-1.0,,,MONITOR — No Clear Signal,0.0,11.95,0.0,0.0,-0.0,18.0,215.09999999999997,215.1,0.0
21420,OYSTER TRINKET BOX,3.2115384615384617,68,215.0,12,3.0,3.0,3.65,3.22,-0.3, Competitive — Monitor,-1.0,,,MONITOR — No Clear Signal,0.0,3.21,-0.0,0.0,-0.0,68.0,218.3846153846154,218.28,-0.1
84690,S/2 BEACH HUT STOOLS,7.95,27,214.65,13,7.54,7.98,9.41,8.31,-4.3, Competitive — Monitor,-1.0,,,MONITOR — No Clear Signal,0.0,7.95,0.0,0.0,-0.0,27.0,214.65,214.65,0.0
84621,BLUE GINGHAM ROSE FLOOR CUSHION ,7.950000000000001,27,214.65,13,7.39,7.39,9.18,7.99,-0.5, Competitive — Monitor,-1.0,,,MONITOR — No Clear Signal,0.0,7.95,-0.0,0.0,-0.0,27.0,214.65000000000003,214.65,-0.0
21882,SKULLS TAPE,0.6473684210526316,332,214.60000000000002,35,0.61,0.61,0.7,0.64,1.2, Competitive — Monitor,-1.0,,,MONITOR — No Clear Signal,0.0,0.65,0.0,0.0,-0.0,332.0,214.92631578947368,215.8,0.87
22974,CHILDRENS DOLLY GIRL MUG,1.65,130,214.49999999999997,20,1.44,1.58,1.84,1.62,1.9, Competitive — Monitor,-1.0,,,MONITOR — No Clear Signal,0.0,1.65,0.0,0.0,-0.0,130.0,214.5,214.5,0.0
84563A,PINK & WHITE BREAKFAST TRAY,5.95,36,214.20000000000002,21,5.63,5.92,6.69,6.08,-2.1, Competitive — Monitor,-1.0,,,MONITOR — No Clear Signal,0.0,5.95,0.0,0.0,-0.0,36.0,214.20000000000002,214.20000000000002,0.0
84499,BLACK FLOWER CANDLE PLATE,0.8266666666666667,287,213.70999999999998,18,0.72,0.82,0.87,0.8,3.3, Competitive — Monitor,-1.0,,,MONITOR — No Clear Signal,0.0,0.83,0.0,0.0,-0.0,287.0,237.25333333333333,238.20999999999998,0.96
84371,BIG PINK POODLE,15.212499999999999,28,213.7,4,14.38,15.94,18.15,16.16,-5.9, Competitive — Monitor,-1.0,,,MONITOR — No Clear Signal,0.0,15.21,-0.0,0.0,-0.0,28.0,425.94999999999993,425.88,-0.07
85187,S/12 MINI RABBIT EASTER,1.65,129,212.85,31,1.57,1.71,1.76,1.68,-1.8, Competitive — Monitor,-1.0,,,MONITOR — No Clear Signal,0.0,1.65,0.0,0.0,-0.0,129.0,212.85,212.85,0.0
47422,ASSORTED MONKEY SUCTION CUP HOOK,0.41,561,212.57999999999998,20,0.38,0.41,0.47,0.42,-2.4, Competitive — Monitor,-1.0,,,MONITOR — No Clear Signal,0.0,0.41,0.0,0.0,-0.0,561.0,230.01,230.01,0.0
47593B,SCOTTIES DESIGN BABY BIB,1.25,170,212.5,31,1.19,1.22,1.41,1.27,-1.6, Competitive — Monitor,-1.0,,,MONITOR — No Clear Signal,0.0,1.25,0.0,0.0,-0.0,170.0,212.5,212.5,0.0
51012C,"FEATHER DUSTER, COAL BLACK",1.25,170,212.5,26,1.13,1.21,1.32,1.22,2.5, Competitive — Monitor,-1.0,,,MONITOR — No Clear Signal,0.0,1.25,0.0,0.0,-0.0,170.0,212.5,212.5,0.0
21639,ASSORTED TUTTI FRUTTI KEYRING,0.8499999999999999,249,211.64999999999998,13,0.74,0.89,1.01,0.88,-3.4, Competitive — Monitor,-1.0,,,MONITOR — No Clear Signal,0.0,0.85,0.0,0.0,-0.0,249.0,211.64999999999998,211.65,0.0
22346,PARTY PIZZA DISH GREEN+WHITE SPOT ,0.8458064516129032,260,211.64,30,0.76,0.79,1.0,0.85,-0.5, Competitive — Monitor,-1.0,,,MONITOR — No Clear Signal,0.0,0.85,0.0,0.0,-0.0,260.0,219.90967741935484,221.0,1.09
35637C,PINK STRING CURTAIN WITH POLE,5.361111111111111,69,210.75,9,4.88,4.94,6.05,5.29,1.3, Competitive — Monitor,-1.0,,,MONITOR — No Clear Signal,0.0,5.36,-0.0,0.0,-0.0,69.0,369.91666666666663,369.84000000000003,-0.08
90161D,ANT COPPER PINK BOUDICCA BRACELET,4.786666666666666,43,210.4,15,4.1,5.01,5.19,4.77,0.3, Competitive — Monitor,-1.0,,,MONITOR — No Clear Signal,0.0,4.79,0.0,0.0,-0.0,43.0,205.82666666666665,205.97,0.14
21734,SMALL MARAKESH LANTERN ON STICK,3.75,56,210.0,14,3.42,3.74,4.01,3.72,0.8, Competitive — Monitor,-1.0,,,MONITOR — No Clear Signal,0.0,3.75,0.0,0.0,-0.0,56.0,210.0,210.0,0.0
84817,DANISH ROSE DECORATIVE PLATE,2.1,100,210.0,22,1.99,1.98,2.32,2.1,0.0, Competitive — Monitor,-1.0,,,MONITOR — No Clear Signal,0.0,2.1,0.0,0.0,-0.0,100.0,210.0,210.0,0.0
21493, VINTAGE DESIGN GIFT TAGS,0.85,247,209.95,22,0.74,0.81,0.93,0.83,2.4, Competitive — Monitor,-1.0,,,MONITOR — No Clear Signal,0.0,0.85,0.0,0.0,-0.0,247.0,209.95,209.95,0.0
21268,VINTAGE BLUE TINSEL REEL,0.5839024390243903,383,209.58,38,0.54,0.62,0.66,0.61,-4.3, Competitive — Monitor,-1.0,,,MONITOR — No Clear Signal,0.0,0.58,-0.0,0.0,-0.0,383.0,223.63463414634148,222.14,-1.49
22831,WHITE BROCANTE SOAP DISH,2.95,71,209.45000000000002,15,2.78,3.12,3.53,3.14,-6.1, Competitive — Monitor,-1.0,,,MONITOR — No Clear Signal,0.0,2.95,0.0,0.0,-0.0,71.0,209.45000000000002,209.45000000000002,0.0
85078,SCANDINAVIAN 3 HEARTS NAPKIN RING,0.65,322,209.3,20,0.61,0.67,0.74,0.67,-3.0, Competitive — Monitor,-1.0,,,MONITOR — No Clear Signal,0.0,0.65,0.0,0.0,-0.0,322.0,209.3,209.3,0.0
85168B,BLACK BAROQUE CARRIAGE CLOCK,9.95,21,208.95,16,9.41,9.92,11.78,10.37,-4.1, Competitive — Monitor,-1.0,,,MONITOR — No Clear Signal,0.0,9.95,0.0,0.0,-0.0,21.0,208.95,208.95,0.0
22924,FRIDGE MAGNETS LA VIE EN ROSE,0.84,264,208.79999999999998,12,0.76,0.84,0.96,0.85,-1.2, Competitive — Monitor,-1.0,,,MONITOR — No Clear Signal,0.0,0.84,0.0,0.0,-0.0,264.0,221.76,221.76,0.0
46000R,POLYESTER FILLER PAD 45x30cm,1.45,144,208.79999999999998,25,1.37,1.56,1.63,1.52,-4.6, Competitive — Monitor,-1.0,,,MONITOR — No Clear Signal,0.0,1.45,0.0,0.0,-0.0,144.0,208.79999999999998,208.79999999999998,0.0
90010A,MIDNIGHT BLUE GLASS/SILVER BRACELET,8.233333333333333,24,208.35,9,7.62,8.85,9.7,8.72,-5.6, Competitive — Monitor,-1.0,,,MONITOR — No Clear Signal,0.0,8.23,-0.0,0.0,-0.0,24.0,197.59999999999997,197.52,-0.08
37485,ENGLISH ROSE TEA SET IN GIFT BOX,4.5975,49,207.69,15,3.98,4.39,5.15,4.51,1.9, Competitive — Monitor,-1.0,,,MONITOR — No Clear Signal,0.0,4.6,0.0,0.0,-0.0,49.0,225.2775,225.39999999999998,0.12
82613C,"METAL SIGN,CUPCAKE SINGLE HOOK",1.25,166,207.5,34,1.12,1.31,1.48,1.3,-3.8, Competitive — Monitor,-1.0,,,MONITOR — No Clear Signal,0.0,1.25,0.0,0.0,-0.0,166.0,207.5,207.5,0.0
16256B,FLOWER PENCIL/RUBBER+5 MINI PENCILS,0.42000000000000004,493,207.06,20,0.39,0.4,0.46,0.42,0.0, Competitive — Monitor,-1.0,,,MONITOR — No Clear Signal,0.0,0.42,-0.0,0.0,-0.0,493.0,207.06000000000003,207.06,-0.0
37492A,YELLOW RED FLOWER PIGGY BANK,3.75,107,206.54999999999998,10,3.28,3.58,4.01,3.62,3.6, Competitive — Monitor,-1.0,,,MONITOR — No Clear Signal,0.0,3.75,0.0,0.0,-0.0,107.0,401.25,401.25,0.0
20814,SILVER FINCH DECORATION,1.2025,187,206.39000000000001,12,1.1,1.24,1.42,1.25,-3.8, Competitive — Monitor,-1.0,,,MONITOR — No Clear Signal,0.0,1.2,-0.0,0.0,-0.0,187.0,224.86749999999998,224.4,-0.47
85087,CANDY SPOT CUSHION COVER,2.9214285714285717,73,205.75000000000003,14,2.68,2.88,3.32,2.96,-1.3, Competitive — Monitor,-1.0,,,MONITOR — No Clear Signal,0.0,2.92,-0.0,0.0,-0.0,73.0,213.26428571428573,213.16,-0.1
84857C,PINK MONTE CARLO HANDBAG,3.0416666666666665,98,204.2,6,2.63,3.25,3.6,3.16,-3.7, Competitive — Monitor,-1.0,,,MONITOR — No Clear Signal,0.0,3.04,-0.0,0.0,-0.0,98.0,298.0833333333333,297.92,-0.16
35991,SET/6 BLACK SNOWFLAKE T-LIGHTS ,0.5723999999999999,388,202.33,47,0.52,0.53,0.68,0.58,-1.3, Competitive — Monitor,-1.0,,,MONITOR — No Clear Signal,0.0,0.57,-0.0,0.0,-0.0,388.0,222.09119999999996,221.15999999999997,-0.93
48103,DOOR MAT KISS MY.......,7.051,35,201.73,10,6.54,7.06,7.46,7.02,0.4, Competitive — Monitor,-1.0,,,MONITOR — No Clear Signal,0.0,7.05,-0.0,0.0,-0.0,35.0,246.785,246.75,-0.03
16202C,BEIGE PHOTO ALBUM,3.0300000000000002,94,201.29999999999998,10,2.73,3.23,3.41,3.12,-2.9, Competitive — Monitor,-1.0,,,MONITOR — No Clear Signal,0.0,3.03,-0.0,0.0,-0.0,94.0,284.82000000000005,284.82,-0.0
72754A,FLOWER FAIRY POTPOURRI CUSHION LILY,1.066,292,201.24,5,0.91,1.13,1.18,1.07,-0.4, Competitive — Monitor,-1.0,,,MONITOR — No Clear Signal,0.0,1.07,0.0,0.0,-0.0,292.0,311.272,312.44,1.17
84993B,75 BLACK PETIT FOUR CASES,0.42,478,200.76,62,0.36,0.4,0.48,0.41,2.4, Competitive — Monitor,-1.0,,,MONITOR — No Clear Signal,0.0,0.42,0.0,0.0,-0.0,478.0,200.76,200.76,0.0
35824B,"HANGING FLOWERS+MIRROR,BLUE",0.38,527,200.26000000000002,5,0.34,0.37,0.44,0.38,0.0, Competitive — Monitor,-1.0,,,MONITOR — No Clear Signal,0.0,0.38,0.0,0.0,-0.0,527.0,200.26,200.26,0.0
72130,COLUMBIAN CANDLE ROUND,0.534375,587,200.11,30,0.5,0.54,0.58,0.54,-1.0, Competitive — Monitor,-1.0,,,MONITOR — No Clear Signal,0.0,0.53,-0.0,0.0,-0.0,587.0,313.678125,311.11,-2.57
16201A,PASTEL PINK PHOTO ALBUM,2.55,100,199.8,8,2.23,2.41,2.89,2.51,1.6, Competitive — Monitor,-1.0,,,MONITOR — No Clear Signal,0.0,2.55,0.0,0.0,-0.0,100.0,254.99999999999997,254.99999999999997,0.0
35645,VINTAGE BEAD PINK JEWEL BOX,4.25,47,199.75,21,3.88,4.57,4.91,4.45,-4.5, Competitive — Monitor,-1.0,,,MONITOR — No Clear Signal,0.0,4.25,0.0,0.0,-0.0,47.0,199.75,199.75,0.0
22930,BAKING MOULD HEART MILK CHOCOLATE,2.475,91,199.65000000000003,6,2.16,2.64,2.65,2.48,-0.2, Competitive — Monitor,-1.0,,,MONITOR — No Clear Signal,0.0,2.48,0.0,0.0,-0.0,91.0,225.225,225.68,0.46
16156L,"WRAP, CAROUSEL",0.42,475,199.5,18,0.37,0.4,0.49,0.42,0.0, Competitive — Monitor,-1.0,,,MONITOR — No Clear Signal,0.0,0.42,0.0,0.0,-0.0,475.0,199.5,199.5,0.0
35833P,4 PINK FLOCK CHRISTMAS BALLS,1.4088235294117646,127,199.25,33,1.32,1.32,1.61,1.42,-0.8, Competitive — Monitor,-1.0,,,MONITOR — No Clear Signal,0.0,1.41,0.0,0.0,-0.0,127.0,178.9205882352941,179.07,0.15
90014A,SILVER/MOP ORBIT NECKLACE,9.95,20,199.0,12,9.18,9.29,11.86,10.11,-1.6, Competitive — Monitor,-1.0,,,MONITOR — No Clear Signal,0.0,9.95,0.0,0.0,-0.0,20.0,199.0,199.0,0.0
90124A,PINK MURANO TWIST NECKLACE,9.95,20,199.0,12,8.55,10.6,10.95,10.03,-0.8, Competitive — Monitor,-1.0,,,MONITOR — No Clear Signal,0.0,9.95,0.0,0.0,-0.0,20.0,199.0,199.0,0.0
84705C,PINK FLOCK PHOTO FRAME ,3.2900000000000005,148,198.6,5,2.94,3.13,3.51,3.19,3.1, Competitive — Monitor,-1.0,,,MONITOR — No Clear Signal,0.0,3.29,-0.0,0.0,-0.0,148.0,486.9200000000001,486.92,-0.0
35833G,4 GOLD FLOCK CHRISTMAS BALLS,1.436206896551724,126,198.0,29,1.22,1.42,1.62,1.42,1.1, Competitive — Monitor,-1.0,,,MONITOR — No Clear Signal,0.0,1.44,0.0,0.0,-0.0,126.0,180.96206896551723,181.44,0.48
35648,VINTAGE BEAD PINK PURSE ,2.95,67,197.65000000000003,9,2.65,2.93,3.14,2.91,1.4, Competitive — Monitor,-1.0,,,MONITOR — No Clear Signal,0.0,2.95,0.0,0.0,-0.0,67.0,197.65,197.65,0.0
21950,SET OF 6 DOTS CHOPSTICKS,1.155,185,197.05,2,1.06,1.17,1.38,1.2,-3.7, Competitive — Monitor,-1.0,,,MONITOR — No Clear Signal,0.0,1.16,0.0,0.0,-0.0,185.0,213.675,214.6,0.92
16258A,SWIRLY CIRCULAR RUBBERS IN BAG,0.39195121951219514,595,196.54,38,0.34,0.37,0.41,0.37,5.9, Competitive — Monitor,-1.0,,,MONITOR — No Clear Signal,0.0,0.39,-0.0,0.0,-0.0,595.0,233.2109756097561,232.05,-1.16
21065,BOOM BOX SPEAKER GIRLS,5.95,33,196.35000000000002,18,5.23,5.69,6.92,5.95,0.0, Competitive — Monitor,-1.0,,,MONITOR — No Clear Signal,0.0,5.95,0.0,0.0,-0.0,33.0,196.35,196.35,0.0
17012E,ORIGAMI OPIUM INCENSE/CANDLE SET ,2.361111111111111,205,196.35,9,2.1,2.52,2.67,2.43,-2.8, Competitive — Monitor,-1.0,,,MONITOR — No Clear Signal,0.0,2.36,-0.0,0.0,-0.0,205.0,484.02777777777777,483.79999999999995,-0.23
21455,PAINTED YELLOW WOODEN DAISY,0.85,231,196.35,31,0.8,0.91,0.94,0.88,-3.4, Competitive — Monitor,-1.0,,,MONITOR — No Clear Signal,0.0,0.85,0.0,0.0,-0.0,231.0,196.35,196.35,0.0
47593A,CAROUSEL DESIGN BABY BIB,1.25,157,196.25,30,1.19,1.31,1.32,1.27,-1.6, Competitive — Monitor,-1.0,,,MONITOR — No Clear Signal,0.0,1.25,0.0,0.0,-0.0,157.0,196.25,196.25,0.0
21520,BOOZE & WOMEN GREETING CARD ,0.4168421052631579,469,195.54,38,0.36,0.38,0.48,0.41,1.7, Competitive — Monitor,-1.0,,,MONITOR — No Clear Signal,0.0,0.42,0.0,0.0,-0.0,469.0,195.49894736842106,196.98,1.48
47574B,ENGLISH ROSE SCENTED HANGING HEART,4.25,46,195.5,25,3.94,4.13,4.84,4.3,-1.2, Competitive — Monitor,-1.0,,,MONITOR — No Clear Signal,0.0,4.25,0.0,0.0,-0.0,46.0,195.5,195.5,0.0
21722,SWEET PUDDING STICKER SHEET,0.85,230,195.5,27,0.75,0.87,0.93,0.85,0.0, Competitive — Monitor,-1.0,,,MONITOR — No Clear Signal,0.0,0.85,0.0,0.0,-0.0,230.0,195.5,195.5,0.0
90209C,PINK ENAMEL+GLASS HAIR COMB,2.0708333333333333,99,195.3,12,1.84,2.0,2.46,2.1,-1.4, Competitive — Monitor,-1.0,,,MONITOR — No Clear Signal,0.0,2.07,-0.0,0.0,-0.0,99.0,205.0125,204.92999999999998,-0.08
47504F,ENGLISH ROSE TORCH,1.55,527,194.75,13,1.43,1.65,1.7,1.59,-2.5, Competitive — Monitor,-1.0,,,MONITOR — No Clear Signal,0.0,1.55,0.0,0.0,-0.0,527.0,816.85,816.85,0.0
21128,GOLD FISHING GNOME,5.796153846153846,51,194.45000000000002,13,5.46,5.92,6.48,5.95,-2.6, Competitive — Monitor,-1.0,,,MONITOR — No Clear Signal,0.0,5.8,0.0,0.0,-0.0,51.0,295.6038461538461,295.8,0.2
17014D,ORIGAMI ROSE INCENSE CONES,1.015,476,194.28,5,0.96,0.95,1.15,1.02,-0.5, Competitive — Monitor,-1.0,,,MONITOR — No Clear Signal,0.0,1.01,-0.0,0.0,-0.0,476.0,483.13999999999993,480.76,-2.38
21582,KINGS CHOICE SMALL TUBE MATCHES,1.65,117,193.04999999999998,16,1.5,1.76,1.76,1.67,-1.2, Competitive — Monitor,-1.0,,,MONITOR — No Clear Signal,0.0,1.65,0.0,0.0,-0.0,117.0,193.04999999999998,193.04999999999998,0.0
90208,PAIR OF ENAMEL FLOWER CLUSTER SLIDE,2.49375,82,192.9,8,2.21,2.68,2.97,2.62,-4.8, Competitive — Monitor,-1.0,,,MONITOR — No Clear Signal,0.0,2.49,-0.0,0.0,-0.0,82.0,204.48749999999998,204.18,-0.31
84893,ANT WHITE IRON BASKET,5.8875,34,192.3,15,5.47,5.49,6.51,5.82,1.2, Competitive — Monitor,-1.0,,,MONITOR — No Clear Signal,0.0,5.89,0.0,0.0,-0.0,34.0,200.175,200.26,0.08
35920,FOUR RABBIT EASTER DECORATIONS,1.1277777777777778,998,191.5,9,0.99,1.13,1.2,1.11,1.6, Competitive — Monitor,-1.0,,,MONITOR — No Clear Signal,0.0,1.13,0.0,0.0,-0.0,998.0,1125.5222222222221,1127.7399999999998,2.22
84924A,WAKE UP COCKEREL CALENDAR SIGN ,3.75,51,191.25,25,3.4,3.63,4.16,3.73,0.5, Competitive — Monitor,-1.0,,,MONITOR — No Clear Signal,0.0,3.75,0.0,0.0,-0.0,51.0,191.25,191.25,0.0
20818,GOLD TEDDY BEAR,3.625,67,191.25,20,3.21,3.56,4.13,3.63,-0.1, Competitive — Monitor,-1.0,,,MONITOR — No Clear Signal,0.0,3.62,-0.0,0.0,-0.0,67.0,242.875,242.54000000000002,-0.33
47421,ASSORTED COLOUR LIZARD SUCTION HOOK,0.4121739130434783,496,191.04,19,0.38,0.39,0.46,0.41,0.5, Competitive — Monitor,-1.0,,,MONITOR — No Clear Signal,0.0,0.41,-0.0,0.0,-0.0,496.0,204.43826086956523,203.35999999999999,-1.08
90036D,"FLOWER GLASS GARLAND NECKL.36""BLACK",7.949999999999999,24,190.8,9,6.95,8.05,9.18,8.06,-1.4, Competitive — Monitor,-1.0,,,MONITOR — No Clear Signal,0.0,7.95,0.0,0.0,-0.0,24.0,190.79999999999998,190.8,0.0
20901,VINTAGE KEEPSAKE BOX PINK FLOWER,6.35,30,190.5,14,5.52,6.82,6.72,6.35,0.0, Competitive — Monitor,-1.0,,,MONITOR — No Clear Signal,0.0,6.35,0.0,0.0,-0.0,30.0,190.5,190.5,0.0
90010E,AMBER GLASS/SILVER BRACELET,8.363636363636363,22,190.45,11,7.88,8.37,9.14,8.46,-1.1, Competitive — Monitor,-1.0,,,MONITOR — No Clear Signal,0.0,8.36,-0.0,0.0,-0.0,22.0,184.0,183.92,-0.08
85032B,BLOSSOM IMAGES GIFT WRAP SET,1.9884615384615385,190,190.20000000000002,13,1.71,1.86,2.33,1.97,0.9, Competitive — Monitor,-1.0,,,MONITOR — No Clear Signal,0.0,1.99,0.0,0.0,-0.0,190.0,377.8076923076923,378.1,0.29
71028B,SILVER BLUE EGG T-LIGHT HOLDER,0.85625,483,189.89000000000001,8,0.77,0.87,0.91,0.85,0.7, Competitive — Monitor,-1.0,,,MONITOR — No Clear Signal,0.0,0.86,0.0,0.0,-0.0,483.0,413.56874999999997,415.38,1.81
22931,BAKING MOULD HEART WHITE CHOCOLATE,2.46,87,189.45000000000002,5,2.15,2.4,2.9,2.48,-0.8, Competitive — Monitor,-1.0,,,MONITOR — No Clear Signal,0.0,2.46,0.0,0.0,-0.0,87.0,214.02,214.02,0.0
90014C,SILVER/BLACK ORBIT NECKLACE,9.95,19,189.04999999999998,11,8.5,10.52,10.58,9.87,0.8, Competitive — Monitor,-1.0,,,MONITOR — No Clear Signal,0.0,9.95,0.0,0.0,-0.0,19.0,189.04999999999998,189.04999999999998,0.0
84711A,SILVER OVAL SHAPE TRINKET BOX,9.95,19,189.04999999999998,8,8.49,9.85,11.69,10.01,-0.6, Competitive — Monitor,-1.0,,,MONITOR — No Clear Signal,0.0,9.95,0.0,0.0,-0.0,19.0,189.04999999999998,189.04999999999998,0.0
22829,BROCANTE SHELF WITH HOOKS,9.95,19,189.04999999999998,12,8.63,9.46,10.99,9.69,2.7, Competitive — Monitor,-1.0,,,MONITOR — No Clear Signal,0.0,9.95,0.0,0.0,-0.0,19.0,189.04999999999998,189.04999999999998,0.0
84707B,PINK JEWELLED MIRROR TRINKET TRAY,9.95,19,189.04999999999998,10,9.32,9.46,11.36,10.05,-1.0, Competitive — Monitor,-1.0,,,MONITOR — No Clear Signal,0.0,9.95,0.0,0.0,-0.0,19.0,189.04999999999998,189.04999999999998,0.0
85202,HANGING WOOD AND FELT HEART,0.4189655172413793,453,188.82,51,0.37,0.44,0.45,0.42,-0.2, Competitive — Monitor,-1.0,,,MONITOR — No Clear Signal,0.0,0.42,0.0,0.0,-0.0,453.0,189.79137931034484,190.26,0.47
79303D,LILAC FLOWER BLOCK TABLE LAMP,2.95,64,188.8,7,2.79,2.84,3.13,2.92,1.0, Competitive — Monitor,-1.0,,,MONITOR — No Clear Signal,0.0,2.95,0.0,0.0,-0.0,64.0,188.8,188.8,0.0
90157,RIVIERA NECKLACE,4.95,38,188.10000000000002,14,4.5,5.16,5.36,5.01,-1.2, Competitive — Monitor,-1.0,,,MONITOR — No Clear Signal,0.0,4.95,0.0,0.0,-0.0,38.0,188.1,188.1,0.0
84660C,PINK STITCHED WALL CLOCK,3.75,50,187.5,28,3.35,3.57,4.01,3.64,3.0, Competitive — Monitor,-1.0,,,MONITOR — No Clear Signal,0.0,3.75,0.0,0.0,-0.0,50.0,187.5,187.5,0.0
84673B,BLUE FLY SWAT,0.65,288,187.20000000000002,37,0.59,0.63,0.71,0.64,1.6, Competitive — Monitor,-1.0,,,MONITOR — No Clear Signal,0.0,0.65,0.0,0.0,-0.0,288.0,187.20000000000002,187.20000000000002,0.0
21543,BUTTERFLY WATER TRANSFER TATTOOS ,0.8346153846153845,267,186.95,13,0.75,0.83,0.94,0.84,-0.6, Competitive — Monitor,-1.0,,,MONITOR — No Clear Signal,0.0,0.83,-0.0,0.0,-0.0,267.0,222.84230769230768,221.60999999999999,-1.23
35817P,"ACRYLIC JEWEL SNOWFLAKE,PINK",1.19375,400,186.72,8,1.11,1.28,1.36,1.25,-4.5, Competitive — Monitor,-1.0,,,MONITOR — No Clear Signal,0.0,1.19,-0.0,0.0,-0.0,400.0,477.50000000000006,476.0,-1.5
21084,SET/6 COLLAGE PAPER CUPS,0.65,287,186.55,33,0.57,0.69,0.76,0.67,-3.0, Competitive — Monitor,-1.0,,,MONITOR — No Clear Signal,0.0,0.65,0.0,0.0,-0.0,287.0,186.55,186.55,0.0
84906,PINK B'FLY C/COVER W BOBBLES,5.95,31,184.45000000000002,9,5.27,5.67,6.83,5.92,0.5, Competitive — Monitor,-1.0,,,MONITOR — No Clear Signal,0.0,5.95,0.0,0.0,-0.0,31.0,184.45000000000002,184.45000000000002,0.0
84803A,PINK ALLIUM  ARTIFICIAL FLOWER,1.69,109,184.21,16,1.59,1.65,1.93,1.72,-1.7, Competitive — Monitor,-1.0,,,MONITOR — No Clear Signal,0.0,1.69,0.0,0.0,-0.0,109.0,184.21,184.21,0.0
46776C,WOVEN FROST CUSHION COVER,4.333333333333333,91,184.05,11,4.09,4.09,4.82,4.33,0.1, Competitive — Monitor,-1.0,,,MONITOR — No Clear Signal,0.0,4.33,-0.0,0.0,-0.0,91.0,394.3333333333333,394.03000000000003,-0.3
22395,PAPERWEIGHT VINTAGE PAISLEY,2.4555555555555553,80,183.6,18,2.31,2.46,2.75,2.51,-2.2, Competitive — Monitor,-1.0,,,MONITOR — No Clear Signal,0.0,2.46,0.0,0.0,-0.0,80.0,196.44444444444443,196.8,0.36
84597B,RETRO BROWN BALL ASHTRAY ,1.2214285714285715,154,182.9,14,1.09,1.21,1.36,1.22,0.1, Competitive — Monitor,-1.0,,,MONITOR — No Clear Signal,0.0,1.22,-0.0,0.0,-0.0,154.0,188.10000000000002,187.88,-0.22
85230G,ORANGE VOTIVE CANDLE,0.2691304347826087,696,182.64,23,0.25,0.29,0.32,0.29,-7.2, Competitive — Monitor,-1.0,,,MONITOR — No Clear Signal,0.0,0.27,0.0,0.0,-0.0,696.0,187.31478260869562,187.92000000000002,0.61
16053,POPART COL BALLPOINT PEN ASST,0.16499999999999998,4298,182.58,8,0.15,0.18,0.18,0.17,-2.9, Competitive — Monitor,-1.827,Highly Elastic — Consider Discount,-5%,MONITOR — No Clear Signal,0.0,0.16,-0.0,0.0,-0.0,4298.0,709.17,687.6800000000001,-21.49
72799D,BLUE PILLAR CANDLE SILVER FLOCK,2.9214285714285717,65,182.15,13,2.63,2.87,3.07,2.86,2.1, Competitive — Monitor,-1.0,,,MONITOR — No Clear Signal,0.0,2.92,-0.0,0.0,-0.0,65.0,189.89285714285717,189.79999999999998,-0.09
85128,PLANTPOT SINGLE HOOK PISTACHIO,1.395,165,182.09,2,1.21,1.39,1.6,1.4,-0.4, Competitive — Monitor,-1.0,,,MONITOR — No Clear Signal,0.0,1.4,0.0,0.0,-0.0,165.0,230.175,230.99999999999997,0.82
21403,BLUE EGG  SPOON,0.42,433,181.86,37,0.38,0.45,0.45,0.43,-2.3, Competitive — Monitor,-1.0,,,MONITOR — No Clear Signal,0.0,0.42,0.0,0.0,-0.0,433.0,181.85999999999999,181.85999999999999,0.0
84464,S/60 PINK FLUFFY CHICKS IN BOX,2.4999999999999996,83,181.64999999999998,11,2.17,2.62,2.96,2.58,-3.1, Competitive — Monitor,-1.0,,,MONITOR — No Clear Signal,0.0,2.5,0.0,0.0,-0.0,83.0,207.49999999999997,207.5,0.0
37379B,BLUE CHERRY BLOSSOM CUP & SAUCER,0.8833333333333333,1122,181.5,3,0.78,0.81,1.04,0.88,0.4, Competitive — Monitor,-1.0,,,MONITOR — No Clear Signal,0.0,0.88,-0.0,0.0,-0.0,1122.0,991.1,987.36,-3.74
20980,36 PENCILS TUBE POSY,1.25,145,181.25,29,1.17,1.21,1.33,1.24,0.8, Competitive — Monitor,-1.0,,,MONITOR — No Clear Signal,0.0,1.25,0.0,0.0,-0.0,145.0,181.25,181.25,0.0
84800M,MEDIUM WHITE/PINK ROSE ART FLOWER,1.6206666666666665,122,181.22,15,1.41,1.6,1.73,1.58,2.6, Competitive — Monitor,-1.0,,,MONITOR — No Clear Signal,0.0,1.62,-0.0,0.0,-0.0,122.0,197.72133333333332,197.64000000000001,-0.08
46000U,POLYESTER FILLER PAD 30CMx30CM,1.25,144,180.0,25,1.07,1.2,1.41,1.23,1.6, Competitive — Monitor,-1.0,,,MONITOR — No Clear Signal,0.0,1.25,0.0,0.0,-0.0,144.0,180.0,180.0,0.0
20839,FRENCH PAISLEY CUSHION COVER ,2.9500000000000006,61,179.95000000000002,12,2.53,2.81,3.37,2.9,1.7, Competitive — Monitor,-1.0,,,MONITOR — No Clear Signal,0.0,2.95,-0.0,0.0,-0.0,61.0,179.95000000000005,179.95000000000002,-0.0
84962,SET/3 COLOUR PAINTED KASHMIRI STOOL,59.95,3,179.85000000000002,2,56.6,55.52,65.42,59.18,1.3, Competitive — Monitor,-1.0,,,MONITOR — No Clear Signal,0.0,59.95,0.0,0.0,-0.0,3.0,179.85000000000002,179.85000000000002,0.0
85088,CANDY SPOT HAND BAG,2.1,85,178.5,24,1.89,2.15,2.43,2.16,-2.8, Competitive — Monitor,-1.0,,,MONITOR — No Clear Signal,0.0,2.1,0.0,0.0,-0.0,85.0,178.5,178.5,0.0
37506,NEW ENGLAND MILK JUG W GIFT BOX,5.95,30,178.5,22,5.3,5.72,6.78,5.93,0.3, Competitive — Monitor,-1.0,,,MONITOR — No Clear Signal,0.0,5.95,0.0,0.0,-0.0,30.0,178.5,178.5,0.0
90196A,PURPLE GEMSTONE NECKLACE 45CM,12.75,14,178.5,6,11.87,11.84,14.01,12.57,1.4, Competitive — Monitor,-1.0,,,MONITOR — No Clear Signal,0.0,12.75,0.0,0.0,-0.0,14.0,178.5,178.5,0.0
21132,SILVER STANDING GNOME   ,4.25,42,178.5,14,3.97,4.07,4.48,4.17,1.9, Competitive — Monitor,-1.0,,,MONITOR — No Clear Signal,0.0,4.25,0.0,0.0,-0.0,42.0,178.5,178.5,0.0
21208,PASTEL COLOUR HONEYCOMB FAN,1.65,108,178.2,19,1.46,1.73,1.92,1.7,-2.9, Competitive — Monitor,-1.0,,,MONITOR — No Clear Signal,0.0,1.65,0.0,0.0,-0.0,108.0,178.2,178.2,0.0
85131D,BEADED CRYSTAL HEART PINK\ON STICK,0.8414285714285715,389,177.85000000000002,20,0.77,0.89,0.91,0.86,-2.2, Competitive — Monitor,-3.46,Highly Elastic — Consider Discount,-5%,MONITOR — No Clear Signal,0.0,0.84,-0.0,0.0,-0.0,389.0,327.3157142857143,326.76,-0.56
35838A,S/6 MULTICOLOUR ORNAMENETAL CANDLE,1.1921052631578946,172,177.6,18,1.11,1.19,1.4,1.23,-3.1, Competitive — Monitor,-1.0,,,MONITOR — No Clear Signal,0.0,1.19,-0.0,0.0,-0.0,172.0,205.04210526315785,204.67999999999998,-0.36
85169D,PINK LOVE BIRD CANDLE,1.25,142,177.5,23,1.14,1.23,1.39,1.25,0.0, Competitive — Monitor,-1.0,,,MONITOR — No Clear Signal,0.0,1.25,0.0,0.0,-0.0,142.0,177.5,177.5,0.0
84951A,S/4 PISTACHIO LOVEBIRD COASTERS,2.457142857142857,100,177.0,13,2.13,2.65,2.79,2.52,-2.5, Competitive — Monitor,-1.0,,,MONITOR — No Clear Signal,0.0,2.46,0.0,0.0,-0.0,100.0,245.7142857142857,246.0,0.29
84985B,SET OF 72 BLACK PAPER DOILIES ,1.45,122,176.89999999999998,19,1.36,1.38,1.71,1.48,-2.0, Competitive — Monitor,-1.0,,,MONITOR — No Clear Signal,0.0,1.45,0.0,0.0,-0.0,122.0,176.9,176.9,0.0
84725,FREESTYLE CANVAS ART PICTURE,3.540909090909091,93,176.84999999999997,11,3.2,3.38,4.18,3.59,-1.4, Competitive — Monitor,-3.098,Highly Elastic — Consider Discount,-5%,MONITOR — No Clear Signal,0.0,3.54,-0.0,0.0,-0.0,93.0,329.30454545454546,329.22,-0.08
84913B,MINT GREEN ROSE TOWEL,4.65,38,176.70000000000002,11,4.08,4.5,5.14,4.57,1.8, Competitive — Monitor,-1.0,,,MONITOR — No Clear Signal,0.0,4.65,0.0,0.0,-0.0,38.0,176.70000000000002,176.70000000000002,0.0
84966A,PINK KASHMIRI BOXED MIRROR,17.333333333333332,12,176.0,3,15.47,16.43,18.74,16.88,2.7, Competitive — Monitor,-1.0,,,MONITOR — No Clear Signal,0.0,17.33,-0.0,0.0,-0.0,12.0,208.0,207.95999999999998,-0.04
21018,BIRD BOX CHRISTMAS TREE DECORATION,0.85,207,175.95,36,0.73,0.83,0.99,0.85,0.0, Competitive — Monitor,-1.0,,,MONITOR — No Clear Signal,0.0,0.85,0.0,0.0,-0.0,207.0,175.95,175.95,0.0
20827,GOLD APERITIF GLASS,2.0483333333333333,85,175.04000000000002,6,1.77,2.18,2.28,2.08,-1.5, Competitive — Monitor,-1.0,,,MONITOR — No Clear Signal,0.0,2.05,0.0,0.0,-0.0,85.0,174.10833333333332,174.24999999999997,0.14
90198A,VINTAGE ROSE BEAD BRACELET RASPBERR,4.25,41,174.25,16,3.94,4.33,4.58,4.28,-0.7, Competitive — Monitor,-1.0,,,MONITOR — No Clear Signal,0.0,4.25,0.0,0.0,-0.0,41.0,174.25,174.25,0.0
35793,S/3 PUPPIES CHRISTMAS DECORATIONS,2.016666666666667,101,174.05,8,1.71,1.99,2.39,2.03,-0.7, Competitive — Monitor,-1.0,,,MONITOR — No Clear Signal,0.0,2.02,0.0,0.0,-0.0,101.0,203.68333333333337,204.02,0.34
78033,FLAG OF ST GEORGE CHAIR,5.464285714285714,36,173.4,7,4.87,5.84,5.9,5.54,-1.4, Competitive — Monitor,-1.0,,,MONITOR — No Clear Signal,0.0,5.46,-0.0,0.0,-0.0,36.0,196.71428571428572,196.56,-0.15
90081A,LILY BROOCH AMETHYST COLOUR,4.95,35,173.25000000000003,16,4.47,4.59,5.22,4.76,4.0, Competitive — Monitor,-1.0,,,MONITOR — No Clear Signal,0.0,4.95,0.0,0.0,-0.0,35.0,173.25,173.25,0.0
90192,JADE DROP EARRINGS W FILIGREE,4.95,35,173.25,11,4.23,4.72,5.21,4.72,4.9, Competitive — Monitor,-1.0,,,MONITOR — No Clear Signal,0.0,4.95,0.0,0.0,-0.0,35.0,173.25,173.25,0.0
90070,RUBY GLASS CLUSTER BRACELET,5.95,29,172.55,8,5.64,6.01,6.8,6.15,-3.3, Competitive — Monitor,-1.0,,,MONITOR — No Clear Signal,0.0,5.95,0.0,0.0,-0.0,29.0,172.55,172.55,0.0
90145,SILVER HOOP EARRINGS WITH FLOWER,5.95,29,172.55,12,5.19,6.06,6.84,6.03,-1.3, Competitive — Monitor,-1.0,,,MONITOR — No Clear Signal,0.0,5.95,0.0,0.0,-0.0,29.0,172.55,172.55,0.0
20869,GOLD FABRIC MIRROR,1.1366666666666667,321,172.53,14,1.0,1.05,1.25,1.1,3.3, Competitive — Monitor,-1.0,,,MONITOR — No Clear Signal,0.0,1.14,0.0,0.0,-0.0,321.0,364.87,365.93999999999994,1.07
84876B,GREEN HEART COMPACT MIRROR,2.3214285714285716,126,172.5,7,2.04,2.29,2.55,2.29,1.4, Competitive — Monitor,-1.0,,,MONITOR — No Clear Signal,0.0,2.32,-0.0,0.0,-0.0,126.0,292.5,292.32,-0.18
84800S,SMALL WHITE/PINK ROSE ART FLOWER,1.001,281,171.97,10,0.87,1.02,1.1,1.0,0.1, Competitive — Monitor,-1.0,,,MONITOR — No Clear Signal,0.0,1.0,-0.0,0.0,-0.0,281.0,281.28099999999995,281.0,-0.28
84706C,PINK FLOCK TABLE CLOCK ,3.6999999999999997,84,170.8,4,3.15,3.82,4.26,3.74,-1.1, Competitive — Monitor,-1.0,,,MONITOR — No Clear Signal,0.0,3.7,0.0,0.0,-0.0,84.0,310.79999999999995,310.8,0.0
21167,WHITE SAGE INCENSE,0.20807692307692308,848,170.58,26,0.19,0.21,0.22,0.21,-0.9, Competitive — Monitor,-1.0,,,MONITOR — No Clear Signal,0.0,0.21,0.0,0.0,-0.0,848.0,176.44923076923078,178.07999999999998,1.63
84952A,CLEAR LOVE BIRD T-LIGHT HOLDER,3.427777777777778,64,170.4,9,3.25,3.33,4.08,3.55,-3.4, Competitive — Monitor,-1.0,,,MONITOR — No Clear Signal,0.0,3.43,0.0,0.0,-0.0,64.0,219.3777777777778,219.52,0.14
84706B,FAIRY CAKES TABLE CLOCK,8.95,19,170.04999999999998,8,7.81,8.37,9.7,8.63,3.7, Competitive — Monitor,-1.0,,,MONITOR — No Clear Signal,0.0,8.95,0.0,0.0,-0.0,19.0,170.04999999999998,170.04999999999998,0.0
22976,CIRCUS PARADE CHILDRENS EGG CUP ,1.25,136,170.0,13,1.15,1.24,1.5,1.3,-3.8, Competitive — Monitor,-1.0,,,MONITOR — No Clear Signal,0.0,1.25,0.0,0.0,-0.0,136.0,170.0,170.0,0.0
47347B,BLUE FLOWER T-LIGHT HOLDER,1.1257142857142857,236,169.72,7,1.04,1.06,1.21,1.1,2.3, Competitive — Monitor,-1.0,,,MONITOR — No Clear Signal,0.0,1.13,0.0,0.0,-0.0,236.0,265.6685714285714,266.67999999999995,1.01
22932,BAKING MOULD TOFFEE CUP CHOCOLATE,2.4,79,169.05000000000004,3,2.24,2.57,2.8,2.54,-5.5, Competitive — Monitor,-1.0,,,MONITOR — No Clear Signal,0.0,2.4,0.0,0.0,-0.0,79.0,189.6,189.6,0.0
35967,FOLK ART METAL STAR T-LIGHT HOLDER,0.3951612903225806,429,168.66000000000003,31,0.35,0.39,0.43,0.39,1.3, Competitive — Monitor,-1.0,,,MONITOR — No Clear Signal,0.0,0.4,0.0,0.0,-0.0,429.0,169.5241935483871,171.60000000000002,2.08
85205A,IVORY FELT EASTER RABBIT GARLAND,2.55,66,168.29999999999998,21,2.24,2.48,2.71,2.48,2.8, Competitive — Monitor,-1.0,,,MONITOR — No Clear Signal,0.0,2.55,0.0,0.0,-0.0,66.0,168.29999999999998,168.29999999999998,0.0
17012B,ORIGAMI JASMINE INCENSE/CANDLE SET,2.125,162,168.29999999999998,12,1.88,2.22,2.51,2.2,-3.4, Competitive — Monitor,-1.0,,,MONITOR — No Clear Signal,0.0,2.12,-0.0,0.0,-0.0,162.0,344.25,343.44,-0.81
84931A,PINK SCOTTIE DOG W FLOWER PATTERN,2.533928571428571,67,168.14999999999998,25,2.33,2.53,2.99,2.62,-3.3, Competitive — Monitor,-1.0,,,MONITOR — No Clear Signal,0.0,2.53,-0.0,0.0,-0.0,67.0,169.77321428571426,169.51,-0.26
16043,POP ART PUSH DOWN RUBBER ,0.348,2044,167.28,10,0.32,0.34,0.39,0.35,-0.6, Competitive — Monitor,-1.0,,,MONITOR — No Clear Signal,0.0,0.35,0.0,0.0,-0.0,2044.0,711.3119999999999,715.4,4.09
22330,72 ROUND PINK DOILIES,1.45,115,166.75,15,1.26,1.52,1.68,1.49,-2.7, Competitive — Monitor,-1.0,,,MONITOR — No Clear Signal,0.0,1.45,0.0,0.0,-0.0,115.0,166.75,166.75,0.0
84563B,BLUE & WHITE BREAKFAST TRAY,5.95,28,166.6,17,5.28,6.3,6.74,6.11,-2.6, Competitive — Monitor,-1.0,,,MONITOR — No Clear Signal,0.0,5.95,0.0,0.0,-0.0,28.0,166.6,166.6,0.0
21025,SPACE FROG,1.25,133,166.25,22,1.18,1.28,1.47,1.31,-4.6, Competitive — Monitor,-1.0,,,MONITOR — No Clear Signal,0.0,1.25,0.0,0.0,-0.0,133.0,166.25,166.25,0.0
21102,"CANDLE IN JAR COLLAGE , VANILLA",2.55,65,165.75,12,2.37,2.37,2.8,2.51,1.6, Competitive — Monitor,-1.0,,,MONITOR — No Clear Signal,0.0,2.55,0.0,0.0,-0.0,65.0,165.75,165.75,0.0
90082A,DIAMANTE BOW BROOCH GREEN COLOUR,6.35,26,165.1,11,6.02,6.42,7.17,6.54,-2.9, Competitive — Monitor,-1.0,,,MONITOR — No Clear Signal,0.0,6.35,0.0,0.0,-0.0,26.0,165.1,165.1,0.0
84806A,PINK CANDYSTUFT ARTIFICIAL FLOWER,1.221111111111111,182,165.01999999999998,9,1.13,1.27,1.37,1.26,-3.1, Competitive — Monitor,-1.0,,,MONITOR — No Clear Signal,0.0,1.22,-0.0,0.0,-0.0,182.0,222.2422222222222,222.04,-0.2
90146,FINE SILVER NECKLACE W PASTEL FLOWE,7.5,22,165.0,10,6.67,7.06,8.27,7.33,2.3, Competitive — Monitor,-1.0,,,MONITOR — No Clear Signal,0.0,7.5,0.0,0.0,-0.0,22.0,165.0,165.0,0.0
85169B,BLACK LOVE BIRD CANDLE,1.25,132,165.0,24,1.14,1.2,1.48,1.27,-1.6, Competitive — Monitor,-1.0,,,MONITOR — No Clear Signal,0.0,1.25,0.0,0.0,-0.0,132.0,165.0,165.0,0.0
84526,GIANT BLACK SUNGLASSES,1.95,84,163.79999999999998,31,1.79,2.07,2.1,1.99,-2.0, Competitive — Monitor,-1.0,,,MONITOR — No Clear Signal,0.0,1.95,0.0,0.0,-0.0,84.0,163.79999999999998,163.79999999999998,0.0
90122B,JADE CRYSTAL+GLASS BRACELET,4.950000000000001,33,163.35000000000002,13,4.25,4.57,5.31,4.71,5.1, Competitive — Monitor,-1.0,,,MONITOR — No Clear Signal,0.0,4.95,-0.0,0.0,-0.0,33.0,163.35000000000002,163.35,-0.0
79190A,RETRO PLASTIC 70'S TRAY,0.42,387,162.54,41,0.38,0.44,0.48,0.43,-2.3, Competitive — Monitor,-1.0,,,MONITOR — No Clear Signal,0.0,0.42,0.0,0.0,-0.0,387.0,162.54,162.54,0.0
90032,IVORY SHELL HEART NECKLACE,6.25,26,162.5,15,5.76,6.22,7.18,6.39,-2.2, Competitive — Monitor,-1.0,,,MONITOR — No Clear Signal,0.0,6.25,0.0,0.0,-0.0,26.0,162.5,162.5,0.0
20826,SILVER APERITIF GLASS,2.0483333333333333,79,162.32000000000002,6,1.78,2.03,2.21,2.01,1.9, Competitive — Monitor,-1.0,,,MONITOR — No Clear Signal,0.0,2.05,0.0,0.0,-0.0,79.0,161.81833333333333,161.95,0.13
84529A,PINK KNITTED KIDS RUCKSACK,6.75,24,162.0,10,6.26,6.22,7.48,6.65,1.5, Competitive — Monitor,-1.0,,,MONITOR — No Clear Signal,0.0,6.75,0.0,0.0,-0.0,24.0,162.0,162.0,0.0
47591A,CAROUSEL DES CHILD'S APRON,1.65,98,161.7,36,1.5,1.73,1.97,1.73,-4.6, Competitive — Monitor,-1.0,,,MONITOR — No Clear Signal,0.0,1.65,0.0,0.0,-0.0,98.0,161.7,161.7,0.0
90209A,PURPLE ENAMEL+GLASS HAIR COMB,1.9833333333333334,89,161.7,6,1.87,1.94,2.16,1.99,-0.3, Competitive — Monitor,-1.0,,,MONITOR — No Clear Signal,0.0,1.98,-0.0,0.0,-0.0,89.0,176.51666666666668,176.22,-0.3
90210B,CLEAR ACRYLIC FACETED BANGLE,2.9214285714285717,58,161.5,13,2.5,2.94,3.36,2.93,-0.3, Competitive — Monitor,-1.0,,,MONITOR — No Clear Signal,0.0,2.92,-0.0,0.0,-0.0,58.0,169.44285714285715,169.35999999999999,-0.08
21401,BLUE PUDDING SPOON,0.42,384,161.28,34,0.37,0.43,0.49,0.43,-2.3, Competitive — Monitor,-1.0,,,MONITOR — No Clear Signal,0.0,0.42,0.0,0.0,-0.0,384.0,161.28,161.28,0.0
82011C,BATHROOM SCALES FOOTPRINTS IN SAND,3.6833333333333336,46,159.7,24,3.35,3.8,4.12,3.76,-2.0, Competitive — Monitor,-1.0,,,MONITOR — No Clear Signal,0.0,3.68,-0.0,0.0,-0.0,46.0,169.43333333333334,169.28,-0.15
85185C,COW  SOCK PUPPET,2.95,54,159.3,26,2.59,3.17,3.51,3.09,-4.5, Competitive — Monitor,-1.0,,,MONITOR — No Clear Signal,0.0,2.95,0.0,0.0,-0.0,54.0,159.3,159.3,0.0
84086C,PINK/PURPLE RETRO RADIO,2.95,54,159.3,15,2.72,2.96,3.42,3.03,-2.6, Competitive — Monitor,-1.0,,,MONITOR — No Clear Signal,0.0,2.95,0.0,0.0,-0.0,54.0,159.3,159.3,0.0
85165,CANDY PINK FRENCH BOUDOIR CLOCK,9.95,16,159.2,11,9.21,9.79,11.13,10.04,-0.9, Competitive — Monitor,-1.0,,,MONITOR — No Clear Signal,0.0,9.95,0.0,0.0,-0.0,16.0,159.2,159.2,0.0
90124B,BLUE MURANO TWIST NECKLACE,9.95,16,159.2,8,8.56,10.67,11.3,10.18,-2.3, Competitive — Monitor,-1.0,,,MONITOR — No Clear Signal,0.0,9.95,0.0,0.0,-0.0,16.0,159.2,159.2,0.0
35638B,PINK/BLUE STRING CURTAIN ,4.95,59,159.05,4,4.46,5.06,5.71,5.08,-2.6, Competitive — Monitor,-1.0,,,MONITOR — No Clear Signal,0.0,4.95,0.0,0.0,-0.0,59.0,292.05,292.05,0.0
85129B,BEADED CRYSTAL HEART GREEN SMALL,1.2417391304347825,129,158.97,23,1.12,1.2,1.41,1.24,0.1, Competitive — Monitor,-1.0,,,MONITOR — No Clear Signal,0.0,1.24,-0.0,0.0,-0.0,129.0,160.18434782608693,159.96,-0.22
22864,MUG AND COASTER SET RED CIRCLES,0.42,378,158.76,2,0.37,0.39,0.5,0.42,0.0, Competitive — Monitor,-1.0,,,MONITOR — No Clear Signal,0.0,0.42,0.0,0.0,-0.0,378.0,158.76,158.76,0.0
84926C,FAIRY CAKES TILE COASTER,1.25,127,158.75,19,1.18,1.32,1.38,1.29,-3.1, Competitive — Monitor,-1.0,,,MONITOR — No Clear Signal,0.0,1.25,0.0,0.0,-0.0,127.0,158.75,158.75,0.0
21193,WHITE HONEYCOMB PAPER FAN ,2.0726666666666667,84,158.36,14,1.93,2.03,2.27,2.08,-0.4, Competitive — Monitor,-1.0,,,MONITOR — No Clear Signal,0.0,2.07,-0.0,0.0,-0.0,84.0,174.10399999999998,173.88,-0.22
90087,CRYSTAL SEA HORSE PHONE CHARM,0.8499999999999999,186,158.1,13,0.78,0.87,0.92,0.86,-1.2, Competitive — Monitor,-1.0,,,MONITOR — No Clear Signal,0.0,0.85,0.0,0.0,-0.0,186.0,158.09999999999997,158.1,0.0
10123G,ARMY CAMO WRAPPING TAPE,0.5592307692307693,2246,157.18,12,0.52,0.56,0.59,0.56,-0.1, Competitive — Monitor,-1.0,,,MONITOR — No Clear Signal,0.0,0.56,0.0,0.0,-0.0,2246.0,1256.0323076923078,1257.7600000000002,1.73
17178,FLAT PALM T-LIGHT HOLDER,1.234,133,156.65,24,1.11,1.17,1.3,1.19,3.7, Competitive — Monitor,-1.0,,,MONITOR — No Clear Signal,0.0,1.23,-0.0,0.0,-0.0,133.0,164.12199999999999,163.59,-0.53
35818B,"ACRYLIC JEWEL ICICLE, BLUE",0.634,372,156.6,5,0.6,0.64,0.75,0.66,-3.9, Competitive — Monitor,-1.0,,,MONITOR — No Clear Signal,0.0,0.63,-0.0,0.0,-0.0,372.0,235.848,234.36,-1.49
84510C,SET OF 4 POLKADOTS COASTERS,1.2445714285714287,128,156.2,35,1.14,1.16,1.43,1.24,0.4, Competitive — Monitor,-1.0,,,MONITOR — No Clear Signal,0.0,1.24,-0.0,0.0,-0.0,128.0,159.30514285714287,158.72,-0.59
82585,SWEET VALENCIA CANDLE+CUP,1.2420833333333332,132,155.88,21,1.15,1.22,1.43,1.27,-2.2, Competitive — Monitor,-1.0,,,MONITOR — No Clear Signal,0.0,1.24,-0.0,0.0,-0.0,132.0,163.95499999999998,163.68,-0.27
90178B,PURPLE CHUNKY GLASS+BEAD NECKLACE,11.95,13,155.35,8,11.19,12.04,13.65,12.29,-2.8, Competitive — Monitor,-1.0,,,MONITOR — No Clear Signal,0.0,11.95,0.0,0.0,-0.0,13.0,155.35,155.35,0.0
84927D,LA PALMIERA TILE HOOK,1.7892307692307694,905,155.22,13,1.57,1.77,2.11,1.82,-1.7, Competitive — Monitor,-1.0,,,MONITOR — No Clear Signal,0.0,1.79,0.0,0.0,-0.0,905.0,1619.2538461538463,1619.95,0.7
21698,MOCK LOBSTER FRIDGE MAGNET,0.8451851851851852,187,154.26999999999998,26,0.79,0.88,0.95,0.87,-2.9, Competitive — Monitor,-1.0,,,MONITOR — No Clear Signal,0.0,0.85,0.0,0.0,-0.0,187.0,158.04962962962964,158.95,0.9
84422,PINK/BLUE DISC/MIRROR STRING,0.8382352941176471,198,153.9,17,0.73,0.88,0.99,0.87,-3.7, Competitive — Monitor,-1.0,,,MONITOR — No Clear Signal,0.0,0.84,0.0,0.0,-0.0,198.0,165.97058823529412,166.32,0.35
84855,BLOKEY SILVER TOOL SET,4.95,31,153.45000000000002,11,4.38,5.16,5.46,5.0,-1.0, Competitive — Monitor,-1.0,,,MONITOR — No Clear Signal,0.0,4.95,0.0,0.0,-0.0,31.0,153.45000000000002,153.45000000000002,0.0
35809B,ENAMEL BLUE RIM TEA CONTAINER,2.1,73,153.3,19,1.86,1.95,2.5,2.1,0.0, Competitive — Monitor,-1.0,,,MONITOR — No Clear Signal,0.0,2.1,0.0,0.0,-0.0,73.0,153.3,153.3,0.0
84029D,LEOPARD PRINT HOT WATER BOTTLE,3.6833333333333336,46,153.3,12,3.49,3.5,4.25,3.75,-1.8, Competitive — Monitor,-1.0,,,MONITOR — No Clear Signal,0.0,3.68,-0.0,0.0,-0.0,46.0,169.43333333333334,169.28,-0.15
84313C,ORANGE TV TRAY TABLE ,4.25,36,153.0,23,3.98,4.27,4.63,4.29,-0.9, Competitive — Monitor,-1.0,,,MONITOR — No Clear Signal,0.0,4.25,0.0,0.0,-0.0,36.0,153.0,153.0,0.0
90029,NEW BAROQUE SMALL NECKLACE BLACK,8.5,18,153.0,8,7.82,9.09,9.64,8.85,-4.0, Competitive — Monitor,-1.0,,,MONITOR — No Clear Signal,0.0,8.5,0.0,0.0,-0.0,18.0,153.0,153.0,0.0
90196B,BLACK GEMSTONE NECKLACE 45CM,12.75,12,153.0,7,11.76,13.43,14.41,13.2,-3.4, Competitive — Monitor,-1.0,,,MONITOR — No Clear Signal,0.0,12.75,0.0,0.0,-0.0,12.0,153.0,153.0,0.0
79190D,RETRO PLASTIC DAISY TRAY,0.42,364,152.88,50,0.38,0.44,0.45,0.42,0.0, Competitive — Monitor,-1.0,,,MONITOR — No Clear Signal,0.0,0.42,0.0,0.0,-0.0,364.0,152.88,152.88,0.0
84576,BLUE CAT BISCUIT BARREL PINK HEART,5.841666666666668,27,152.85000000000002,12,5.52,5.66,6.65,5.94,-1.7, Competitive — Monitor,-1.0,,,MONITOR — No Clear Signal,0.0,5.84,-0.0,0.0,-0.0,27.0,157.72500000000002,157.68,-0.05
84805A,CREAM CLIMBING HYDRANGA ART FLOWER,3.025,115,152.85,4,2.72,2.99,3.32,3.01,0.5, Competitive — Monitor,-1.0,,,MONITOR — No Clear Signal,0.0,3.02,-0.0,0.0,-0.0,115.0,347.875,347.3,-0.57
82011B,BATHROOM SCALES RUBBER DUCKS,3.673809523809524,44,152.2,21,3.26,3.66,3.89,3.6,2.1, Competitive — Monitor,-1.0,,,MONITOR — No Clear Signal,0.0,3.67,-0.0,0.0,-0.0,44.0,161.64761904761906,161.48,-0.17
84706F,RED PEONY TABLE CLOCK,8.95,17,152.14999999999998,6,7.75,8.46,10.67,8.96,-0.1, Competitive — Monitor,-1.0,,,MONITOR — No Clear Signal,0.0,8.95,0.0,0.0,-0.0,17.0,152.14999999999998,152.14999999999998,0.0
48175,DOOR MAT CAMOUFLAGE,4.0,38,152.0,1,3.71,3.7,4.58,4.0,0.0, Competitive — Monitor,-1.0,,,MONITOR — No Clear Signal,0.0,4.0,0.0,0.0,-0.0,38.0,152.0,152.0,0.0
71270,PHOTO CLIP LINE,1.25,121,151.25,25,1.15,1.34,1.48,1.32,-5.3, Competitive — Monitor,-1.0,,,MONITOR — No Clear Signal,0.0,1.25,0.0,0.0,-0.0,121.0,151.25,151.25,0.0
84192,ASSORTED COLOUR METAL CAT ,1.2276470588235295,130,151.1,14,1.09,1.18,1.41,1.23,-0.2, Competitive — Monitor,-1.0,,,MONITOR — No Clear Signal,0.0,1.23,0.0,0.0,-0.0,130.0,159.59411764705885,159.9,0.31
90186A,AMETHYST HOOP EARRING FLORAL LEAF,2.95,51,150.45000000000002,13,2.51,2.83,3.26,2.87,2.8, Competitive — Monitor,-1.0,,,MONITOR — No Clear Signal,0.0,2.95,0.0,0.0,-0.0,51.0,150.45000000000002,150.45000000000002,0.0
82093,HEART SHAPE BUTTON FRAME ,2.3214285714285716,100,150.0,7,2.17,2.17,2.62,2.32,0.1, Competitive — Monitor,-1.0,,,MONITOR — No Clear Signal,0.0,2.32,-0.0,0.0,-0.0,100.0,232.14285714285717,231.99999999999997,-0.14
17011A,ORIGAMI VANILLA INCENSE+FLOWER ,1.3166666666666667,254,150.0,6,1.12,1.41,1.52,1.35,-2.5, Competitive — Monitor,-1.0,,,MONITOR — No Clear Signal,0.0,1.32,0.0,0.0,-0.0,254.0,334.43333333333334,335.28000000000003,0.85
21028,NINJA RABBIT BLACK,1.24,121,149.35,19,1.14,1.26,1.48,1.29,-3.9, Competitive — Monitor,-1.0,,,MONITOR — No Clear Signal,0.0,1.24,0.0,0.0,-0.0,121.0,150.04,150.04,0.0
84806B,WHITE CANDYSTUFT ARTIFICIAL FLOWER,1.3563636363636364,137,149.20999999999998,11,1.28,1.39,1.48,1.38,-1.7, Competitive — Monitor,-1.0,,,MONITOR — No Clear Signal,0.0,1.36,0.0,0.0,-0.0,137.0,185.8218181818182,186.32000000000002,0.5
82587,TEXRIO TOMATOES CANDLE+CUP,1.2397297297297296,123,149.19,32,1.11,1.32,1.46,1.3,-4.6, Competitive — Monitor,-1.0,,,MONITOR — No Clear Signal,0.0,1.24,0.0,0.0,-0.0,123.0,152.48675675675673,152.52,0.03
17108D,FLOWER FAIRY SUMMER BOUQUET SACHET,0.42,355,149.1,23,0.37,0.41,0.5,0.43,-2.3, Competitive — Monitor,-1.0,,,MONITOR — No Clear Signal,0.0,0.42,0.0,0.0,-0.0,355.0,149.1,149.1,0.0
84661B,BLACK SQUARE TABLE CLOCK,1.8714285714285714,112,148.8,14,1.72,1.91,2.15,1.93,-3.0, Competitive — Monitor,-1.0,,,MONITOR — No Clear Signal,0.0,1.87,-0.0,0.0,-0.0,112.0,209.6,209.44,-0.16
90159,COTE D'AZURE NECKLACE,4.950000000000001,30,148.5,13,4.61,4.58,5.89,5.03,-1.6, Competitive — Monitor,-1.0,,,MONITOR — No Clear Signal,0.0,4.95,-0.0,0.0,-0.0,30.0,148.50000000000003,148.5,-0.0
90161A,ANT COPPER RED BOUDICCA BRACELET,4.95,30,148.5,8,4.48,4.7,5.49,4.89,1.2, Competitive — Monitor,-1.0,,,MONITOR — No Clear Signal,0.0,4.95,0.0,0.0,-0.0,30.0,148.5,148.5,0.0
21373,MIRRORED WALL ART SNOWFLAKES,1.9833333333333332,122,147.89999999999998,12,1.88,2.09,2.37,2.11,-6.0, Competitive — Monitor,-1.0,,,MONITOR — No Clear Signal,0.0,1.98,-0.0,0.0,-0.0,122.0,241.96666666666664,241.56,-0.41
84720,DOT MATRIX CANVAS ART PICTURE,6.883333333333333,35,147.05,3,5.89,7.18,7.95,7.01,-1.8, Competitive — Monitor,-1.0,,,MONITOR — No Clear Signal,0.0,6.88,-0.0,0.0,-0.0,35.0,240.91666666666666,240.79999999999998,-0.12
90040B,MURANO STYLE GLASS BRACELET BLACK,3.5,42,147.0,15,3.15,3.42,3.7,3.42,2.3, Competitive — Monitor,-1.0,,,MONITOR — No Clear Signal,0.0,3.5,0.0,0.0,-0.0,42.0,147.0,147.0,0.0
90210A,GREY ACRYLIC FACETED BANGLE,2.91,53,146.75,9,2.68,2.85,3.45,2.99,-2.7, Competitive — Monitor,-1.0,,,MONITOR — No Clear Signal,0.0,2.91,0.0,0.0,-0.0,53.0,154.23000000000002,154.23000000000002,0.0
85039C,S/4 BLACK MINI ROSE CANDLE IN BOWL,1.404,196,146.28,29,1.31,1.41,1.58,1.43,-1.8, Competitive — Monitor,-1.0,,,MONITOR — No Clear Signal,0.0,1.4,-0.0,0.0,-0.0,196.0,275.18399999999997,274.4,-0.78
84870B,BLUE GEISHA GIRL ,3.75,39,146.25,15,3.25,3.45,4.2,3.63,3.3, Competitive — Monitor,-1.0,,,MONITOR — No Clear Signal,0.0,3.75,0.0,0.0,-0.0,39.0,146.25,146.25,0.0
90002A,FLOWER BURST SILVER RING OPAL,3.75,39,146.25,14,3.49,3.59,4.26,3.78,-0.8, Competitive — Monitor,-1.0,,,MONITOR — No Clear Signal,0.0,3.75,0.0,0.0,-0.0,39.0,146.25,146.25,0.0
84870C,GREEN GEISHA GIRL ,3.75,39,146.25,13,3.39,3.57,4.02,3.66,2.5, Competitive — Monitor,-1.0,,,MONITOR — No Clear Signal,0.0,3.75,0.0,0.0,-0.0,39.0,146.25,146.25,0.0
47503A,ASS FLORAL PRINT MULTI SCREWDRIVER,1.25,117,146.25,30,1.11,1.2,1.4,1.24,0.8, Competitive — Monitor,-1.0,,,MONITOR — No Clear Signal,0.0,1.25,0.0,0.0,-0.0,117.0,146.25,146.25,0.0
85024C,PINK SMALL JEWELLED PHOTOFRAME,1.65,88,145.2,34,1.42,1.73,1.94,1.7,-2.9, Competitive — Monitor,-1.0,,,MONITOR — No Clear Signal,0.0,1.65,0.0,0.0,-0.0,88.0,145.2,145.2,0.0
35980C,REDWHITE STRIPE SCANDINAVIAN HEART ,0.38,382,145.16,28,0.36,0.37,0.4,0.38,0.0, Competitive — Monitor,-1.0,,,MONITOR — No Clear Signal,0.0,0.38,0.0,0.0,-0.0,382.0,145.16,145.16,0.0
21226,POCKET MIRROR WOODLAND,1.25,116,145.0,17,1.08,1.19,1.36,1.21,3.3, Competitive — Monitor,-1.0,,,MONITOR — No Clear Signal,0.0,1.25,0.0,0.0,-0.0,116.0,145.0,145.0,0.0
20672,PINK TEATIME PRINT BOWL,1.25,116,145.0,22,1.1,1.25,1.31,1.22,2.5, Competitive — Monitor,-1.0,,,MONITOR — No Clear Signal,0.0,1.25,0.0,0.0,-0.0,116.0,145.0,145.0,0.0
84247K,"FOLK ART GREETING CARD,pack/12",2.95,49,144.55,16,2.59,3.12,3.28,3.0,-1.7, Competitive — Monitor,-1.0,,,MONITOR — No Clear Signal,0.0,2.95,0.0,0.0,-0.0,49.0,144.55,144.55,0.0
79161A,ST GEORGE SET OF 10 PARTY LIGHTS,2.95,49,144.55,14,2.76,2.83,3.42,3.0,-1.7, Competitive — Monitor,-1.0,,,MONITOR — No Clear Signal,0.0,2.95,0.0,0.0,-0.0,49.0,144.55,144.55,0.0
84313A,PINK TV TRAY TABLE ,4.25,34,144.5,16,3.9,3.96,4.97,4.28,-0.7, Competitive — Monitor,-1.0,,,MONITOR — No Clear Signal,0.0,4.25,0.0,0.0,-0.0,34.0,144.5,144.5,0.0
16052,TEATIME PUSH DOWN RUBBER,0.42,343,144.06,15,0.39,0.41,0.5,0.43,-2.3, Competitive — Monitor,-1.0,,,MONITOR — No Clear Signal,0.0,0.42,0.0,0.0,-0.0,343.0,144.06,144.06,0.0
47021G,SET/6 BEAD COASTERS GAUZE BAG GOLD,1.25,115,143.75,31,1.09,1.3,1.43,1.27,-1.6, Competitive — Monitor,-1.0,,,MONITOR — No Clear Signal,0.0,1.25,0.0,0.0,-0.0,115.0,143.75,143.75,0.0
21881,CUTE CATS TAPE,0.65,221,143.65,22,0.59,0.66,0.71,0.65,0.0, Competitive — Monitor,-1.0,,,MONITOR — No Clear Signal,0.0,0.65,0.0,0.0,-0.0,221.0,143.65,143.65,0.0
84564,6 SEGMENT COLOURED SNACK BOWL ,7.949999999999999,18,143.1,9,7.21,8.35,9.45,8.34,-4.7, Competitive — Monitor,-1.0,,,MONITOR — No Clear Signal,0.0,7.95,0.0,0.0,-0.0,18.0,143.1,143.1,0.0
21353,SILVER SLEIGHBELL  WREATH,7.95,18,143.1,8,7.42,8.53,9.27,8.41,-5.5, Competitive — Monitor,-1.0,,,MONITOR — No Clear Signal,0.0,7.95,0.0,0.0,-0.0,18.0,143.1,143.1,0.0
16202E,BLACK PHOTO ALBUM ,3.3899999999999997,66,143.1,10,3.19,3.55,3.85,3.53,-4.0, Competitive — Monitor,-2.578,Highly Elastic — Consider Discount,-5%,MONITOR — No Clear Signal,0.0,3.39,0.0,0.0,-0.0,66.0,223.73999999999998,223.74,0.0
20801,LARGE PINK GLASS SUNDAE DISH,2.55,56,142.79999999999998,15,2.17,2.59,2.94,2.57,-0.8, Competitive — Monitor,-1.0,,,MONITOR — No Clear Signal,0.0,2.55,0.0,0.0,-0.0,56.0,142.79999999999998,142.79999999999998,0.0
84926E,FLOWERS TILE COASTER,1.25,114,142.5,11,1.15,1.25,1.49,1.3,-3.8, Competitive — Monitor,-1.0,,,MONITOR — No Clear Signal,0.0,1.25,0.0,0.0,-0.0,114.0,142.5,142.5,0.0
82553,POP'S GREASY SPOON METAL SIGN,1.65,86,141.89999999999998,20,1.41,1.53,1.91,1.62,1.9, Competitive — Monitor,-1.0,,,MONITOR — No Clear Signal,0.0,1.65,0.0,0.0,-0.0,86.0,141.9,141.9,0.0
21032,SPACE CADET WHITE,1.24,115,141.85,18,1.12,1.34,1.37,1.28,-3.1, Competitive — Monitor,-1.0,,,MONITOR — No Clear Signal,0.0,1.24,0.0,0.0,-0.0,115.0,142.6,142.6,0.0
37422,WHITE WITH BLACK CATS BOWL,0.8181481481481482,344,141.68,27,0.72,0.8,0.95,0.82,-0.2, Competitive — Monitor,-1.0,,,MONITOR — No Clear Signal,0.0,0.82,0.0,0.0,-0.0,344.0,281.44296296296295,282.08,0.64
21306,SET/4 DAISY MIRROR MAGNETS,1.8756521739130434,185,140.82000000000002,23,1.65,1.77,1.98,1.8,4.2, Competitive — Monitor,-1.0,,,MONITOR — No Clear Signal,0.0,1.88,0.0,0.0,-0.0,185.0,346.995652173913,347.79999999999995,0.8
90185C,BLACK DIAMANTE EXPANDABLE RING,4.25,33,140.25,16,3.76,4.36,4.71,4.28,-0.7, Competitive — Monitor,-1.0,,,MONITOR — No Clear Signal,0.0,4.25,0.0,0.0,-0.0,33.0,140.25,140.25,0.0
37471,MULTICOLOUR DOTS PLATE,0.35000000000000003,1372,140.20000000000002,3,0.32,0.34,0.39,0.35,0.0, Competitive — Monitor,-1.0,,,MONITOR — No Clear Signal,0.0,0.35,-0.0,0.0,-0.0,1372.0,480.20000000000005,480.2,-0.0
21884,CAKES AND BOWS GIFT  TAPE,0.6461538461538462,217,139.85000000000002,25,0.57,0.66,0.69,0.64,1.0, Competitive — Monitor,-1.0,,,MONITOR — No Clear Signal,0.0,0.65,0.0,0.0,-0.0,217.0,140.21538461538464,141.05,0.83
90035A,"PEARL & SHELL 42""NECKL. GREEN",10.75,13,139.75,7,9.93,10.9,11.32,10.72,0.3, Competitive — Monitor,-1.0,,,MONITOR — No Clear Signal,0.0,10.75,0.0,0.0,-0.0,13.0,139.75,139.75,0.0
20968,GREEN FLORAL FELTCRAFT SHOULDER BAG,3.75,37,138.75,14,3.34,3.72,4.01,3.69,1.6, Competitive — Monitor,-1.0,,,MONITOR — No Clear Signal,0.0,3.75,0.0,0.0,-0.0,37.0,138.75,138.75,0.0
84877B,GREEN ROUND COMPACT MIRROR,2.0833333333333335,101,138.75,6,1.79,2.2,2.39,2.13,-2.2, Competitive — Monitor,-1.0,,,MONITOR — No Clear Signal,0.0,2.08,-0.0,0.0,-0.0,101.0,210.41666666666669,210.08,-0.34
90122A,PINK CRYSTAL+GLASS BRACELET,4.95,28,138.60000000000002,11,4.6,4.76,5.79,5.05,-2.0, Competitive — Monitor,-1.0,,,MONITOR — No Clear Signal,0.0,4.95,0.0,0.0,-0.0,28.0,138.6,138.6,0.0
21194,PINK  HONEYCOMB PAPER FAN,2.080476190476191,67,138.24,19,1.83,2.06,2.49,2.13,-2.3, Competitive — Monitor,-1.0,,,MONITOR — No Clear Signal,0.0,2.08,-0.0,0.0,-0.0,67.0,139.39190476190478,139.36,-0.03
85170B,SET/6 BLACK BIRD T-LIGHT CANDLES,2.0414285714285714,68,137.88000000000002,14,1.82,2.05,2.25,2.04,0.1, Competitive — Monitor,-1.0,,,MONITOR — No Clear Signal,0.0,2.04,-0.0,0.0,-0.0,68.0,138.81714285714284,138.72,-0.1
72754B,F FAIRY POTPOURRI CUSHIONS LAVENDER,1.17,170,137.54000000000002,8,1.07,1.2,1.33,1.2,-2.5, Competitive — Monitor,-1.0,,,MONITOR — No Clear Signal,0.0,1.17,0.0,0.0,-0.0,170.0,198.89999999999998,198.89999999999998,0.0
84709A,SILVER OVAL JEWELLED MIRROR,5.950000000000001,23,136.85,11,5.26,6.22,7.08,6.19,-3.9, Competitive — Monitor,-1.0,,,MONITOR — No Clear Signal,0.0,5.95,-0.0,0.0,-0.0,23.0,136.85000000000002,136.85,-0.0
21460,GREEN EASTER EGG HUNT START POST,1.95,70,136.5,11,1.67,1.92,2.1,1.9,2.6, Competitive — Monitor,-1.0,,,MONITOR — No Clear Signal,0.0,1.95,0.0,0.0,-0.0,70.0,136.5,136.5,0.0
20795,LARGE BLUE PROVENCAL CERAMIC BALL,2.0544444444444445,72,136.44,9,1.82,2.1,2.38,2.1,-2.2, Competitive — Monitor,-1.0,,,MONITOR — No Clear Signal,0.0,2.05,-0.0,0.0,-0.0,72.0,147.92000000000002,147.6,-0.32
35824P,"HANGING FLOWERS+MIRROR,PINK",0.75,324,136.44,3,0.71,0.71,0.87,0.76,-1.3, Competitive — Monitor,-1.0,,,MONITOR — No Clear Signal,0.0,0.75,0.0,0.0,-0.0,324.0,243.0,243.0,0.0
90185B,AMETHYST DIAMANTE EXPANDABLE RING,4.25,32,136.0,11,3.89,4.54,4.52,4.32,-1.6, Competitive — Monitor,-1.0,,,MONITOR — No Clear Signal,0.0,4.25,0.0,0.0,-0.0,32.0,136.0,136.0,0.0
84429A,MEDIUM PINK BUDDHA HEAD ,2.95,46,135.70000000000002,13,2.71,2.89,3.48,3.03,-2.6, Competitive — Monitor,-1.0,,,MONITOR — No Clear Signal,0.0,2.95,0.0,0.0,-0.0,46.0,135.70000000000002,135.70000000000002,0.0
20902,VINTAGE KEEPSAKE BOX PARIS DAYS,5.909999999999999,38,135.7,10,5.4,6.13,6.93,6.15,-3.9, Competitive — Monitor,-1.0,,,MONITOR — No Clear Signal,0.0,5.91,0.0,0.0,-0.0,38.0,224.57999999999998,224.58,0.0
20952,PORCELAIN CHERUB BELL SMALL,0.42000000000000004,322,135.24,20,0.37,0.39,0.44,0.4,5.0, Competitive — Monitor,-1.0,,,MONITOR — No Clear Signal,0.0,0.42,-0.0,0.0,-0.0,322.0,135.24,135.24,0.0
21461,BLUE EASTER EGG HUNT START POST,1.95,69,134.54999999999998,15,1.74,1.86,2.07,1.89,3.2, Competitive — Monitor,-1.0,,,MONITOR — No Clear Signal,0.0,1.95,0.0,0.0,-0.0,69.0,134.54999999999998,134.54999999999998,0.0
21015,DARK BIRD HOUSE TREE DECORATION,0.8328,182,134.06,24,0.77,0.83,0.88,0.83,0.3, Competitive — Monitor,-1.0,,,MONITOR — No Clear Signal,0.0,0.83,-0.0,0.0,-0.0,182.0,151.5696,151.06,-0.51
21030,SPACE CADET RED,1.23,109,132.45,19,1.06,1.3,1.35,1.24,-0.8, Competitive — Monitor,-1.0,,,MONITOR — No Clear Signal,0.0,1.23,0.0,0.0,-0.0,109.0,134.07,134.07,0.0
84927E,FLOWERS TILE HOOK,1.7892307692307694,432,131.52,13,1.57,1.8,2.02,1.8,-0.6, Competitive — Monitor,-1.0,,,MONITOR — No Clear Signal,0.0,1.79,0.0,0.0,-0.0,432.0,772.9476923076924,773.28,0.33
48179,DOOR MAT SWEET HOME,6.291666666666667,28,131.25,6,5.52,6.72,7.11,6.45,-2.5, Competitive — Monitor,-1.0,,,MONITOR — No Clear Signal,0.0,6.29,-0.0,0.0,-0.0,28.0,176.16666666666669,176.12,-0.05
22977,DOLLY GIRL CHILDRENS EGG CUP,1.25,105,131.25,12,1.12,1.25,1.36,1.24,0.8, Competitive — Monitor,-1.0,,,MONITOR — No Clear Signal,0.0,1.25,0.0,0.0,-0.0,105.0,131.25,131.25,0.0
16216,LETTER SHAPE PENCIL SHARPENER,0.16,819,131.04000000000002,37,0.15,0.16,0.19,0.17,-5.9, Competitive — Monitor,-1.0,,,MONITOR — No Clear Signal,0.0,0.16,0.0,0.0,-0.0,819.0,131.04,131.04,0.0
90123A,PINK HEART OF GLASS BRACELET,5.95,22,130.9,10,5.1,5.59,6.58,5.76,3.3, Competitive — Monitor,-1.0,,,MONITOR — No Clear Signal,0.0,5.95,0.0,0.0,-0.0,22.0,130.9,130.9,0.0
84555A,YELLOW VW BEETLE CERAMIC MONEY BOX,2.9250000000000003,46,130.9,15,2.64,3.07,3.09,2.93,-0.2, Competitive — Monitor,-1.0,,,MONITOR — No Clear Signal,0.0,2.92,-0.01,0.0,-0.0,46.0,134.55,134.32,-0.23
90093,CLEAR CRYSTAL STAR PHONE CHARM,0.85,153,130.04999999999998,12,0.74,0.82,0.93,0.83,2.4, Competitive — Monitor,-1.0,,,MONITOR — No Clear Signal,0.0,0.85,0.0,0.0,-0.0,153.0,130.04999999999998,130.04999999999998,0.0
84925E,FLOWERS WALL THERMOMETER,2.2666666666666666,75,130.04999999999998,3,2.15,2.41,2.56,2.37,-4.4, Competitive — Monitor,-1.0,,,MONITOR — No Clear Signal,0.0,2.27,0.0,0.0,-0.0,75.0,170.0,170.25,0.25
22975,SPACEBOY CHILDRENS EGG CUP,1.25,104,130.0,13,1.08,1.33,1.39,1.27,-1.6, Competitive — Monitor,-1.0,,,MONITOR — No Clear Signal,0.0,1.25,0.0,0.0,-0.0,104.0,130.0,130.0,0.0
85131C,BEADED CRYSTAL HEART BLUE ON STICK,0.9988235294117648,236,129.88,15,0.89,1.07,1.09,1.02,-2.1, Competitive — Monitor,-5.435,Highly Elastic — Consider Discount,-5%,MONITOR — No Clear Signal,0.0,1.0,0.0,0.0,-0.0,236.0,235.7223529411765,236.0,0.28
20899,VINTAGE NOTEBOOK RED ROSE,2.95,44,129.8,12,2.73,2.96,3.16,2.95,0.0, Competitive — Monitor,-1.0,,,MONITOR — No Clear Signal,0.0,2.95,0.0,0.0,-0.0,44.0,129.8,129.8,0.0
90201A,PURPLE ENAMEL FLOWER RING,2.95,44,129.8,9,2.72,3.03,3.46,3.07,-3.9, Competitive — Monitor,-1.0,,,MONITOR — No Clear Signal,0.0,2.95,0.0,0.0,-0.0,44.0,129.8,129.8,0.0
90129B,TURQUOISE GLASS TASSLE BAG CHARM ,2.9500000000000006,44,129.8,12,2.63,3.08,3.54,3.08,-4.2, Competitive — Monitor,-1.0,,,MONITOR — No Clear Signal,0.0,2.95,-0.0,0.0,-0.0,44.0,129.80000000000004,129.8,-0.0
77079,DOLPHIN WINDMILL,2.12,61,129.32000000000002,10,1.88,1.99,2.33,2.07,2.4, Competitive — Monitor,-1.0,,,MONITOR — No Clear Signal,0.0,2.12,0.0,0.0,-0.0,61.0,129.32,129.32,0.0
17011D,ORIGAMI ROSE INCENSE+FLOWER,0.475,207,129.3,2,0.42,0.48,0.53,0.48,-1.0, Competitive — Monitor,-1.0,,,MONITOR — No Clear Signal,0.0,0.48,0.01,0.0,-0.0,207.0,98.32499999999999,99.36,1.04
79192A,RETRO PLASTIC 70'S TRAY,1.25,103,128.75,28,1.1,1.16,1.43,1.23,1.6, Competitive — Monitor,-1.0,,,MONITOR — No Clear Signal,0.0,1.25,0.0,0.0,-0.0,103.0,128.75,128.75,0.0
90048,GREEN WITH METAL BAG CHARM,4.95,26,128.7,5,4.31,4.95,5.73,5.0,-1.0, Competitive — Monitor,-1.0,,,MONITOR — No Clear Signal,0.0,4.95,0.0,0.0,-0.0,26.0,128.70000000000002,128.70000000000002,0.0
16119,FUNKY GIRL ADDRESS BOOK,1.0014285714285713,271,128.21,7,0.9,0.95,1.11,0.99,1.2, Competitive — Monitor,-1.0,,,MONITOR — No Clear Signal,0.0,1.0,-0.0,0.0,-0.0,271.0,271.3871428571428,271.0,-0.39
84255B,ORANGE COCKTAIL GLASS LAMP,2.1,61,128.10000000000002,14,1.84,1.99,2.49,2.11,-0.5, Competitive — Monitor,-1.0,,,MONITOR — No Clear Signal,0.0,2.1,0.0,0.0,-0.0,61.0,128.1,128.1,0.0
72140E,BEST DAD CANDLE LETTERS,0.829,186,127.85999999999999,19,0.73,0.81,0.94,0.83,-0.1, Competitive — Monitor,-1.0,,,MONITOR — No Clear Signal,0.0,0.83,0.0,0.0,-0.0,186.0,154.194,154.38,0.19
90175B,PINK GLASS CHUNKY CHARM BRACELET,8.028571428571428,15,127.79999999999998,7,7.35,7.94,8.97,8.09,-0.8, Competitive — Monitor,-1.0,,,MONITOR — No Clear Signal,0.0,8.03,0.0,0.0,-0.0,15.0,120.42857142857143,120.44999999999999,0.02
90191,SILVER LARIAT 40CM,12.75,10,127.5,7,12.07,13.0,14.62,13.23,-3.6, Competitive — Monitor,-1.0,,,MONITOR — No Clear Signal,0.0,12.75,0.0,0.0,-0.0,10.0,127.5,127.5,0.0
90120C,GREEN MURANO TWIST BRACELET,4.25,30,127.5,10,3.87,3.96,5.07,4.3,-1.2, Competitive — Monitor,-1.0,,,MONITOR — No Clear Signal,0.0,4.25,0.0,0.0,-0.0,30.0,127.5,127.5,0.0
90013D,PURPLE VINTAGE EARRINGS,3.75,34,127.5,8,3.22,3.75,4.38,3.78,-0.8, Competitive — Monitor,-1.0,,,MONITOR — No Clear Signal,0.0,3.75,0.0,0.0,-0.0,34.0,127.5,127.5,0.0
84877A,PINK ROUND COMPACT MIRROR,3.75,34,127.5,13,3.22,3.56,3.96,3.58,4.7, Competitive — Monitor,-1.0,,,MONITOR — No Clear Signal,0.0,3.75,0.0,0.0,-0.0,34.0,127.5,127.5,0.0
84782B,BLACK 3 TIER GLASS PLATE STAND,12.75,10,127.5,6,12.05,12.9,14.02,12.99,-1.8, Competitive — Monitor,-1.0,,,MONITOR — No Clear Signal,0.0,12.75,0.0,0.0,-0.0,10.0,127.5,127.5,0.0
22937,BAKING MOULD CHOCOLATE CUPCAKES,2.55,50,127.5,6,2.24,2.61,2.86,2.57,-0.8, Competitive — Monitor,-1.0,,,MONITOR — No Clear Signal,0.0,2.55,0.0,0.0,-0.0,50.0,127.49999999999999,127.49999999999999,0.0
90036C,"FLOWER GLASS GARLAND NECKL.36""BLUE",7.95,16,127.2,6,6.83,8.02,8.72,7.86,1.1, Competitive — Monitor,-1.0,,,MONITOR — No Clear Signal,0.0,7.95,0.0,0.0,-0.0,16.0,127.2,127.2,0.0
85018C,S/6 PAPER BOXES CURIOUS IMAGES ,4.035,36,127.2,4,3.67,4.19,4.66,4.17,-3.2, Competitive — Monitor,-1.0,,,MONITOR — No Clear Signal,0.0,4.04,0.0,0.0,-0.0,36.0,145.26,145.44,0.18
90201B,BLACK ENAMEL FLOWER RING,2.95,43,126.85000000000002,8,2.69,2.87,3.46,3.01,-2.0, Competitive — Monitor,-1.0,,,MONITOR — No Clear Signal,0.0,2.95,0.0,0.0,-0.0,43.0,126.85000000000001,126.85000000000001,0.0
46137D,GREEN CHENILLE SHAGGY RUG,2.9500000000000006,43,126.85,3,2.7,3.08,3.42,3.07,-3.9, Competitive — Monitor,-1.0,,,MONITOR — No Clear Signal,0.0,2.95,-0.0,0.0,-0.0,43.0,126.85000000000002,126.85000000000001,-0.0
82607E,GLASS BONBON JAR. D'AMANDES,1.25,101,126.25,25,1.1,1.24,1.5,1.28,-2.3, Competitive — Monitor,-1.0,,,MONITOR — No Clear Signal,0.0,1.25,0.0,0.0,-0.0,101.0,126.25,126.25,0.0
72812,LARGE ZINC/GLASS CANDLEHOLDER,2.1,60,126.00000000000001,12,1.79,2.09,2.29,2.06,1.9, Competitive — Monitor,-1.0,,,MONITOR — No Clear Signal,0.0,2.1,0.0,0.0,-0.0,60.0,126.0,126.0,0.0
21402,RED  EGG  SPOON,0.42000000000000004,299,125.58,41,0.4,0.43,0.5,0.44,-4.5, Competitive — Monitor,-1.0,,,MONITOR — No Clear Signal,0.0,0.42,-0.0,0.0,-0.0,299.0,125.58000000000001,125.58,-0.0
35921,EASTER BUNNY HANGING GARLAND,1.25,100,125.0,15,1.09,1.15,1.46,1.23,1.6, Competitive — Monitor,-1.0,,,MONITOR — No Clear Signal,0.0,1.25,0.0,0.0,-0.0,100.0,125.0,125.0,0.0
84916,HAND TOWEL PALE BLUE W FLOWERS,5.95,21,124.95,14,5.46,6.1,6.57,6.04,-1.5, Competitive — Monitor,-1.0,,,MONITOR — No Clear Signal,0.0,5.95,0.0,0.0,-0.0,21.0,124.95,124.95,0.0
84622,PINK GINGHAM ROSE CUSHION COVER,5.95,21,124.95,7,5.48,6.06,6.9,6.15,-3.3, Competitive — Monitor,-1.0,,,MONITOR — No Clear Signal,0.0,5.95,0.0,0.0,-0.0,21.0,124.95,124.95,0.0
84461,12 PINK HEN+CHICKS IN BASKET,2.55,49,124.94999999999999,20,2.32,2.47,2.72,2.5,2.0, Competitive — Monitor,-1.0,,,MONITOR — No Clear Signal,0.0,2.55,0.0,0.0,-0.0,49.0,124.94999999999999,124.94999999999999,0.0
84508C,BLUE CIRCLES DESIGN TEDDY,2.55,49,124.94999999999999,17,2.25,2.38,2.98,2.54,0.4, Competitive — Monitor,-1.0,,,MONITOR — No Clear Signal,0.0,2.55,0.0,0.0,-0.0,49.0,124.94999999999999,124.94999999999999,0.0
84559D,3D SHEET OF SEA WORLD STICKERS,0.85,147,124.94999999999999,29,0.75,0.79,0.96,0.83,2.4, Competitive — Monitor,-1.0,,,MONITOR — No Clear Signal,0.0,0.85,0.0,0.0,-0.0,147.0,124.95,124.95,0.0
21095,SET/6 POSIES PAPER PLATES,0.85,147,124.94999999999999,18,0.77,0.91,0.93,0.87,-2.3, Competitive — Monitor,-1.0,,,MONITOR — No Clear Signal,0.0,0.85,0.0,0.0,-0.0,147.0,124.95,124.95,0.0
22869,"NUMBER TILE COTTAGE GARDEN, 1",1.95,64,124.8,8,1.83,2.01,2.24,2.03,-3.9, Competitive — Monitor,-1.0,,,MONITOR — No Clear Signal,0.0,1.95,0.0,0.0,-0.0,64.0,124.8,124.8,0.0
46776E,WOVEN CANDY CUSHION COVER ,3.716666666666667,79,124.65,6,3.51,3.49,4.26,3.75,-0.9, Competitive — Monitor,-1.0,,,MONITOR — No Clear Signal,0.0,3.72,0.0,0.0,-0.0,79.0,293.6166666666667,293.88,0.26
16207A,PINK STRAWBERRY HANDBAG ,2.95,42,123.90000000000002,14,2.54,2.88,3.19,2.87,2.8, Competitive — Monitor,-1.0,,,MONITOR — No Clear Signal,0.0,2.95,0.0,0.0,-0.0,42.0,123.9,123.9,0.0
35015,JACOBS LADDER SMALL,0.06,2064,123.84,38,0.05,0.06,0.06,0.06,0.0, Competitive — Monitor,-1.0,,,MONITOR — No Clear Signal,0.0,0.06,0.0,0.0,-0.0,2064.0,123.83999999999999,123.83999999999999,0.0
22850,BREAD BIN DINER STYLE BLACK,15.95,8,123.6,1,15.06,16.81,17.78,16.55,-3.6, Competitive — Monitor,-1.0,,,MONITOR — No Clear Signal,0.0,15.95,0.0,0.0,-0.0,8.0,127.6,127.6,0.0
45013,FOLDING SHOE TIDY,2.8833333333333333,45,123.15,6,2.66,2.67,3.27,2.87,0.5, Competitive — Monitor,-1.0,,,MONITOR — No Clear Signal,0.0,2.88,-0.0,0.0,-0.0,45.0,129.75,129.6,-0.15
84367,LA STREGA CANVAS PICTURE ,1.9499999999999997,73,122.54999999999998,7,1.83,1.87,2.3,2.0,-2.5, Competitive — Monitor,-1.0,,,MONITOR — No Clear Signal,0.0,1.95,0.0,0.0,-0.0,73.0,142.35,142.35,0.0
16218,CARTOON  PENCIL SHARPENERS,0.16,765,122.4,20,0.14,0.17,0.19,0.17,-5.9, Competitive — Monitor,-1.0,,,MONITOR — No Clear Signal,0.0,0.16,0.0,0.0,-0.0,765.0,122.4,122.4,0.0
79308B,MOSAIC CANDLE DISH BLUE PURPLE,0.85,144,122.39999999999999,2,0.77,0.78,0.96,0.84,1.2, Competitive — Monitor,-1.0,,,MONITOR — No Clear Signal,0.0,0.85,0.0,0.0,-0.0,144.0,122.39999999999999,122.39999999999999,0.0
17012F,ORIGAMI SANDLEWOOD INCENSE/CAND SET,1.8699999999999999,128,122.39999999999999,5,1.72,1.78,2.17,1.89,-1.1, Competitive — Monitor,-1.0,,,MONITOR — No Clear Signal,0.0,1.87,0.0,0.0,-0.0,128.0,239.35999999999999,239.36,0.0
16168S,FUNKY MONKEY GIFT BAG SMALL,0.1757142857142857,1274,121.85999999999999,7,0.16,0.19,0.2,0.18,-2.4, Competitive — Monitor,-1.0,,,MONITOR — No Clear Signal,0.0,0.18,0.0,0.0,-0.0,1274.0,223.85999999999999,229.32,5.46
79532,MOSAIC GLASS BALL CANDLEHOLDER,1.25,97,121.25,18,1.11,1.27,1.45,1.28,-2.3, Competitive — Monitor,-1.0,,,MONITOR — No Clear Signal,0.0,1.25,0.0,0.0,-0.0,97.0,121.25,121.25,0.0
22877,"NUMBER TILE COTTAGE GARDEN, 9",1.95,62,120.89999999999999,7,1.66,1.88,2.11,1.88,3.7, Competitive — Monitor,-1.0,,,MONITOR — No Clear Signal,0.0,1.95,0.0,0.0,-0.0,62.0,120.89999999999999,120.89999999999999,0.0
84660B,BLACK STITCHED WALL CLOCK,3.75,32,120.0,15,3.41,3.49,4.15,3.68,1.9, Competitive — Monitor,-1.0,,,MONITOR — No Clear Signal,0.0,3.75,0.0,0.0,-0.0,32.0,120.0,120.0,0.0
22259,FELT FARM ANIMAL HEN,1.25,96,120.0,17,1.09,1.16,1.43,1.23,1.6, Competitive — Monitor,-1.0,,,MONITOR — No Clear Signal,0.0,1.25,0.0,0.0,-0.0,96.0,120.0,120.0,0.0
85166A,WHITE METAL BAROQUE PHOTO FRAME,3.125,72,120.0,8,2.8,3.0,3.29,3.03,3.1, Competitive — Monitor,-1.0,,,MONITOR — No Clear Signal,0.0,3.12,-0.0,0.0,-0.0,72.0,225.0,224.64000000000001,-0.36
21310,CAPIZ CHANDELIER,29.95,4,119.8,2,28.33,31.78,34.69,31.6,-5.2, Competitive — Monitor,-1.0,,,MONITOR — No Clear Signal,0.0,29.95,0.0,0.0,-0.0,4.0,119.8,119.8,0.0
90036A,FLOWER GARLAND NECKLACE RED,7.95,15,119.25,10,7.07,7.84,9.34,8.08,-1.6, Competitive — Monitor,-1.0,,,MONITOR — No Clear Signal,0.0,7.95,0.0,0.0,-0.0,15.0,119.25,119.25,0.0
90123D,WHITE HEART OF GLASS BRACELET,5.95,20,119.00000000000001,6,5.56,6.16,6.6,6.11,-2.6, Competitive — Monitor,-1.0,,,MONITOR — No Clear Signal,0.0,5.95,0.0,0.0,-0.0,20.0,119.0,119.0,0.0
84656,WHITE ROSE C/COVER,5.95,20,119.0,12,5.17,6.35,6.65,6.06,-1.8, Competitive — Monitor,-1.0,,,MONITOR — No Clear Signal,0.0,5.95,0.0,0.0,-0.0,20.0,119.0,119.0,0.0
22915,ASSORTED BOTTLE TOP  MAGNETS ,0.41538461538461535,300,118.8,13,0.38,0.41,0.49,0.43,-3.4, Competitive — Monitor,-1.0,,,MONITOR — No Clear Signal,0.0,0.42,0.0,0.0,-0.0,300.0,124.6153846153846,126.0,1.38
20616,CHERRY BLOSSOM PASSPORT COVER,2.1,56,117.60000000000001,20,1.99,2.0,2.45,2.15,-2.3, Competitive — Monitor,-1.0,,,MONITOR — No Clear Signal,0.0,2.1,0.0,0.0,-0.0,56.0,117.60000000000001,117.60000000000001,0.0
35911A,MULTICOLOUR RABBIT EGG WARMER,2.1,56,117.60000000000001,16,1.81,2.11,2.3,2.07,1.4, Competitive — Monitor,-1.0,,,MONITOR — No Clear Signal,0.0,2.1,0.0,0.0,-0.0,56.0,117.60000000000001,117.60000000000001,0.0
21372,MIRRORED WALL ART TABLE LAMP,2.6,74,117.5,11,2.21,2.77,2.86,2.61,-0.4, Competitive — Monitor,-1.0,,,MONITOR — No Clear Signal,0.0,2.6,0.0,0.0,-0.0,74.0,192.4,192.4,0.0
35824C,"HANGING FLOWERS+MIRROR,CLEAR",0.935,235,117.05,8,0.84,0.98,1.08,0.97,-3.6, Competitive — Monitor,-1.0,,,MONITOR — No Clear Signal,0.0,0.94,0.0,0.0,-0.0,235.0,219.72500000000002,220.89999999999998,1.17
22873,"NUMBER TILE COTTAGE GARDEN, 5",1.95,60,116.99999999999999,5,1.68,1.81,2.21,1.9,2.6, Competitive — Monitor,-1.0,,,MONITOR — No Clear Signal,0.0,1.95,0.0,0.0,-0.0,60.0,117.0,117.0,0.0
22872,"NUMBER TILE COTTAGE GARDEN, 4",1.95,60,116.99999999999999,5,1.8,2.01,2.09,1.97,-1.0, Competitive — Monitor,-1.0,,,MONITOR — No Clear Signal,0.0,1.95,0.0,0.0,-0.0,60.0,117.0,117.0,0.0
22874,"NUMBER TILE COTTAGE GARDEN, 6",1.95,60,116.99999999999999,6,1.84,1.97,2.14,1.98,-1.5, Competitive — Monitor,-1.0,,,MONITOR — No Clear Signal,0.0,1.95,0.0,0.0,-0.0,60.0,117.0,117.0,0.0
84858A,NATURAL RIVIERA HANDBAG,5.278571428571429,52,116.7,7,4.72,5.62,6.26,5.53,-4.5, Competitive — Monitor,-1.0,,,MONITOR — No Clear Signal,0.0,5.28,0.0,0.0,-0.0,52.0,274.4857142857143,274.56,0.07
72038P,PRICE'S CANDLE PEACH,0.15222222222222223,1050,116.5,9,0.13,0.14,0.18,0.15,1.5, Competitive — Monitor,-1.133,Elastic — Maintain Price,0%,MONITOR — No Clear Signal,0.0,0.15,-0.0,0.0,-0.0,1050.0,159.83333333333334,157.5,-2.33
85204,HANGING WOOD AND FELT FLOWER,0.4184615384615385,280,116.16,36,0.37,0.42,0.5,0.43,-2.7, Competitive — Monitor,-1.0,,,MONITOR — No Clear Signal,0.0,0.42,0.0,0.0,-0.0,280.0,117.16923076923078,117.6,0.43
21196,ROUND WHITE CONFETTI IN TUBE,1.65,70,115.49999999999999,8,1.52,1.75,1.92,1.73,-4.6, Competitive — Monitor,-1.0,,,MONITOR — No Clear Signal,0.0,1.65,0.0,0.0,-0.0,70.0,115.5,115.5,0.0
84535A,ENGLISH ROSE NOTEBOOK A6 SIZE,0.65,177,115.05000000000001,28,0.55,0.64,0.77,0.65,0.0, Competitive — Monitor,-1.0,,,MONITOR — No Clear Signal,0.0,0.65,0.0,0.0,-0.0,177.0,115.05,115.05,0.0
20896,VINTAGE NOTEBOOK PINK FLOWER,2.95,39,115.05000000000001,13,2.68,2.94,3.19,2.94,0.3, Competitive — Monitor,-1.0,,,MONITOR — No Clear Signal,0.0,2.95,0.0,0.0,-0.0,39.0,115.05000000000001,115.05000000000001,0.0
22875,"NUMBER TILE COTTAGE GARDEN, 7",1.95,59,115.04999999999998,4,1.78,1.82,2.27,1.96,-0.5, Competitive — Monitor,-1.0,,,MONITOR — No Clear Signal,0.0,1.95,0.0,0.0,-0.0,59.0,115.05,115.05,0.0
22870,"NUMBER TILE COTTAGE GARDEN, 2",1.95,59,115.04999999999998,4,1.78,1.88,2.05,1.9,2.6, Competitive — Monitor,-1.0,,,MONITOR — No Clear Signal,0.0,1.95,0.0,0.0,-0.0,59.0,115.05,115.05,0.0
85190,PINK FLOWER HANGING HEART ,0.85,135,114.75,14,0.74,0.83,0.98,0.85,0.0, Competitive — Monitor,-1.0,,,MONITOR — No Clear Signal,0.0,0.85,0.0,0.0,-0.0,135.0,114.75,114.75,0.0
21371,MIRRORED WALL ART POPPIES,1.9833333333333332,93,114.75,9,1.83,2.12,2.22,2.06,-3.7, Competitive — Monitor,-1.0,,,MONITOR — No Clear Signal,0.0,1.98,-0.0,0.0,-0.0,93.0,184.45,184.14,-0.31
35610B,BLACK CHRISTMAS FLOCK DROPLET ,1.1223076923076922,155,114.07,12,0.96,1.08,1.24,1.09,3.0, Competitive — Monitor,-1.0,,,MONITOR — No Clear Signal,0.0,1.12,-0.0,0.0,-0.0,155.0,173.9576923076923,173.60000000000002,-0.36
84457,SET/3 RABBITS FLOWER SKIPPPING ROPE,0.85,134,113.89999999999999,19,0.74,0.84,1.0,0.86,-1.2, Competitive — Monitor,-1.0,,,MONITOR — No Clear Signal,0.0,0.85,0.0,0.0,-0.0,134.0,113.89999999999999,113.89999999999999,0.0
17090A,LAVENDER INCENSE 40 CONES IN TIN,1.2055555555555555,106,113.3,18,1.13,1.24,1.42,1.26,-4.3, Competitive — Monitor,-1.0,,,MONITOR — No Clear Signal,0.0,1.21,0.0,0.0,-0.0,106.0,127.78888888888888,128.26,0.47
84288B,SET/2 BLUE  NOODLE BASKETS,1.95,58,113.1,21,1.8,1.84,2.05,1.9,2.6, Competitive — Monitor,-1.0,,,MONITOR — No Clear Signal,0.0,1.95,0.0,0.0,-0.0,58.0,113.1,113.1,0.0
22868,"NUMBER TILE COTTAGE GARDEN, 0 ",1.95,58,113.1,4,1.66,1.95,2.23,1.95,0.0, Competitive — Monitor,-1.0,,,MONITOR — No Clear Signal,0.0,1.95,0.0,0.0,-0.0,58.0,113.1,113.1,0.0
90000D,COPPER/OLIVE GREEN FLOWER NECKLACE,5.95,19,113.05000000000001,9,5.21,6.18,6.58,5.99,-0.7, Competitive — Monitor,-1.0,,,MONITOR — No Clear Signal,0.0,5.95,0.0,0.0,-0.0,19.0,113.05,113.05,0.0
90155,RESIN NECKLACE W PASTEL BEADS,7.5,15,112.5,8,6.54,7.94,8.34,7.61,-1.4, Competitive — Monitor,-1.0,,,MONITOR — No Clear Signal,0.0,7.5,0.0,0.0,-0.0,15.0,112.5,112.5,0.0
21228,"POCKET MIRROR ""GLAMOROUS""",1.25,90,112.5,27,1.1,1.28,1.47,1.28,-2.3, Competitive — Monitor,-1.0,,,MONITOR — No Clear Signal,0.0,1.25,0.0,0.0,-0.0,90.0,112.5,112.5,0.0
82607C,GLASS BONBON JAR. SUPERFINES,1.25,90,112.5,21,1.09,1.28,1.37,1.25,0.0, Competitive — Monitor,-1.0,,,MONITOR — No Clear Signal,0.0,1.25,0.0,0.0,-0.0,90.0,112.5,112.5,0.0
21412,VINTAGE GOLD TINSEL REEL,0.5847058823529412,235,112.14,42,0.5,0.55,0.7,0.58,0.8, Competitive — Monitor,-1.0,,,MONITOR — No Clear Signal,0.0,0.58,-0.0,0.0,-0.0,235.0,137.40588235294118,136.29999999999998,-1.11
85179A,GREEN BITTY LIGHT CHAIN,4.65,24,111.60000000000001,11,4.17,4.98,5.01,4.72,-1.5, Competitive — Monitor,-1.0,,,MONITOR — No Clear Signal,0.0,4.65,0.0,0.0,-0.0,24.0,111.60000000000001,111.60000000000001,0.0
46118,FUNKY MONKEY CUSHION COVER,0.85,131,111.35,17,0.78,0.8,0.98,0.85,0.0, Competitive — Monitor,-1.0,,,MONITOR — No Clear Signal,0.0,0.85,0.0,0.0,-0.0,131.0,111.35,111.35,0.0
22876,"NUMBER TILE COTTAGE GARDEN, 8",1.95,57,111.14999999999999,3,1.78,2.04,2.24,2.02,-3.5, Competitive — Monitor,-1.0,,,MONITOR — No Clear Signal,0.0,1.95,0.0,0.0,-0.0,57.0,111.14999999999999,111.14999999999999,0.0
84493,BLUE/PINK NEST STRIPE BOX,1.5619999999999998,1142,111.11999999999999,5,1.43,1.5,1.7,1.54,1.4, Competitive — Monitor,-1.0,,,MONITOR — No Clear Signal,0.0,1.56,-0.0,0.0,-0.0,1142.0,1783.8039999999999,1781.52,-2.28
17084P,DRAGONS BLOOD INCENSE,0.20666666666666667,575,110.75,14,0.18,0.22,0.23,0.21,-1.6, Competitive — Monitor,-1.0,,,MONITOR — No Clear Signal,0.0,0.21,0.0,0.0,-0.0,575.0,118.83333333333333,120.75,1.92
20693,FLORAL DINOSAUR GREEN,4.25,26,110.5,12,4.02,4.4,4.99,4.47,-4.9, Competitive — Monitor,-1.0,,,MONITOR — No Clear Signal,0.0,4.25,0.0,0.0,-0.0,26.0,110.5,110.5,0.0
90016B,GOLD/M.O.P PENDANT ORBIT NECKLACE,8.5,13,110.5,9,7.94,8.85,9.9,8.9,-4.5, Competitive — Monitor,-1.0,,,MONITOR — No Clear Signal,0.0,8.5,0.0,0.0,-0.0,13.0,110.5,110.5,0.0
78026,SEAGRASS S/3 SQU LAUNDRY BOX,10.0,11,110.0,1,9.31,9.55,10.99,9.95,0.5, Competitive — Monitor,-1.0,,,MONITOR — No Clear Signal,0.0,10.0,0.0,0.0,-0.0,11.0,110.0,110.0,0.0
90180B,PURPLE AMETHYST NECKLACE W TASSEL,9.95,11,109.44999999999999,7,9.28,9.86,11.24,10.13,-1.8, Competitive — Monitor,-1.0,,,MONITOR — No Clear Signal,0.0,9.95,0.0,0.0,-0.0,11.0,109.44999999999999,109.44999999999999,0.0
84886,BLUE METAL WALL SHELF,9.95,11,109.44999999999999,8,9.39,10.14,10.54,10.02,-0.7, Competitive — Monitor,-1.0,,,MONITOR — No Clear Signal,0.0,9.95,0.0,0.0,-0.0,11.0,109.44999999999999,109.44999999999999,0.0
35818P,"ACRYLIC JEWEL ICICLE, PINK",0.38000000000000006,288,109.44,3,0.34,0.4,0.41,0.38,0.0, Competitive — Monitor,-1.0,,,MONITOR — No Clear Signal,0.0,0.38,-0.0,0.0,-0.0,288.0,109.44000000000001,109.44,-0.0
22871,"NUMBER TILE COTTAGE GARDEN, 3 ",1.95,56,109.19999999999999,2,1.7,1.83,2.19,1.91,2.1, Competitive — Monitor,-1.0,,,MONITOR — No Clear Signal,0.0,1.95,0.0,0.0,-0.0,56.0,109.2,109.2,0.0
90201D,GREEN ENAMEL FLOWER RING,2.95,37,109.15000000000002,7,2.69,3.17,3.14,3.0,-1.7, Competitive — Monitor,-1.0,,,MONITOR — No Clear Signal,0.0,2.95,0.0,0.0,-0.0,37.0,109.15,109.15,0.0
90201C,RED ENAMEL FLOWER RING,2.95,37,109.15000000000002,7,2.73,3.13,3.47,3.11,-5.1, Competitive — Monitor,-1.0,,,MONITOR — No Clear Signal,0.0,2.95,0.0,0.0,-0.0,37.0,109.15,109.15,0.0
20836,FRENCH PAISLEY CUSHION COVER,2.1100000000000003,54,108.9,5,1.95,2.03,2.44,2.14,-1.4, Competitive — Monitor,-1.0,,,MONITOR — No Clear Signal,0.0,2.11,-0.0,0.0,-0.0,54.0,113.94000000000001,113.94,-0.0
17191A,ROSE FLOWER CANDLE+INCENSE 16X16CM,3.75,29,108.75,10,3.38,3.94,4.47,3.93,-4.6, Competitive — Monitor,-1.0,,,MONITOR — No Clear Signal,0.0,3.75,0.0,0.0,-0.0,29.0,108.75,108.75,0.0
20816,GOLD FLOWER CUSHION COVER ,6.75,16,108.0,5,5.78,6.77,7.79,6.78,-0.4, Competitive — Monitor,-1.0,,,MONITOR — No Clear Signal,0.0,6.75,0.0,0.0,-0.0,16.0,108.0,108.0,0.0
16206B,RED PURSE WITH PINK HEART,1.2285714285714284,89,107.65,14,1.09,1.22,1.46,1.26,-2.5, Competitive — Monitor,-1.0,,,MONITOR — No Clear Signal,0.0,1.23,0.0,0.0,-0.0,89.0,109.34285714285713,109.47,0.13
84899F,YELLOW PURPLE DAISY FELT PURSE KIT,1.25,86,107.5,23,1.18,1.21,1.42,1.27,-1.6, Competitive — Monitor,-1.0,,,MONITOR — No Clear Signal,0.0,1.25,0.0,0.0,-0.0,86.0,107.5,107.5,0.0
44234,ASSORTED CIRCULAR MOBILE,0.2089655172413793,542,107.33999999999999,21,0.19,0.21,0.24,0.21,-0.5, Competitive — Monitor,-1.0,,,MONITOR — No Clear Signal,0.0,0.21,0.0,0.0,-0.0,542.0,113.25931034482758,113.82,0.56
90060F,FIRE POLISHED GLASS NECKL GREEN,5.95,18,107.10000000000001,7,5.38,6.17,7.12,6.22,-4.3, Competitive — Monitor,-1.0,,,MONITOR — No Clear Signal,0.0,5.95,0.0,0.0,-0.0,18.0,107.10000000000001,107.10000000000001,0.0
90123B,TURQUOISE HEART OF GLASS BRACELET,5.95,18,107.1,7,5.22,5.87,6.82,5.97,-0.3, Competitive — Monitor,-1.0,,,MONITOR — No Clear Signal,0.0,5.95,0.0,0.0,-0.0,18.0,107.10000000000001,107.10000000000001,0.0
44235,ASS COL CIRCLE MOBILE ,0.415,285,106.74,10,0.37,0.42,0.44,0.41,1.2, Competitive — Monitor,-1.0,,,MONITOR — No Clear Signal,0.0,0.42,0.01,0.0,-0.0,285.0,118.27499999999999,119.69999999999999,1.42
37342,SPOTTY COFFEE CUP & SAUCER,2.95,36,106.2,8,2.77,3.04,3.42,3.08,-4.2, Competitive — Monitor,-1.0,,,MONITOR — No Clear Signal,0.0,2.95,0.0,0.0,-0.0,36.0,106.2,106.2,0.0
21031,SPACE CADET BLACK,1.22625,88,106.2,16,1.12,1.27,1.45,1.28,-4.2, Competitive — Monitor,-1.0,,,MONITOR — No Clear Signal,0.0,1.23,0.0,0.0,-0.0,88.0,107.91000000000001,108.24,0.33
47503H,ASS FLORAL PRINT SPIRIT LEVEL ,1.9500000000000002,54,105.3,17,1.81,1.81,2.28,1.97,-1.0, Competitive — Monitor,-1.0,,,MONITOR — No Clear Signal,0.0,1.95,-0.0,0.0,-0.0,54.0,105.30000000000001,105.3,-0.0
16169D,WRAP WINTER FOREST,0.42,250,105.0,9,0.38,0.44,0.48,0.43,-2.3, Competitive — Monitor,-1.0,,,MONITOR — No Clear Signal,0.0,0.42,0.0,0.0,-0.0,250.0,105.0,105.0,0.0
84458,S/3 RABBIT FLOWER/EGG/CARROT ROPE,0.85,123,104.55,19,0.78,0.84,0.98,0.87,-2.3, Competitive — Monitor,-1.0,,,MONITOR — No Clear Signal,0.0,0.85,0.0,0.0,-0.0,123.0,104.55,104.55,0.0
20838,FRENCH LATTICE CUSHION COVER ,2.6,61,104.35000000000001,6,2.27,2.5,3.12,2.63,-1.1, Competitive — Monitor,-1.0,,,MONITOR — No Clear Signal,0.0,2.6,0.0,0.0,-0.0,61.0,158.6,158.6,0.0
21118,SHOPPING BAG DOORSTOP,2.5357142857142856,69,104.25,7,2.33,2.43,2.7,2.49,1.8, Competitive — Monitor,-1.0,,,MONITOR — No Clear Signal,0.0,2.54,0.0,0.0,-0.0,69.0,174.9642857142857,175.26,0.3
90122C,TURQUOISE CRYSTAL+GLASS BRACELET,4.95,21,103.95,10,4.42,4.94,5.69,5.02,-1.4, Competitive — Monitor,-1.0,,,MONITOR — No Clear Signal,0.0,4.95,0.0,0.0,-0.0,21.0,103.95,103.95,0.0
84705B,FAIRY CAKES PHOTO FRAME,1.25,83,103.75,2,1.12,1.33,1.37,1.27,-1.6, Competitive — Monitor,-1.0,,,MONITOR — No Clear Signal,0.0,1.25,0.0,0.0,-0.0,83.0,103.75,103.75,0.0
10138,ASSORTED COLOUR JUMBO PEN,0.42,247,103.74,16,0.38,0.41,0.48,0.42,0.0, Competitive — Monitor,-1.0,,,MONITOR — No Clear Signal,0.0,0.42,0.0,0.0,-0.0,247.0,103.74,103.74,0.0
90036B,"FLOWER GLASS GARLAND NECKL.36""GREEN",7.95,13,103.35000000000001,7,7.5,8.27,9.07,8.28,-4.0, Competitive — Monitor,-1.0,,,MONITOR — No Clear Signal,0.0,7.95,0.0,0.0,-0.0,13.0,103.35000000000001,103.35000000000001,0.0
84723,CHERRY BLOSSOM CANVAS ART PICTURE,7.95,13,103.35000000000001,6,6.81,7.44,8.53,7.59,4.7, Competitive — Monitor,-1.0,,,MONITOR — No Clear Signal,0.0,7.95,0.0,0.0,-0.0,13.0,103.35000000000001,103.35000000000001,0.0
84247H,PACK/12 DECOUPAGE CARD,2.95,35,103.25000000000001,14,2.75,2.94,3.19,2.96,-0.3, Competitive — Monitor,-1.0,,,MONITOR — No Clear Signal,0.0,2.95,0.0,0.0,-0.0,35.0,103.25,103.25,0.0
85185F,LION SOCK PUPPET,2.95,35,103.25000000000001,17,2.59,3.18,3.37,3.05,-3.3, Competitive — Monitor,-1.0,,,MONITOR — No Clear Signal,0.0,2.95,0.0,0.0,-0.0,35.0,103.25,103.25,0.0
35096B,RED VICTORIAN FABRIC HEART BOX,0.4138095238095238,288,102.63,21,0.37,0.43,0.44,0.41,0.9, Competitive — Monitor,-1.0,,,MONITOR — No Clear Signal,0.0,0.41,-0.0,0.0,-0.0,288.0,119.17714285714285,118.08,-1.1
35646,VINTAGE BEAD PINK EVENING BAG,4.25,24,102.0,8,3.62,4.05,4.63,4.1,3.7, Competitive — Monitor,-1.0,,,MONITOR — No Clear Signal,0.0,4.25,0.0,0.0,-0.0,24.0,102.0,102.0,0.0
90024E,NEW BAROQUE B'FLY NECKLACE MONTANA,8.5,12,102.0,7,7.48,8.5,9.99,8.66,-1.8, Competitive — Monitor,-1.0,,,MONITOR — No Clear Signal,0.0,8.5,0.0,0.0,-0.0,12.0,102.0,102.0,0.0
84617, NEW BAROQUE BLACK BOXES,12.75,8,102.0,4,11.48,12.21,14.01,12.57,1.4, Competitive — Monitor,-1.0,,,MONITOR — No Clear Signal,0.0,12.75,0.0,0.0,-0.0,8.0,102.0,102.0,0.0
90024D,NEW BAROQUE B'FLY NECKLACE PINK,8.5,12,102.0,10,7.27,8.38,9.55,8.4,1.2, Competitive — Monitor,-1.0,,,MONITOR — No Clear Signal,0.0,8.5,0.0,0.0,-0.0,12.0,102.0,102.0,0.0
85159B,"WHITE TEA,COFFEE,SUGAR JARS",6.35,16,101.6,9,5.71,6.63,7.56,6.63,-4.2, Competitive — Monitor,-1.0,,,MONITOR — No Clear Signal,0.0,6.35,0.0,0.0,-0.0,16.0,101.6,101.6,0.0
47563A,RETRO LONGBOARD IRONING BOARD COVER,3.75,27,101.25,18,3.54,3.91,4.07,3.84,-2.3, Competitive — Monitor,-1.0,,,MONITOR — No Clear Signal,0.0,3.75,0.0,0.0,-0.0,27.0,101.25,101.25,0.0
85050,FRENCH ENAMEL SOAP DISH WITH LID,2.1,48,100.80000000000001,1,1.81,2.01,2.33,2.05,2.4, Competitive — Monitor,-1.0,,,MONITOR — No Clear Signal,0.0,2.1,0.0,0.0,-0.0,48.0,100.80000000000001,100.80000000000001,0.0
72753C,S/3 FLWR FAIRY ROSE CANDLES,3.2700000000000005,42,99.9,5,3.03,3.49,3.73,3.42,-4.4, Competitive — Monitor,-1.0,,,MONITOR — No Clear Signal,0.0,3.27,-0.0,0.0,-0.0,42.0,137.34000000000003,137.34,-0.0
21370,MIRRORED WALL ART FOXY,5.783333333333333,35,99.85,9,5.15,5.87,6.73,5.92,-2.3, Competitive — Monitor,-1.0,,,MONITOR — No Clear Signal,0.0,5.78,-0.0,0.0,-0.0,35.0,202.41666666666666,202.3,-0.12
90014B,GOLD M PEARL  ORBIT NECKLACE,9.95,10,99.5,7,9.11,9.76,11.79,10.22,-2.6, Competitive — Monitor,-1.0,,,MONITOR — No Clear Signal,0.0,9.95,0.0,0.0,-0.0,10.0,99.5,99.5,0.0
35607A,PINK FLUFFY CHRISTMAS DECORATION,0.19,523,99.37,27,0.17,0.19,0.23,0.2,-5.0, Competitive — Monitor,-1.0,,,MONITOR — No Clear Signal,0.0,0.19,0.0,0.0,-0.0,523.0,99.37,99.37,0.0
10120,DOGGY RUBBER,0.21,471,98.91,36,0.18,0.21,0.24,0.21,0.0, Competitive — Monitor,-1.0,,,MONITOR — No Clear Signal,0.0,0.21,0.0,0.0,-0.0,471.0,98.91,98.91,0.0
47592B,SCOTTIES DESIGN CHILD'S OVERALL,2.1,47,98.7,18,1.82,2.12,2.28,2.07,1.4, Competitive — Monitor,-1.0,,,MONITOR — No Clear Signal,0.0,2.1,0.0,0.0,-0.0,47.0,98.7,98.7,0.0
90129C,GREEN GLASS TASSLE BAG CHARM,2.95,33,97.35000000000001,11,2.53,2.94,3.11,2.86,3.1, Competitive — Monitor,-1.0,,,MONITOR — No Clear Signal,0.0,2.95,0.0,0.0,-0.0,33.0,97.35000000000001,97.35000000000001,0.0
84462,3 PINK HEN+CHICKS IN BASKET,1.2228571428571429,87,97.35,7,1.06,1.22,1.35,1.21,1.1, Competitive — Monitor,-1.0,,,MONITOR — No Clear Signal,0.0,1.22,-0.0,0.0,-0.0,87.0,106.38857142857142,106.14,-0.25
85130B,BEADED CRYSTAL HEART GREEN LARGE,1.65,59,97.34999999999998,9,1.51,1.56,1.77,1.61,2.5, Competitive — Monitor,-1.0,,,MONITOR — No Clear Signal,0.0,1.65,0.0,0.0,-0.0,59.0,97.35,97.35,0.0
20957,PORCELAIN HANGING BELL SMALL,1.45,67,97.15,12,1.36,1.52,1.68,1.52,-4.6, Competitive — Monitor,-1.0,,,MONITOR — No Clear Signal,0.0,1.45,0.0,0.0,-0.0,67.0,97.14999999999999,97.14999999999999,0.0
22878,"NUMBER TILE COTTAGE GARDEN, No",2.1,46,96.60000000000001,5,1.96,2.11,2.41,2.16,-2.8, Competitive — Monitor,-1.0,,,MONITOR — No Clear Signal,0.0,2.1,0.0,0.0,-0.0,46.0,96.60000000000001,96.60000000000001,0.0
90058A,CRYSTAL STUD EARRINGS CLEAR DISPLAY,0.38000000000000006,252,95.75999999999999,6,0.35,0.36,0.4,0.37,2.7, Competitive — Monitor,-1.0,,,MONITOR — No Clear Signal,0.0,0.38,-0.0,0.0,-0.0,252.0,95.76000000000002,95.76,-0.0
84661A,WHITE SQUARE TABLE CLOCK,1.7357142857142855,109,95.55000000000001,14,1.49,1.81,2.04,1.78,-2.5, Competitive — Monitor,-1.695,Highly Elastic — Consider Discount,-5%,MONITOR — No Clear Signal,0.0,1.74,0.0,0.0,-0.0,109.0,189.19285714285712,189.66,0.47
90199B,5 STRAND GLASS NECKLACE AMETHYST,6.35,15,95.25,11,5.58,6.79,6.9,6.42,-1.1, Competitive — Monitor,-1.0,,,MONITOR — No Clear Signal,0.0,6.35,0.0,0.0,-0.0,15.0,95.25,95.25,0.0
35816P,"ACRYLIC JEWEL ANGEL,PINK",0.9019999999999999,214,95.24000000000001,5,0.79,0.97,1.01,0.92,-2.0, Competitive — Monitor,-1.0,,,MONITOR — No Clear Signal,0.0,0.9,-0.0,0.0,-0.0,214.0,193.028,192.6,-0.43
84967A,PINK KASHMIRI OCCASIONAL TABLE,47.475,2,94.95,2,41.54,46.48,54.61,47.54,-0.1, Competitive — Monitor,-1.0,,,MONITOR — No Clear Signal,0.0,47.48,0.0,0.0,-0.0,2.0,94.95,94.96,0.01
72606A,BROWN ANTIQUE CUBE CANDLE,0.42,226,94.92,18,0.38,0.4,0.47,0.42,0.0, Competitive — Monitor,-1.0,,,MONITOR — No Clear Signal,0.0,0.42,0.0,0.0,-0.0,226.0,94.92,94.92,0.0
72740A,LARGE STRAWBERRY CHOCOLATE CANDLE,2.03,56,94.69999999999999,5,1.83,2.04,2.27,2.05,-1.0, Competitive — Monitor,-1.0,,,MONITOR — No Clear Signal,0.0,2.03,0.0,0.0,-0.0,56.0,113.67999999999999,113.67999999999999,0.0
20861,GOLD COSMETIC BAG PINK STAR,2.1,45,94.5,14,1.86,1.97,2.23,2.02,4.0, Competitive — Monitor,-1.0,,,MONITOR — No Clear Signal,0.0,2.1,0.0,0.0,-0.0,45.0,94.5,94.5,0.0
17038,PORCELAIN BUDAH INCENSE HOLDER,0.08750000000000001,1123,94.30000000000001,12,0.08,0.09,0.1,0.09,-2.8, Competitive — Monitor,-1.0,,,MONITOR — No Clear Signal,0.0,0.09,0.0,0.0,-0.0,1123.0,98.2625,101.07,2.81
90137,PINK COMBO MINI CRYSTALS NECKLACE,4.95,19,94.05000000000001,8,4.62,4.7,5.77,5.03,-1.6, Competitive — Monitor,-1.0,,,MONITOR — No Clear Signal,0.0,4.95,0.0,0.0,-0.0,19.0,94.05,94.05,0.0
20847,ZINC HEART LATTICE CHARGER LARGE,3.75,25,93.75,6,3.48,3.6,4.45,3.84,-2.3, Competitive — Monitor,-1.0,,,MONITOR — No Clear Signal,0.0,3.75,0.0,0.0,-0.0,25.0,93.75,93.75,0.0
90013A,MIDNIGHT BLUE VINTAGE EARRINGS,3.75,25,93.75,7,3.3,3.69,4.17,3.72,0.8, Competitive — Monitor,-1.0,,,MONITOR — No Clear Signal,0.0,3.75,0.0,0.0,-0.0,25.0,93.75,93.75,0.0
90002C,FLOWER BURST SILVER RING MIDN'T BLU,3.75,25,93.75,11,3.53,3.68,4.18,3.8,-1.3, Competitive — Monitor,-1.0,,,MONITOR — No Clear Signal,0.0,3.75,0.0,0.0,-0.0,25.0,93.75,93.75,0.0
90214S,"LETTER ""S"" BLING KEY RING",1.25,75,93.75,31,1.18,1.31,1.44,1.31,-4.6, Competitive — Monitor,-1.0,,,MONITOR — No Clear Signal,0.0,1.25,0.0,0.0,-0.0,75.0,93.75,93.75,0.0
47574A,ENGLISH ROSE SCENTED HANGING FLOWER,4.25,22,93.5,11,3.75,4.22,5.06,4.34,-2.1, Competitive — Monitor,-1.0,,,MONITOR — No Clear Signal,0.0,4.25,0.0,0.0,-0.0,22.0,93.5,93.5,0.0
90151,SILVER/NATURAL SHELL NECKLACE,8.5,11,93.5,5,7.53,8.05,9.27,8.28,2.7, Competitive — Monitor,-1.0,,,MONITOR — No Clear Signal,0.0,8.5,0.0,0.0,-0.0,11.0,93.5,93.5,0.0
84867A,PINK BABY GIRLS PHOTO ALBUM,6.616666666666667,15,92.25,3,5.96,6.37,7.38,6.57,0.7, Competitive — Monitor,-1.0,,,MONITOR — No Clear Signal,0.0,6.62,0.0,0.0,-0.0,15.0,99.25,99.3,0.05
21343,GOLD JEWELERY BOX,8.283333333333333,20,92.00000000000001,3,7.82,8.3,9.69,8.6,-3.7, Competitive — Monitor,-1.0,,,MONITOR — No Clear Signal,0.0,8.28,-0.0,0.0,-0.0,20.0,165.66666666666666,165.6,-0.07
79403,FROSTED WHITE BASE ,0.85,108,91.8,12,0.8,0.8,0.97,0.86,-1.2, Competitive — Monitor,-1.0,,,MONITOR — No Clear Signal,0.0,0.85,0.0,0.0,-0.0,108.0,91.8,91.8,0.0
84531A,PINK KNITTED EGG COSY,1.95,47,91.64999999999999,15,1.68,1.98,2.08,1.91,2.1, Competitive — Monitor,-1.0,,,MONITOR — No Clear Signal,0.0,1.95,0.0,0.0,-0.0,47.0,91.64999999999999,91.64999999999999,0.0
90129E,PURPLE GLASS TASSLE BAG CHARM,2.95,31,91.45000000000002,9,2.62,2.98,3.38,2.99,-1.3, Competitive — Monitor,-1.0,,,MONITOR — No Clear Signal,0.0,2.95,0.0,0.0,-0.0,31.0,91.45,91.45,0.0
20660,VIP LUGGAGE TAG ,1.25,73,91.25,26,1.13,1.29,1.35,1.26,-0.8, Competitive — Monitor,-1.0,,,MONITOR — No Clear Signal,0.0,1.25,0.0,0.0,-0.0,73.0,91.25,91.25,0.0
85131B,BEADED CRYSTAL HEART GREEN ON STICK,0.9633333333333334,189,91.05000000000001,11,0.87,1.03,1.09,1.0,-3.7, Competitive — Monitor,-2.718,Highly Elastic — Consider Discount,-5%,MONITOR — No Clear Signal,0.0,0.96,-0.0,0.0,-0.0,189.0,182.07000000000002,181.44,-0.63
90040D,MURANO STYLE GLASS BRACELET PINK,3.5,26,91.0,10,3.04,3.73,3.95,3.57,-2.0, Competitive — Monitor,-1.0,,,MONITOR — No Clear Signal,0.0,3.5,0.0,0.0,-0.0,26.0,91.0,91.0,0.0
90160A,PURPLE BOUDICCA LARGE BRACELET,6.95,13,90.35000000000001,9,6.5,7.45,8.21,7.39,-6.0, Competitive — Monitor,-1.0,,,MONITOR — No Clear Signal,0.0,6.95,0.0,0.0,-0.0,13.0,90.35000000000001,90.35000000000001,0.0
90144,SILVER DROP EARRINGS WITH FLOWER,3.75,24,90.0,8,3.44,3.6,4.2,3.75,0.0, Competitive — Monitor,-1.0,,,MONITOR — No Clear Signal,0.0,3.75,0.0,0.0,-0.0,24.0,90.0,90.0,0.0
90150,BLUE SHELL+SILVER NECKLACE,7.5,12,90.0,7,7.0,7.06,8.19,7.42,1.1, Competitive — Monitor,-1.0,,,MONITOR — No Clear Signal,0.0,7.5,0.0,0.0,-0.0,12.0,90.0,90.0,0.0
90013C,GREEN VINTAGE EARRINGS ,3.75,24,90.0,6,3.51,3.63,4.07,3.74,0.3, Competitive — Monitor,-1.0,,,MONITOR — No Clear Signal,0.0,3.75,0.0,0.0,-0.0,24.0,90.0,90.0,0.0
85094,CANDY SPOT EGG WARMER RABBIT,1.1015384615384616,109,89.93,12,1.02,1.17,1.3,1.16,-5.0, Competitive — Monitor,-1.0,,,MONITOR — No Clear Signal,0.0,1.1,-0.0,0.0,-0.0,109.0,120.06769230769231,119.9,-0.17
17013C,ORIGAMI LAVENDER INCENSE IN TUBE,0.42,213,89.46000000000001,2,0.38,0.45,0.45,0.43,-2.3, Competitive — Monitor,-1.0,,,MONITOR — No Clear Signal,0.0,0.42,0.0,0.0,-0.0,213.0,89.46,89.46,0.0
84765,SILVER ROCOCO CANDELABRA,12.75,7,89.25,4,11.62,13.48,14.2,13.1,-2.7, Competitive — Monitor,-1.0,,,MONITOR — No Clear Signal,0.0,12.75,0.0,0.0,-0.0,7.0,89.25,89.25,0.0
90042C,FRESHWATER PEARL BRACELET IVORY,2.55,35,89.25,8,2.21,2.39,2.75,2.45,4.1, Competitive — Monitor,-1.0,,,MONITOR — No Clear Signal,0.0,2.55,0.0,0.0,-0.0,35.0,89.25,89.25,0.0
84437A,S/6 PINK EASTER DECS IN BOX,0.85,105,89.25,17,0.78,0.91,0.99,0.89,-4.5, Competitive — Monitor,-1.0,,,MONITOR — No Clear Signal,0.0,0.85,0.0,0.0,-0.0,105.0,89.25,89.25,0.0
90086,CRYSTAL FROG PHONE CHARM,0.85,105,89.25,9,0.74,0.84,0.95,0.84,1.2, Competitive — Monitor,-1.0,,,MONITOR — No Clear Signal,0.0,0.85,0.0,0.0,-0.0,105.0,89.25,89.25,0.0
21337,SILVER WASHBAG,2.95,30,88.50000000000001,9,2.71,2.72,3.25,2.89,2.1, Competitive — Monitor,-1.0,,,MONITOR — No Clear Signal,0.0,2.95,0.0,0.0,-0.0,30.0,88.5,88.5,0.0
90129D,AMBER GLASS TASSLE BAG CHARM,2.95,30,88.5,10,2.58,2.92,3.26,2.92,1.0, Competitive — Monitor,-1.0,,,MONITOR — No Clear Signal,0.0,2.95,0.0,0.0,-0.0,30.0,88.5,88.5,0.0
84721,MANHATTAN CANVAS ART PICTURE,8.35,20,87.8,2,7.2,7.74,9.83,8.26,1.1, Competitive — Monitor,-1.0,,,MONITOR — No Clear Signal,0.0,8.35,0.0,0.0,-0.0,20.0,167.0,167.0,0.0
84629,WHITE 3 FRAME BIRDS AND TREE ,21.95,4,87.8,3,19.02,22.1,24.87,22.0,-0.2, Competitive — Monitor,-1.0,,,MONITOR — No Clear Signal,0.0,21.95,0.0,0.0,-0.0,4.0,87.8,87.8,0.0
90036E,"FLOWER GLASS GARLD NECKL36""AMETHYST",7.95,11,87.45,6,6.76,7.74,9.2,7.9,0.6, Competitive — Monitor,-1.0,,,MONITOR — No Clear Signal,0.0,7.95,0.0,0.0,-0.0,11.0,87.45,87.45,0.0
35822B,"ACRYLIC BEAD CHAIN, BLUE",0.38,229,87.02,1,0.35,0.38,0.45,0.39,-2.6, Competitive — Monitor,-1.0,,,MONITOR — No Clear Signal,0.0,0.38,0.0,0.0,-0.0,229.0,87.02,87.02,0.0
84452,METAL RABBIT LADDER EASTER ,0.85,102,86.69999999999999,10,0.78,0.87,1.01,0.89,-4.5, Competitive — Monitor,-1.0,,,MONITOR — No Clear Signal,0.0,0.85,0.0,0.0,-0.0,102.0,86.7,86.7,0.0
84882,GREEN WIRE STANDING CANDLE HOLDER,3.75,23,86.25,12,3.38,3.97,4.12,3.82,-1.8, Competitive — Monitor,-1.0,,,MONITOR — No Clear Signal,0.0,3.75,0.0,0.0,-0.0,23.0,86.25,86.25,0.0
16248B,BLUE HOLE PUNCH,1.25,69,86.25,5,1.08,1.28,1.49,1.28,-2.3, Competitive — Monitor,-1.0,,,MONITOR — No Clear Signal,0.0,1.25,0.0,0.0,-0.0,69.0,86.25,86.25,0.0
84424A,FOUR PICTURE WHITE GLASS FRAME,3.75,23,86.25,10,3.22,3.71,3.95,3.63,3.3, Competitive — Monitor,-1.0,,,MONITOR — No Clear Signal,0.0,3.75,0.0,0.0,-0.0,23.0,86.25,86.25,0.0
84509E,CAROUSEL PLACEMATS ,3.125,63,86.25,4,2.66,3.28,3.46,3.13,-0.2, Competitive — Monitor,-1.0,,,MONITOR — No Clear Signal,0.0,3.12,-0.0,0.0,-0.0,63.0,196.875,196.56,-0.31
47504H,ENGLISH ROSE SPIRIT LEVEL ,1.95,44,85.8,16,1.69,2.08,2.31,2.03,-3.9, Competitive — Monitor,-1.0,,,MONITOR — No Clear Signal,0.0,1.95,0.0,0.0,-0.0,44.0,85.8,85.8,0.0
84531B,BLUE KNITTED EGG COSY,1.95,44,85.8,15,1.83,1.83,2.13,1.93,1.0, Competitive — Monitor,-1.0,,,MONITOR — No Clear Signal,0.0,1.95,0.0,0.0,-0.0,44.0,85.8,85.8,0.0
22859,EASTER TIN BUNNY BOUQUET,1.65,52,85.79999999999998,7,1.44,1.66,1.8,1.63,1.2, Competitive — Monitor,-1.0,,,MONITOR — No Clear Signal,0.0,1.65,0.0,0.0,-0.0,52.0,85.8,85.8,0.0
84923,PINK BUTTERFLY HANDBAG W BOBBLES,8.5,10,85.0,5,7.53,8.21,9.31,8.35,1.8, Competitive — Monitor,-1.0,,,MONITOR — No Clear Signal,0.0,8.5,0.0,0.0,-0.0,10.0,85.0,85.0,0.0
17027A,INCENSE BAZAAR CANNABIS,0.355,228,84.84,2,0.31,0.33,0.41,0.35,1.4, Competitive — Monitor,-1.0,,,MONITOR — No Clear Signal,0.0,0.36,0.01,0.0,-0.0,228.0,80.94,82.08,1.14
46775A,BUBBLE GUM CHUNKY KNITTED THROW ,16.95,5,84.75,4,14.78,17.41,18.91,17.03,-0.5, Competitive — Monitor,-1.0,,,MONITOR — No Clear Signal,0.0,16.95,0.0,0.0,-0.0,5.0,84.75,84.75,0.0
84873A,FUNKY FLOWER PICNIC BAG FOR 4,16.95,5,84.75,3,15.29,17.93,19.65,17.62,-3.8, Competitive — Monitor,-1.0,,,MONITOR — No Clear Signal,0.0,16.95,0.0,0.0,-0.0,5.0,84.75,84.75,0.0
46775B,BERRIES CHUNKY KNITTED THROW ,16.95,5,84.75,4,15.44,16.04,20.07,17.18,-1.3, Competitive — Monitor,-1.0,,,MONITOR — No Clear Signal,0.0,16.95,0.0,0.0,-0.0,5.0,84.75,84.75,0.0
35271S,GOLD PRINT PAPER BAG,0.20277777777777778,414,84.18,18,0.18,0.21,0.23,0.21,-3.4, Competitive — Monitor,-1.0,,,MONITOR — No Clear Signal,0.0,0.2,-0.0,0.0,-0.0,414.0,83.95,82.80000000000001,-1.15
85026B,EAU DE NILE JEWELLED T-LIGHT HOLDER,0.85,99,84.15,12,0.73,0.9,0.92,0.85,0.0, Competitive — Monitor,-1.0,,,MONITOR — No Clear Signal,0.0,0.85,0.0,0.0,-0.0,99.0,84.14999999999999,84.14999999999999,0.0
90098,NECKLACE+BRACELET PINK BUTTERFLY,2.55,33,84.14999999999999,14,2.27,2.72,3.03,2.67,-4.5, Competitive — Monitor,-1.0,,,MONITOR — No Clear Signal,0.0,2.55,0.0,0.0,-0.0,33.0,84.14999999999999,84.14999999999999,0.0
90088,CRYSTAL KEY+LOCK PHONE CHARM,0.85,99,84.14999999999999,12,0.74,0.82,0.93,0.83,2.4, Competitive — Monitor,-1.0,,,MONITOR — No Clear Signal,0.0,0.85,0.0,0.0,-0.0,99.0,84.14999999999999,84.14999999999999,0.0
47578A,ENGLISH ROSE SMALL SCENTED FLOWER,0.85,99,84.14999999999999,23,0.74,0.9,0.91,0.85,0.0, Competitive — Monitor,-1.0,,,MONITOR — No Clear Signal,0.0,0.85,0.0,0.0,-0.0,99.0,84.14999999999999,84.14999999999999,0.0
35914,PINK CHICK EGG WARMER + EGG CUP,2.1,40,84.00000000000001,10,1.99,2.04,2.23,2.09,0.5, Competitive — Monitor,-1.0,,,MONITOR — No Clear Signal,0.0,2.1,0.0,0.0,-0.0,40.0,84.0,84.0,0.0
35911B,PINK/FLOWER RABBIT EGG WARMER ,2.1,40,84.0,9,1.91,2.12,2.38,2.14,-1.9, Competitive — Monitor,-1.0,,,MONITOR — No Clear Signal,0.0,2.1,0.0,0.0,-0.0,40.0,84.0,84.0,0.0
90000A,RASPBERRY ANT COPPER FLOWER NECKLAC,5.95,14,83.3,8,5.39,5.52,6.35,5.75,3.5, Competitive — Monitor,-1.0,,,MONITOR — No Clear Signal,0.0,5.95,0.0,0.0,-0.0,14.0,83.3,83.3,0.0
90211B,JET BLACK LAS VEGAS NECKLACE 45CM,5.95,14,83.3,7,5.3,5.52,6.37,5.73,3.8, Competitive — Monitor,-1.0,,,MONITOR — No Clear Signal,0.0,5.95,0.0,0.0,-0.0,14.0,83.3,83.3,0.0
35610A,PINK CHRISTMAS FLOCK DROPLET ,1.012857142857143,130,82.82,7,0.9,1.05,1.11,1.02,-0.7, Competitive — Monitor,-1.0,,,MONITOR — No Clear Signal,0.0,1.01,-0.0,0.0,-0.0,130.0,131.67142857142858,131.3,-0.37
72779,SET/6 BLACK ROSE T-LIGHT CANDLES,1.69,49,82.81,15,1.53,1.67,1.85,1.68,0.6, Competitive — Monitor,-1.0,,,MONITOR — No Clear Signal,0.0,1.69,0.0,0.0,-0.0,49.0,82.81,82.81,0.0
90129A,PINK GLASS TASSLE BAG CHARM ,2.95,28,82.60000000000001,12,2.71,2.83,3.36,2.97,-0.7, Competitive — Monitor,-1.0,,,MONITOR — No Clear Signal,0.0,2.95,0.0,0.0,-0.0,28.0,82.60000000000001,82.60000000000001,0.0
90210D,PURPLE ACRYLIC FACETED BANGLE,2.95,28,82.60000000000001,7,2.71,2.8,3.46,2.99,-1.3, Competitive — Monitor,-1.0,,,MONITOR — No Clear Signal,0.0,2.95,0.0,0.0,-0.0,28.0,82.60000000000001,82.60000000000001,0.0
90190B,GOLD/AMBER DROP EARRINGS W LEAF,2.95,28,82.60000000000001,5,2.56,3.03,3.43,3.01,-2.0, Competitive — Monitor,-1.0,,,MONITOR — No Clear Signal,0.0,2.95,0.0,0.0,-0.0,28.0,82.60000000000001,82.60000000000001,0.0
90162B,ANT SILVER LIME GREEN BOUDICCA RING,2.95,28,82.60000000000001,10,2.66,2.71,3.21,2.86,3.1, Competitive — Monitor,-1.0,,,MONITOR — No Clear Signal,0.0,2.95,0.0,0.0,-0.0,28.0,82.60000000000001,82.60000000000001,0.0
90162C,ANT SILVER FUSCHIA BOUDICCA RING,2.95,28,82.60000000000001,9,2.63,3.09,3.21,2.98,-1.0, Competitive — Monitor,-1.0,,,MONITOR — No Clear Signal,0.0,2.95,0.0,0.0,-0.0,28.0,82.60000000000001,82.60000000000001,0.0
90199D,5 STRAND GLASS NECKLACE AMBER,6.35,13,82.55,7,5.95,5.92,7.59,6.49,-2.2, Competitive — Monitor,-1.0,,,MONITOR — No Clear Signal,0.0,6.35,0.0,0.0,-0.0,13.0,82.55,82.55,0.0
72821,CUPID SCENTED CANDLE IN GLASS,1.65,50,82.49999999999999,10,1.51,1.57,1.73,1.6,3.1, Competitive — Monitor,-1.0,,,MONITOR — No Clear Signal,0.0,1.65,0.0,0.0,-0.0,50.0,82.5,82.5,0.0
35966,FOLKART CHRISTMAS TREE T-LIGHT HOLD,0.38,217,82.46000000000001,18,0.34,0.37,0.45,0.39,-2.6, Competitive — Monitor,-1.0,,,MONITOR — No Clear Signal,0.0,0.38,0.0,0.0,-0.0,217.0,82.46000000000001,82.46000000000001,0.0
35838B,S/6 SILVER ORNAMENETAL CANDLE,0.85,97,82.45,22,0.73,0.85,0.92,0.83,2.4, Competitive — Monitor,-1.0,,,MONITOR — No Clear Signal,0.0,0.85,0.0,0.0,-0.0,97.0,82.45,82.45,0.0
21699,SET 5 MINI CHOCOLATE FRIDGE MAGNETS,1.2266666666666666,108,82.44,3,1.12,1.2,1.46,1.26,-2.6, Competitive — Monitor,-1.0,,,MONITOR — No Clear Signal,0.0,1.23,0.0,0.0,-0.0,108.0,132.48,132.84,0.36
16051,TEATIME PENCIL W STAMP ASST,0.3,938,82.2,3,0.26,0.29,0.33,0.29,3.4, Competitive — Monitor,-1.0,,,MONITOR — No Clear Signal,0.0,0.3,0.0,0.0,-0.0,938.0,281.4,281.4,0.0
35609A,PINK FEATHER CHRISTMAS DECORATION,0.2488888888888889,427,82.19000000000001,18,0.22,0.27,0.28,0.26,-4.3, Competitive — Monitor,-1.0,,,MONITOR — No Clear Signal,0.0,0.25,0.0,0.0,-0.0,427.0,106.27555555555557,106.75,0.47
84951B,S/4 BLACK LOVEBIRD COASTERS,2.55,32,81.6,9,2.2,2.61,2.95,2.59,-1.5, Competitive — Monitor,-1.0,,,MONITOR — No Clear Signal,0.0,2.55,0.0,0.0,-0.0,32.0,81.6,81.6,0.0
35819B,"ACRYLIC HANGING JEWEL,BLUE",1.1257142857142857,115,81.11,7,1.03,1.04,1.28,1.12,0.5, Competitive — Monitor,-1.0,,,MONITOR — No Clear Signal,0.0,1.13,0.0,0.0,-0.0,115.0,129.45714285714286,129.95,0.49
84388,WISE MAN STAR SHAPE EGG PAN,1.65,49,80.85,17,1.44,1.63,1.81,1.63,1.2, Competitive — Monitor,-1.0,,,MONITOR — No Clear Signal,0.0,1.65,0.0,0.0,-0.0,49.0,80.85,80.85,0.0
90185D,CRYSTAL DIAMANTE EXPANDABLE RING,4.25,19,80.75,10,3.78,4.51,4.82,4.37,-2.7, Competitive — Monitor,-1.0,,,MONITOR — No Clear Signal,0.0,4.25,0.0,0.0,-0.0,19.0,80.75,80.75,0.0
90121B,VINTAGE ROSE BEAD BRACELET BLUE,4.25,19,80.75,9,3.99,4.11,4.93,4.34,-2.1, Competitive — Monitor,-1.0,,,MONITOR — No Clear Signal,0.0,4.25,0.0,0.0,-0.0,19.0,80.75,80.75,0.0
47481,50CM METAL STRING WITH  7 CLIPS,0.85,95,80.75,16,0.74,0.79,0.9,0.81,4.9, Competitive — Monitor,-1.0,,,MONITOR — No Clear Signal,0.0,0.85,0.0,0.0,-0.0,95.0,80.75,80.75,0.0
17011E,ORIGAMI OPIUM SCENT INCENSE+FLOWER,0.65,124,80.60000000000001,1,0.59,0.68,0.68,0.65,0.0, Competitive — Monitor,-1.0,,,MONITOR — No Clear Signal,0.0,0.65,0.0,0.0,-0.0,124.0,80.60000000000001,80.60000000000001,0.0
90214K,"LETTER ""K"" BLING KEY RING",1.25,64,80.0,34,1.11,1.27,1.4,1.26,-0.8, Competitive — Monitor,-1.0,,,MONITOR — No Clear Signal,0.0,1.25,0.0,0.0,-0.0,64.0,80.0,80.0,0.0
90214A,"LETTER ""A"" BLING KEY RING",1.25,64,80.0,31,1.06,1.26,1.34,1.22,2.5, Competitive — Monitor,-1.0,,,MONITOR — No Clear Signal,0.0,1.25,0.0,0.0,-0.0,64.0,80.0,80.0,0.0
47471,RAINBOW PEGS PHOTO CLIP STRING,0.65,123,79.95,19,0.6,0.6,0.75,0.65,0.0, Competitive — Monitor,-1.0,,,MONITOR — No Clear Signal,0.0,0.65,0.0,0.0,-0.0,123.0,79.95,79.95,0.0
21400,RED PUDDING SPOON,0.42,190,79.8,15,0.36,0.4,0.45,0.4,5.0, Competitive — Monitor,-1.0,,,MONITOR — No Clear Signal,0.0,0.42,0.0,0.0,-0.0,190.0,79.8,79.8,0.0
84795E,RIO PINK STRIPE HAMMOCK,7.95,10,79.5,5,7.13,8.11,8.86,8.03,-1.0, Competitive — Monitor,-1.0,,,MONITOR — No Clear Signal,0.0,7.95,0.0,0.0,-0.0,10.0,79.5,79.5,0.0
90081C,LILY BROOCH OLIVE COLOUR,4.95,16,79.2,7,4.49,4.72,5.34,4.85,2.1, Competitive — Monitor,-1.0,,,MONITOR — No Clear Signal,0.0,4.95,0.0,0.0,-0.0,16.0,79.2,79.2,0.0
90115,SUMMER BUTTERFLIES BAG CHARM,2.55,31,79.05,11,2.33,2.55,2.89,2.59,-1.5, Competitive — Monitor,-1.0,,,MONITOR — No Clear Signal,0.0,2.55,0.0,0.0,-0.0,31.0,79.05,79.05,0.0
90214C,"LETTER ""C"" BLING KEY RING",1.25,63,78.75,27,1.15,1.26,1.33,1.25,0.0, Competitive — Monitor,-1.0,,,MONITOR — No Clear Signal,0.0,1.25,0.0,0.0,-0.0,63.0,78.75,78.75,0.0
84751B,BLACK MEDIUM GLASS CAKE STAND,3.75,21,78.75,11,3.28,3.62,3.95,3.62,3.6, Competitive — Monitor,-1.0,,,MONITOR — No Clear Signal,0.0,3.75,0.0,0.0,-0.0,21.0,78.75,78.75,0.0
90214L,"LETTER ""L"" BLING KEY RING",1.25,63,78.75,24,1.06,1.34,1.32,1.24,0.8, Competitive — Monitor,-1.0,,,MONITOR — No Clear Signal,0.0,1.25,0.0,0.0,-0.0,63.0,78.75,78.75,0.0
84199,GLOW IN DARK DOLPHINS,0.20846153846153845,386,78.53999999999999,34,0.19,0.22,0.25,0.22,-5.2, Competitive — Monitor,-1.0,,,MONITOR — No Clear Signal,0.0,0.21,0.0,0.0,-0.0,386.0,80.46615384615384,81.06,0.59
35931,PINK STAR CHRISTMAS DECORATION,0.48466666666666663,156,78.12,15,0.44,0.5,0.52,0.49,-1.1, Competitive — Monitor,-1.0,,,MONITOR — No Clear Signal,0.0,0.48,-0.0,0.0,-0.0,156.0,75.60799999999999,74.88,-0.73
84596I,WRAP SWEETS LIGHT PINK SMALL BOWL,1.231,71,78.11,9,1.15,1.15,1.42,1.24,-0.7, Competitive — Monitor,-1.0,,,MONITOR — No Clear Signal,0.0,1.23,-0.0,0.0,-0.0,71.0,87.40100000000001,87.33,-0.07
84914A,PINK ROSE PICNIC RUG,25.95,3,77.85,2,24.19,24.31,27.51,25.34,2.4, Competitive — Monitor,-1.0,,,MONITOR — No Clear Signal,0.0,25.95,0.0,0.0,-0.0,3.0,77.85,77.85,0.0
17090D,VANILLA INCENSE 40 CONES IN TIN,1.2289473684210528,66,77.7,18,1.15,1.23,1.31,1.23,-0.1, Competitive — Monitor,-1.0,,,MONITOR — No Clear Signal,0.0,1.23,0.0,0.0,-0.0,66.0,81.11052631578949,81.17999999999999,0.07
84614A,PINK BAROQUE FLOCK CANDLE HOLDER,5.95,13,77.35000000000001,7,5.35,5.63,6.7,5.89,1.0, Competitive — Monitor,-1.0,,,MONITOR — No Clear Signal,0.0,5.95,0.0,0.0,-0.0,13.0,77.35000000000001,77.35000000000001,0.0
21450,DISTRESSED CANDLE STICK WHITE,5.95,13,77.35,3,5.26,6.41,6.66,6.11,-2.6, Competitive — Monitor,-1.0,,,MONITOR — No Clear Signal,0.0,5.95,0.0,0.0,-0.0,13.0,77.35000000000001,77.35000000000001,0.0
84917,WHITE HAND TOWEL WITH BUTTERFLY,5.95,13,77.35,3,5.53,5.62,7.1,6.08,-2.1, Competitive — Monitor,-1.0,,,MONITOR — No Clear Signal,0.0,5.95,0.0,0.0,-0.0,13.0,77.35000000000001,77.35000000000001,0.0
90092,BLUE CRYSTAL BOOT PHONE CHARM,0.85,91,77.35,7,0.76,0.85,1.01,0.87,-2.3, Competitive — Monitor,-1.0,,,MONITOR — No Clear Signal,0.0,0.85,0.0,0.0,-0.0,91.0,77.35,77.35,0.0
90040C,MURANO STYLE GLASS BRACELET GOLD,3.5,22,77.0,7,3.04,3.42,4.08,3.51,-0.3, Competitive — Monitor,-1.0,,,MONITOR — No Clear Signal,0.0,3.5,0.0,0.0,-0.0,22.0,77.0,77.0,0.0
90018A,SILVER M.O.P ORBIT DROP EARRINGS,4.25,18,76.5,7,3.98,4.34,4.85,4.39,-3.2, Competitive — Monitor,-1.0,,,MONITOR — No Clear Signal,0.0,4.25,0.0,0.0,-0.0,18.0,76.5,76.5,0.0
85169C,EAU DE NIL LOVE BIRD CANDLE,1.25,61,76.25,17,1.17,1.18,1.4,1.25,0.0, Competitive — Monitor,-1.0,,,MONITOR — No Clear Signal,0.0,1.25,0.0,0.0,-0.0,61.0,76.25,76.25,0.0
84926D,LA PALMIERA TILE COASTER,1.25,61,76.25,8,1.12,1.24,1.38,1.25,0.0, Competitive — Monitor,-1.0,,,MONITOR — No Clear Signal,0.0,1.25,0.0,0.0,-0.0,61.0,76.25,76.25,0.0
71510,SQUARE METAL CANDLEHOLDER BASE,0.7788888888888889,125,75.53,9,0.67,0.75,0.93,0.78,-0.1, Competitive — Monitor,-1.0,,,MONITOR — No Clear Signal,0.0,0.78,0.0,0.0,-0.0,125.0,97.3611111111111,97.5,0.14
79051A,SMOKEY GREY COLOUR D.O.F. GLASS,0.65,116,75.4,10,0.58,0.69,0.74,0.67,-3.0, Competitive — Monitor,-1.0,,,MONITOR — No Clear Signal,0.0,0.65,0.0,0.0,-0.0,116.0,75.4,75.4,0.0
84030C,KNITTED RAINBOW HOT WATER BOTTLE,3.75,20,75.0,5,3.49,3.47,4.26,3.74,0.3, Competitive — Monitor,-1.0,,,MONITOR — No Clear Signal,0.0,3.75,0.0,0.0,-0.0,20.0,75.0,75.0,0.0
37399,"ASS RETROSPOOF MUGS,SPORTS",0.9733333333333333,143,75.0,6,0.92,1.04,1.06,1.01,-3.6, Competitive — Monitor,-1.0,,,MONITOR — No Clear Signal,0.0,0.97,-0.0,0.0,-0.0,143.0,139.18666666666667,138.71,-0.48
90013B,BLACK VINTAGE EARRINGS,3.75,20,75.0,5,3.26,3.95,3.96,3.72,0.8, Competitive — Monitor,-1.0,,,MONITOR — No Clear Signal,0.0,3.75,0.0,0.0,-0.0,20.0,75.0,75.0,0.0
90214J,"LETTER ""J"" BLING KEY RING",1.25,60,75.0,26,1.07,1.21,1.49,1.26,-0.8, Competitive — Monitor,-1.0,,,MONITOR — No Clear Signal,0.0,1.25,0.0,0.0,-0.0,60.0,75.0,75.0,0.0
84921,CREAM AND PINK FLOWERS PONY ,3.75,20,75.0,10,3.52,3.92,4.11,3.85,-2.6, Competitive — Monitor,-1.0,,,MONITOR — No Clear Signal,0.0,3.75,0.0,0.0,-0.0,20.0,75.0,75.0,0.0
16161E,WRAP BOUDOIR ,0.1,750,75.0,9,0.09,0.09,0.11,0.1,0.0, Competitive — Monitor,-1.0,,,MONITOR — No Clear Signal,0.0,0.1,0.0,0.0,-0.0,750.0,75.0,75.0,0.0
84757,ENCHANTED GARDEN WROUGHT IRON TABLE,14.95,5,74.75,4,13.52,16.07,15.95,15.18,-1.5, Competitive — Monitor,-1.0,,,MONITOR — No Clear Signal,0.0,14.95,0.0,0.0,-0.0,5.0,74.75,74.75,0.0
47343A,FUSCHIA FLOWER PURSE WITH BEADS,1.49,50,74.5,11,1.41,1.5,1.75,1.55,-3.9, Competitive — Monitor,-1.0,,,MONITOR — No Clear Signal,0.0,1.49,0.0,0.0,-0.0,50.0,74.5,74.5,0.0
84613A,PINK NEW BAROQUE FLOCK CANDLESTICK,4.65,16,74.4,7,3.98,4.5,4.9,4.46,4.3, Competitive — Monitor,-1.0,,,MONITOR — No Clear Signal,0.0,4.65,0.0,0.0,-0.0,16.0,74.4,74.4,0.0
90065A,WHITE VINTAGE CRYSTAL BRACELET,6.75,11,74.25,4,6.18,6.6,7.93,6.9,-2.2, Competitive — Monitor,-1.0,,,MONITOR — No Clear Signal,0.0,6.75,0.0,0.0,-0.0,11.0,74.25,74.25,0.0
90156,RESIN BRACELET W PASTEL BEADS,4.95,15,74.25,5,4.24,4.61,5.3,4.72,4.9, Competitive — Monitor,-1.0,,,MONITOR — No Clear Signal,0.0,4.95,0.0,0.0,-0.0,15.0,74.25,74.25,0.0
84874B,BLUE TRAVEL FIRST AID KIT,1.65,45,74.25,22,1.46,1.78,1.95,1.73,-4.6, Competitive — Monitor,-1.0,,,MONITOR — No Clear Signal,0.0,1.65,0.0,0.0,-0.0,45.0,74.25,74.25,0.0
37509,NEW ENGLAND MUG W GIFT BOX,2.55,29,73.94999999999999,14,2.37,2.36,2.96,2.56,-0.4, Competitive — Monitor,-1.0,,,MONITOR — No Clear Signal,0.0,2.55,0.0,0.0,-0.0,29.0,73.94999999999999,73.94999999999999,0.0
20664,TROPICAL HOLIDAY PURSE ,2.95,25,73.75,13,2.64,3.02,3.17,2.94,0.3, Competitive — Monitor,-1.0,,,MONITOR — No Clear Signal,0.0,2.95,0.0,0.0,-0.0,25.0,73.75,73.75,0.0
90112,PINK DOLLY HAIR CLIPS,1.05,70,73.5,15,1.0,1.04,1.19,1.08,-2.8, Competitive — Monitor,-1.0,,,MONITOR — No Clear Signal,0.0,1.05,0.0,0.0,-0.0,70.0,73.5,73.5,0.0
84744,S/6 SEW ON CROCHET FLOWERS,1.25,58,72.5,16,1.13,1.34,1.37,1.28,-2.3, Competitive — Monitor,-1.0,,,MONITOR — No Clear Signal,0.0,1.25,0.0,0.0,-0.0,58.0,72.5,72.5,0.0
84926A,WAKE UP COCKEREL TILE COASTER,1.25,58,72.5,12,1.1,1.2,1.35,1.22,2.5, Competitive — Monitor,-1.0,,,MONITOR — No Clear Signal,0.0,1.25,0.0,0.0,-0.0,58.0,72.5,72.5,0.0
84753A,PINK EAU DE COLOGNE BOTTLE,0.85,85,72.25,15,0.74,0.85,1.0,0.86,-1.2, Competitive — Monitor,-1.0,,,MONITOR — No Clear Signal,0.0,0.85,0.0,0.0,-0.0,85.0,72.25,72.25,0.0
84427B,BLACK GLASS TV DOUBLE P/FRAME 15X10,4.25,17,72.25,5,3.76,4.24,4.72,4.24,0.2, Competitive — Monitor,-1.0,,,MONITOR — No Clear Signal,0.0,4.25,0.0,0.0,-0.0,17.0,72.25,72.25,0.0
84454,WOBBLING METAL CHICKEN EASTER,0.8499999999999999,85,72.25,13,0.75,0.88,0.94,0.86,-1.2, Competitive — Monitor,-1.0,,,MONITOR — No Clear Signal,0.0,0.85,0.0,0.0,-0.0,85.0,72.24999999999999,72.25,0.0
90036F,"FLOWER GLASS GARLD NECKL36""TURQUOIS",7.95,9,71.55000000000001,3,6.81,7.4,8.55,7.59,4.7, Competitive — Monitor,-1.0,,,MONITOR — No Clear Signal,0.0,7.95,0.0,0.0,-0.0,9.0,71.55,71.55,0.0
35937,CERISE+GOLD CHRISTMAS STOCKING DEC,0.38,188,71.44,17,0.34,0.36,0.42,0.37,2.7, Competitive — Monitor,-1.0,,,MONITOR — No Clear Signal,0.0,0.38,0.0,0.0,-0.0,188.0,71.44,71.44,0.0
22928,YELLOW GIANT GARDEN THERMOMETER,5.95,12,71.4,5,5.33,5.68,7.03,6.01,-1.0, Competitive — Monitor,-1.0,,,MONITOR — No Clear Signal,0.0,5.95,0.0,0.0,-0.0,12.0,71.4,71.4,0.0
37467,PIG MUG IN TWO COLOUR DESIGNS,0.85,84,71.39999999999999,17,0.78,0.88,0.94,0.87,-2.3, Competitive — Monitor,-1.0,,,MONITOR — No Clear Signal,0.0,0.85,0.0,0.0,-0.0,84.0,71.39999999999999,71.39999999999999,0.0
22857,ASSORTED EASTER GIFT TAGS,0.85,84,71.39999999999999,4,0.78,0.81,1.01,0.87,-2.3, Competitive — Monitor,-1.0,,,MONITOR — No Clear Signal,0.0,0.85,0.0,0.0,-0.0,84.0,71.39999999999999,71.39999999999999,0.0
84925C,FAIRY CAKES  WALL THERMOMETER,2.55,28,71.39999999999999,10,2.35,2.58,3.04,2.66,-4.1, Competitive — Monitor,-1.0,,,MONITOR — No Clear Signal,0.0,2.55,0.0,0.0,-0.0,28.0,71.39999999999999,71.39999999999999,0.0
84877D,BLUE ROUND COMPACT MIRROR,3.75,19,71.25,6,3.19,3.58,4.02,3.6,4.2, Competitive — Monitor,-1.0,,,MONITOR — No Clear Signal,0.0,3.75,0.0,0.0,-0.0,19.0,71.25,71.25,0.0
82011A,"BATHROOM SCALES, TROPICAL BEACH",3.75,19,71.25,13,3.27,3.97,4.04,3.76,-0.3, Competitive — Monitor,-1.0,,,MONITOR — No Clear Signal,0.0,3.75,0.0,0.0,-0.0,19.0,71.25,71.25,0.0
16256C,HEARTS PENCIL/RUBBER+5 MINI PENCILS,0.42000000000000004,169,70.98,10,0.38,0.45,0.5,0.44,-4.5, Competitive — Monitor,-1.0,,,MONITOR — No Clear Signal,0.0,0.42,-0.0,0.0,-0.0,169.0,70.98,70.98,0.0
90190C,SILVER/AMETHYST DROP EARRINGS LEAF,2.9500000000000006,24,70.80000000000001,6,2.65,2.96,3.27,2.96,-0.3, Competitive — Monitor,-1.0,,,MONITOR — No Clear Signal,0.0,2.95,-0.0,0.0,-0.0,24.0,70.80000000000001,70.80000000000001,0.0
90186B,CRYSTAL HOOP EARRING FLORAL LEAF,2.95,24,70.80000000000001,7,2.51,2.88,3.1,2.83,4.2, Competitive — Monitor,-1.0,,,MONITOR — No Clear Signal,0.0,2.95,0.0,0.0,-0.0,24.0,70.80000000000001,70.80000000000001,0.0
71496A,A4 WALL TIDY BLUE OFFICE,0.62,126,70.38000000000001,4,0.58,0.59,0.68,0.62,0.0, Competitive — Monitor,-1.0,,,MONITOR — No Clear Signal,0.0,0.62,0.0,0.0,-0.0,126.0,78.12,78.12,0.0
84927A,WAKE UP COCKEREL TILE HOOK,1.732727272727273,172,70.32000000000001,11,1.61,1.61,1.97,1.73,0.2, Competitive — Monitor,-1.0,,,MONITOR — No Clear Signal,0.0,1.73,-0.0,0.0,-0.0,172.0,298.02909090909094,297.56,-0.47
90005A,JADE GREEN ENAMEL HAIR COMB,1.95,36,70.2,7,1.76,1.88,2.28,1.97,-1.0, Competitive — Monitor,-1.0,,,MONITOR — No Clear Signal,0.0,1.95,0.0,0.0,-0.0,36.0,70.2,70.2,0.0
84705A,ENGLISH ROSE PHOTO FRAME ,4.65,15,69.75,7,3.98,4.76,4.98,4.57,1.8, Competitive — Monitor,-1.0,,,MONITOR — No Clear Signal,0.0,4.65,0.0,0.0,-0.0,15.0,69.75,69.75,0.0
90124C,GREEN MURANO TWIST NECKLACE,9.95,7,69.64999999999999,4,9.22,10.0,10.61,9.94,0.1, Competitive — Monitor,-1.0,,,MONITOR — No Clear Signal,0.0,9.95,0.0,0.0,-0.0,7.0,69.64999999999999,69.64999999999999,0.0
90049,IVORY GOLD METAL BAG CHARM,4.95,14,69.3,2,4.5,5.3,5.88,5.23,-5.4, Competitive — Monitor,-1.0,,,MONITOR — No Clear Signal,0.0,4.95,0.0,0.0,-0.0,14.0,69.3,69.3,0.0
90019A,SILVER M.O.P ORBIT BRACELET,4.95,14,69.3,8,4.59,4.87,5.76,5.07,-2.4, Competitive — Monitor,-1.0,,,MONITOR — No Clear Signal,0.0,4.95,0.0,0.0,-0.0,14.0,69.3,69.3,0.0
72140F,HAPPY ANNIVERSARY CANDLE LETTERS,0.41600000000000004,175,69.17999999999999,14,0.38,0.43,0.47,0.43,-3.3, Competitive — Monitor,-1.0,,,MONITOR — No Clear Signal,0.0,0.42,0.0,0.0,-0.0,175.0,72.80000000000001,73.5,0.7
81952V,ROUND PURPLE CLOCK W/SUCKER,0.829,86,68.9,10,0.77,0.83,0.97,0.86,-3.6, Competitive — Monitor,-1.0,,,MONITOR — No Clear Signal,0.0,0.83,0.0,0.0,-0.0,86.0,71.294,71.38,0.09
84857A,SILVER MONTE CARLO HANDBAG,8.5,8,68.0,3,7.67,8.52,9.47,8.55,-0.6, Competitive — Monitor,-1.0,,,MONITOR — No Clear Signal,0.0,8.5,0.0,0.0,-0.0,8.0,68.0,68.0,0.0
90028,NEW BAROQUE LARGE NECKLACE BLK/WHIT,8.5,8,68.0,4,7.34,8.18,9.89,8.47,0.4, Competitive — Monitor,-1.0,,,MONITOR — No Clear Signal,0.0,8.5,0.0,0.0,-0.0,8.0,68.0,68.0,0.0
81950B,FLOWER BLUE CLOCK W/SUCKER,0.85,80,68.0,15,0.78,0.84,0.94,0.85,0.0, Competitive — Monitor,-1.0,,,MONITOR — No Clear Signal,0.0,0.85,0.0,0.0,-0.0,80.0,68.0,68.0,0.0
79191D,RETRO PLASTIC DAISY TRAY,0.85,80,68.0,24,0.78,0.85,0.92,0.85,0.0, Competitive — Monitor,-1.0,,,MONITOR — No Clear Signal,0.0,0.85,0.0,0.0,-0.0,80.0,68.0,68.0,0.0
84425A,WHITE GLASS TV TRIPLE FRAME,4.25,16,68.0,8,3.93,4.39,4.93,4.42,-3.8, Competitive — Monitor,-1.0,,,MONITOR — No Clear Signal,0.0,4.25,0.0,0.0,-0.0,16.0,68.0,68.0,0.0
90016A,SILVER/M.O.P PENDANT ORBIT NECKLACE,8.5,8,68.0,5,7.37,9.1,9.46,8.64,-1.6, Competitive — Monitor,-1.0,,,MONITOR — No Clear Signal,0.0,8.5,0.0,0.0,-0.0,8.0,68.0,68.0,0.0
47369B,BLUE GREEN EMBROIDERY COSMETIC BAG,2.95,23,67.85000000000001,8,2.57,2.87,3.53,2.99,-1.3, Competitive — Monitor,-1.0,,,MONITOR — No Clear Signal,0.0,2.95,0.0,0.0,-0.0,23.0,67.85000000000001,67.85000000000001,0.0
90162A,ANT SILVER TURQUOISE BOUDICCA RING,2.95,23,67.85000000000001,9,2.77,2.73,3.25,2.92,1.0, Competitive — Monitor,-1.0,,,MONITOR — No Clear Signal,0.0,2.95,0.0,0.0,-0.0,23.0,67.85000000000001,67.85000000000001,0.0
84872A,TEATIME FUNKY FLOWER BACKPACK FOR 2,16.95,4,67.8,3,15.68,16.94,20.14,17.59,-3.6, Competitive — Monitor,-1.0,,,MONITOR — No Clear Signal,0.0,16.95,0.0,0.0,-0.0,4.0,67.8,67.8,0.0
90214M,"LETTER ""M"" BLING KEY RING",1.25,54,67.5,25,1.18,1.26,1.49,1.31,-4.6, Competitive — Monitor,-1.0,,,MONITOR — No Clear Signal,0.0,1.25,0.0,0.0,-0.0,54.0,67.5,67.5,0.0
90214E,"LETTER ""E"" BLING KEY RING",1.25,54,67.5,25,1.16,1.18,1.36,1.23,1.6, Competitive — Monitor,-1.0,,,MONITOR — No Clear Signal,0.0,1.25,0.0,0.0,-0.0,54.0,67.5,67.5,0.0
90003B,ROSE COLOUR PAIR HEART HAIR SLIDES,3.75,18,67.5,6,3.41,3.91,4.39,3.9,-3.8, Competitive — Monitor,-1.0,,,MONITOR — No Clear Signal,0.0,3.75,0.0,0.0,-0.0,18.0,67.5,67.5,0.0
90002B,FLOWER BURST SILVER RING ROSE,3.75,18,67.5,7,3.43,4.04,4.18,3.88,-3.4, Competitive — Monitor,-1.0,,,MONITOR — No Clear Signal,0.0,3.75,0.0,0.0,-0.0,18.0,67.5,67.5,0.0
44242B,PINK FEATHERS CURTAIN,1.25,54,67.5,5,1.17,1.34,1.48,1.33,-6.0, Competitive — Monitor,-1.0,,,MONITOR — No Clear Signal,0.0,1.25,0.0,0.0,-0.0,54.0,67.5,67.5,0.0
84926B,SCOTTS ROSES TILE COASTER,1.25,54,67.5,10,1.13,1.19,1.4,1.24,0.8, Competitive — Monitor,-1.0,,,MONITOR — No Clear Signal,0.0,1.25,0.0,0.0,-0.0,54.0,67.5,67.5,0.0
90069,RUBY GLASS CLUSTER NECKLACE,7.5,9,67.5,4,6.85,7.95,8.71,7.84,-4.3, Competitive — Monitor,-1.0,,,MONITOR — No Clear Signal,0.0,7.5,0.0,0.0,-0.0,9.0,67.5,67.5,0.0
84455,SET OF 3 RABBIT CARROTS EASTER,0.85,79,67.14999999999999,16,0.74,0.88,0.95,0.86,-1.2, Competitive — Monitor,-1.0,,,MONITOR — No Clear Signal,0.0,0.85,0.0,0.0,-0.0,79.0,67.14999999999999,67.14999999999999,0.0
40002,WHITE BAMBOO RIBS LAMPSHADE,0.85,78,66.3,1,0.76,0.84,0.92,0.84,1.2, Competitive — Monitor,-1.0,,,MONITOR — No Clear Signal,0.0,0.85,0.0,0.0,-0.0,78.0,66.3,66.3,0.0
47598,NEW ENGLAND EGG WARMER,0.55,120,66.0,23,0.51,0.55,0.59,0.55,0.0, Competitive — Monitor,-1.0,,,MONITOR — No Clear Signal,0.0,0.55,0.0,0.0,-0.0,120.0,66.0,66.0,0.0
85072,OCCASIONS GIFT CARD ASSORTMENT,0.55,120,66.0,1,0.48,0.58,0.61,0.56,-1.8, Competitive — Monitor,-1.0,,,MONITOR — No Clear Signal,0.0,0.55,0.0,0.0,-0.0,120.0,66.0,66.0,0.0
90000B,MIDNIGHT BLUE COPPER FLOWER NECKLAC,5.95,11,65.45,7,5.18,5.93,6.92,6.01,-1.0, Competitive — Monitor,-1.0,,,MONITOR — No Clear Signal,0.0,5.95,0.0,0.0,-0.0,11.0,65.45,65.45,0.0
84915,HAND TOWEL PINK FLOWER AND DAISY,5.95,11,65.45,8,5.24,5.83,6.79,5.95,0.0, Competitive — Monitor,-1.0,,,MONITOR — No Clear Signal,0.0,5.95,0.0,0.0,-0.0,11.0,65.45,65.45,0.0
90123C,GREEN HEART OF GLASS BRACELET,5.95,11,65.45,4,5.2,5.94,6.86,6.0,-0.8, Competitive — Monitor,-1.0,,,MONITOR — No Clear Signal,0.0,5.95,0.0,0.0,-0.0,11.0,65.45,65.45,0.0
90125A,PINK BERTIE GLASS BEAD BAG CHARM,2.1,31,65.10000000000001,6,1.83,2.13,2.29,2.08,1.0, Competitive — Monitor,-1.0,,,MONITOR — No Clear Signal,0.0,2.1,0.0,0.0,-0.0,31.0,65.10000000000001,65.10000000000001,0.0
79144B,PAINTED LIGHTBULB STAR+ MOON,0.4182758620689655,157,64.74,27,0.37,0.4,0.47,0.41,2.0, Competitive — Monitor,-1.0,,,MONITOR — No Clear Signal,0.0,0.42,0.0,0.0,-0.0,157.0,65.66931034482758,65.94,0.27
16020C,CLEAR STATIONERY BOX SET ,0.85,76,64.6,22,0.8,0.9,0.9,0.87,-2.3, Competitive — Monitor,-1.0,,,MONITOR — No Clear Signal,0.0,0.85,0.0,0.0,-0.0,76.0,64.6,64.6,0.0
90056,CHUNKY CRACKED GLAZE NECKLACE IVORY,10.75,6,64.5,1,9.68,11.05,12.61,11.11,-3.2, Competitive — Monitor,-1.0,,,MONITOR — No Clear Signal,0.0,10.75,0.0,0.0,-0.0,6.0,64.5,64.5,0.0
84231,EASTER BUNNY WITH BASKET ON BACK,0.65,99,64.35000000000001,16,0.56,0.66,0.78,0.67,-3.0, Competitive — Monitor,-1.0,,,MONITOR — No Clear Signal,0.0,0.65,0.0,0.0,-0.0,99.0,64.35000000000001,64.35000000000001,0.0
71215,METAL BASE FOR CANDLES,0.4081818181818182,167,63.9,11,0.35,0.38,0.45,0.39,4.7, Competitive — Monitor,-1.0,,,MONITOR — No Clear Signal,0.0,0.41,0.0,0.0,-0.0,167.0,68.16636363636364,68.47,0.3
79534,MULTICOLOUR GLASS PLATE,0.55,116,63.800000000000004,16,0.51,0.56,0.58,0.55,0.0, Competitive — Monitor,-1.0,,,MONITOR — No Clear Signal,0.0,0.55,0.0,0.0,-0.0,116.0,63.800000000000004,63.800000000000004,0.0
20791,BLUE TILED SET OF 3 DRAWERS,12.75,5,63.75,1,11.33,11.98,13.71,12.34,3.3, Competitive — Monitor,-1.0,,,MONITOR — No Clear Signal,0.0,12.75,0.0,0.0,-0.0,5.0,63.75,63.75,0.0
85018A,S/6 PAPER BOXES ROMANTIC IMAGES,4.25,15,63.75,10,3.96,3.96,4.88,4.27,-0.5, Competitive — Monitor,-1.0,,,MONITOR — No Clear Signal,0.0,4.25,0.0,0.0,-0.0,15.0,63.75,63.75,0.0
90173,PAIR BUTTERFLY HAIR CLIPS,3.75,17,63.75,5,3.43,3.77,4.28,3.83,-2.1, Competitive — Monitor,-1.0,,,MONITOR — No Clear Signal,0.0,3.75,0.0,0.0,-0.0,17.0,63.75,63.75,0.0
85018B,S/6 PAPER BOXES BLOSSOM IMAGES ,4.25,15,63.75,10,3.95,4.18,4.96,4.36,-2.5, Competitive — Monitor,-1.0,,,MONITOR — No Clear Signal,0.0,4.25,0.0,0.0,-0.0,15.0,63.75,63.75,0.0
90003D,CRYSTAL PAIR HEART HAIR SLIDES,3.75,17,63.75,8,3.29,3.8,4.08,3.72,0.8, Competitive — Monitor,-1.0,,,MONITOR — No Clear Signal,0.0,3.75,0.0,0.0,-0.0,17.0,63.75,63.75,0.0
90089,PINK CRYSTAL SKULL PHONE CHARM,0.85,75,63.74999999999999,9,0.78,0.79,0.99,0.85,0.0, Competitive — Monitor,-1.0,,,MONITOR — No Clear Signal,0.0,0.85,0.0,0.0,-0.0,75.0,63.75,63.75,0.0
17012D,ORIGAMI ROSE INCENSE/CANDLE SET ,2.307142857142857,41,63.74999999999999,7,2.02,2.28,2.66,2.32,-0.6, Competitive — Monitor,-1.0,,,MONITOR — No Clear Signal,0.0,2.31,0.0,0.0,-0.0,41.0,94.59285714285713,94.71000000000001,0.12
84891B,GREEN WIRE GOBLET CANDLEHOLDER,7.95,8,63.6,5,7.5,7.54,8.73,7.92,0.4, Competitive — Monitor,-1.0,,,MONITOR — No Clear Signal,0.0,7.95,0.0,0.0,-0.0,8.0,63.6,63.6,0.0
20698,LITTLE PINK MONSTER SOFT TOY,2.4681818181818183,27,63.45,11,2.26,2.66,2.79,2.57,-4.0, Competitive — Monitor,-1.0,,,MONITOR — No Clear Signal,0.0,2.47,0.0,0.0,-0.0,27.0,66.64090909090909,66.69000000000001,0.05
21489,BLUE WHITE SCARF HOT WATER BOTTLE,3.9500000000000006,16,63.2,6,3.49,3.99,4.23,3.9,1.3, Competitive — Monitor,-1.0,,,MONITOR — No Clear Signal,0.0,3.95,-0.0,0.0,-0.0,16.0,63.20000000000001,63.2,-0.0
22987,"WRAP , SUMMER ROSE DESIGN",0.42,150,63.0,6,0.37,0.43,0.47,0.42,0.0, Competitive — Monitor,-1.0,,,MONITOR — No Clear Signal,0.0,0.42,0.0,0.0,-0.0,150.0,63.0,63.0,0.0
72133,COLUMBIAN CANDLE RECTANGLE,1.1988235294117646,67,62.870000000000005,15,1.04,1.17,1.42,1.21,-0.9, Competitive — Monitor,-1.0,,,MONITOR — No Clear Signal,0.0,1.2,0.0,0.0,-0.0,67.0,80.32117647058823,80.39999999999999,0.08
16008,SMALL FOLDING SCISSOR(POINTED EDGE),0.25,251,62.75,16,0.23,0.23,0.28,0.25,0.0, Competitive — Monitor,-1.0,,,MONITOR — No Clear Signal,0.0,0.25,0.0,0.0,-0.0,251.0,62.75,62.75,0.0
35910A,MULTICOLOUR EASTER RABBIT ,1.95,32,62.39999999999999,8,1.7,2.1,2.29,2.03,-3.9, Competitive — Monitor,-1.0,,,MONITOR — No Clear Signal,0.0,1.95,0.0,0.0,-0.0,32.0,62.4,62.4,0.0
72134,COLUMBIAN  CUBE CANDLE ,0.5961538461538461,222,61.980000000000004,12,0.54,0.58,0.68,0.6,-0.6, Competitive — Monitor,-2.494,Highly Elastic — Consider Discount,-5%,MONITOR — No Clear Signal,0.0,0.6,0.0,0.0,-0.0,222.0,132.34615384615384,133.2,0.85
84593,CROCHET ROSE DES CLOTHES HANGER,2.95,21,61.95,6,2.59,2.91,3.18,2.89,2.1, Competitive — Monitor,-1.0,,,MONITOR — No Clear Signal,0.0,2.95,0.0,0.0,-0.0,21.0,61.95,61.95,0.0
35973,GERANIUM FOLKART HEART DECORATION,1.25,49,61.25,12,1.15,1.28,1.42,1.28,-2.3, Competitive — Monitor,-1.0,,,MONITOR — No Clear Signal,0.0,1.25,0.0,0.0,-0.0,49.0,61.25,61.25,0.0
90042A,FRESHWATER PEARL BRACELET GOLD,2.55,24,61.199999999999996,5,2.38,2.36,2.87,2.54,0.4, Competitive — Monitor,-1.0,,,MONITOR — No Clear Signal,0.0,2.55,0.0,0.0,-0.0,24.0,61.199999999999996,61.199999999999996,0.0
16219,HOUSE SHAPE PENCIL SHARPENER,0.21,291,61.11,19,0.19,0.22,0.23,0.21,0.0, Competitive — Monitor,-1.0,,,MONITOR — No Clear Signal,0.0,0.21,0.0,0.0,-0.0,291.0,61.11,61.11,0.0
21087,SET/6 POSIES PAPER CUPS,0.65,94,61.10000000000001,10,0.6,0.65,0.69,0.65,0.0, Competitive — Monitor,-1.0,,,MONITOR — No Clear Signal,0.0,0.65,0.0,0.0,-0.0,94.0,61.1,61.1,0.0
62043B,BLUE CHECK BAG W HANDLE 34X20CM,1.65,37,61.05,5,1.43,1.59,1.84,1.62,1.9, Competitive — Monitor,-1.0,,,MONITOR — No Clear Signal,0.0,1.65,0.0,0.0,-0.0,37.0,61.05,61.05,0.0
84927F,PSYCHEDELIC TILE HOOK,2.1,29,60.900000000000006,11,1.8,1.95,2.23,1.99,5.5, Competitive — Monitor,-1.0,,,MONITOR — No Clear Signal,0.0,2.1,0.0,0.0,-0.0,29.0,60.900000000000006,60.900000000000006,0.0
47016,LIGHT DECORATION BATTERY OPERATED,2.1,29,60.900000000000006,4,1.93,1.99,2.24,2.05,2.4, Competitive — Monitor,-1.0,,,MONITOR — No Clear Signal,0.0,2.1,0.0,0.0,-0.0,29.0,60.900000000000006,60.900000000000006,0.0
90065B,BLACK VINT ART DEC CRYSTAL BRACELET,6.75,9,60.75,5,5.99,7.18,7.51,6.89,-2.0, Competitive — Monitor,-1.0,,,MONITOR — No Clear Signal,0.0,6.75,0.0,0.0,-0.0,9.0,60.75,60.75,0.0
35594,WOODEN CHRISTMAS TREE 3 HANGING,0.42,144,60.480000000000004,21,0.38,0.43,0.46,0.42,0.0, Competitive — Monitor,-1.0,,,MONITOR — No Clear Signal,0.0,0.42,0.0,0.0,-0.0,144.0,60.48,60.48,0.0
90212B,JET BLACK LAS VEGAS BRACELET ROUND,3.75,16,60.0,7,3.2,3.6,4.46,3.75,0.0, Competitive — Monitor,-1.0,,,MONITOR — No Clear Signal,0.0,3.75,0.0,0.0,-0.0,16.0,60.0,60.0,0.0
90149,SILVER FLOWR PINK SHELL NECKLACE,7.5,8,60.0,4,6.57,6.98,8.3,7.28,3.0, Competitive — Monitor,-1.0,,,MONITOR — No Clear Signal,0.0,7.5,0.0,0.0,-0.0,8.0,60.0,60.0,0.0
90163A,PINK ROSEBUD & PEARL NECKLACE,7.5,8,60.0,3,6.4,7.73,8.73,7.62,-1.6, Competitive — Monitor,-1.0,,,MONITOR — No Clear Signal,0.0,7.5,0.0,0.0,-0.0,8.0,60.0,60.0,0.0
37477B,"FLOWER FAIRY MUG+COASTER,LAVENDER",3.75,16,60.0,8,3.52,3.79,4.24,3.85,-2.6, Competitive — Monitor,-1.0,,,MONITOR — No Clear Signal,0.0,3.75,0.0,0.0,-0.0,16.0,60.0,60.0,0.0
90063B,BLACK VINT ART DEC CRYSTAL NECKLACE,8.5,7,59.5,4,7.43,8.37,9.82,8.54,-0.5, Competitive — Monitor,-1.0,,,MONITOR — No Clear Signal,0.0,8.5,0.0,0.0,-0.0,7.0,59.5,59.5,0.0
90063A,WHITE VINT ART DECO CRYSTAL NECKLAC,8.5,7,59.5,3,7.7,8.31,9.26,8.42,1.0, Competitive — Monitor,-1.0,,,MONITOR — No Clear Signal,0.0,8.5,0.0,0.0,-0.0,7.0,59.5,59.5,0.0
84575A,PINK DOG CANNISTER,5.95,10,59.5,9,5.08,5.68,7.09,5.95,0.0, Competitive — Monitor,-1.0,,,MONITOR — No Clear Signal,0.0,5.95,0.0,0.0,-0.0,10.0,59.5,59.5,0.0
90026D,GLASS BEAD HOOP NECKLACE AMETHYST,8.5,7,59.5,5,7.79,8.73,9.6,8.71,-2.4, Competitive — Monitor,-1.0,,,MONITOR — No Clear Signal,0.0,8.5,0.0,0.0,-0.0,7.0,59.5,59.5,0.0
90040A,MURANO STYLE GLASS BRACELET RED,3.5,17,59.5,8,3.09,3.76,4.11,3.65,-4.1, Competitive — Monitor,-1.0,,,MONITOR — No Clear Signal,0.0,3.5,0.0,0.0,-0.0,17.0,59.5,59.5,0.0
90030B,RED KUKUI COCONUT SEED NECKLACE,5.95,10,59.5,4,5.59,5.64,6.57,5.93,0.3, Competitive — Monitor,-1.0,,,MONITOR — No Clear Signal,0.0,5.95,0.0,0.0,-0.0,10.0,59.5,59.5,0.0
90179C,BLACK FINE BEAD NECKLACE W TASSEL,5.95,10,59.5,7,5.59,6.04,6.34,5.99,-0.7, Competitive — Monitor,-1.0,,,MONITOR — No Clear Signal,0.0,5.95,0.0,0.0,-0.0,10.0,59.5,59.5,0.0
90185A,AMBER DIAMANTE EXPANDABLE RING,4.25,14,59.5,4,3.75,4.2,4.89,4.28,-0.7, Competitive — Monitor,-1.0,,,MONITOR — No Clear Signal,0.0,4.25,0.0,0.0,-0.0,14.0,59.5,59.5,0.0
35654,VINTAGE BEAD FILLED PINK CUSHION,4.95,12,59.400000000000006,5,4.65,4.91,5.2,4.92,0.6, Competitive — Monitor,-1.0,,,MONITOR — No Clear Signal,0.0,4.95,0.0,0.0,-0.0,12.0,59.400000000000006,59.400000000000006,0.0
84251F,"GREETING CARD, RITA",0.19,312,59.28000000000001,31,0.18,0.18,0.21,0.19,0.0, Competitive — Monitor,-1.0,,,MONITOR — No Clear Signal,0.0,0.19,0.0,0.0,-0.0,312.0,59.28,59.28,0.0
90129F,RED GLASS TASSLE BAG CHARM,2.95,20,59.00000000000001,10,2.75,3.1,3.18,3.01,-2.0, Competitive — Monitor,-1.0,,,MONITOR — No Clear Signal,0.0,2.95,0.0,0.0,-0.0,20.0,59.0,59.0,0.0
20667,CHERRY BLOSSOM PURSE,2.95,20,59.00000000000001,8,2.76,2.94,3.38,3.03,-2.6, Competitive — Monitor,-1.0,,,MONITOR — No Clear Signal,0.0,2.95,0.0,0.0,-0.0,20.0,59.0,59.0,0.0
84465,15 PINK FLUFFY CHICKS IN BOX,2.95,20,59.0,13,2.58,2.97,3.53,3.03,-2.6, Competitive — Monitor,-1.0,,,MONITOR — No Clear Signal,0.0,2.95,0.0,0.0,-0.0,20.0,59.0,59.0,0.0
90125D,PURPLE BERTIE GLASS BEAD BAG CHARM,2.1,28,58.800000000000004,6,1.91,2.03,2.35,2.1,0.0, Competitive — Monitor,-1.0,,,MONITOR — No Clear Signal,0.0,2.1,0.0,0.0,-0.0,28.0,58.800000000000004,58.800000000000004,0.0
90205C,LARGE CRYSTAL DIAMANTE HAIRSLIDE,1.5499999999999998,40,58.8,2,1.33,1.47,1.82,1.54,0.6, Competitive — Monitor,-1.0,,,MONITOR — No Clear Signal,0.0,1.55,0.0,0.0,-0.0,40.0,61.99999999999999,62.0,0.0
85023C,PINK LARGE JEWELED PHOTOFRAME,2.55,23,58.65,11,2.19,2.38,2.87,2.48,2.8, Competitive — Monitor,-1.0,,,MONITOR — No Clear Signal,0.0,2.55,0.0,0.0,-0.0,23.0,58.65,58.65,0.0
90096,NECKLACE+BRACELET SET BLUE BLOSSOM,2.55,23,58.65,8,2.42,2.64,2.87,2.64,-3.4, Competitive — Monitor,-1.0,,,MONITOR — No Clear Signal,0.0,2.55,0.0,0.0,-0.0,23.0,58.65,58.65,0.0
90094,NECKLACE+BRACELET SET FRUIT SALAD ,2.55,23,58.65,10,2.25,2.43,3.03,2.57,-0.8, Competitive — Monitor,-1.0,,,MONITOR — No Clear Signal,0.0,2.55,0.0,0.0,-0.0,23.0,58.65,58.65,0.0
81985A,"ICON ALARM CLOCK,FUSCHIA  PIN UP",2.55,23,58.64999999999999,7,2.36,2.63,3.02,2.67,-4.5, Competitive — Monitor,-1.0,,,MONITOR — No Clear Signal,0.0,2.55,0.0,0.0,-0.0,23.0,58.65,58.65,0.0
71143,SILVER BOOK MARK WITH BEADS,0.85,68,57.800000000000004,12,0.79,0.84,0.99,0.87,-2.3, Competitive — Monitor,-1.0,,,MONITOR — No Clear Signal,0.0,0.85,0.0,0.0,-0.0,68.0,57.8,57.8,0.0
44241C,BLUE BUTTERFLY ON SPRING,0.85,68,57.8,7,0.8,0.84,0.93,0.86,-1.2, Competitive — Monitor,-1.0,,,MONITOR — No Clear Signal,0.0,0.85,0.0,0.0,-0.0,68.0,57.8,57.8,0.0
84899E,YELLOW + BROWN BEAR FELT PURSE KIT,1.25,46,57.5,14,1.19,1.24,1.41,1.28,-2.3, Competitive — Monitor,-1.0,,,MONITOR — No Clear Signal,0.0,1.25,0.0,0.0,-0.0,46.0,57.5,57.5,0.0
21003,ROSE DU SUD CUSHION COVER,6.35,9,57.15,5,5.55,6.22,6.88,6.22,2.1, Competitive — Monitor,-1.0,,,MONITOR — No Clear Signal,0.0,6.35,0.0,0.0,-0.0,9.0,57.15,57.15,0.0
90199A,5 STRAND GLASS NECKLACE BLACK,6.35,9,57.15,7,5.42,5.94,7.09,6.15,3.3, Competitive — Monitor,-1.0,,,MONITOR — No Clear Signal,0.0,6.35,0.0,0.0,-0.0,9.0,57.15,57.15,0.0
17129C,SKY BLUE COLOUR GLASS GEMS IN BAG,0.8309090909090909,85,57.129999999999995,10,0.74,0.81,0.93,0.83,0.1, Competitive — Monitor,-1.0,,,MONITOR — No Clear Signal,0.0,0.83,-0.0,0.0,-0.0,85.0,70.62727272727273,70.55,-0.08
35821B,"JEWELLED DECORATION,BLUE",0.38000000000000006,150,57.0,3,0.33,0.39,0.45,0.39,-2.6, Competitive — Monitor,-1.0,,,MONITOR — No Clear Signal,0.0,0.38,-0.0,0.0,-0.0,150.0,57.00000000000001,57.0,-0.0
21089,SET/6 GREEN SPRING PAPER CUPS,0.6500000000000001,87,56.550000000000004,13,0.55,0.67,0.77,0.66,-1.5, Competitive — Monitor,-1.0,,,MONITOR — No Clear Signal,0.0,0.65,-0.0,0.0,-0.0,87.0,56.55000000000001,56.550000000000004,-0.0
90002E,FLOWER BURST SILVER RING GREEN,3.75,15,56.25,8,3.32,3.62,4.17,3.7,1.4, Competitive — Monitor,-1.0,,,MONITOR — No Clear Signal,0.0,3.75,0.0,0.0,-0.0,15.0,56.25,56.25,0.0
84875A,PINK SQUARE COMPACT MIRROR,3.75,15,56.25,11,3.48,3.73,3.95,3.72,0.8, Competitive — Monitor,-1.0,,,MONITOR — No Clear Signal,0.0,3.75,0.0,0.0,-0.0,15.0,56.25,56.25,0.0
85080,PADDED RED HEART DECORATION,0.5282608695652175,114,56.18,22,0.48,0.5,0.62,0.53,-0.3, Competitive — Monitor,-1.0,,,MONITOR — No Clear Signal,0.0,0.53,0.0,0.0,-0.0,114.0,60.22173913043479,60.42,0.2
35817B,"ACRYLIC JEWEL SNOWFLAKE,BLUE",1.4649999999999999,142,56.129999999999995,2,1.29,1.4,1.58,1.42,3.2, Competitive — Monitor,-1.0,,,MONITOR — No Clear Signal,0.0,1.46,-0.0,0.0,-0.0,142.0,208.02999999999997,207.32,-0.71
35913B,WHITE/PINK CHICK EASTER DECORATION,0.85,66,56.099999999999994,10,0.78,0.79,0.97,0.85,0.0, Competitive — Monitor,-1.0,,,MONITOR — No Clear Signal,0.0,0.85,0.0,0.0,-0.0,66.0,56.1,56.1,0.0
79331,PINK FLOCK GLASS CANDLEHOLDER,1.6499999999999997,34,56.099999999999994,6,1.44,1.75,1.74,1.64,0.6, Competitive — Monitor,-1.0,,,MONITOR — No Clear Signal,0.0,1.65,0.0,0.0,-0.0,34.0,56.09999999999999,56.099999999999994,0.0
85023A,CRYSTAL LARGE JEWELLED PHOTO FRAME,2.55,22,56.099999999999994,10,2.17,2.43,2.83,2.48,2.8, Competitive — Monitor,-1.0,,,MONITOR — No Clear Signal,0.0,2.55,0.0,0.0,-0.0,22.0,56.099999999999994,56.099999999999994,0.0
90210C,RED   ACRYLIC FACETED BANGLE,2.95,19,56.050000000000004,4,2.73,2.82,3.53,3.03,-2.6, Competitive — Monitor,-1.0,,,MONITOR — No Clear Signal,0.0,2.95,0.0,0.0,-0.0,19.0,56.050000000000004,56.050000000000004,0.0
35001B,HAND OPEN SHAPE BLACK,3.4900000000000007,16,55.84,5,3.18,3.37,3.72,3.42,2.0, Competitive — Monitor,-1.0,,,MONITOR — No Clear Signal,0.0,3.49,-0.0,0.0,-0.0,16.0,55.84000000000001,55.84,-0.0
44236,PINK/PURPLE CIRCLE CURTAIN,4.65,12,55.800000000000004,6,4.31,4.37,5.18,4.62,0.6, Competitive — Monitor,-1.0,,,MONITOR — No Clear Signal,0.0,4.65,0.0,0.0,-0.0,12.0,55.800000000000004,55.800000000000004,0.0
84562B,BLUE/WHITE RIBBED MELAMINE JUG,7.95,7,55.650000000000006,5,6.79,8.13,8.71,7.88,0.9, Competitive — Monitor,-1.0,,,MONITOR — No Clear Signal,0.0,7.95,0.0,0.0,-0.0,7.0,55.65,55.65,0.0
35651,VINTAGE BEAD PINK SCARF ,7.95,7,55.65,4,7.42,7.41,9.43,8.09,-1.7, Competitive — Monitor,-1.0,,,MONITOR — No Clear Signal,0.0,7.95,0.0,0.0,-0.0,7.0,55.65,55.65,0.0
90023,FILIGREE DIAMANTE EARRINGS,4.25,13,55.25,7,3.88,4.0,5.02,4.3,-1.2, Competitive — Monitor,-1.0,,,MONITOR — No Clear Signal,0.0,4.25,0.0,0.0,-0.0,13.0,55.25,55.25,0.0
90194,SILVER LARIAT BLACK STONE EARRINGS,4.25,13,55.25,8,3.85,4.35,4.61,4.27,-0.5, Competitive — Monitor,-1.0,,,MONITOR — No Clear Signal,0.0,4.25,0.0,0.0,-0.0,13.0,55.25,55.25,0.0
22657,HEN & 2 CHICKS IN BASKET,0.85,65,55.24999999999999,7,0.78,0.83,0.9,0.84,1.2, Competitive — Monitor,-1.0,,,MONITOR — No Clear Signal,0.0,0.85,0.0,0.0,-0.0,65.0,55.25,55.25,0.0
85151,WELCOME METAL SIGN,1.25,44,55.0,8,1.17,1.29,1.43,1.3,-3.8, Competitive — Monitor,-1.0,,,MONITOR — No Clear Signal,0.0,1.25,0.0,0.0,-0.0,44.0,55.0,55.0,0.0
22918,HERB MARKER PARSLEY,0.65,84,54.6,16,0.59,0.66,0.72,0.66,-1.5, Competitive — Monitor,-1.0,,,MONITOR — No Clear Signal,0.0,0.65,0.0,0.0,-0.0,84.0,54.6,54.6,0.0
84661C,PINK SQUARE TABLE CLOCK,1.1928571428571428,75,54.45,7,1.08,1.15,1.37,1.2,-0.6, Competitive — Monitor,-1.0,,,MONITOR — No Clear Signal,0.0,1.19,-0.0,0.0,-0.0,75.0,89.46428571428571,89.25,-0.21
46776D,WOVEN SUNSET CUSHION COVER ,4.95,11,54.45,6,4.7,5.07,5.22,5.0,-1.0, Competitive — Monitor,-1.0,,,MONITOR — No Clear Signal,0.0,4.95,0.0,0.0,-0.0,11.0,54.45,54.45,0.0
84549,CROCHET WHITE RABBIT KEYRING ,1.6499999999999997,33,54.449999999999996,6,1.53,1.55,1.77,1.62,1.9, Competitive — Monitor,-1.0,,,MONITOR — No Clear Signal,0.0,1.65,0.0,0.0,-0.0,33.0,54.44999999999999,54.449999999999996,0.0
22917,HERB MARKER ROSEMARY,0.65,83,53.95,15,0.58,0.65,0.75,0.66,-1.5, Competitive — Monitor,-1.0,,,MONITOR — No Clear Signal,0.0,0.65,0.0,0.0,-0.0,83.0,53.95,53.95,0.0
79329,PINK FLOCK GLASS CANDLEHOLDER,1.396,88,53.76,5,1.29,1.38,1.51,1.39,0.4, Competitive — Monitor,-1.0,,,MONITOR — No Clear Signal,0.0,1.4,0.0,0.0,-0.0,88.0,122.84799999999998,123.19999999999999,0.35
84926F,PSYCHEDELIC TILE COASTER,1.25,43,53.75,7,1.11,1.2,1.47,1.26,-0.8, Competitive — Monitor,-1.0,,,MONITOR — No Clear Signal,0.0,1.25,0.0,0.0,-0.0,43.0,53.75,53.75,0.0
90060D,FIRE POLISHED GLASS NECKL BRONZE,5.95,9,53.55,5,5.19,6.05,6.3,5.85,1.7, Competitive — Monitor,-1.0,,,MONITOR — No Clear Signal,0.0,5.95,0.0,0.0,-0.0,9.0,53.550000000000004,53.550000000000004,0.0
90084,PINK CRYSTAL GUITAR PHONE CHARM,0.85,63,53.55,8,0.77,0.9,0.92,0.86,-1.2, Competitive — Monitor,-1.0,,,MONITOR — No Clear Signal,0.0,0.85,0.0,0.0,-0.0,63.0,53.55,53.55,0.0
90100,NECKLACE+BRACELET SET PINK DAISY,2.55,21,53.55,8,2.4,2.75,3.06,2.74,-6.9, Competitive — Monitor,-1.0,,,MONITOR — No Clear Signal,0.0,2.55,0.0,0.0,-0.0,21.0,53.55,53.55,0.0
17084J,LOVE POTION MASALA INCENSE,0.21,254,53.34,12,0.2,0.21,0.23,0.21,0.0, Competitive — Monitor,-1.0,,,MONITOR — No Clear Signal,0.0,0.21,0.0,0.0,-0.0,254.0,53.339999999999996,53.339999999999996,0.0
72771B,BURG FLOCK GOLD CUP/CANDLE ,0.42,127,53.34,6,0.37,0.41,0.49,0.42,0.0, Competitive — Monitor,-1.0,,,MONITOR — No Clear Signal,0.0,0.42,0.0,0.0,-0.0,127.0,53.339999999999996,53.339999999999996,0.0
22920,HERB MARKER BASIL,0.65,82,53.300000000000004,16,0.59,0.62,0.7,0.64,1.6, Competitive — Monitor,-1.0,,,MONITOR — No Clear Signal,0.0,0.65,0.0,0.0,-0.0,82.0,53.300000000000004,53.300000000000004,0.0
46115B,GREEN POP ART MAO CUSHION COVER ,0.19,280,53.2,21,0.17,0.18,0.22,0.19,0.0, Competitive — Monitor,-1.0,,,MONITOR — No Clear Signal,0.0,0.19,0.0,0.0,-0.0,280.0,53.2,53.2,0.0
20848,ZINC HEART LATTICE CHARGER SMALL,2.95,18,53.10000000000001,4,2.8,2.94,3.42,3.05,-3.3, Competitive — Monitor,-1.0,,,MONITOR — No Clear Signal,0.0,2.95,0.0,0.0,-0.0,18.0,53.1,53.1,0.0
71495B,CD WALL TIDY RED FLOWERS,0.4125,140,53.040000000000006,8,0.39,0.4,0.45,0.41,0.6, Competitive — Monitor,-1.0,,,MONITOR — No Clear Signal,0.0,0.41,-0.0,0.0,-0.0,140.0,57.75,57.4,-0.35
35816B,"ACRYLIC JEWEL ANGEL,BLUE",0.815,137,52.93,2,0.75,0.87,0.96,0.86,-5.2, Competitive — Monitor,-1.0,,,MONITOR — No Clear Signal,0.0,0.82,0.01,0.0,-0.0,137.0,111.65499999999999,112.33999999999999,0.69
22889,"NUMBER TILE VINTAGE FONT, No ",2.175,24,52.800000000000004,3,2.02,2.13,2.48,2.21,-1.6, Competitive — Monitor,-1.0,,,MONITOR — No Clear Signal,0.0,2.17,-0.0,0.0,-0.0,24.0,52.199999999999996,52.08,-0.12
84845C,CARNATION SQUARE HANDY TIN,1.25,42,52.5,14,1.15,1.22,1.39,1.25,0.0, Competitive — Monitor,-1.0,,,MONITOR — No Clear Signal,0.0,1.25,0.0,0.0,-0.0,42.0,52.5,52.5,0.0
21369,MIRRORED WALL ART SPLODGES,3.125,30,52.5,4,2.84,3.07,3.54,3.15,-0.8, Competitive — Monitor,-1.0,,,MONITOR — No Clear Signal,0.0,3.12,-0.0,0.0,-0.0,30.0,93.75,93.60000000000001,-0.15
84660A,WHITE STITCHED WALL CLOCK,3.75,14,52.5,6,3.21,3.95,4.26,3.81,-1.6, Competitive — Monitor,-1.0,,,MONITOR — No Clear Signal,0.0,3.75,0.0,0.0,-0.0,14.0,52.5,52.5,0.0
22916,HERB MARKER THYME,0.65,80,52.0,16,0.58,0.67,0.7,0.65,0.0, Competitive — Monitor,-1.0,,,MONITOR — No Clear Signal,0.0,0.65,0.0,0.0,-0.0,80.0,52.0,52.0,0.0
78027,SEAGRASS S/2 CORNER LAUNDRY ,13.966666666666667,4,51.9,3,12.81,14.22,15.51,14.18,-1.5, Competitive — Monitor,-1.0,,,MONITOR — No Clear Signal,0.0,13.97,0.0,0.0,-0.0,4.0,55.86666666666667,55.88,0.01
84845D,GERANIUM SQUARE HANDY TIN,1.25,41,51.25,11,1.15,1.22,1.38,1.25,0.0, Competitive — Monitor,-1.0,,,MONITOR — No Clear Signal,0.0,1.25,0.0,0.0,-0.0,41.0,51.25,51.25,0.0
90020,FILIGREE DIAMANTE CHAIN,12.75,4,51.0,2,11.31,13.4,14.15,12.95,-1.5, Competitive — Monitor,-1.0,,,MONITOR — No Clear Signal,0.0,12.75,0.0,0.0,-0.0,4.0,51.0,51.0,0.0
90026A,GLASS BEAD HOOP NECKLACE BLACK,8.5,6,51.0,5,8.03,7.87,9.9,8.6,-1.2, Competitive — Monitor,-1.0,,,MONITOR — No Clear Signal,0.0,8.5,0.0,0.0,-0.0,6.0,51.0,51.0,0.0
90024B,NEW BAROQUE B'FLY NECKLACE RED,8.5,6,51.0,4,7.37,9.0,9.54,8.64,-1.6, Competitive — Monitor,-1.0,,,MONITOR — No Clear Signal,0.0,8.5,0.0,0.0,-0.0,6.0,51.0,51.0,0.0
35840,FLAT GLASS  BAUBLE WHITE FLOCK ,1.19,36,51.0,5,1.07,1.19,1.42,1.23,-3.3, Competitive — Monitor,-1.0,,,MONITOR — No Clear Signal,0.0,1.19,0.0,0.0,-0.0,36.0,42.839999999999996,42.839999999999996,0.0
90016C,SILVER/BLACK PENDANT ORBIT NECKLACE,8.5,6,51.0,4,7.81,8.36,9.3,8.49,0.1, Competitive — Monitor,-1.0,,,MONITOR — No Clear Signal,0.0,8.5,0.0,0.0,-0.0,6.0,51.0,51.0,0.0
84582,PINK CROCHET CAT WITH SCARF,4.25,12,51.0,9,3.91,4.25,4.73,4.3,-1.2, Competitive — Monitor,-1.0,,,MONITOR — No Clear Signal,0.0,4.25,0.0,0.0,-0.0,12.0,51.0,51.0,0.0
84612B,SET/4 BLACK  BAROQUE FLOCK COASTER,2.55,20,51.0,4,2.33,2.62,2.98,2.64,-3.4, Competitive — Monitor,-1.0,,,MONITOR — No Clear Signal,0.0,2.55,0.0,0.0,-0.0,20.0,51.0,51.0,0.0
85069,CREAM SWEETHEART DOUBLE SHELF,16.95,3,50.849999999999994,1,14.87,15.63,19.19,16.56,2.4, Competitive — Monitor,-1.0,,,MONITOR — No Clear Signal,0.0,16.95,0.0,0.0,-0.0,3.0,50.849999999999994,50.849999999999994,0.0
17084A,TRANQUILITY MASALA INCENSE,0.21,242,50.82,11,0.18,0.22,0.24,0.21,0.0, Competitive — Monitor,-1.0,,,MONITOR — No Clear Signal,0.0,0.21,0.0,0.0,-0.0,242.0,50.82,50.82,0.0
20697,LITTLE GREEN MONSTER SOFT TOY,2.4681818181818183,22,50.7,11,2.25,2.45,2.61,2.44,1.2, Competitive — Monitor,-1.0,,,MONITOR — No Clear Signal,0.0,2.47,0.0,0.0,-0.0,22.0,54.300000000000004,54.34,0.04
20958,PORCELAIN HANGING BELL LARGE,1.9500000000000002,26,50.7,9,1.77,1.9,2.16,1.94,0.5, Competitive — Monitor,-1.0,,,MONITOR — No Clear Signal,0.0,1.95,-0.0,0.0,-0.0,26.0,50.7,50.699999999999996,-0.0
84527,FLAMES SUNGLASSES PINK LENSES,1.95,26,50.699999999999996,13,1.69,1.84,2.13,1.89,3.2, Competitive — Monitor,-1.0,,,MONITOR — No Clear Signal,0.0,1.95,0.0,0.0,-0.0,26.0,50.699999999999996,50.699999999999996,0.0
72083A,STRAWBERY SWIRL FLARE CANDLE,2.1,24,50.400000000000006,7,1.93,2.08,2.52,2.18,-3.7, Competitive — Monitor,-1.0,,,MONITOR — No Clear Signal,0.0,2.1,0.0,0.0,-0.0,24.0,50.400000000000006,50.400000000000006,0.0
72783,BLACK SIL'T SQU CANDLE PLATE ,2.1,24,50.400000000000006,5,1.88,2.1,2.3,2.09,0.5, Competitive — Monitor,-1.0,,,MONITOR — No Clear Signal,0.0,2.1,0.0,0.0,-0.0,24.0,50.400000000000006,50.400000000000006,0.0
90130A,WHITE STONE/CRYSTAL EARRINGS,2.95,17,50.150000000000006,5,2.7,2.9,3.49,3.03,-2.6, Competitive — Monitor,-1.0,,,MONITOR — No Clear Signal,0.0,2.95,0.0,0.0,-0.0,17.0,50.150000000000006,50.150000000000006,0.0
90162D,ANT SILVER PURPLE BOUDICCA RING,2.95,17,50.150000000000006,7,2.75,3.03,3.4,3.06,-3.6, Competitive — Monitor,-1.0,,,MONITOR — No Clear Signal,0.0,2.95,0.0,0.0,-0.0,17.0,50.150000000000006,50.150000000000006,0.0
47369A,PINK GREEN EMBROIDERY COSMETIC BAG,2.9500000000000006,17,50.150000000000006,6,2.56,2.91,3.25,2.91,1.4, Competitive — Monitor,-1.0,,,MONITOR — No Clear Signal,0.0,2.95,-0.0,0.0,-0.0,17.0,50.15000000000001,50.150000000000006,-0.0
22257,FELT FARM ANIMAL SHEEP,1.25,40,50.0,9,1.06,1.34,1.41,1.27,-1.6, Competitive — Monitor,-1.0,,,MONITOR — No Clear Signal,0.0,1.25,0.0,0.0,-0.0,40.0,50.0,50.0,0.0
22954,HEN PARTY CORDON BARRIER TAPE,1.25,40,50.0,9,1.16,1.27,1.47,1.3,-3.8, Competitive — Monitor,-1.0,,,MONITOR — No Clear Signal,0.0,1.25,0.0,0.0,-0.0,40.0,50.0,50.0,0.0
37462B,"PET MUG, BUDGIE",0.42000000000000004,119,49.980000000000004,5,0.38,0.44,0.5,0.44,-4.5, Competitive — Monitor,-1.0,,,MONITOR — No Clear Signal,0.0,0.42,-0.0,0.0,-0.0,119.0,49.980000000000004,49.98,-0.0
84711B,PINK OVAL SHAPE TRINKET BOX,9.95,5,49.75,4,9.15,9.33,10.69,9.72,2.4, Competitive — Monitor,-1.0,,,MONITOR — No Clear Signal,0.0,9.95,0.0,0.0,-0.0,5.0,49.75,49.75,0.0
20821,GOLDIE LOOKING MIRROR,4.95,10,49.5,5,4.62,4.87,5.45,4.98,-0.6, Competitive — Monitor,-1.0,,,MONITOR — No Clear Signal,0.0,4.95,0.0,0.0,-0.0,10.0,49.5,49.5,0.0
90046,WHITE WITH METAL BAG CHARM,4.95,10,49.5,6,4.6,4.82,5.45,4.96,-0.2, Competitive — Monitor,-1.0,,,MONITOR — No Clear Signal,0.0,4.95,0.0,0.0,-0.0,10.0,49.5,49.5,0.0
84537B,FAIRY CAKES GIFT BAG,0.42,117,49.14,11,0.4,0.42,0.44,0.42,0.0, Competitive — Monitor,-1.0,,,MONITOR — No Clear Signal,0.0,0.42,0.0,0.0,-0.0,117.0,49.14,49.14,0.0
35644,PAIR PINK/BLACK COATHANGERS,1.9500000000000002,25,48.75,7,1.76,2.06,2.22,2.01,-3.0, Competitive — Monitor,-1.0,,,MONITOR — No Clear Signal,0.0,1.95,-0.0,0.0,-0.0,25.0,48.75000000000001,48.75,-0.0
90039C,FIRE POLISHED GLASS BRACELET BLACK,3.75,13,48.75,2,3.37,3.5,4.42,3.76,-0.3, Competitive — Monitor,-1.0,,,MONITOR — No Clear Signal,0.0,3.75,0.0,0.0,-0.0,13.0,48.75,48.75,0.0
90003C,MIDNIGHT BLUE PAIR HEART HAIR SLIDE,3.75,13,48.75,5,3.34,3.49,4.15,3.66,2.5, Competitive — Monitor,-1.0,,,MONITOR — No Clear Signal,0.0,3.75,0.0,0.0,-0.0,13.0,48.75,48.75,0.0
90165B,WHITE ROSEBUD  PEARL EARRINGS,2.55,19,48.45,5,2.21,2.69,2.96,2.62,-2.7, Competitive — Monitor,-1.0,,,MONITOR — No Clear Signal,0.0,2.55,0.0,0.0,-0.0,19.0,48.449999999999996,48.449999999999996,0.0
21367,MIRRORED WALL ART GENTS,2.408333333333333,35,48.449999999999996,12,2.18,2.3,2.76,2.41,-0.1, Competitive — Monitor,-1.0,,,MONITOR — No Clear Signal,0.0,2.41,0.0,0.0,-0.0,35.0,84.29166666666666,84.35000000000001,0.06
90104,PURPLE FRANGIPANI HAIRCLIP,0.85,57,48.449999999999996,10,0.75,0.87,0.94,0.85,0.0, Competitive — Monitor,-1.0,,,MONITOR — No Clear Signal,0.0,0.85,0.0,0.0,-0.0,57.0,48.449999999999996,48.449999999999996,0.0
72129,COLUMBIAN CANDLE ROUND ,0.65,74,48.1,17,0.61,0.65,0.7,0.65,0.0, Competitive — Monitor,-1.0,,,MONITOR — No Clear Signal,0.0,0.65,0.0,0.0,-0.0,74.0,48.1,48.1,0.0
16045,POPART WOODEN PENCILS ASST,0.12,400,48.0,4,0.11,0.13,0.14,0.13,-7.7, Competitive — Monitor,-1.0,,,MONITOR — No Clear Signal,0.0,0.12,0.0,0.0,-0.0,400.0,48.0,48.0,0.0
90021,LASER CUT MULTI STRAND NECKLACE,11.949999999999998,4,47.8,3,10.87,11.23,14.08,12.06,-0.9, Competitive — Monitor,-1.0,,,MONITOR — No Clear Signal,0.0,11.95,0.0,0.0,-0.0,4.0,47.79999999999999,47.8,0.0
84608,ORNATE EDWARDIAN CANDLE HOLDER,7.95,6,47.7,4,7.04,7.48,9.17,7.9,0.6, Competitive — Monitor,-1.0,,,MONITOR — No Clear Signal,0.0,7.95,0.0,0.0,-0.0,6.0,47.7,47.7,0.0
84599,CANDY STRIPE ROSE FLOOR CUSHION,7.95,6,47.7,2,6.8,8.02,8.37,7.73,2.8, Competitive — Monitor,-1.0,,,MONITOR — No Clear Signal,0.0,7.95,0.0,0.0,-0.0,6.0,47.7,47.7,0.0
84679,CLASSICAL ROSE TABLE LAMP,5.95,8,47.6,2,5.08,6.37,6.44,5.96,-0.2, Competitive — Monitor,-1.0,,,MONITOR — No Clear Signal,0.0,5.95,0.0,0.0,-0.0,8.0,47.6,47.6,0.0
21347,GOTHIC CARRIAGE LANTERN,5.95,8,47.6,4,5.31,5.87,6.31,5.83,2.1, Competitive — Monitor,-1.0,,,MONITOR — No Clear Signal,0.0,5.95,0.0,0.0,-0.0,8.0,47.6,47.6,0.0
90214R,"LETTER ""R"" BLING KEY RING",1.25,38,47.5,15,1.07,1.22,1.42,1.24,0.8, Competitive — Monitor,-1.0,,,MONITOR — No Clear Signal,0.0,1.25,0.0,0.0,-0.0,38.0,47.5,47.5,0.0
90116,FRUIT SALAD BAG CHARM,1.69,28,47.32,8,1.54,1.72,1.97,1.74,-2.9, Competitive — Monitor,-1.0,,,MONITOR — No Clear Signal,0.0,1.69,0.0,0.0,-0.0,28.0,47.32,47.32,0.0
20895,VINTAGE NOTEBOOK FRENCH LETTER ,2.95,16,47.20000000000001,4,2.77,3.15,3.15,3.02,-2.3, Competitive — Monitor,-1.0,,,MONITOR — No Clear Signal,0.0,2.95,0.0,0.0,-0.0,16.0,47.2,47.2,0.0
35603C,SET/16 WHITE SHINY & MATT BAUBLES,0.7121739130434782,80,47.04,22,0.67,0.75,0.84,0.75,-5.0, Competitive — Monitor,-1.0,,,MONITOR — No Clear Signal,0.0,0.71,-0.0,0.0,-0.0,80.0,56.973913043478255,56.8,-0.17
16201B,PASTEL BLUE PHOTO ALBUM,1.95,24,46.8,2,1.79,2.1,2.21,2.03,-3.9, Competitive — Monitor,-1.0,,,MONITOR — No Clear Signal,0.0,1.95,0.0,0.0,-0.0,24.0,46.8,46.8,0.0
20988,TRELLIS FLOWER CHOPSTICKS SET/5,1.9500000000000002,24,46.8,9,1.7,1.8,2.25,1.92,1.6, Competitive — Monitor,-1.0,,,MONITOR — No Clear Signal,0.0,1.95,-0.0,0.0,-0.0,24.0,46.800000000000004,46.8,-0.0
62086A,PINK RETRO BIG FLOWER BAG,1.9500000000000002,24,46.8,9,1.83,1.83,2.33,2.0,-2.5, Competitive — Monitor,-1.0,,,MONITOR — No Clear Signal,0.0,1.95,-0.0,0.0,-0.0,24.0,46.800000000000004,46.8,-0.0
90001D,ANTIQUE OLIVE GREEN FLOWER EARRINGS,4.25,11,46.75,4,3.99,4.32,4.52,4.28,-0.7, Competitive — Monitor,-1.0,,,MONITOR — No Clear Signal,0.0,4.25,0.0,0.0,-0.0,11.0,46.75,46.75,0.0
84227,HEN HOUSE W CHICK IN NEST,0.42,111,46.620000000000005,12,0.37,0.44,0.5,0.44,-4.5, Competitive — Monitor,-1.0,,,MONITOR — No Clear Signal,0.0,0.42,0.0,0.0,-0.0,111.0,46.62,46.62,0.0
84705D,CHERRY BLOSSOM PHOTO FRAME ,4.65,10,46.5,3,4.3,4.49,4.97,4.59,1.3, Competitive — Monitor,-1.0,,,MONITOR — No Clear Signal,0.0,4.65,0.0,0.0,-0.0,10.0,46.5,46.5,0.0
84705F,RED PEONY PHOTO FRAME ,4.65,10,46.5,5,4.09,4.46,5.16,4.57,1.8, Competitive — Monitor,-1.0,,,MONITOR — No Clear Signal,0.0,4.65,0.0,0.0,-0.0,10.0,46.5,46.5,0.0
17007B,S/3 POT POURI CUSHIONS BLUE COLOURS,2.1,22,46.2,5,1.95,2.2,2.47,2.21,-5.0, Competitive — Monitor,-1.0,,,MONITOR — No Clear Signal,0.0,2.1,0.0,0.0,-0.0,22.0,46.2,46.2,0.0
84626,CANDY STRIPE ROSE QUILT,45.95,1,45.95,1,43.64,42.69,54.49,46.94,-2.1, Competitive — Monitor,-1.0,,,MONITOR — No Clear Signal,0.0,45.95,0.0,0.0,-0.0,1.0,45.95,45.95,0.0
90037C,TINY CRYSTAL BRACELET BLUE,2.55,18,45.9,4,2.18,2.5,2.87,2.52,1.2, Competitive — Monitor,-1.0,,,MONITOR — No Clear Signal,0.0,2.55,0.0,0.0,-0.0,18.0,45.9,45.9,0.0
21368,MIRRORED WALL ART LADIES,2.38,34,45.9,9,2.24,2.38,2.71,2.44,-2.5, Competitive — Monitor,-1.0,,,MONITOR — No Clear Signal,0.0,2.38,0.0,0.0,-0.0,34.0,80.92,80.92,0.0
90037A,TINY CRYSTAL BRACELET RED,2.55,18,45.9,4,2.33,2.57,2.95,2.62,-2.7, Competitive — Monitor,-1.0,,,MONITOR — No Clear Signal,0.0,2.55,0.0,0.0,-0.0,18.0,45.9,45.9,0.0
90114,SUMMER DAISIES BAG CHARM,2.55,18,45.9,8,2.42,2.64,3.0,2.69,-5.2, Competitive — Monitor,-1.0,,,MONITOR — No Clear Signal,0.0,2.55,0.0,0.0,-0.0,18.0,45.9,45.9,0.0
20964,POLYESTER FILLER PAD 60x40cm,2.55,18,45.89999999999999,5,2.29,2.49,2.72,2.5,2.0, Competitive — Monitor,-1.0,,,MONITOR — No Clear Signal,0.0,2.55,0.0,0.0,-0.0,18.0,45.9,45.9,0.0
85081,PADDED HOLLY CHRISTMAS DECORATION ,0.45458333333333334,103,45.75,20,0.42,0.46,0.53,0.47,-3.3, Competitive — Monitor,-1.0,,,MONITOR — No Clear Signal,0.0,0.45,-0.0,0.0,-0.0,103.0,46.82208333333333,46.35,-0.47
20837,FRENCH FLORAL CUSHION COVER ,2.25,24,45.60000000000001,3,1.93,2.28,2.52,2.24,0.4, Competitive — Monitor,-1.0,,,MONITOR — No Clear Signal,0.0,2.25,0.0,0.0,-0.0,24.0,54.0,54.0,0.0
84447,6 RABBIT CHAIN EASTER,0.85,53,45.05,7,0.75,0.86,0.95,0.85,0.0, Competitive — Monitor,-1.0,,,MONITOR — No Clear Signal,0.0,0.85,0.0,0.0,-0.0,53.0,45.05,45.05,0.0
16161C,WRAP SPEED DEMONS ,0.1,450,45.0,2,0.09,0.1,0.11,0.1,0.0, Competitive — Monitor,-1.0,,,MONITOR — No Clear Signal,0.0,0.1,0.0,0.0,-0.0,450.0,45.0,45.0,0.0
90038A,GLASS AND PAINTED BEADS BRACELET TO,3.75,12,45.0,3,3.55,3.61,4.22,3.79,-1.1, Competitive — Monitor,-1.0,,,MONITOR — No Clear Signal,0.0,3.75,0.0,0.0,-0.0,12.0,45.0,45.0,0.0
90078,PINK/WHITE GLASS DEMI CHOKER,7.5,6,45.0,3,6.99,7.0,8.94,7.64,-1.8, Competitive — Monitor,-1.0,,,MONITOR — No Clear Signal,0.0,7.5,0.0,0.0,-0.0,6.0,45.0,45.0,0.0
35912B,WHITE/PINK CHICK DECORATION,1.25,36,45.0,8,1.17,1.17,1.42,1.25,0.0, Competitive — Monitor,-1.0,,,MONITOR — No Clear Signal,0.0,1.25,0.0,0.0,-0.0,36.0,45.0,45.0,0.0
90189A,SILVER 2 STRAND NECKLACE-LEAF CHARM,7.5,6,45.0,3,7.08,7.17,8.95,7.73,-3.0, Competitive — Monitor,-1.0,,,MONITOR — No Clear Signal,0.0,7.5,0.0,0.0,-0.0,6.0,45.0,45.0,0.0
35233,PASTA ENAMEL/BRASS CONTAINER,3.75,12,45.0,8,3.22,3.75,4.04,3.67,2.2, Competitive — Monitor,-1.0,,,MONITOR — No Clear Signal,0.0,3.75,0.0,0.0,-0.0,12.0,45.0,45.0,0.0
90176C,DIAMANTE NECKLACE,7.5,6,45.0,3,6.66,7.91,8.69,7.75,-3.2, Competitive — Monitor,-1.0,,,MONITOR — No Clear Signal,0.0,7.5,0.0,0.0,-0.0,6.0,45.0,45.0,0.0
21685,MEDINA STAMPED METAL TRAY ,14.95,3,44.849999999999994,2,12.81,15.43,17.52,15.25,-2.0, Competitive — Monitor,-1.0,,,MONITOR — No Clear Signal,0.0,14.95,0.0,0.0,-0.0,3.0,44.849999999999994,44.849999999999994,0.0
79144C,PAINTED LIGHTBULB RAINBOW DESIGN,0.4172222222222222,109,44.58,17,0.36,0.44,0.48,0.43,-3.0, Competitive — Monitor,-1.0,,,MONITOR — No Clear Signal,0.0,0.42,0.0,0.0,-0.0,109.0,45.477222222222224,45.78,0.3
90073,VINTAGE ENAMEL & CRYSTAL EARRINGS,4.95,9,44.550000000000004,3,4.32,4.83,5.65,4.93,0.4, Competitive — Monitor,-1.0,,,MONITOR — No Clear Signal,0.0,4.95,0.0,0.0,-0.0,9.0,44.550000000000004,44.550000000000004,0.0
90206C,CRYSTAL DIAMANTE STAR BROOCH,4.95,9,44.550000000000004,4,4.44,4.87,5.62,4.98,-0.6, Competitive — Monitor,-1.0,,,MONITOR — No Clear Signal,0.0,4.95,0.0,0.0,-0.0,9.0,44.550000000000004,44.550000000000004,0.0
90135A,ORANGE/FUSCHIA STONES NECKLACE,4.95,9,44.550000000000004,2,4.34,4.87,5.84,5.02,-1.4, Competitive — Monitor,-1.0,,,MONITOR — No Clear Signal,0.0,4.95,0.0,0.0,-0.0,9.0,44.550000000000004,44.550000000000004,0.0
20820,SILVER LOOKING MIRROR,4.95,9,44.550000000000004,7,4.26,4.71,5.81,4.93,0.4, Competitive — Monitor,-1.0,,,MONITOR — No Clear Signal,0.0,4.95,0.0,0.0,-0.0,9.0,44.550000000000004,44.550000000000004,0.0
90019B,GOLD M.O.P ORBIT BRACELET,4.95,9,44.550000000000004,5,4.29,4.6,5.29,4.73,4.7, Competitive — Monitor,-1.0,,,MONITOR — No Clear Signal,0.0,4.95,0.0,0.0,-0.0,9.0,44.550000000000004,44.550000000000004,0.0
90197D,AMBER GLASS BRACELET HEART CHARMS,4.95,9,44.550000000000004,4,4.28,5.02,5.83,5.04,-1.8, Competitive — Monitor,-1.0,,,MONITOR — No Clear Signal,0.0,4.95,0.0,0.0,-0.0,9.0,44.550000000000004,44.550000000000004,0.0
90133,TEAL/FUSCHIA COL BEAD NECKLACE,4.95,9,44.55,4,4.69,5.34,5.5,5.18,-4.4, Competitive — Monitor,-1.0,,,MONITOR — No Clear Signal,0.0,4.95,0.0,0.0,-0.0,9.0,44.550000000000004,44.550000000000004,0.0
20796,SMALL BLUE PROVENCAL CERAMIC BALL,1.65,27,44.55,5,1.53,1.56,1.8,1.63,1.2, Competitive — Monitor,-1.0,,,MONITOR — No Clear Signal,0.0,1.65,0.0,0.0,-0.0,27.0,44.55,44.55,0.0
85159A,"BLACK TEA,COFFEE,SUGAR JARS",6.35,7,44.449999999999996,4,6.01,5.89,7.5,6.47,-1.9, Competitive — Monitor,-1.0,,,MONITOR — No Clear Signal,0.0,6.35,0.0,0.0,-0.0,7.0,44.449999999999996,44.449999999999996,0.0
90067A,PINK VINTAGE VICTORIAN EARRINGS,2.95,15,44.25000000000001,5,2.64,3.08,3.29,3.0,-1.7, Competitive — Monitor,-1.0,,,MONITOR — No Clear Signal,0.0,2.95,0.0,0.0,-0.0,15.0,44.25,44.25,0.0
84586L,"PINK ROSES/GINGHAM PATCH RABBIT 8""",2.95,15,44.25000000000001,9,2.59,2.83,3.46,2.96,-0.3, Competitive — Monitor,-1.0,,,MONITOR — No Clear Signal,0.0,2.95,0.0,0.0,-0.0,15.0,44.25,44.25,0.0
35085E,IVORY ROSE LAMPSHADE ,1.1666666666666667,39,44.25,9,1.08,1.23,1.27,1.19,-2.0, Competitive — Monitor,-1.0,,,MONITOR — No Clear Signal,0.0,1.17,0.0,0.0,-0.0,39.0,45.5,45.629999999999995,0.13
22921,HERB MARKER CHIVES ,0.65,68,44.2,14,0.57,0.67,0.68,0.64,1.6, Competitive — Monitor,-1.0,,,MONITOR — No Clear Signal,0.0,0.65,0.0,0.0,-0.0,68.0,44.2,44.2,0.0
22919,HERB MARKER MINT,0.65,68,44.2,14,0.57,0.7,0.73,0.67,-3.0, Competitive — Monitor,-1.0,,,MONITOR — No Clear Signal,0.0,0.65,0.0,0.0,-0.0,68.0,44.2,44.2,0.0
17014A,ORIGAMI VANILLA INCENSE CONES,1.035,93,43.98,2,0.9,1.02,1.1,1.01,2.5, Competitive — Monitor,-1.0,,,MONITOR — No Clear Signal,0.0,1.03,-0.0,0.0,-0.0,93.0,96.255,95.79,-0.46
35610C,WHITE CHRISTMAS FLOCK DROPLET ,1.084,67,43.91,5,0.94,1.11,1.26,1.1,-1.5, Competitive — Monitor,-1.0,,,MONITOR — No Clear Signal,0.0,1.08,-0.0,0.0,-0.0,67.0,72.628,72.36,-0.27
84292B,BLUE COL METAL FOLDING CHAIR,7.2125,7,43.85,4,6.32,7.17,7.87,7.12,1.3, Competitive — Monitor,-1.0,,,MONITOR — No Clear Signal,0.0,7.21,-0.0,0.0,-0.0,7.0,50.487500000000004,50.47,-0.02
90214B,"LETTER ""B"" BLING KEY RING",1.25,35,43.75,15,1.11,1.28,1.4,1.26,-0.8, Competitive — Monitor,-1.0,,,MONITOR — No Clear Signal,0.0,1.25,0.0,0.0,-0.0,35.0,43.75,43.75,0.0
90214G,"LETTER ""G"" BLING KEY RING",1.25,35,43.75,14,1.15,1.24,1.33,1.24,0.8, Competitive — Monitor,-1.0,,,MONITOR — No Clear Signal,0.0,1.25,0.0,0.0,-0.0,35.0,43.75,43.75,0.0
71495A,CD WALL TIDY BLUE OFFICE,0.4114285714285714,117,43.38,7,0.35,0.39,0.45,0.4,2.9, Competitive — Monitor,-1.0,,,MONITOR — No Clear Signal,0.0,0.41,-0.0,0.0,-0.0,117.0,48.137142857142855,47.97,-0.17
90037B,TINY CRYSTAL BRACELET GREEN,2.55,17,43.349999999999994,4,2.22,2.55,2.98,2.58,-1.2, Competitive — Monitor,-1.0,,,MONITOR — No Clear Signal,0.0,2.55,0.0,0.0,-0.0,17.0,43.349999999999994,43.349999999999994,0.0
35822P,"ACRYLIC BEAD CHAIN, PINK",0.38,114,43.32,1,0.35,0.38,0.41,0.38,0.0, Competitive — Monitor,-1.0,,,MONITOR — No Clear Signal,0.0,0.38,0.0,0.0,-0.0,114.0,43.32,43.32,0.0
72796B,S/3 FRENCH VANILLA SQU CANDLE,1.6499999999999997,26,42.9,11,1.43,1.73,1.89,1.68,-1.8, Competitive — Monitor,-1.0,,,MONITOR — No Clear Signal,0.0,1.65,0.0,0.0,-0.0,26.0,42.89999999999999,42.9,0.0
84548,CROCHET BEAR RED/BLUE  KEYRING,1.65,26,42.89999999999999,9,1.46,1.71,1.96,1.71,-3.5, Competitive — Monitor,-1.0,,,MONITOR — No Clear Signal,0.0,1.65,0.0,0.0,-0.0,26.0,42.9,42.9,0.0
90026B,GLASS BEAD HOOP NECKLACE MONTANA,8.5,5,42.5,4,7.96,8.72,9.79,8.82,-3.6, Competitive — Monitor,-1.0,,,MONITOR — No Clear Signal,0.0,8.5,0.0,0.0,-0.0,5.0,42.5,42.5,0.0
90024A,NEW BAROQUE B'FLY NECKLACE BLACK,8.5,5,42.5,4,7.36,7.97,9.96,8.43,0.8, Competitive — Monitor,-1.0,,,MONITOR — No Clear Signal,0.0,8.5,0.0,0.0,-0.0,5.0,42.5,42.5,0.0
72724,SET/6 CHRISTMAS ICICLE T-LIGHTS,1.25,34,42.5,9,1.07,1.29,1.33,1.23,1.6, Competitive — Monitor,-1.0,,,MONITOR — No Clear Signal,0.0,1.25,0.0,0.0,-0.0,34.0,42.5,42.5,0.0
72051S,BAG OF SILVER STONES,0.42,101,42.42,15,0.38,0.42,0.46,0.42,0.0, Competitive — Monitor,-1.0,,,MONITOR — No Clear Signal,0.0,0.42,0.0,0.0,-0.0,101.0,42.42,42.42,0.0
84803B,WHITE ALLIUM  ARTIFICIAL FLOWER,1.69,25,42.25,7,1.49,1.8,2.0,1.76,-4.0, Competitive — Monitor,-1.0,,,MONITOR — No Clear Signal,0.0,1.69,0.0,0.0,-0.0,25.0,42.25,42.25,0.0
84510E,SET OF 4 GREEN CAROUSEL COASTERS,1.0325,103,41.75,4,0.94,1.1,1.19,1.08,-4.4, Competitive — Monitor,-1.0,,,MONITOR — No Clear Signal,0.0,1.03,-0.0,0.0,-0.0,103.0,106.3475,106.09,-0.26
90179B,PURPLE FINE BEAD NECKLACE W TASSEL,5.95,7,41.65,5,5.54,5.53,6.82,5.96,-0.2, Competitive — Monitor,-1.0,,,MONITOR — No Clear Signal,0.0,5.95,0.0,0.0,-0.0,7.0,41.65,41.65,0.0
84611B,BLACK NEW BAROQUE FLOCK BOX,5.95,7,41.65,4,5.14,6.26,6.84,6.08,-2.1, Competitive — Monitor,-1.0,,,MONITOR — No Clear Signal,0.0,5.95,0.0,0.0,-0.0,7.0,41.65,41.65,0.0
90060C,FIRE POLISHED GLASS NECKL SILVER,5.95,7,41.65,3,5.4,5.51,6.62,5.84,1.9, Competitive — Monitor,-1.0,,,MONITOR — No Clear Signal,0.0,5.95,0.0,0.0,-0.0,7.0,41.65,41.65,0.0
90030C,BROWN KUKUI COCONUT SEED NECKLACE,5.95,7,41.65,2,5.36,5.82,6.29,5.82,2.2, Competitive — Monitor,-1.0,,,MONITOR — No Clear Signal,0.0,5.95,0.0,0.0,-0.0,7.0,41.65,41.65,0.0
20870,OPULENT VELVET CANDLE IN BOX,1.9300000000000002,27,41.4,4,1.67,1.94,2.25,1.95,-1.0, Competitive — Monitor,-1.0,,,MONITOR — No Clear Signal,0.0,1.93,-0.0,0.0,-0.0,27.0,52.11000000000001,52.11,-0.0
90177D,DROP DIAMANTE EARRINGS PURPLE,2.95,14,41.300000000000004,4,2.69,2.78,3.4,2.96,-0.3, Competitive — Monitor,-1.0,,,MONITOR — No Clear Signal,0.0,2.95,0.0,0.0,-0.0,14.0,41.300000000000004,41.300000000000004,0.0
90202D,PINK ENAMEL FLOWER HAIR TIE,2.9500000000000006,14,41.300000000000004,3,2.59,3.07,3.31,2.99,-1.3, Competitive — Monitor,-1.0,,,MONITOR — No Clear Signal,0.0,2.95,-0.0,0.0,-0.0,14.0,41.30000000000001,41.300000000000004,-0.0
85184B,SET 4 EASTER DECOUPAGE OVAL BOXES,2.95,14,41.300000000000004,7,2.65,2.72,3.5,2.96,-0.3, Competitive — Monitor,-1.0,,,MONITOR — No Clear Signal,0.0,2.95,0.0,0.0,-0.0,14.0,41.300000000000004,41.300000000000004,0.0
85024B,EAU DE NILE JEWELLED PHOTOFRAME,1.65,25,41.24999999999999,8,1.42,1.56,1.82,1.6,3.1, Competitive — Monitor,-1.0,,,MONITOR — No Clear Signal,0.0,1.65,0.0,0.0,-0.0,25.0,41.25,41.25,0.0
35071,ASSORTED SANTA CHRISTMAS DECORATION,0.85,48,40.8,5,0.76,0.86,0.93,0.85,0.0, Competitive — Monitor,-1.0,,,MONITOR — No Clear Signal,0.0,0.85,0.0,0.0,-0.0,48.0,40.8,40.8,0.0
72709,IVORY SCULPTED RND CANDLE ,0.85,48,40.8,8,0.75,0.88,1.0,0.88,-3.4, Competitive — Monitor,-1.0,,,MONITOR — No Clear Signal,0.0,0.85,0.0,0.0,-0.0,48.0,40.8,40.8,0.0
84798C,WHITE FOXGLOVE ARTIIFCIAL FLOWER,2.55,16,40.8,3,2.38,2.72,2.98,2.69,-5.2, Competitive — Monitor,-1.0,,,MONITOR — No Clear Signal,0.0,2.55,0.0,0.0,-0.0,16.0,40.8,40.8,0.0
35607B,BLACK FEATHER CHRISTMAS DECORATION,0.19,214,40.660000000000004,9,0.16,0.2,0.21,0.19,0.0, Competitive — Monitor,-1.0,,,MONITOR — No Clear Signal,0.0,0.19,0.0,0.0,-0.0,214.0,40.660000000000004,40.660000000000004,0.0
17014C,ORIGAMI LAVENDER INCENSE CONES,0.42,96,40.32,1,0.37,0.43,0.45,0.42,0.0, Competitive — Monitor,-1.0,,,MONITOR — No Clear Signal,0.0,0.42,0.0,0.0,-0.0,96.0,40.32,40.32,0.0
20879,TREE OF NOAH FESTIVE SCENTED CANDLE,0.65,62,40.300000000000004,8,0.58,0.64,0.7,0.64,1.6, Competitive — Monitor,-1.0,,,MONITOR — No Clear Signal,0.0,0.65,0.0,0.0,-0.0,62.0,40.300000000000004,40.300000000000004,0.0
90214N,"LETTER ""N"" BLING KEY RING",1.25,32,40.0,13,1.15,1.15,1.44,1.25,0.0, Competitive — Monitor,-1.0,,,MONITOR — No Clear Signal,0.0,1.25,0.0,0.0,-0.0,32.0,40.0,40.0,0.0
20994,JAZZ HEARTS SPIRAL NOTEPAD,0.85,47,39.949999999999996,12,0.77,0.8,0.94,0.84,1.2, Competitive — Monitor,-1.0,,,MONITOR — No Clear Signal,0.0,0.85,0.0,0.0,-0.0,47.0,39.949999999999996,39.949999999999996,0.0
20860,GOLD COSMETICS BAG WITH BUTTERFLY,2.1,19,39.900000000000006,10,1.93,2.11,2.47,2.17,-3.2, Competitive — Monitor,-1.0,,,MONITOR — No Clear Signal,0.0,2.1,0.0,0.0,-0.0,19.0,39.9,39.9,0.0
79065A,TEATIME ROUND CAKE TINS ,9.95,4,39.8,1,9.23,10.23,11.87,10.44,-4.7, Competitive — Monitor,-1.0,,,MONITOR — No Clear Signal,0.0,9.95,0.0,0.0,-0.0,4.0,39.8,39.8,0.0
90158,ST TROPEZ NECKLACE,4.95,8,39.6,5,4.63,4.88,5.8,5.1,-2.9, Competitive — Monitor,-1.0,,,MONITOR — No Clear Signal,0.0,4.95,0.0,0.0,-0.0,8.0,39.6,39.6,0.0
35963,FOLKART ZINC CLIP ON ANGEL WINGS,0.38,104,39.52,11,0.33,0.39,0.42,0.38,0.0, Competitive — Monitor,-1.0,,,MONITOR — No Clear Signal,0.0,0.38,0.0,0.0,-0.0,104.0,39.52,39.52,0.0
90108,BLUE BLOSSOM HAIR CLIP,1.05,37,38.85,7,0.95,1.05,1.23,1.08,-2.8, Competitive — Monitor,-1.0,,,MONITOR — No Clear Signal,0.0,1.05,0.0,0.0,-0.0,37.0,38.85,38.85,0.0
82545A,COGNAC AUX OEUFS METAL 1 HOOK,1.25,31,38.75,11,1.17,1.16,1.38,1.24,0.8, Competitive — Monitor,-1.0,,,MONITOR — No Clear Signal,0.0,1.25,0.0,0.0,-0.0,31.0,38.75,38.75,0.0
90214T,"LETTER ""T"" BLING KEY RING",1.25,31,38.75,11,1.19,1.19,1.34,1.24,0.8, Competitive — Monitor,-1.0,,,MONITOR — No Clear Signal,0.0,1.25,0.0,0.0,-0.0,31.0,38.75,38.75,0.0
90042B,FRESHWATER PEARL BRACELET PINK,2.55,15,38.25,5,2.39,2.69,2.69,2.59,-1.5, Competitive — Monitor,-1.0,,,MONITOR — No Clear Signal,0.0,2.55,0.0,0.0,-0.0,15.0,38.25,38.25,0.0
20905,VINTAGE KEEPSAKE BOX BEAUTY GIRL,6.349999999999999,6,38.1,3,5.63,6.58,7.03,6.41,-0.9, Competitive — Monitor,-1.0,,,MONITOR — No Clear Signal,0.0,6.35,0.0,0.0,-0.0,6.0,38.099999999999994,38.099999999999994,0.0
84551,CROCHET DOG KEYRING,1.65,23,37.949999999999996,5,1.43,1.75,1.96,1.71,-3.5, Competitive — Monitor,-1.0,,,MONITOR — No Clear Signal,0.0,1.65,0.0,0.0,-0.0,23.0,37.949999999999996,37.949999999999996,0.0
84746,PINK EASTER HENS+FLOWER,3.75,10,37.5,7,3.37,3.52,4.07,3.65,2.7, Competitive — Monitor,-1.0,,,MONITOR — No Clear Signal,0.0,3.75,0.0,0.0,-0.0,10.0,37.5,37.5,0.0
90212C,PURPLE LAS VEGAS BRACELET ROUND,3.75,10,37.5,4,3.47,4.04,4.05,3.85,-2.6, Competitive — Monitor,-1.0,,,MONITOR — No Clear Signal,0.0,3.75,0.0,0.0,-0.0,10.0,37.5,37.5,0.0
90140,PINK SWEETIE NECKLACE,7.5,5,37.5,3,6.74,7.15,8.97,7.62,-1.6, Competitive — Monitor,-1.0,,,MONITOR — No Clear Signal,0.0,7.5,0.0,0.0,-0.0,5.0,37.5,37.5,0.0
90214P,"LETTER ""P"" BLING KEY RING",1.25,30,37.5,12,1.12,1.15,1.32,1.2,4.2, Competitive — Monitor,-1.0,,,MONITOR — No Clear Signal,0.0,1.25,0.0,0.0,-0.0,30.0,37.5,37.5,0.0
79413,GLASS WINE GLASS DECORATIONS,1.25,30,37.5,9,1.17,1.35,1.46,1.33,-6.0, Competitive — Monitor,-1.0,,,MONITOR — No Clear Signal,0.0,1.25,0.0,0.0,-0.0,30.0,37.5,37.5,0.0
85179C,PINK BITTY LIGHT CHAIN,4.65,8,37.2,3,4.12,4.49,5.11,4.57,1.8, Competitive — Monitor,-1.0,,,MONITOR — No Clear Signal,0.0,4.65,0.0,0.0,-0.0,8.0,37.2,37.2,0.0
47013A,WINE BOTTLE DRESSING LT.BLUE,0.29,127,36.83,21,0.27,0.3,0.31,0.29,0.0, Competitive — Monitor,-1.0,,,MONITOR — No Clear Signal,0.0,0.29,0.0,0.0,-0.0,127.0,36.83,36.83,0.0
81952B,ROUND BLUE CLOCK W/SUCKER,0.8200000000000001,48,36.6,7,0.73,0.78,0.97,0.83,-1.2, Competitive — Monitor,-1.0,,,MONITOR — No Clear Signal,0.0,0.82,-0.0,0.0,-0.0,48.0,39.36,39.36,0.0
22860,EASTER TIN CHICKS PINK DAISY,1.65,22,36.3,4,1.46,1.67,1.77,1.63,1.2, Competitive — Monitor,-1.0,,,MONITOR — No Clear Signal,0.0,1.65,0.0,0.0,-0.0,22.0,36.3,36.3,0.0
82069,BEECH WOOD P/FRAME,7.25,5,36.25,2,6.49,7.72,8.21,7.47,-2.9, Competitive — Monitor,-1.0,,,MONITOR — No Clear Signal,0.0,7.25,0.0,0.0,-0.0,5.0,36.25,36.25,0.0
90075,MONTANA DIAMOND CLUSTER NECKLACE,8.95,4,35.8,3,8.29,8.69,9.77,8.92,0.3, Competitive — Monitor,-1.0,,,MONITOR — No Clear Signal,0.0,8.95,0.0,0.0,-0.0,4.0,35.8,35.8,0.0
90060B,FIRE POLISHED GLASS NECKL GOLD,5.95,6,35.7,3,5.13,6.11,6.31,5.85,1.7, Competitive — Monitor,-1.0,,,MONITOR — No Clear Signal,0.0,5.95,0.0,0.0,-0.0,6.0,35.7,35.7,0.0
90152C,BLUE/NAT SHELL NECKLACE W PENDANT,5.95,6,35.7,3,5.17,5.65,6.29,5.7,4.4, Competitive — Monitor,-1.0,,,MONITOR — No Clear Signal,0.0,5.95,0.0,0.0,-0.0,6.0,35.7,35.7,0.0
18097A,PINK TALL PORCELAIN T-LIGHT HOLDER ,2.55,14,35.699999999999996,9,2.41,2.6,2.72,2.58,-1.2, Competitive — Monitor,-1.0,,,MONITOR — No Clear Signal,0.0,2.55,0.0,0.0,-0.0,14.0,35.699999999999996,35.699999999999996,0.0
22933,BAKING MOULD EASTER EGG MILK CHOC,2.95,12,35.400000000000006,1,2.56,2.87,3.13,2.85,3.5, Competitive — Monitor,-1.0,,,MONITOR — No Clear Signal,0.0,2.95,0.0,0.0,-0.0,12.0,35.400000000000006,35.400000000000006,0.0
90067B,BROWN VINTAGE VICTORIAN EARRINGS,2.95,12,35.400000000000006,2,2.67,2.81,3.43,2.97,-0.7, Competitive — Monitor,-1.0,,,MONITOR — No Clear Signal,0.0,2.95,0.0,0.0,-0.0,12.0,35.400000000000006,35.400000000000006,0.0
90134,OLD ROSE COMBO BEAD NECKLACE,2.95,12,35.400000000000006,2,2.68,2.86,3.31,2.95,0.0, Competitive — Monitor,-1.0,,,MONITOR — No Clear Signal,0.0,2.95,0.0,0.0,-0.0,12.0,35.400000000000006,35.400000000000006,0.0
47351B,BLUE  VOILE LAMPSHADE,2.95,12,35.400000000000006,5,2.65,2.8,3.25,2.9,1.7, Competitive — Monitor,-1.0,,,MONITOR — No Clear Signal,0.0,2.95,0.0,0.0,-0.0,12.0,35.400000000000006,35.400000000000006,0.0
90190A,SILVER/CRYSTAL DROP EARRINGS W LEAF,2.95,12,35.400000000000006,7,2.7,3.14,3.28,3.04,-3.0, Competitive — Monitor,-1.0,,,MONITOR — No Clear Signal,0.0,2.95,0.0,0.0,-0.0,12.0,35.400000000000006,35.400000000000006,0.0
35909A,RABBIT EASTER DECORATION,2.95,12,35.400000000000006,2,2.58,2.9,3.51,3.0,-1.7, Competitive — Monitor,-1.0,,,MONITOR — No Clear Signal,0.0,2.95,0.0,0.0,-0.0,12.0,35.400000000000006,35.400000000000006,0.0
90168,2 DAISIES HAIR COMB,2.95,12,35.400000000000006,2,2.67,2.83,3.5,3.0,-1.7, Competitive — Monitor,-1.0,,,MONITOR — No Clear Signal,0.0,2.95,0.0,0.0,-0.0,12.0,35.400000000000006,35.400000000000006,0.0
35815B,"ACRYLIC JEWEL SNOWFLAKE,BLUE",0.38,93,35.34,2,0.34,0.38,0.44,0.39,-2.6, Competitive — Monitor,-1.0,,,MONITOR — No Clear Signal,0.0,0.38,0.0,0.0,-0.0,93.0,35.34,35.34,0.0
90214H,"LETTER ""H"" BLING KEY RING",1.25,28,35.0,17,1.15,1.21,1.48,1.28,-2.3, Competitive — Monitor,-1.0,,,MONITOR — No Clear Signal,0.0,1.25,0.0,0.0,-0.0,28.0,35.0,35.0,0.0
84868B,BLUE BABY BOY'S MEMORY BOX,6.95,5,34.75,4,6.01,7.22,7.63,6.95,0.0, Competitive — Monitor,-1.0,,,MONITOR — No Clear Signal,0.0,6.95,0.0,0.0,-0.0,5.0,34.75,34.75,0.0
35265,COLOURFUL FLOWER FRUIT BOWL,6.95,5,34.75,4,6.3,7.47,7.69,7.15,-2.8, Competitive — Monitor,-1.0,,,MONITOR — No Clear Signal,0.0,6.95,0.0,0.0,-0.0,5.0,34.75,34.75,0.0
90131,PINK/AMETHYST/GOLD NECKLACE,6.95,5,34.75,3,6.04,6.88,7.94,6.95,0.0, Competitive — Monitor,-1.0,,,MONITOR — No Clear Signal,0.0,6.95,0.0,0.0,-0.0,5.0,34.75,34.75,0.0
90138,WHITE/PINK MINI CRYSTALS NECKLACE,4.95,7,34.65,4,4.35,5.24,5.66,5.08,-2.6, Competitive — Monitor,-1.0,,,MONITOR — No Clear Signal,0.0,4.95,0.0,0.0,-0.0,7.0,34.65,34.65,0.0
84546,CROCHET POODLE KEYRING,1.6499999999999997,21,34.64999999999999,3,1.44,1.67,1.85,1.65,-0.0, Competitive — Monitor,-1.0,,,MONITOR — No Clear Signal,0.0,1.65,0.0,0.0,-0.0,21.0,34.64999999999999,34.65,0.0
90170,DAISY HAIR BAND,1.65,21,34.64999999999999,4,1.43,1.56,1.83,1.61,2.5, Competitive — Monitor,-1.0,,,MONITOR — No Clear Signal,0.0,1.65,0.0,0.0,-0.0,21.0,34.65,34.65,0.0
35955,SMALL FOLKART CHRISTMAS TREE DEC,0.374,135,34.620000000000005,4,0.35,0.39,0.45,0.4,-6.5, Competitive — Monitor,-1.0,,,MONITOR — No Clear Signal,0.0,0.37,-0.0,0.0,-0.0,135.0,50.49,49.95,-0.54
72715,SPHERICAL IVORY CANDLE ,0.42,82,34.44,12,0.37,0.42,0.49,0.43,-2.3, Competitive — Monitor,-1.0,,,MONITOR — No Clear Signal,0.0,0.42,0.0,0.0,-0.0,82.0,34.44,34.44,0.0
84251G,"GREETING CARD, OVERCROWDED POOL.",0.19,181,34.39,19,0.18,0.19,0.21,0.19,0.0, Competitive — Monitor,-1.0,,,MONITOR — No Clear Signal,0.0,0.19,0.0,0.0,-0.0,181.0,34.39,34.39,0.0
35933,PINK STOCKING CHRISTMAS DECORATION,0.38,90,34.2,7,0.36,0.4,0.44,0.4,-5.0, Competitive — Monitor,-1.0,,,MONITOR — No Clear Signal,0.0,0.38,0.0,0.0,-0.0,90.0,34.2,34.2,0.0
71406C,BLACK ORANGE SQUEEZER,0.42,81,34.02,12,0.38,0.42,0.46,0.42,0.0, Competitive — Monitor,-1.0,,,MONITOR — No Clear Signal,0.0,0.42,0.0,0.0,-0.0,81.0,34.019999999999996,34.019999999999996,0.0
90018C,SILVER BLACK ORBIT DROP EARRINGS,4.25,8,34.0,4,3.67,4.52,4.53,4.24,0.2, Competitive — Monitor,-1.0,,,MONITOR — No Clear Signal,0.0,4.25,0.0,0.0,-0.0,8.0,34.0,34.0,0.0
90024C,NEW BAROQUE B'FLY NECKLACE GREEN,8.5,4,34.0,4,7.54,8.84,9.37,8.58,-0.9, Competitive — Monitor,-1.0,,,MONITOR — No Clear Signal,0.0,8.5,0.0,0.0,-0.0,4.0,34.0,34.0,0.0
90026C,GLASS BEAD HOOP NECKLACE GREEN,8.5,4,34.0,3,7.9,8.48,9.44,8.61,-1.3, Competitive — Monitor,-1.0,,,MONITOR — No Clear Signal,0.0,8.5,0.0,0.0,-0.0,4.0,34.0,34.0,0.0
90018B,GOLD M.O.P ORBIT DROP EARRINGS,4.25,8,34.0,5,3.77,4.32,4.47,4.19,1.4, Competitive — Monitor,-1.0,,,MONITOR — No Clear Signal,0.0,4.25,0.0,0.0,-0.0,8.0,34.0,34.0,0.0
75011,BLUE DAISY MOBILE,3.75,9,33.75,3,3.22,3.65,4.4,3.76,-0.3, Competitive — Monitor,-1.0,,,MONITOR — No Clear Signal,0.0,3.75,0.0,0.0,-0.0,9.0,33.75,33.75,0.0
90066A,PINK VINTAGE VICTORIAN CHOKER,6.75,5,33.75,2,6.11,7.27,7.45,6.94,-2.7, Competitive — Monitor,-1.0,,,MONITOR — No Clear Signal,0.0,6.75,0.0,0.0,-0.0,5.0,33.75,33.75,0.0
37112,YELLOW BIRDS FELT DES FOODCOVER,3.75,9,33.75,4,3.5,3.85,4.26,3.87,-3.1, Competitive — Monitor,-1.0,,,MONITOR — No Clear Signal,0.0,3.75,0.0,0.0,-0.0,9.0,33.75,33.75,0.0
79026B,"S/4 ICON COASTER,ELVIS LIVES",1.25,27,33.75,13,1.16,1.16,1.33,1.22,2.5, Competitive — Monitor,-1.0,,,MONITOR — No Clear Signal,0.0,1.25,0.0,0.0,-0.0,27.0,33.75,33.75,0.0
17014E,ORIGAMI OPIUM INCENSE CONES,1.3125,93,33.3,4,1.14,1.28,1.41,1.28,2.5, Competitive — Monitor,-1.0,,,MONITOR — No Clear Signal,0.0,1.31,-0.0,0.0,-0.0,93.0,122.0625,121.83,-0.23
37348,SET OF 4 PASTEL STACKING MUGS,2.55,13,33.15,6,2.34,2.6,3.02,2.65,-3.8, Competitive — Monitor,-1.0,,,MONITOR — No Clear Signal,0.0,2.55,0.0,0.0,-0.0,13.0,33.15,33.15,0.0
84539,KNITTED RABBIT DOLL ,1.65,20,33.0,8,1.44,1.53,1.88,1.62,1.9, Competitive — Monitor,-1.0,,,MONITOR — No Clear Signal,0.0,1.65,0.0,0.0,-0.0,20.0,33.0,33.0,0.0
90059D,DIAMANTE HAIR GRIP PACK/2 PERIDOT,1.65,20,33.0,4,1.44,1.52,1.97,1.64,0.6, Competitive — Monitor,-1.0,,,MONITOR — No Clear Signal,0.0,1.65,0.0,0.0,-0.0,20.0,33.0,33.0,0.0
22882,NUMBER TILE VINTAGE FONT 3,1.9866666666666666,16,32.96,6,1.86,1.97,2.38,2.07,-4.0, Competitive — Monitor,-1.0,,,MONITOR — No Clear Signal,0.0,1.99,0.0,0.0,-0.0,16.0,31.786666666666665,31.84,0.05
84249A,"GREETING CARD,SQUARE, DOUGHNUTS",0.42,78,32.76,7,0.37,0.41,0.46,0.41,2.4, Competitive — Monitor,-1.0,,,MONITOR — No Clear Signal,0.0,0.42,0.0,0.0,-0.0,78.0,32.76,32.76,0.0
90214D,"LETTER ""D"" BLING KEY RING",1.25,26,32.5,12,1.1,1.24,1.37,1.24,0.8, Competitive — Monitor,-1.0,,,MONITOR — No Clear Signal,0.0,1.25,0.0,0.0,-0.0,26.0,32.5,32.5,0.0
15030,FAN BLACK FRAME ,0.29,111,32.19,14,0.25,0.28,0.34,0.29,0.0, Competitive — Monitor,-1.0,,,MONITOR — No Clear Signal,0.0,0.29,0.0,0.0,-0.0,111.0,32.19,32.19,0.0
17136A,BLUE STONES ON WIRE FOR CANDLE,0.11058823529411764,391,32.19,17,0.1,0.1,0.13,0.11,0.5, Competitive — Monitor,-1.0,,,MONITOR — No Clear Signal,0.0,0.11,-0.0,0.0,-0.0,391.0,43.239999999999995,43.01,-0.23
47420,ASSORTED COLOUR SUCTION CUP HOOK,0.19,167,31.730000000000004,17,0.18,0.2,0.22,0.2,-5.0, Competitive — Monitor,-1.0,,,MONITOR — No Clear Signal,0.0,0.19,0.0,0.0,-0.0,167.0,31.73,31.73,0.0
90125C,TURQUOISE BERTIE GLASS BEAD CHARM,2.1,15,31.500000000000004,3,1.92,2.1,2.46,2.16,-2.8, Competitive — Monitor,-1.0,,,MONITOR — No Clear Signal,0.0,2.1,0.0,0.0,-0.0,15.0,31.5,31.5,0.0
20953,PORCELAIN CHERUB BELL LARGE,1.65,19,31.349999999999998,7,1.53,1.57,1.93,1.68,-1.8, Competitive — Monitor,-1.0,,,MONITOR — No Clear Signal,0.0,1.65,0.0,0.0,-0.0,19.0,31.349999999999998,31.349999999999998,0.0
72369A,PINK CLEAR GLASS CANDLE PLATE,1.25,25,31.25,5,1.08,1.21,1.38,1.22,2.5, Competitive — Monitor,-1.0,,,MONITOR — No Clear Signal,0.0,1.25,0.0,0.0,-0.0,25.0,31.25,31.25,0.0
46138B,BLUE CHENILLE SHAGGY CUSHION COVER ,1.95,16,31.2,7,1.75,1.98,2.22,1.98,-1.5, Competitive — Monitor,-1.0,,,MONITOR — No Clear Signal,0.0,1.95,0.0,0.0,-0.0,16.0,31.2,31.2,0.0
47518F,ICON PLACEMAT POP ART ELVIS,0.42,73,30.660000000000004,3,0.37,0.39,0.49,0.42,0.0, Competitive — Monitor,-1.0,,,MONITOR — No Clear Signal,0.0,0.42,0.0,0.0,-0.0,73.0,30.66,30.66,0.0
72024U,LILAC VOTIVE CANDLE,0.21,146,30.66,7,0.18,0.2,0.24,0.21,0.0, Competitive — Monitor,-1.0,,,MONITOR — No Clear Signal,0.0,0.21,0.0,0.0,-0.0,146.0,30.66,30.66,0.0
90165A,PINK ROSEBUD PEARL EARRINGS,2.55,12,30.599999999999998,2,2.29,2.38,2.69,2.45,4.1, Competitive — Monitor,-1.0,,,MONITOR — No Clear Signal,0.0,2.55,0.0,0.0,-0.0,12.0,30.599999999999998,30.599999999999998,0.0
16050,TEATIME PENCIL WITH RUBBER,0.25,122,30.5,4,0.24,0.26,0.28,0.26,-3.8, Competitive — Monitor,-1.0,,,MONITOR — No Clear Signal,0.0,0.25,0.0,0.0,-0.0,122.0,30.5,30.5,0.0
90126A,PINK BERTIE MOBILE PHONE CHARM,1.69,18,30.42,3,1.44,1.76,1.81,1.67,1.2, Competitive — Monitor,-1.0,,,MONITOR — No Clear Signal,0.0,1.69,0.0,0.0,-0.0,18.0,30.419999999999998,30.419999999999998,0.0
90039D,FIRE POLISHED GLASS BRACELET GREEN,3.75,8,30.0,3,3.3,3.9,4.07,3.76,-0.3, Competitive — Monitor,-1.0,,,MONITOR — No Clear Signal,0.0,3.75,0.0,0.0,-0.0,8.0,30.0,30.0,0.0
90072,RUBY DROP CHANDELIER EARRINGS,3.75,8,30.0,2,3.27,3.88,4.45,3.87,-3.1, Competitive — Monitor,-1.0,,,MONITOR — No Clear Signal,0.0,3.75,0.0,0.0,-0.0,8.0,30.0,30.0,0.0
84876C,SILVER HEART COMPACT MIRROR,3.75,8,30.0,4,3.28,3.85,3.96,3.7,1.4, Competitive — Monitor,-1.0,,,MONITOR — No Clear Signal,0.0,3.75,0.0,0.0,-0.0,8.0,30.0,30.0,0.0
37379A,PINK CHERRY BLOSSOM CUP & SAUCER,1.25,24,30.0,4,1.18,1.25,1.35,1.26,-0.8, Competitive — Monitor,-1.0,,,MONITOR — No Clear Signal,0.0,1.25,0.0,0.0,-0.0,24.0,30.0,30.0,0.0
47563B,WAVELINE SURF IRONING BOARD COVER,3.75,8,30.0,6,3.36,3.84,4.11,3.77,-0.5, Competitive — Monitor,-1.0,,,MONITOR — No Clear Signal,0.0,3.75,0.0,0.0,-0.0,8.0,30.0,30.0,0.0
21767,FRENCH STYLE WIRE DOOR CABINET ,29.95,1,29.95,1,26.85,27.74,34.22,29.6,1.2, Competitive — Monitor,-1.0,,,MONITOR — No Clear Signal,0.0,29.95,0.0,0.0,-0.0,1.0,29.95,29.95,0.0
90030A,SPOTTED WHITE NATURAL SEED NECKLACE,5.95,5,29.75,1,5.51,6.07,6.72,6.1,-2.5, Competitive — Monitor,-1.0,,,MONITOR — No Clear Signal,0.0,5.95,0.0,0.0,-0.0,5.0,29.75,29.75,0.0
90152B,BLUE/GREEN SHELL NECKLACE W PENDANT,5.95,5,29.75,4,5.15,6.21,6.44,5.93,0.3, Competitive — Monitor,-1.0,,,MONITOR — No Clear Signal,0.0,5.95,0.0,0.0,-0.0,5.0,29.75,29.75,0.0
90179A,AMBER FINE BEAD NECKLACE W TASSEL,5.95,5,29.75,3,5.35,5.95,6.39,5.9,0.8, Competitive — Monitor,-1.0,,,MONITOR — No Clear Signal,0.0,5.95,0.0,0.0,-0.0,5.0,29.75,29.75,0.0
90043,COPPER AND BRASS BAG CHARM,4.95,6,29.700000000000003,4,4.42,4.84,5.37,4.88,1.4, Competitive — Monitor,-1.0,,,MONITOR — No Clear Signal,0.0,4.95,0.0,0.0,-0.0,6.0,29.700000000000003,29.700000000000003,0.0
90019C,SILVER BLACK ORBIT BRACELET,4.95,6,29.700000000000003,4,4.5,4.77,5.57,4.95,0.0, Competitive — Monitor,-1.0,,,MONITOR — No Clear Signal,0.0,4.95,0.0,0.0,-0.0,6.0,29.700000000000003,29.700000000000003,0.0
90081B,LILY BROOCH WHITE/SILVER COLOUR,4.95,6,29.700000000000003,2,4.7,5.06,5.4,5.05,-2.0, Competitive — Monitor,-1.0,,,MONITOR — No Clear Signal,0.0,4.95,0.0,0.0,-0.0,6.0,29.700000000000003,29.700000000000003,0.0
72798C,SET/4 GARDEN ROSE DINNER CANDLE,1.65,18,29.699999999999996,9,1.53,1.7,1.97,1.73,-4.6, Competitive — Monitor,-1.0,,,MONITOR — No Clear Signal,0.0,1.65,0.0,0.0,-0.0,18.0,29.7,29.7,0.0
84450B,YELLOW RABBIT SAT EASTER,0.42,70,29.4,7,0.37,0.44,0.47,0.43,-2.3, Competitive — Monitor,-1.0,,,MONITOR — No Clear Signal,0.0,0.42,0.0,0.0,-0.0,70.0,29.4,29.4,0.0
22936,BAKING MOULD ROSE WHITE CHOCOLATE,3.25,9,29.25,2,3.03,3.17,3.44,3.21,1.2, Competitive — Monitor,-1.0,,,MONITOR — No Clear Signal,0.0,3.25,0.0,0.0,-0.0,9.0,29.25,29.25,0.0
22885,NUMBER TILE VINTAGE FONT 6 ,1.9940000000000002,14,29.06,5,1.73,2.08,2.31,2.04,-2.3, Competitive — Monitor,-1.0,,,MONITOR — No Clear Signal,0.0,1.99,-0.0,0.0,-0.0,14.0,27.916000000000004,27.86,-0.06
85079,EMBROIDERED REINDEER DECORATION,1.485,19,28.85,6,1.27,1.5,1.63,1.47,1.0, Competitive — Monitor,-1.0,,,MONITOR — No Clear Signal,0.0,1.48,-0.01,0.0,-0.0,19.0,28.215000000000003,28.12,-0.1
90126C,AMBER BERTIE MOBILE PHONE CHARM,1.69,17,28.73,2,1.47,1.79,1.94,1.73,-2.3, Competitive — Monitor,-1.0,,,MONITOR — No Clear Signal,0.0,1.69,0.0,0.0,-0.0,17.0,28.73,28.73,0.0
90059C,DIAMANTE HAIR GRIP PACK/2 MONTANA,1.65,17,28.049999999999997,5,1.46,1.66,1.8,1.64,0.6, Competitive — Monitor,-1.0,,,MONITOR — No Clear Signal,0.0,1.65,0.0,0.0,-0.0,17.0,28.049999999999997,28.049999999999997,0.0
21097,SET/6 GREEN SPRING  PAPER PLATE,0.85,33,28.049999999999997,7,0.77,0.85,0.97,0.86,-1.2, Competitive — Monitor,-1.0,,,MONITOR — No Clear Signal,0.0,0.85,0.0,0.0,-0.0,33.0,28.05,28.05,0.0
84456,SET OF 3 RABBIT EGG EASTER,0.85,33,28.049999999999997,12,0.77,0.86,0.99,0.87,-2.3, Competitive — Monitor,-1.0,,,MONITOR — No Clear Signal,0.0,0.85,0.0,0.0,-0.0,33.0,28.05,28.05,0.0
47013C,WINE BOTTLE DRESSING DARK BLUE,0.29,95,27.549999999999997,15,0.27,0.3,0.34,0.3,-3.3, Competitive — Monitor,-1.0,,,MONITOR — No Clear Signal,0.0,0.29,0.0,0.0,-0.0,95.0,27.549999999999997,27.549999999999997,0.0
75178,ASSTD COL BUTTERFLY/CRYSTAL W/CHIME,1.25,22,27.5,7,1.13,1.34,1.36,1.28,-2.3, Competitive — Monitor,-1.0,,,MONITOR — No Clear Signal,0.0,1.25,0.0,0.0,-0.0,22.0,27.5,27.5,0.0
16161G,WRAP BAD HAIR DAY,0.1,275,27.5,11,0.09,0.09,0.11,0.1,0.0, Competitive — Monitor,-1.0,,,MONITOR — No Clear Signal,0.0,0.1,0.0,0.0,-0.0,275.0,27.5,27.5,0.0
21267,VINTAGE PINK TINSEL REEL ,2.1,13,27.3,4,1.8,1.95,2.35,2.03,3.4, Competitive — Monitor,-1.0,,,MONITOR — No Clear Signal,0.0,2.1,0.0,0.0,-0.0,13.0,27.3,27.3,0.0
35910B,PINK FLOWERS RABBIT EASTER,1.95,14,27.299999999999997,3,1.66,2.09,2.32,2.02,-3.5, Competitive — Monitor,-1.0,,,MONITOR — No Clear Signal,0.0,1.95,0.0,0.0,-0.0,14.0,27.3,27.3,0.0
84864A,PINK PAISLEY PHOTO ALBUM,6.75,4,27.0,3,6.11,6.78,8.0,6.96,-3.0, Competitive — Monitor,-1.0,,,MONITOR — No Clear Signal,0.0,6.75,0.0,0.0,-0.0,4.0,27.0,27.0,0.0
90074,BLACK DIAMOND CLUSTER NECKLACE,8.95,3,26.849999999999998,3,8.0,9.11,9.52,8.88,0.8, Competitive — Monitor,-1.0,,,MONITOR — No Clear Signal,0.0,8.95,0.0,0.0,-0.0,3.0,26.849999999999998,26.849999999999998,0.0
35916A,YELLOW FELT HANGING HEART W FLOWER,0.85,31,26.349999999999998,4,0.79,0.85,0.91,0.85,0.0, Competitive — Monitor,-1.0,,,MONITOR — No Clear Signal,0.0,0.85,0.0,0.0,-0.0,31.0,26.349999999999998,26.349999999999998,0.0
35916B,BLUE FELT HANGING HEART W FLOWER,0.85,31,26.349999999999998,4,0.74,0.79,0.96,0.83,2.4, Competitive — Monitor,-1.0,,,MONITOR — No Clear Signal,0.0,0.85,0.0,0.0,-0.0,31.0,26.349999999999998,26.349999999999998,0.0
35916C,PINK FELT HANGING HEART W FLOWER,0.85,31,26.349999999999998,4,0.72,0.89,0.91,0.84,1.2, Competitive — Monitor,-1.0,,,MONITOR — No Clear Signal,0.0,0.85,0.0,0.0,-0.0,31.0,26.349999999999998,26.349999999999998,0.0
90039B,FIRE POLISHED GLASS BRACELET MONTAN,3.75,7,26.25,2,3.36,3.9,4.13,3.8,-1.3, Competitive — Monitor,-1.0,,,MONITOR — No Clear Signal,0.0,3.75,0.0,0.0,-0.0,7.0,26.25,26.25,0.0
90038C,GLASS AND BEADS BRACELET IVORY,3.75,7,26.25,2,3.28,3.64,4.02,3.65,2.7, Competitive — Monitor,-1.0,,,MONITOR — No Clear Signal,0.0,3.75,0.0,0.0,-0.0,7.0,26.25,26.25,0.0
44265,M/COLOUR POM-POM CURTAIN,4.25,6,25.5,3,3.63,4.12,4.87,4.21,1.0, Competitive — Monitor,-1.0,,,MONITOR — No Clear Signal,0.0,4.25,0.0,0.0,-0.0,6.0,25.5,25.5,0.0
47552A,DOTS IRONING BOARD COVER,1.95,13,25.35,11,1.8,2.06,2.33,2.06,-5.3, Competitive — Monitor,-1.0,,,MONITOR — No Clear Signal,0.0,1.95,0.0,0.0,-0.0,13.0,25.349999999999998,25.349999999999998,0.0
90125B,AQUA BERTIE GLASS BEAD BAG CHARM,2.1,12,25.200000000000003,3,1.81,1.96,2.52,2.1,0.0, Competitive — Monitor,-1.0,,,MONITOR — No Clear Signal,0.0,2.1,0.0,0.0,-0.0,12.0,25.200000000000003,25.200000000000003,0.0
84251J,"GREETING CARD, THE BLACK CAT",0.42,60,25.2,4,0.38,0.45,0.46,0.43,-2.3, Competitive — Monitor,-1.0,,,MONITOR — No Clear Signal,0.0,0.42,0.0,0.0,-0.0,60.0,25.2,25.2,0.0
16162M,THE KING GIFT BAG 25x24x12cm,0.42000000000000004,60,25.2,5,0.37,0.4,0.48,0.42,0.0, Competitive — Monitor,-1.0,,,MONITOR — No Clear Signal,0.0,0.42,-0.0,0.0,-0.0,60.0,25.200000000000003,25.2,-0.0
22887,"NUMBER TILE VINTAGE FONT, 8",2.0233333333333334,12,25.16,3,1.75,2.05,2.38,2.06,-1.8, Competitive — Monitor,-1.0,,,MONITOR — No Clear Signal,0.0,2.02,-0.0,0.0,-0.0,12.0,24.28,24.240000000000002,-0.04
17013F,ORIGAMI SANDLEWOOD INCENSE IN TUBE,1.3125,61,25.05,4,1.17,1.4,1.4,1.32,-0.6, Competitive — Monitor,-1.0,,,MONITOR — No Clear Signal,0.0,1.31,-0.0,0.0,-0.0,61.0,80.0625,79.91,-0.15
90079,VINTAGE ENAMEL & CRYSTAL NECKLACE,4.95,5,24.75,3,4.6,5.09,5.71,5.13,-3.5, Competitive — Monitor,-1.0,,,MONITOR — No Clear Signal,0.0,4.95,0.0,0.0,-0.0,5.0,24.75,24.75,0.0
90139,FLOWER BROOCH 4 ASSORTED COLOURS,4.95,5,24.75,3,4.4,4.88,5.5,4.93,0.4, Competitive — Monitor,-1.0,,,MONITOR — No Clear Signal,0.0,4.95,0.0,0.0,-0.0,5.0,24.75,24.75,0.0
35633B,BLUE TINSEL GARLAND ,0.19000000000000003,130,24.7,12,0.18,0.2,0.21,0.2,-5.0, Competitive — Monitor,-1.0,,,MONITOR — No Clear Signal,0.0,0.19,-0.0,0.0,-0.0,130.0,24.700000000000003,24.7,-0.0
35596,WOOD XMAS TREE 9 FIG SHELVES,0.85,29,24.65,4,0.73,0.83,0.94,0.83,2.4, Competitive — Monitor,-1.0,,,MONITOR — No Clear Signal,0.0,0.85,0.0,0.0,-0.0,29.0,24.65,24.65,0.0
47504J,ENGLISH ROSE SET/3 GARDEN TOOLS,7.95,3,23.85,2,7.37,7.67,8.44,7.83,1.5, Competitive — Monitor,-1.0,,,MONITOR — No Clear Signal,0.0,7.95,0.0,0.0,-0.0,3.0,23.85,23.85,0.0
90211A,DIAMOND LAS VEGAS NECKLACE 45CM,5.95,4,23.8,2,5.2,6.42,6.87,6.16,-3.4, Competitive — Monitor,-1.0,,,MONITOR — No Clear Signal,0.0,5.95,0.0,0.0,-0.0,4.0,23.8,23.8,0.0
84575B,BROWN DOG CANNISTER W BONE,5.95,4,23.8,3,5.46,6.19,6.47,6.04,-1.5, Competitive — Monitor,-1.0,,,MONITOR — No Clear Signal,0.0,5.95,0.0,0.0,-0.0,4.0,23.8,23.8,0.0
90214I,"LETTER ""I"" BLING KEY RING",1.25,19,23.75,9,1.13,1.28,1.37,1.26,-0.8, Competitive — Monitor,-1.0,,,MONITOR — No Clear Signal,0.0,1.25,0.0,0.0,-0.0,19.0,23.75,23.75,0.0
90128A,PINK LEAVES AND BEADS PHONE CHARM,1.25,19,23.75,5,1.18,1.22,1.34,1.25,0.0, Competitive — Monitor,-1.0,,,MONITOR — No Clear Signal,0.0,1.25,0.0,0.0,-0.0,19.0,23.75,23.75,0.0
90214O,"LETTER ""O"" BLING KEY RING",1.25,19,23.75,12,1.11,1.16,1.47,1.25,0.0, Competitive — Monitor,-1.0,,,MONITOR — No Clear Signal,0.0,1.25,0.0,0.0,-0.0,19.0,23.75,23.75,0.0
22722,SET OF 6 SPICE TINS PANTRY DESIGN,3.95,6,23.700000000000003,1,3.38,3.65,4.44,3.82,3.4, Competitive — Monitor,-1.0,,,MONITOR — No Clear Signal,0.0,3.95,0.0,0.0,-0.0,6.0,23.700000000000003,23.700000000000003,0.0
17014F,ORIGAMI SANDLEWOOD INCENSE CONES,1.3125,61,23.699999999999996,4,1.12,1.32,1.49,1.31,0.2, Competitive — Monitor,-1.0,,,MONITOR — No Clear Signal,0.0,1.31,-0.0,0.0,-0.0,61.0,80.0625,79.91,-0.15
90027D,GLASS BEAD HOOP EARRINGS AMETHYST,2.95,8,23.6,5,2.75,3.07,3.35,3.06,-3.6, Competitive — Monitor,-1.0,,,MONITOR — No Clear Signal,0.0,2.95,0.0,0.0,-0.0,8.0,23.6,23.6,0.0
35909B,PINK FLOWERS RABBIT EASTER,2.95,8,23.6,4,2.66,2.97,3.28,2.97,-0.7, Competitive — Monitor,-1.0,,,MONITOR — No Clear Signal,0.0,2.95,0.0,0.0,-0.0,8.0,23.6,23.6,0.0
90177B,DROP DIAMANTE EARRINGS BLACK DIAMON,2.9500000000000006,8,23.6,3,2.74,3.11,3.18,3.01,-2.0, Competitive — Monitor,-1.0,,,MONITOR — No Clear Signal,0.0,2.95,-0.0,0.0,-0.0,8.0,23.600000000000005,23.6,-0.0
84086B,YELLOW/BLUE RETRO RADIO,2.95,8,23.6,5,2.58,2.73,3.43,2.91,1.4, Competitive — Monitor,-1.0,,,MONITOR — No Clear Signal,0.0,2.95,0.0,0.0,-0.0,8.0,23.6,23.6,0.0
18010,ASSORTED FRAGRANCE BATH CONFETTI,0.42,56,23.52,6,0.37,0.41,0.45,0.41,2.4, Competitive — Monitor,-1.0,,,MONITOR — No Clear Signal,0.0,0.42,0.0,0.0,-0.0,56.0,23.52,23.52,0.0
37489A,YELLOW/PINK FLOWER DESIGN BIG MUG,1.9500000000000002,12,23.4,8,1.66,1.87,2.08,1.87,4.3, Competitive — Monitor,-1.0,,,MONITOR — No Clear Signal,0.0,1.95,-0.0,0.0,-0.0,12.0,23.400000000000002,23.4,-0.0
22880,"NUMBER TILE VINTAGE FONT, 1",2.0233333333333334,11,23.21,3,1.91,2.01,2.34,2.09,-3.2, Competitive — Monitor,-1.0,,,MONITOR — No Clear Signal,0.0,2.02,-0.0,0.0,-0.0,11.0,22.256666666666668,22.22,-0.04
22884,NUMBER TILE VINTAGE FONT 5,2.0233333333333334,11,23.209999999999997,3,1.85,1.88,2.19,1.97,2.7, Competitive — Monitor,-1.0,,,MONITOR — No Clear Signal,0.0,2.02,-0.0,0.0,-0.0,11.0,22.256666666666668,22.22,-0.04
79406,FROSTED WHITE BASE ,0.22,105,23.1,9,0.21,0.24,0.24,0.23,-4.3, Competitive — Monitor,-1.0,,,MONITOR — No Clear Signal,0.0,0.22,0.0,0.0,-0.0,105.0,23.1,23.1,0.0
90059E,DIAMANTE HAIR GRIP PACK/2 RUBY,1.65,14,23.099999999999998,5,1.45,1.58,1.85,1.63,1.2, Competitive — Monitor,-1.0,,,MONITOR — No Clear Signal,0.0,1.65,0.0,0.0,-0.0,14.0,23.099999999999998,23.099999999999998,0.0
46307,ROSES BLUE BASE CUSHION COVER ,1.65,14,23.099999999999998,4,1.5,1.76,1.84,1.7,-2.9, Competitive — Monitor,-1.0,,,MONITOR — No Clear Signal,0.0,1.65,0.0,0.0,-0.0,14.0,23.099999999999998,23.099999999999998,0.0
37479P,CUBIC MUG FLOCK PINK ON BROWN,2.55,9,22.95,3,2.34,2.52,2.95,2.6,-1.9, Competitive — Monitor,-1.0,,,MONITOR — No Clear Signal,0.0,2.55,0.0,0.0,-0.0,9.0,22.95,22.95,0.0
90099,NECKLACE+BRACELET SET BLUE HIBISCUS,2.55,9,22.95,4,2.25,2.75,2.92,2.64,-3.4, Competitive — Monitor,-1.0,,,MONITOR — No Clear Signal,0.0,2.55,0.0,0.0,-0.0,9.0,22.95,22.95,0.0
37462E,"PET MUG, GOLDFISH",0.42000000000000004,54,22.68,5,0.39,0.42,0.48,0.43,-2.3, Competitive — Monitor,-1.0,,,MONITOR — No Clear Signal,0.0,0.42,-0.0,0.0,-0.0,54.0,22.680000000000003,22.68,-0.0
90064B,BLACK VINTAGE  CRYSTAL EARRINGS,3.75,6,22.5,3,3.54,4.01,4.34,3.96,-5.3, Competitive — Monitor,-1.0,,,MONITOR — No Clear Signal,0.0,3.75,0.0,0.0,-0.0,6.0,22.5,22.5,0.0
90176D,DIAMANTE NECKLACE PURPLE,7.5,3,22.5,2,7.04,6.91,8.2,7.38,1.6, Competitive — Monitor,-1.0,,,MONITOR — No Clear Signal,0.0,7.5,0.0,0.0,-0.0,3.0,22.5,22.5,0.0
90176A,CLASSIC DIAMANTE NECKLACE JET,7.5,3,22.5,2,6.93,7.8,8.24,7.66,-2.1, Competitive — Monitor,-1.0,,,MONITOR — No Clear Signal,0.0,7.5,0.0,0.0,-0.0,3.0,22.5,22.5,0.0
37477C,"FLOWER FAIRY MUG+COASTER,ROSE",3.75,6,22.5,1,3.29,3.99,4.18,3.82,-1.8, Competitive — Monitor,-1.0,,,MONITOR — No Clear Signal,0.0,3.75,0.0,0.0,-0.0,6.0,22.5,22.5,0.0
35597B,BLACKCHRISTMAS TREE 30CM,1.25,18,22.5,6,1.1,1.18,1.37,1.22,2.5, Competitive — Monitor,-1.0,,,MONITOR — No Clear Signal,0.0,1.25,0.0,0.0,-0.0,18.0,22.5,22.5,0.0
90189B,GOLD 2 STRAND NECKLACE-LEAF CHARMS,7.5,3,22.5,2,7.1,7.02,8.98,7.7,-2.6, Competitive — Monitor,-1.0,,,MONITOR — No Clear Signal,0.0,7.5,0.0,0.0,-0.0,3.0,22.5,22.5,0.0
35611B,BLACK ASSORTED DROPLET DECORATION,0.38000000000000006,59,22.42,2,0.32,0.38,0.45,0.38,0.0, Competitive — Monitor,-1.0,,,MONITOR — No Clear Signal,0.0,0.38,-0.0,0.0,-0.0,59.0,22.420000000000005,22.42,-0.0
84745B,BLUE HANGING GINGHAM EASTER HEN,0.42,53,22.259999999999998,12,0.39,0.45,0.45,0.43,-2.3, Competitive — Monitor,-1.0,,,MONITOR — No Clear Signal,0.0,0.42,0.0,0.0,-0.0,53.0,22.259999999999998,22.259999999999998,0.0
84226,HEN HOUSE W FAMILY IN BARN & NEST,0.85,26,22.099999999999998,8,0.78,0.86,0.89,0.84,1.2, Competitive — Monitor,-1.0,,,MONITOR — No Clear Signal,0.0,0.85,0.0,0.0,-0.0,26.0,22.099999999999998,22.099999999999998,0.0
35652,VINTAGE BEAD CHAISE LONG JEWEL BOX,3.625,18,21.5,2,3.31,3.64,3.83,3.59,1.0, Competitive — Monitor,-1.0,,,MONITOR — No Clear Signal,0.0,3.62,-0.0,0.0,-0.0,18.0,65.25,65.16,-0.09
22881,"NUMBER TILE VINTAGE FONT, 2",2.06,10,21.259999999999998,2,1.95,1.94,2.24,2.04,1.0, Competitive — Monitor,-1.0,,,MONITOR — No Clear Signal,0.0,2.06,0.0,0.0,-0.0,10.0,20.6,20.6,0.0
90214F,"LETTER ""F"" BLING KEY RING",1.25,17,21.25,11,1.1,1.15,1.33,1.19,5.0, Competitive — Monitor,-1.0,,,MONITOR — No Clear Signal,0.0,1.25,0.0,0.0,-0.0,17.0,21.25,21.25,0.0
90128B,BLUE LEAVES AND BEADS PHONE CHARM,1.25,17,21.25,5,1.1,1.31,1.41,1.27,-1.6, Competitive — Monitor,-1.0,,,MONITOR — No Clear Signal,0.0,1.25,0.0,0.0,-0.0,17.0,21.25,21.25,0.0
90166,PINK & WHITE ROSEBUD RING,4.25,5,21.25,3,3.65,3.97,5.01,4.21,1.0, Competitive — Monitor,-1.0,,,MONITOR — No Clear Signal,0.0,4.25,0.0,0.0,-0.0,5.0,21.25,21.25,0.0
21387,IVORY HANGING DECORATION  RABBIT,0.85,25,21.25,4,0.76,0.87,0.99,0.87,-2.3, Competitive — Monitor,-1.0,,,MONITOR — No Clear Signal,0.0,0.85,0.0,0.0,-0.0,25.0,21.25,21.25,0.0
90083,CRYSTAL CZECH CROSS PHONE CHARM,0.85,25,21.25,4,0.74,0.91,0.92,0.86,-1.2, Competitive — Monitor,-1.0,,,MONITOR — No Clear Signal,0.0,0.85,0.0,0.0,-0.0,25.0,21.25,21.25,0.0
90052,CRACKED GLAZE NECKLACE BROWN,6.95,3,20.85,1,6.15,6.63,7.71,6.83,1.8, Competitive — Monitor,-1.0,,,MONITOR — No Clear Signal,0.0,6.95,0.0,0.0,-0.0,3.0,20.85,20.85,0.0
90027B,GLASS BEAD HOOP EARRINGS MONTANA,2.95,7,20.650000000000002,4,2.75,3.03,3.32,3.03,-2.6, Competitive — Monitor,-1.0,,,MONITOR — No Clear Signal,0.0,2.95,0.0,0.0,-0.0,7.0,20.650000000000002,20.650000000000002,0.0
72771C,BLACK FLOCK GOLD CANDLE,0.42,49,20.580000000000002,4,0.4,0.39,0.49,0.43,-2.3, Competitive — Monitor,-1.0,,,MONITOR — No Clear Signal,0.0,0.42,0.0,0.0,-0.0,49.0,20.58,20.58,0.0
84251C,"GREETING CARD, TWO SISTERS.",0.19000000000000003,108,20.520000000000003,12,0.17,0.19,0.22,0.19,0.0, Competitive — Monitor,-1.0,,,MONITOR — No Clear Signal,0.0,0.19,-0.0,0.0,-0.0,108.0,20.520000000000003,20.52,-0.0
90119,METALIC LEAVES BAG CHARMS,2.55,8,20.4,3,2.26,2.41,3.03,2.57,-0.8, Competitive — Monitor,-1.0,,,MONITOR — No Clear Signal,0.0,2.55,0.0,0.0,-0.0,8.0,20.4,20.4,0.0
79172D,PURPLE TINT ACRYLIC FLOWER VASE,0.85,24,20.4,4,0.8,0.88,0.96,0.88,-3.4, Competitive — Monitor,-1.0,,,MONITOR — No Clear Signal,0.0,0.85,0.0,0.0,-0.0,24.0,20.4,20.4,0.0
90169,DAISY HAIR COMB,2.55,8,20.4,2,2.18,2.47,2.94,2.53,0.8, Competitive — Monitor,-1.0,,,MONITOR — No Clear Signal,0.0,2.55,0.0,0.0,-0.0,8.0,20.4,20.4,0.0
84529B,BLUE KNITTED KID'S RUCKSACK,6.75,3,20.25,2,5.8,6.71,7.2,6.57,2.7, Competitive — Monitor,-1.0,,,MONITOR — No Clear Signal,0.0,6.75,0.0,0.0,-0.0,3.0,20.25,20.25,0.0
35603B,S/16 BLACK SHINY/MAT BAUBLES,0.42,48,20.16,1,0.36,0.43,0.48,0.42,0.0, Competitive — Monitor,-1.0,,,MONITOR — No Clear Signal,0.0,0.42,0.0,0.0,-0.0,48.0,20.16,20.16,0.0
44091C,MULTICOLOUR CRUSOE CHECK LAMPSHADE,0.42000000000000004,48,20.16,10,0.38,0.4,0.46,0.41,2.4, Competitive — Monitor,-1.0,,,MONITOR — No Clear Signal,0.0,0.42,-0.0,0.0,-0.0,48.0,20.160000000000004,20.16,-0.0
17091F,SANDALWOOD INCENSE IN TIN,1.25,16,20.0,6,1.08,1.3,1.39,1.26,-0.8, Competitive — Monitor,-1.0,,,MONITOR — No Clear Signal,0.0,1.25,0.0,0.0,-0.0,16.0,20.0,20.0,0.0
78056,CAMOUFLAGE BACKPACK ON WHEELS,9.95,2,19.9,1,9.42,9.64,11.39,10.15,-2.0, Competitive — Monitor,-1.0,,,MONITOR — No Clear Signal,0.0,9.95,0.0,0.0,-0.0,2.0,19.9,19.9,0.0
90034,WHITE SILVER NECKLACE SHELL GLASS,9.95,2,19.9,2,8.9,10.21,10.83,9.98,-0.3, Competitive — Monitor,-1.0,,,MONITOR — No Clear Signal,0.0,9.95,0.0,0.0,-0.0,2.0,19.9,19.9,0.0
84570B,WHITE SATIN DRESS JEWEL STAND,4.95,4,19.8,2,4.46,4.68,5.24,4.79,3.3, Competitive — Monitor,-1.0,,,MONITOR — No Clear Signal,0.0,4.95,0.0,0.0,-0.0,4.0,19.8,19.8,0.0
90206A,GOLD DIAMANTE STAR BROOCH,4.95,4,19.8,3,4.33,5.1,5.21,4.88,1.4, Competitive — Monitor,-1.0,,,MONITOR — No Clear Signal,0.0,4.95,0.0,0.0,-0.0,4.0,19.8,19.8,0.0
90141E,ORANGE PENDANT TRIPLE SHELL NECKLAC,4.95,4,19.8,2,4.44,4.66,5.21,4.77,3.8, Competitive — Monitor,-1.0,,,MONITOR — No Clear Signal,0.0,4.95,0.0,0.0,-0.0,4.0,19.8,19.8,0.0
37491D,PURPLE/BLUE CERAMIC CANDLE HOLDER,1.65,12,19.799999999999997,4,1.51,1.63,1.73,1.62,1.9, Competitive — Monitor,-1.0,,,MONITOR — No Clear Signal,0.0,1.65,0.0,0.0,-0.0,12.0,19.799999999999997,19.799999999999997,0.0
90059A,DIAMANTE HAIR GRIP PACK/2 CRYSTAL,1.65,12,19.799999999999997,2,1.53,1.58,1.76,1.62,1.9, Competitive — Monitor,-1.0,,,MONITOR — No Clear Signal,0.0,1.65,0.0,0.0,-0.0,12.0,19.799999999999997,19.799999999999997,0.0
90059F,DIAMANTE HAIR GRIP PACK/2 LT ROSE,1.65,12,19.799999999999997,2,1.53,1.72,1.79,1.68,-1.8, Competitive — Monitor,-1.0,,,MONITOR — No Clear Signal,0.0,1.65,0.0,0.0,-0.0,12.0,19.799999999999997,19.799999999999997,0.0
40005B,BLUE ORGANDY ROUND LAMPSHADE W BEA,0.85,23,19.55,10,0.77,0.82,0.92,0.84,1.2, Competitive — Monitor,-1.0,,,MONITOR — No Clear Signal,0.0,0.85,0.0,0.0,-0.0,23.0,19.55,19.55,0.0
20680,PINK FLOWERS CHILDS UMBRELLA,3.25,6,19.5,4,3.06,3.45,3.89,3.47,-6.3, Competitive — Monitor,-1.0,,,MONITOR — No Clear Signal,0.0,3.25,0.0,0.0,-0.0,6.0,19.5,19.5,0.0
84450A,PINK RABBIT SITTING EASTER,0.42,46,19.32,4,0.39,0.45,0.46,0.43,-2.3, Competitive — Monitor,-1.0,,,MONITOR — No Clear Signal,0.0,0.42,0.0,0.0,-0.0,46.0,19.32,19.32,0.0
10124A,SPOTS ON RED BOOKCOVER TAPE,0.42,46,19.32,14,0.39,0.4,0.45,0.41,2.4, Competitive — Monitor,-1.0,,,MONITOR — No Clear Signal,0.0,0.42,0.0,0.0,-0.0,46.0,19.32,19.32,0.0
22879,"NUMBER TILE VINTAGE FONT, 0",2.06,9,19.31,2,1.76,2.1,2.33,2.06,0.0, Competitive — Monitor,-1.0,,,MONITOR — No Clear Signal,0.0,2.06,0.0,0.0,-0.0,9.0,18.54,18.54,0.0
84340,LARGE FIBRE OPTIC CHRISTMAS TREE,1.485,15,19.08,6,1.26,1.39,1.75,1.47,1.0, Competitive — Monitor,-1.0,,,MONITOR — No Clear Signal,0.0,1.48,-0.01,0.0,-0.0,15.0,22.275000000000002,22.2,-0.08
35591T,TURQUOISE CHRISTMAS TREE ,1.25,15,18.75,6,1.09,1.23,1.44,1.25,0.0, Competitive — Monitor,-1.0,,,MONITOR — No Clear Signal,0.0,1.25,0.0,0.0,-0.0,15.0,18.75,18.75,0.0
84030B,KNITTED POM POM HOT WATER BOTTLE,3.75,5,18.75,3,3.44,3.88,4.1,3.81,-1.6, Competitive — Monitor,-1.0,,,MONITOR — No Clear Signal,0.0,3.75,0.0,0.0,-0.0,5.0,18.75,18.75,0.0
44089C,LILAC GAUZE BUTTERFLY LAMPSHADE,0.42,44,18.48,12,0.37,0.43,0.48,0.43,-2.3, Competitive — Monitor,-1.0,,,MONITOR — No Clear Signal,0.0,0.42,0.0,0.0,-0.0,44.0,18.48,18.48,0.0
84311,CAMOFLAGE CUSHION COVER,1.65,11,18.15,1,1.47,1.68,1.91,1.69,-2.4, Competitive — Monitor,-1.0,,,MONITOR — No Clear Signal,0.0,1.65,0.0,0.0,-0.0,11.0,18.15,18.15,0.0
72796A,S/3 ENGLISH LAVENDER SQU CANDLE,1.6499999999999997,11,18.15,5,1.55,1.59,1.91,1.68,-1.8, Competitive — Monitor,-1.0,,,MONITOR — No Clear Signal,0.0,1.65,0.0,0.0,-0.0,11.0,18.149999999999995,18.15,0.0
84550,CROCHET LILAC/RED BEAR KEYRING,1.6499999999999997,11,18.15,3,1.55,1.62,1.9,1.69,-2.4, Competitive — Monitor,-1.0,,,MONITOR — No Clear Signal,0.0,1.65,0.0,0.0,-0.0,11.0,18.149999999999995,18.15,0.0
90181A,AMBER GLASS/SHELL/PEARL NECKLACE,8.95,2,17.9,2,8.42,8.38,10.57,9.12,-1.9, Competitive — Monitor,-1.0,,,MONITOR — No Clear Signal,0.0,8.95,0.0,0.0,-0.0,2.0,17.9,17.9,0.0
84614C,BLUE BAROQUE FLOCK CANDLE HOLDER,5.95,3,17.85,1,5.24,6.16,7.02,6.14,-3.1, Competitive — Monitor,-1.0,,,MONITOR — No Clear Signal,0.0,5.95,0.0,0.0,-0.0,3.0,17.85,17.85,0.0
90095,NECKLACE+BRACELET SET PINK BLOSSOM,2.55,7,17.849999999999998,2,2.34,2.55,2.9,2.6,-1.9, Competitive — Monitor,-1.0,,,MONITOR — No Clear Signal,0.0,2.55,0.0,0.0,-0.0,7.0,17.849999999999998,17.849999999999998,0.0
18097B,BLUE TALL PORCELAIN T-LIGHT HOLDER,2.55,7,17.849999999999998,3,2.24,2.64,2.84,2.57,-0.8, Competitive — Monitor,-1.0,,,MONITOR — No Clear Signal,0.0,2.55,0.0,0.0,-0.0,7.0,17.849999999999998,17.849999999999998,0.0
90183A,AMBER DROP EARRINGS W LONG BEADS,2.95,6,17.700000000000003,1,2.56,2.83,3.38,2.92,1.0, Competitive — Monitor,-1.0,,,MONITOR — No Clear Signal,0.0,2.95,0.0,0.0,-0.0,6.0,17.700000000000003,17.700000000000003,0.0
90130B,TURQ STONE/CRYSTAL EARRINGS,2.95,6,17.700000000000003,1,2.56,2.87,3.46,2.96,-0.3, Competitive — Monitor,-1.0,,,MONITOR — No Clear Signal,0.0,2.95,0.0,0.0,-0.0,6.0,17.700000000000003,17.700000000000003,0.0
90011C,GREEN CRYSTAL DROP EARRINGS,2.95,6,17.700000000000003,1,2.61,2.87,3.1,2.86,3.1, Competitive — Monitor,-1.0,,,MONITOR — No Clear Signal,0.0,2.95,0.0,0.0,-0.0,6.0,17.700000000000003,17.700000000000003,0.0
90130D,RED STONE/CRYSTAL EARRINGS,2.95,6,17.700000000000003,1,2.63,2.73,3.54,2.97,-0.7, Competitive — Monitor,-1.0,,,MONITOR — No Clear Signal,0.0,2.95,0.0,0.0,-0.0,6.0,17.700000000000003,17.700000000000003,0.0
84745A,PINK HANGING GINGHAM EASTER HEN,0.42,42,17.64,10,0.39,0.41,0.45,0.42,0.0, Competitive — Monitor,-1.0,,,MONITOR — No Clear Signal,0.0,0.42,0.0,0.0,-0.0,42.0,17.64,17.64,0.0
85095,THREE CANVAS LUGGAGE TAGS,1.3,25,17.55,2,1.12,1.36,1.46,1.31,-0.8, Competitive — Monitor,-1.0,,,MONITOR — No Clear Signal,0.0,1.3,0.0,0.0,-0.0,25.0,32.5,32.5,0.0
90128C,GREEN LEAVES AND BEADS PHONE CHARM,1.25,14,17.5,3,1.15,1.33,1.48,1.32,-5.3, Competitive — Monitor,-1.0,,,MONITOR — No Clear Signal,0.0,1.25,0.0,0.0,-0.0,14.0,17.5,17.5,0.0
22886,"NUMBER TILE VINTAGE FONT, 7",2.17,8,17.36,1,1.96,2.18,2.35,2.16,0.5, Competitive — Monitor,-1.0,,,MONITOR — No Clear Signal,0.0,2.17,0.0,0.0,-0.0,8.0,17.36,17.36,0.0
22883,"NUMBER TILE VINTAGE FONT, 4",2.17,8,17.36,1,1.91,2.15,2.43,2.16,0.5, Competitive — Monitor,-1.0,,,MONITOR — No Clear Signal,0.0,2.17,0.0,0.0,-0.0,8.0,17.36,17.36,0.0
20887,BOX OF 6 PEBBLE CANDLES,3.45,5,17.25,4,3.1,3.19,3.69,3.33,3.6, Competitive — Monitor,-1.0,,,MONITOR — No Clear Signal,0.0,3.45,0.0,0.0,-0.0,5.0,17.25,17.25,0.0
90001C,ANTIQUE OPAL WHITE FLOWER EARRINGS,4.25,4,17.0,3,3.74,4.51,4.71,4.32,-1.6, Competitive — Monitor,-1.0,,,MONITOR — No Clear Signal,0.0,4.25,0.0,0.0,-0.0,4.0,17.0,17.0,0.0
72805,VANILLA CANDLE IN EMBOSSED ZINC POT,1.6900000000000002,10,16.9,3,1.54,1.56,1.82,1.64,3.0, Competitive — Monitor,-1.0,,,MONITOR — No Clear Signal,0.0,1.69,-0.0,0.0,-0.0,10.0,16.900000000000002,16.9,-0.0
72785A,S/4 CONTEMPORY PINK ROSEBUD CANDLES,2.1,8,16.8,4,1.88,2.25,2.32,2.15,-2.3, Competitive — Monitor,-1.0,,,MONITOR — No Clear Signal,0.0,2.1,0.0,0.0,-0.0,8.0,16.8,16.8,0.0
21511,VINTAGE COLLAGE  GREETING  CARD ,0.42,40,16.8,2,0.36,0.42,0.46,0.41,2.4, Competitive — Monitor,-1.0,,,MONITOR — No Clear Signal,0.0,0.42,0.0,0.0,-0.0,40.0,16.8,16.8,0.0
16054,POPART RECT PENCIL SHARPENER ASST,0.42,39,16.38,4,0.36,0.41,0.5,0.42,0.0, Competitive — Monitor,-1.0,,,MONITOR — No Clear Signal,0.0,0.42,0.0,0.0,-0.0,39.0,16.38,16.38,0.0
85225,BLING KEY RING STAND,1.25,13,16.25,8,1.13,1.33,1.5,1.32,-5.3, Competitive — Monitor,-1.0,,,MONITOR — No Clear Signal,0.0,1.25,0.0,0.0,-0.0,13.0,16.25,16.25,0.0
84228,HEN HOUSE W CHICK STANDING,0.42,38,15.96,4,0.39,0.39,0.45,0.41,2.4, Competitive — Monitor,-1.0,,,MONITOR — No Clear Signal,0.0,0.42,0.0,0.0,-0.0,38.0,15.959999999999999,15.959999999999999,0.0
84630,FLOWERS AND BIRDS WALL PLAQUE,7.95,2,15.9,1,7.03,8.05,9.21,8.1,-1.9, Competitive — Monitor,-1.0,,,MONITOR — No Clear Signal,0.0,7.95,0.0,0.0,-0.0,2.0,15.9,15.9,0.0
20891,LARGE GLASS ROSE SCENTED CANDLE ,7.95,2,15.9,1,7.34,8.01,8.41,7.92,0.4, Competitive — Monitor,-1.0,,,MONITOR — No Clear Signal,0.0,7.95,0.0,0.0,-0.0,2.0,15.9,15.9,0.0
35932,PINK CHRISTMAS TREE DECORATION,0.537,37,15.63,10,0.49,0.51,0.57,0.52,3.3, Competitive — Monitor,-1.0,,,MONITOR — No Clear Signal,0.0,0.54,0.0,0.0,-0.0,37.0,19.869,19.98,0.11
37489B,BLUE/YELLOW FLOWER DESIGN BIG MUG,1.95,8,15.6,6,1.84,1.93,2.08,1.95,0.0, Competitive — Monitor,-1.0,,,MONITOR — No Clear Signal,0.0,1.95,0.0,0.0,-0.0,8.0,15.6,15.6,0.0
78034B,BLUE NETTING STORAGE HANGER,1.95,8,15.6,4,1.82,2.0,2.33,2.05,-4.9, Competitive — Monitor,-1.0,,,MONITOR — No Clear Signal,0.0,1.95,0.0,0.0,-0.0,8.0,15.6,15.6,0.0
90037D,TINY CRYSTALS BRACELET BLACK,2.55,6,15.299999999999999,1,2.31,2.64,3.04,2.66,-4.1, Competitive — Monitor,-1.0,,,MONITOR — No Clear Signal,0.0,2.55,0.0,0.0,-0.0,6.0,15.299999999999999,15.299999999999999,0.0
37481,CUBIC MUG TEATIME CAKES,2.55,6,15.299999999999999,1,2.34,2.35,2.75,2.48,2.8, Competitive — Monitor,-1.0,,,MONITOR — No Clear Signal,0.0,2.55,0.0,0.0,-0.0,6.0,15.299999999999999,15.299999999999999,0.0
90127A,PINK BEADS+HAND PHONE CHARM,1.25,12,15.0,1,1.17,1.34,1.34,1.28,-2.3, Competitive — Monitor,-1.0,,,MONITOR — No Clear Signal,0.0,1.25,0.0,0.0,-0.0,12.0,15.0,15.0,0.0
84415B,BLUE FLOCK CUSHION COVER ,3.75,4,15.0,2,3.34,3.55,4.07,3.65,2.7, Competitive — Monitor,-1.0,,,MONITOR — No Clear Signal,0.0,3.75,0.0,0.0,-0.0,4.0,15.0,15.0,0.0
90163B,WHITE ROSEBUD & PEARL NECKLACE,7.5,2,15.0,1,6.62,7.18,8.45,7.42,1.1, Competitive — Monitor,-1.0,,,MONITOR — No Clear Signal,0.0,7.5,0.0,0.0,-0.0,2.0,15.0,15.0,0.0
90038B,GLASS AND PAINTED BEADS BRACELET OL,3.75,4,15.0,1,3.19,3.61,4.26,3.69,1.6, Competitive — Monitor,-1.0,,,MONITOR — No Clear Signal,0.0,3.75,0.0,0.0,-0.0,4.0,15.0,15.0,0.0
90003E,GREEN PAIR HEART HAIR SLIDES,3.75,4,15.0,1,3.5,3.47,4.06,3.68,1.9, Competitive — Monitor,-1.0,,,MONITOR — No Clear Signal,0.0,3.75,0.0,0.0,-0.0,4.0,15.0,15.0,0.0
75172,PAINTED SEA SHELL METAL WINDCHIME,3.75,4,15.0,3,3.49,3.52,4.36,3.79,-1.1, Competitive — Monitor,-1.0,,,MONITOR — No Clear Signal,0.0,3.75,0.0,0.0,-0.0,4.0,15.0,15.0,0.0
90164A,PINK ROSEBUD PEARL BRACELET,7.5,2,15.0,1,6.45,8.08,8.22,7.58,-1.1, Competitive — Monitor,-1.0,,,MONITOR — No Clear Signal,0.0,7.5,0.0,0.0,-0.0,2.0,15.0,15.0,0.0
90064A,WHITE VINTAGE CRYSTAL EARRINGS,3.75,4,15.0,1,3.4,3.64,4.46,3.83,-2.1, Competitive — Monitor,-1.0,,,MONITOR — No Clear Signal,0.0,3.75,0.0,0.0,-0.0,4.0,15.0,15.0,0.0
20890,SMALL GLASS ROSE SCENTED CANDLE,3.75,4,15.0,1,3.36,3.52,4.31,3.73,0.5, Competitive — Monitor,-1.0,,,MONITOR — No Clear Signal,0.0,3.75,0.0,0.0,-0.0,4.0,15.0,15.0,0.0
90164B,WHITE  ROSEBUD PEARL BRACELET,7.5,2,15.0,1,6.46,7.03,8.37,7.29,2.9, Competitive — Monitor,-1.0,,,MONITOR — No Clear Signal,0.0,7.5,0.0,0.0,-0.0,2.0,15.0,15.0,0.0
21475,SWEETHEART CREAM STEEL FOLDIN CHAIR,14.95,1,14.95,1,14.17,15.47,17.47,15.7,-4.8, Competitive — Monitor,-1.0,,,MONITOR — No Clear Signal,0.0,14.95,0.0,0.0,-0.0,1.0,14.95,14.95,0.0
90141A,GREEN PENDANT TRIPLE SHELL NECKLACE,4.95,3,14.850000000000001,2,4.31,5.23,5.8,5.11,-3.1, Competitive — Monitor,-1.0,,,MONITOR — No Clear Signal,0.0,4.95,0.0,0.0,-0.0,3.0,14.850000000000001,14.850000000000001,0.0
90141C,TURQ PENDANT TRIPLE SHELL NECKLACE,4.95,3,14.850000000000001,2,4.24,4.76,5.41,4.8,3.1, Competitive — Monitor,-1.0,,,MONITOR — No Clear Signal,0.0,4.95,0.0,0.0,-0.0,3.0,14.850000000000001,14.850000000000001,0.0
90197B,BLACK GLASS BRACELET W HEART CHARMS,4.95,3,14.850000000000001,1,4.5,4.57,5.45,4.84,2.3, Competitive — Monitor,-1.0,,,MONITOR — No Clear Signal,0.0,4.95,0.0,0.0,-0.0,3.0,14.850000000000001,14.850000000000001,0.0
37491C,GREEN/BLUE CERAMIC CANDLE HOLDER,1.65,9,14.85,6,1.52,1.58,1.96,1.69,-2.4, Competitive — Monitor,-1.0,,,MONITOR — No Clear Signal,0.0,1.65,0.0,0.0,-0.0,9.0,14.85,14.85,0.0
84567,FROSTED GLASS WITH SILVER SURROUND,1.65,9,14.85,1,1.41,1.53,1.77,1.57,5.1, Competitive — Monitor,-1.0,,,MONITOR — No Clear Signal,0.0,1.65,0.0,0.0,-0.0,9.0,14.85,14.85,0.0
SP1002,KID'S CHALKBOARD/EASEL,2.95,5,14.75,2,2.7,2.76,3.12,2.86,3.1, Competitive — Monitor,-1.0,,,MONITOR — No Clear Signal,0.0,2.95,0.0,0.0,-0.0,5.0,14.75,14.75,0.0
84251B,"GREETING CARD, STICKY GORDON",0.19,74,14.060000000000002,8,0.17,0.19,0.21,0.19,0.0, Competitive — Monitor,-1.0,,,MONITOR — No Clear Signal,0.0,0.19,0.0,0.0,-0.0,74.0,14.06,14.06,0.0
84868A,PINK BABY GIRL'S MEMORY BOX,6.95,2,13.9,2,5.98,6.65,8.13,6.92,0.4, Competitive — Monitor,-1.0,,,MONITOR — No Clear Signal,0.0,6.95,0.0,0.0,-0.0,2.0,13.9,13.9,0.0
90171,DAISY RING,1.25,11,13.75,2,1.08,1.25,1.46,1.26,-0.8, Competitive — Monitor,-1.0,,,MONITOR — No Clear Signal,0.0,1.25,0.0,0.0,-0.0,11.0,13.75,13.75,0.0
16245A,PINK MINI STATIONERY SET W CASE,1.25,11,13.75,7,1.13,1.2,1.48,1.27,-1.6, Competitive — Monitor,-1.0,,,MONITOR — No Clear Signal,0.0,1.25,0.0,0.0,-0.0,11.0,13.75,13.75,0.0
35936,CERISE+GOLD CHRISTMAS TREE DEC,0.38,36,13.68,9,0.33,0.41,0.43,0.39,-2.6, Competitive — Monitor,-1.0,,,MONITOR — No Clear Signal,0.0,0.38,0.0,0.0,-0.0,36.0,13.68,13.68,0.0
37489D,PINK/GREEN FLOWER DESIGN BIG MUG,1.95,7,13.65,5,1.84,2.08,2.08,2.0,-2.5, Competitive — Monitor,-1.0,,,MONITOR — No Clear Signal,0.0,1.95,0.0,0.0,-0.0,7.0,13.65,13.65,0.0
47348A,FUSCHIA VOILE POINTY SHOE DEC,1.95,7,13.649999999999999,2,1.82,1.97,2.22,2.0,-2.5, Competitive — Monitor,-1.0,,,MONITOR — No Clear Signal,0.0,1.95,0.0,0.0,-0.0,7.0,13.65,13.65,0.0
21525,BEWARE OF THE CAT DOORMAT,6.75,2,13.5,2,6.4,6.59,7.88,6.96,-3.0, Competitive — Monitor,-1.0,,,MONITOR — No Clear Signal,0.0,6.75,0.0,0.0,-0.0,2.0,13.5,13.5,0.0
90059B,DIAMANTE HAIR GRIP PACK/2 BLACK DIA,1.65,8,13.2,2,1.45,1.62,1.76,1.61,2.5, Competitive — Monitor,-1.0,,,MONITOR — No Clear Signal,0.0,1.65,0.0,0.0,-0.0,8.0,13.2,13.2,0.0
22858,EASTER TIN KEEPSAKE,1.65,8,13.2,2,1.56,1.63,1.78,1.66,-0.6, Competitive — Monitor,-1.0,,,MONITOR — No Clear Signal,0.0,1.65,0.0,0.0,-0.0,8.0,13.2,13.2,0.0
20812,EMBOSSED FLOWER TRELLIS PHOTO FRAME,2.55,5,12.75,3,2.28,2.64,2.68,2.53,0.8, Competitive — Monitor,-1.0,,,MONITOR — No Clear Signal,0.0,2.55,0.0,0.0,-0.0,5.0,12.75,12.75,0.0
21772,VINTAGE METAL CAKE STAND CREAM ,12.75,1,12.75,1,11.28,12.65,14.52,12.82,-0.5, Competitive — Monitor,-1.0,,,MONITOR — No Clear Signal,0.0,12.75,0.0,0.0,-0.0,1.0,12.75,12.75,0.0
85083,KISS REINDEER SCANDINAVIAN STOCKING,2.55,5,12.75,2,2.18,2.7,3.02,2.63,-3.0, Competitive — Monitor,-1.0,,,MONITOR — No Clear Signal,0.0,2.55,0.0,0.0,-0.0,5.0,12.75,12.75,0.0
72752B,"F.FAIRY,CANDLE IN GLASS,LAVENDER",4.25,3,12.75,2,3.63,4.55,4.89,4.36,-2.5, Competitive — Monitor,-1.0,,,MONITOR — No Clear Signal,0.0,4.25,0.0,0.0,-0.0,3.0,12.75,12.75,0.0
85115B,S/4 BLACK DISCO PARTITION PANEL,4.25,3,12.75,1,3.91,4.14,5.09,4.38,-3.0, Competitive — Monitor,-1.0,,,MONITOR — No Clear Signal,0.0,4.25,0.0,0.0,-0.0,3.0,12.75,12.75,0.0
84648,NEW BAROQUE WALL MIRROR,12.75,1,12.75,1,11.42,12.87,13.51,12.6,1.2, Competitive — Monitor,-1.0,,,MONITOR — No Clear Signal,0.0,12.75,0.0,0.0,-0.0,1.0,12.75,12.75,0.0
90001B,ANTIQUE MID BLUE FLOWER EARRINGS,4.25,3,12.75,2,3.71,3.97,5.04,4.24,0.2, Competitive — Monitor,-1.0,,,MONITOR — No Clear Signal,0.0,4.25,0.0,0.0,-0.0,3.0,12.75,12.75,0.0
35751C,PURPLE CURRENT CANDLE RING,0.47,31,12.61,2,0.43,0.45,0.55,0.48,-2.1, Competitive — Monitor,-1.0,,,MONITOR — No Clear Signal,0.0,0.47,0.0,0.0,-0.0,31.0,14.569999999999999,14.569999999999999,0.0
35815P,"ACRYLIC JEWEL SNOWFLAKE, PINK",2.1,6,12.6,2,1.84,2.07,2.3,2.07,1.4, Competitive — Monitor,-1.0,,,MONITOR — No Clear Signal,0.0,2.1,0.0,0.0,-0.0,6.0,12.600000000000001,12.600000000000001,0.0
35918B,BLUE FLORIBUNDA EGG WARMER,1.25,10,12.5,5,1.13,1.19,1.5,1.27,-1.6, Competitive — Monitor,-1.0,,,MONITOR — No Clear Signal,0.0,1.25,0.0,0.0,-0.0,10.0,12.5,12.5,0.0
51012L,"FEATHER DUSTER, LIGHT PINK",1.25,10,12.5,6,1.11,1.33,1.37,1.27,-1.6, Competitive — Monitor,-1.0,,,MONITOR — No Clear Signal,0.0,1.25,0.0,0.0,-0.0,10.0,12.5,12.5,0.0
35597A,DUSTY PINK CHRISTMAS TREE 30CM,1.25,10,12.5,4,1.17,1.18,1.48,1.28,-2.3, Competitive — Monitor,-1.0,,,MONITOR — No Clear Signal,0.0,1.25,0.0,0.0,-0.0,10.0,12.5,12.5,0.0
47344B,BLUE FLOWER DES PURSE,1.25,10,12.5,4,1.17,1.24,1.48,1.3,-3.8, Competitive — Monitor,-1.0,,,MONITOR — No Clear Signal,0.0,1.25,0.0,0.0,-0.0,10.0,12.5,12.5,0.0
85185E,DUCK SOCK PUPPET,2.95,4,11.8,2,2.65,3.0,3.43,3.03,-2.6, Competitive — Monitor,-1.0,,,MONITOR — No Clear Signal,0.0,2.95,0.0,0.0,-0.0,4.0,11.8,11.8,0.0
90027C,GLASS BEAD HOOP EARRINGS GREEN,2.95,4,11.8,2,2.61,3.04,3.35,3.0,-1.7, Competitive — Monitor,-1.0,,,MONITOR — No Clear Signal,0.0,2.95,0.0,0.0,-0.0,4.0,11.8,11.8,0.0
90177C,DROP DIAMANTE EARRINGS CRYSTAL,2.95,4,11.8,4,2.61,2.89,3.15,2.88,2.4, Competitive — Monitor,-1.0,,,MONITOR — No Clear Signal,0.0,2.95,0.0,0.0,-0.0,4.0,11.8,11.8,0.0
84814B,RHOMBUS CRYSTAL PERFUME BOTTLE,1.95,6,11.7,2,1.81,2.07,2.2,2.03,-3.9, Competitive — Monitor,-1.0,,,MONITOR — No Clear Signal,0.0,1.95,0.0,0.0,-0.0,6.0,11.7,11.7,0.0
37491A,YELLOW/PINK CERAMIC CANDLE HOLDER,1.65,7,11.549999999999999,5,1.46,1.67,1.82,1.65,0.0, Competitive — Monitor,-1.0,,,MONITOR — No Clear Signal,0.0,1.65,0.0,0.0,-0.0,7.0,11.549999999999999,11.549999999999999,0.0
17174,ASSTD RASTA KEY-CHAINS,0.42,27,11.34,4,0.37,0.42,0.49,0.43,-2.3, Competitive — Monitor,-1.0,,,MONITOR — No Clear Signal,0.0,0.42,0.0,0.0,-0.0,27.0,11.34,11.34,0.0
47341B,BLUE TABLE RUN FLOWER,3.75,3,11.25,3,3.22,3.49,4.36,3.69,1.6, Competitive — Monitor,-1.0,,,MONITOR — No Clear Signal,0.0,3.75,0.0,0.0,-0.0,3.0,11.25,11.25,0.0
90214V,"LETTER ""V"" BLING KEY RING",1.25,9,11.25,7,1.12,1.24,1.48,1.28,-2.3, Competitive — Monitor,-1.0,,,MONITOR — No Clear Signal,0.0,1.25,0.0,0.0,-0.0,9.0,11.25,11.25,0.0
84743C,ORANGE FELT VASE + FLOWERS,1.25,9,11.25,4,1.12,1.31,1.32,1.25,0.0, Competitive — Monitor,-1.0,,,MONITOR — No Clear Signal,0.0,1.25,0.0,0.0,-0.0,9.0,11.25,11.25,0.0
16151A,FLOWER DES BLUE HANDBAG/ORANG HANDL,3.75,3,11.25,2,3.5,3.82,4.39,3.9,-3.8, Competitive — Monitor,-1.0,,,MONITOR — No Clear Signal,0.0,3.75,0.0,0.0,-0.0,3.0,11.25,11.25,0.0
90025E,BAROQUE BUTTERFLY EARRINGS MONTANA,3.75,3,11.25,3,3.27,3.95,4.47,3.9,-3.8, Competitive — Monitor,-1.0,,,MONITOR — No Clear Signal,0.0,3.75,0.0,0.0,-0.0,3.0,11.25,11.25,0.0
17011B,ORIGAMI JASMINE INCENSE+FLOWER ,1.2,19,11.100000000000001,2,1.07,1.2,1.4,1.22,-1.6, Competitive — Monitor,-1.0,,,MONITOR — No Clear Signal,0.0,1.2,0.0,0.0,-0.0,19.0,22.8,22.8,0.0
72785B,S/4 CONTEMPORY RED ROSEBUD CANDLES,1.5666666666666667,9,10.9,3,1.46,1.47,1.68,1.54,1.7, Competitive — Monitor,-1.0,,,MONITOR — No Clear Signal,0.0,1.57,0.0,0.0,-0.0,9.0,14.1,14.13,0.03
16169G,WRAP ROMANTIC DECOUPAGE,0.42,25,10.5,1,0.39,0.39,0.45,0.41,2.4, Competitive — Monitor,-1.0,,,MONITOR — No Clear Signal,0.0,0.42,0.0,0.0,-0.0,25.0,10.5,10.5,0.0
17084G,MOON INCENSE,0.21,50,10.5,2,0.19,0.2,0.22,0.2,5.0, Competitive — Monitor,-1.0,,,MONITOR — No Clear Signal,0.0,0.21,0.0,0.0,-0.0,50.0,10.5,10.5,0.0
16169A,WRAP CHRISTMAS DECOUPAGE,0.42,25,10.5,1,0.38,0.43,0.48,0.43,-2.3, Competitive — Monitor,-1.0,,,MONITOR — No Clear Signal,0.0,0.42,0.0,0.0,-0.0,25.0,10.5,10.5,0.0
21496,WOODLAND CREATURES  WRAP,0.42,25,10.5,1,0.37,0.44,0.48,0.43,-2.3, Competitive — Monitor,-1.0,,,MONITOR — No Clear Signal,0.0,0.42,0.0,0.0,-0.0,25.0,10.5,10.5,0.0
84206A,3 BLACK CATS W HEARTS BLANK CARD,0.19,55,10.450000000000001,6,0.18,0.18,0.23,0.2,-5.0, Competitive — Monitor,-1.0,,,MONITOR — No Clear Signal,0.0,0.19,0.0,0.0,-0.0,55.0,10.45,10.45,0.0
81950V,FLOWER PURPLE CLOCK W/SUCKER,0.85,12,10.2,4,0.73,0.85,0.94,0.84,1.2, Competitive — Monitor,-1.0,,,MONITOR — No Clear Signal,0.0,0.85,0.0,0.0,-0.0,12.0,10.2,10.2,0.0
44228,CANNABIS LEAF BEAD CURTAIN,0.85,12,10.2,1,0.8,0.84,0.93,0.86,-1.2, Competitive — Monitor,-1.0,,,MONITOR — No Clear Signal,0.0,0.85,0.0,0.0,-0.0,12.0,10.2,10.2,0.0
10080,GROOVY CACTUS INFLATABLE,0.85,12,10.2,5,0.78,0.84,0.97,0.86,-1.2, Competitive — Monitor,-1.0,,,MONITOR — No Clear Signal,0.0,0.85,0.0,0.0,-0.0,12.0,10.2,10.2,0.0
20939,ORANGE CANDLE,0.85,12,10.2,1,0.77,0.81,1.0,0.86,-1.2, Competitive — Monitor,-1.0,,,MONITOR — No Clear Signal,0.0,0.85,0.0,0.0,-0.0,12.0,10.2,10.2,0.0
20835,FRENCH LATTICE CUSHION COVER ,0.85,12,10.2,1,0.73,0.8,1.01,0.85,0.0, Competitive — Monitor,-1.0,,,MONITOR — No Clear Signal,0.0,0.85,0.0,0.0,-0.0,12.0,10.2,10.2,0.0
90103,PURPLE FRANGIPANI NECKLACE,2.55,4,10.2,3,2.29,2.43,2.98,2.57,-0.8, Competitive — Monitor,-1.0,,,MONITOR — No Clear Signal,0.0,2.55,0.0,0.0,-0.0,4.0,10.2,10.2,0.0
44089A,PINK GAUZE BUTTERFLY LAMPSHADE,0.42,24,10.08,8,0.37,0.39,0.47,0.41,2.4, Competitive — Monitor,-1.0,,,MONITOR — No Clear Signal,0.0,0.42,0.0,0.0,-0.0,24.0,10.08,10.08,0.0
90012B,BLACK DROP CRYSTAL NECKLACE,9.95,1,9.95,1,8.62,9.47,11.4,9.83,1.2, Competitive — Monitor,-1.0,,,MONITOR — No Clear Signal,0.0,9.95,0.0,0.0,-0.0,1.0,9.95,9.95,0.0
35650,VINTAGE BEAD PINK JEWEL STAND,4.95,2,9.9,2,4.53,4.56,5.83,4.97,-0.4, Competitive — Monitor,-1.0,,,MONITOR — No Clear Signal,0.0,4.95,0.0,0.0,-0.0,2.0,9.9,9.9,0.0
37491B,BLUE/YELLOW CERAMIC CANDLE HOLDER,1.65,6,9.899999999999999,4,1.56,1.68,1.85,1.7,-2.9, Competitive — Monitor,-1.0,,,MONITOR — No Clear Signal,0.0,1.65,0.0,0.0,-0.0,6.0,9.899999999999999,9.899999999999999,0.0
84732B,CUTE BIRD CEATURE SCREEN,1.65,6,9.899999999999999,4,1.5,1.6,1.79,1.63,1.2, Competitive — Monitor,-1.0,,,MONITOR — No Clear Signal,0.0,1.65,0.0,0.0,-0.0,6.0,9.899999999999999,9.899999999999999,0.0
20822,SILVER WINE GOBLET,4.65,2,9.3,1,4.28,5.0,5.0,4.76,-2.3, Competitive — Monitor,-1.0,,,MONITOR — No Clear Signal,0.0,4.65,0.0,0.0,-0.0,2.0,9.3,9.3,0.0
72708,SCULPTED ROUND IVORY CANDLE ,0.21000000000000002,44,9.24,5,0.18,0.2,0.22,0.2,5.0, Competitive — Monitor,-1.0,,,MONITOR — No Clear Signal,0.0,0.21,-0.0,0.0,-0.0,44.0,9.24,9.24,0.0
90154,LAZER CUT NECKLACE W PASTEL BEADS,8.95,1,8.95,1,7.98,8.73,10.36,9.02,-0.8, Competitive — Monitor,-1.0,,,MONITOR — No Clear Signal,0.0,8.95,0.0,0.0,-0.0,1.0,8.95,8.95,0.0
18098B,BLUE PORCELAIN B'FLY OIL BURNER,2.9500000000000006,3,8.850000000000001,3,2.54,2.88,3.15,2.86,3.1, Competitive — Monitor,-1.0,,,MONITOR — No Clear Signal,0.0,2.95,-0.0,0.0,-0.0,3.0,8.850000000000001,8.850000000000001,0.0
37488A,YELLOW PINK FLOWER DESIGN BIG BOWL,2.95,3,8.850000000000001,2,2.69,2.72,3.21,2.87,2.8, Competitive — Monitor,-1.0,,,MONITOR — No Clear Signal,0.0,2.95,0.0,0.0,-0.0,3.0,8.850000000000001,8.850000000000001,0.0
90001A,ANTIQUE RASPBERRY FLOWER EARRINGS,4.25,2,8.5,2,4.01,4.48,4.65,4.38,-3.0, Competitive — Monitor,-1.0,,,MONITOR — No Clear Signal,0.0,4.25,0.0,0.0,-0.0,2.0,8.5,8.5,0.0
90024F,NEW BAROQUE B'FLY NECKLACE CRYSTAL,8.5,1,8.5,1,7.79,7.86,9.64,8.43,0.8, Competitive — Monitor,-1.0,,,MONITOR — No Clear Signal,0.0,8.5,0.0,0.0,-0.0,1.0,8.5,8.5,0.0
84572,6 HOOK JEWEL STAND LILAC DRESS,8.49,1,8.49,1,7.28,9.09,9.42,8.6,-1.3, Competitive — Monitor,-1.0,,,MONITOR — No Clear Signal,0.0,8.49,0.0,0.0,-0.0,1.0,8.49,8.49,0.0
10124G,ARMY CAMO BOOKCOVER TAPE,0.42,20,8.4,6,0.37,0.45,0.48,0.43,-2.3, Competitive — Monitor,-1.0,,,MONITOR — No Clear Signal,0.0,0.42,0.0,0.0,-0.0,20.0,8.4,8.4,0.0
90111,BLUE HIBISCUS  HAIR CLIP,1.05,8,8.4,6,0.95,1.06,1.11,1.04,1.0, Competitive — Monitor,-1.0,,,MONITOR — No Clear Signal,0.0,1.05,0.0,0.0,-0.0,8.0,8.4,8.4,0.0
35597D,PINK/WHITE CHRISTMAS TREE 30CM,0.65,12,7.800000000000001,5,0.58,0.65,0.69,0.64,1.6, Competitive — Monitor,-1.0,,,MONITOR — No Clear Signal,0.0,0.65,0.0,0.0,-0.0,12.0,7.800000000000001,7.800000000000001,0.0
37489C,GREEN/BLUE FLOWER DESIGN BIG MUG,1.95,4,7.8,3,1.82,2.0,2.19,2.0,-2.5, Competitive — Monitor,-1.0,,,MONITOR — No Clear Signal,0.0,1.95,0.0,0.0,-0.0,4.0,7.8,7.8,0.0
90033,IVORY SHELL HEART EARRINGS,2.55,3,7.6499999999999995,1,2.38,2.5,2.81,2.56,-0.4, Competitive — Monitor,-1.0,,,MONITOR — No Clear Signal,0.0,2.55,0.0,0.0,-0.0,3.0,7.6499999999999995,7.6499999999999995,0.0
62074B,ELEPHANT CLIP W SUCTION CUP,0.42,18,7.56,7,0.38,0.43,0.46,0.42,0.0, Competitive — Monitor,-1.0,,,MONITOR — No Clear Signal,0.0,0.42,0.0,0.0,-0.0,18.0,7.56,7.56,0.0
90176B,DIAMANTE NECKLACE BLACK ,7.5,1,7.5,1,6.66,6.95,7.95,7.19,4.3, Competitive — Monitor,-1.0,,,MONITOR — No Clear Signal,0.0,7.5,0.0,0.0,-0.0,1.0,7.5,7.5,0.0
84366,VENDETTA CANVAS PICTURE,3.75,2,7.5,2,3.28,3.48,4.44,3.73,0.5, Competitive — Monitor,-1.0,,,MONITOR — No Clear Signal,0.0,3.75,0.0,0.0,-0.0,2.0,7.5,7.5,0.0
46037A,PINK CANVAS DES CUSHION COVER ,1.25,6,7.5,2,1.08,1.24,1.44,1.25,0.0, Competitive — Monitor,-1.0,,,MONITOR — No Clear Signal,0.0,1.25,0.0,0.0,-0.0,6.0,7.5,7.5,0.0
84415A,PINK FLOCK SUEDE CUSHION COVER ,3.75,2,7.5,1,3.32,3.78,4.01,3.7,1.4, Competitive — Monitor,-1.0,,,MONITOR — No Clear Signal,0.0,3.75,0.0,0.0,-0.0,2.0,7.5,7.5,0.0
20942,SET/6 GINGERBREAD TREE T-LIGHTS,1.25,6,7.5,4,1.11,1.33,1.32,1.25,0.0, Competitive — Monitor,-1.0,,,MONITOR — No Clear Signal,0.0,1.25,0.0,0.0,-0.0,6.0,7.5,7.5,0.0
37438,FUNKY FLOWER COFFEE POT,3.75,2,7.5,1,3.44,3.51,4.49,3.81,-1.6, Competitive — Monitor,-1.0,,,MONITOR — No Clear Signal,0.0,3.75,0.0,0.0,-0.0,2.0,7.5,7.5,0.0
90025D,BAROQUE BUTTERFLY EARRINGS PINK,3.75,2,7.5,2,3.43,3.94,4.32,3.9,-3.8, Competitive — Monitor,-1.0,,,MONITOR — No Clear Signal,0.0,3.75,0.0,0.0,-0.0,2.0,7.5,7.5,0.0
90025C,BAROQUE BUTTERFLY EARRINGS GREEN,3.75,2,7.5,2,3.21,3.58,4.17,3.65,2.7, Competitive — Monitor,-1.0,,,MONITOR — No Clear Signal,0.0,3.75,0.0,0.0,-0.0,2.0,7.5,7.5,0.0
47341A,FUSCHIA TABLE RUN FLOWER ,3.75,2,7.5,2,3.34,3.69,4.33,3.79,-1.1, Competitive — Monitor,-1.0,,,MONITOR — No Clear Signal,0.0,3.75,0.0,0.0,-0.0,2.0,7.5,7.5,0.0
82011E,"BATHROOM SCALES, FAG BREAK",3.75,2,7.5,2,3.26,3.64,4.36,3.75,0.0, Competitive — Monitor,-1.0,,,MONITOR — No Clear Signal,0.0,3.75,0.0,0.0,-0.0,2.0,7.5,7.5,0.0
35001P,HAND OPEN SHAPE PINK,3.49,2,6.98,2,3.02,3.43,4.07,3.51,-0.6, Competitive — Monitor,-1.0,,,MONITOR — No Clear Signal,0.0,3.49,0.0,0.0,-0.0,2.0,6.98,6.98,0.0
85230D,VANILLA SCENTED VOTIVE CANDLE,0.29,24,6.959999999999999,1,0.27,0.27,0.33,0.29,0.0, Competitive — Monitor,-1.0,,,MONITOR — No Clear Signal,0.0,0.29,0.0,0.0,-0.0,24.0,6.959999999999999,6.959999999999999,0.0
85230C,ROSE SCENTED VOTIVE CANDLE,0.29,24,6.959999999999999,1,0.25,0.29,0.32,0.29,0.0, Competitive — Monitor,-1.0,,,MONITOR — No Clear Signal,0.0,0.29,0.0,0.0,-0.0,24.0,6.959999999999999,6.959999999999999,0.0
90051,CRACKED GLAZE NECKLACE RED,6.95,1,6.95,1,6.2,7.29,7.31,6.93,0.3, Competitive — Monitor,-1.0,,,MONITOR — No Clear Signal,0.0,6.95,0.0,0.0,-0.0,1.0,6.95,6.95,0.0
21852,EMPIRE TEDDY,6.95,1,6.95,1,6.02,6.88,8.26,7.05,-1.4, Competitive — Monitor,-1.0,,,MONITOR — No Clear Signal,0.0,6.95,0.0,0.0,-0.0,1.0,6.95,6.95,0.0
35443,RASTA IN BATH W SPLIFF ASHTRAY,0.85,8,6.8,4,0.8,0.85,0.97,0.87,-2.3, Competitive — Monitor,-1.0,,,MONITOR — No Clear Signal,0.0,0.85,0.0,0.0,-0.0,8.0,6.8,6.8,0.0
37409,ASSORTED DESIGN FLOWER MUGS,0.85,8,6.8,3,0.77,0.9,0.92,0.86,-1.2, Competitive — Monitor,-1.0,,,MONITOR — No Clear Signal,0.0,0.85,0.0,0.0,-0.0,8.0,6.8,6.8,0.0
48173A,DOOR MAT BLUE FLOCK,6.75,1,6.75,1,5.89,6.97,8.02,6.96,-3.0, Competitive — Monitor,-1.0,,,MONITOR — No Clear Signal,0.0,6.75,0.0,0.0,-0.0,1.0,6.75,6.75,0.0
37484,ENGLISH ROSE TEA FOR ONE GIFT BOX,6.75,1,6.75,1,6.08,6.74,8.01,6.94,-2.7, Competitive — Monitor,-1.0,,,MONITOR — No Clear Signal,0.0,6.75,0.0,0.0,-0.0,1.0,6.75,6.75,0.0
90187B,GREEN DROP EARRINGS W BEAD CLUSTER,3.35,2,6.7,1,3.09,3.22,4.01,3.44,-2.6, Competitive — Monitor,-1.0,,,MONITOR — No Clear Signal,0.0,3.35,0.0,0.0,-0.0,2.0,6.7,6.7,0.0
90187A,BLUE DROP EARRINGS W BEAD CLUSTER,3.35,2,6.7,1,3.17,3.56,3.96,3.56,-5.9, Competitive — Monitor,-1.0,,,MONITOR — No Clear Signal,0.0,3.35,0.0,0.0,-0.0,2.0,6.7,6.7,0.0
90204,PAIR OF ENAMEL BUTTERFLY HAIRCLIP,3.35,2,6.7,2,2.92,3.39,4.02,3.44,-2.6, Competitive — Monitor,-1.0,,,MONITOR — No Clear Signal,0.0,3.35,0.0,0.0,-0.0,2.0,6.7,6.7,0.0
84732D,CUTE RABBIT CEATURE SCREEN ,1.65,4,6.6,4,1.55,1.58,1.79,1.64,0.6, Competitive — Monitor,-1.0,,,MONITOR — No Clear Signal,0.0,1.65,0.0,0.0,-0.0,4.0,6.6,6.6,0.0
20858,SILVER PURSE GOLD PINK BUTTERFLY,1.65,4,6.6,1,1.56,1.59,1.94,1.7,-2.9, Competitive — Monitor,-1.0,,,MONITOR — No Clear Signal,0.0,1.65,0.0,0.0,-0.0,4.0,6.6,6.6,0.0
90082C,DIAMANTE BOW BROOCH WHITE COLOUR,6.35,1,6.35,1,5.98,6.66,7.45,6.7,-5.2, Competitive — Monitor,-1.0,,,MONITOR — No Clear Signal,0.0,6.35,0.0,0.0,-0.0,1.0,6.35,6.35,0.0
79140,ASS WINDPROOF MARIJUANA LIGHTERS,0.42,15,6.3,2,0.38,0.39,0.46,0.41,2.4, Competitive — Monitor,-1.0,,,MONITOR — No Clear Signal,0.0,0.42,0.0,0.0,-0.0,15.0,6.3,6.3,0.0
71050,SMALL SINGLE FLAME CANDLE HOLDER,0.35,18,6.299999999999999,2,0.32,0.38,0.37,0.36,-2.8, Competitive — Monitor,-1.0,,,MONITOR — No Clear Signal,0.0,0.35,0.0,0.0,-0.0,18.0,6.3,6.3,0.0
20673,STRAWBERRIES PRINT BOWL,1.25,5,6.25,2,1.11,1.18,1.5,1.26,-0.8, Competitive — Monitor,-1.0,,,MONITOR — No Clear Signal,0.0,1.25,0.0,0.0,-0.0,5.0,6.25,6.25,0.0
37408,ASSORTED DESIGN GEISHA GIRL MUGS,1.25,5,6.25,1,1.16,1.31,1.37,1.28,-2.3, Competitive — Monitor,-1.0,,,MONITOR — No Clear Signal,0.0,1.25,0.0,0.0,-0.0,5.0,6.25,6.25,0.0
90214Z,"LETTER ""Z"" BLING KEY RING",1.25,5,6.25,4,1.13,1.23,1.48,1.28,-2.3, Competitive — Monitor,-1.0,,,MONITOR — No Clear Signal,0.0,1.25,0.0,0.0,-0.0,5.0,6.25,6.25,0.0
82072,WHITE WOOD SINGLE P/FRAME,1.25,5,6.25,3,1.15,1.25,1.31,1.24,0.8, Competitive — Monitor,-1.0,,,MONITOR — No Clear Signal,0.0,1.25,0.0,0.0,-0.0,5.0,6.25,6.25,0.0
72751A,"F.FAIRY S/3 SML CANDLE,LILY/VALLEY",5.95,1,5.95,1,5.31,6.31,6.27,5.96,-0.2, Competitive — Monitor,-1.0,,,MONITOR — No Clear Signal,0.0,5.95,0.0,0.0,-0.0,1.0,5.95,5.95,0.0
72751B,"F.FAIRY S/3 SML CANDLE, LAVENDER",5.95,1,5.95,1,5.49,5.87,6.66,6.01,-1.0, Competitive — Monitor,-1.0,,,MONITOR — No Clear Signal,0.0,5.95,0.0,0.0,-0.0,1.0,5.95,5.95,0.0
72751C,"F.FAIRY S/3 SML CANDLE, ROSE",5.95,1,5.95,1,5.55,5.99,6.46,6.0,-0.8, Competitive — Monitor,-1.0,,,MONITOR — No Clear Signal,0.0,5.95,0.0,0.0,-0.0,1.0,5.95,5.95,0.0
35638A,PINK AND BLACK STRING CURTAIN,5.95,1,5.95,1,5.14,5.52,6.86,5.84,1.9, Competitive — Monitor,-1.0,,,MONITOR — No Clear Signal,0.0,5.95,0.0,0.0,-0.0,1.0,5.95,5.95,0.0
90152A,SILVER/NAT SHELL NECKLACE W PENDANT,5.95,1,5.95,1,5.55,5.48,6.75,5.93,0.3, Competitive — Monitor,-1.0,,,MONITOR — No Clear Signal,0.0,5.95,0.0,0.0,-0.0,1.0,5.95,5.95,0.0
90000C,OPAL WHITE/SILVER FLOWER NECKLACE,5.95,1,5.95,1,5.38,5.71,6.32,5.8,2.6, Competitive — Monitor,-1.0,,,MONITOR — No Clear Signal,0.0,5.95,0.0,0.0,-0.0,1.0,5.95,5.95,0.0
90102,WHITE FRANGIPANI HAIR CLIP,0.85,7,5.949999999999999,2,0.79,0.87,0.91,0.86,-1.2, Competitive — Monitor,-1.0,,,MONITOR — No Clear Signal,0.0,0.85,0.0,0.0,-0.0,7.0,5.95,5.95,0.0
35821P,"JEWELLED DECORATION,PINK",2.95,2,5.9,2,2.63,2.77,3.27,2.89,2.1, Competitive — Monitor,-1.0,,,MONITOR — No Clear Signal,0.0,2.95,0.0,0.0,-0.0,2.0,5.9,5.9,0.0
20882,MODERN CHRISTMAS TREE CANDLE,2.95,2,5.9,1,2.62,2.77,3.18,2.86,3.1, Competitive — Monitor,-1.0,,,MONITOR — No Clear Signal,0.0,2.95,0.0,0.0,-0.0,2.0,5.9,5.9,0.0
90182C,BLACK 3 BEAD DROP EARRINGS,2.95,2,5.9,1,2.78,2.91,3.45,3.05,-3.3, Competitive — Monitor,-1.0,,,MONITOR — No Clear Signal,0.0,2.95,0.0,0.0,-0.0,2.0,5.9,5.9,0.0
90202A,PURPLE ENAMEL FLOWER HAIR TIE,2.95,2,5.9,2,2.58,3.02,3.28,2.96,-0.3, Competitive — Monitor,-1.0,,,MONITOR — No Clear Signal,0.0,2.95,0.0,0.0,-0.0,2.0,5.9,5.9,0.0
90202B,WHITE ENAMEL FLOWER HAIR TIE,2.95,2,5.9,1,2.76,3.05,3.14,2.98,-1.0, Competitive — Monitor,-1.0,,,MONITOR — No Clear Signal,0.0,2.95,0.0,0.0,-0.0,2.0,5.9,5.9,0.0
90202C,GREEN ENAMEL FLOWER HAIR TIE,2.95,2,5.9,2,2.65,2.8,3.31,2.92,1.0, Competitive — Monitor,-1.0,,,MONITOR — No Clear Signal,0.0,2.95,0.0,0.0,-0.0,2.0,5.9,5.9,0.0
90177E,DROP DIAMANTE EARRINGS GREEN,2.95,2,5.9,2,2.66,2.75,3.14,2.85,3.5, Competitive — Monitor,-1.0,,,MONITOR — No Clear Signal,0.0,2.95,0.0,0.0,-0.0,2.0,5.9,5.9,0.0
18098A,PINK PORCELAIN B'FLY OIL BURNER,2.95,2,5.9,2,2.6,3.16,3.15,2.97,-0.7, Competitive — Monitor,-1.0,,,MONITOR — No Clear Signal,0.0,2.95,0.0,0.0,-0.0,2.0,5.9,5.9,0.0
35823P,"ACRYLIC BEAD GARLAND,PINK",2.95,2,5.9,2,2.68,2.84,3.2,2.91,1.4, Competitive — Monitor,-1.0,,,MONITOR — No Clear Signal,0.0,2.95,0.0,0.0,-0.0,2.0,5.9,5.9,0.0
62097B,BLUE STRIPES SHOULDER BAG,2.95,2,5.9,1,2.6,3.12,3.48,3.07,-3.9, Competitive — Monitor,-1.0,,,MONITOR — No Clear Signal,0.0,2.95,0.0,0.0,-0.0,2.0,5.9,5.9,0.0
84247J,PACK/12 RUSSIAN DOLL CARDS,2.95,2,5.9,2,2.52,3.12,3.51,3.05,-3.3, Competitive — Monitor,-1.0,,,MONITOR — No Clear Signal,0.0,2.95,0.0,0.0,-0.0,2.0,5.9,5.9,0.0
90027A,GLASS BEAD HOOP EARRINGS BLACK,2.95,2,5.9,2,2.59,3.08,3.46,3.04,-3.0, Competitive — Monitor,-1.0,,,MONITOR — No Clear Signal,0.0,2.95,0.0,0.0,-0.0,2.0,5.9,5.9,0.0
90130C,GREEN STONE/CRYSTAL EARRINGS,2.95,2,5.9,2,2.51,2.79,3.25,2.85,3.5, Competitive — Monitor,-1.0,,,MONITOR — No Clear Signal,0.0,2.95,0.0,0.0,-0.0,2.0,5.9,5.9,0.0
90011B,BLACK CRYSTAL DROP EARRINGS,2.95,2,5.9,2,2.8,3.1,3.22,3.04,-3.0, Competitive — Monitor,-1.0,,,MONITOR — No Clear Signal,0.0,2.95,0.0,0.0,-0.0,2.0,5.9,5.9,0.0
79303A,WHITE ROHMBIC BLOCK TABLE LAMP,2.95,2,5.9,1,2.79,3.08,3.34,3.07,-3.9, Competitive — Monitor,-1.0,,,MONITOR — No Clear Signal,0.0,2.95,0.0,0.0,-0.0,2.0,5.9,5.9,0.0
84402B,PURPLE DRESS JEWELLERY STAND,2.95,2,5.9,1,2.62,3.0,3.42,3.01,-2.0, Competitive — Monitor,-1.0,,,MONITOR — No Clear Signal,0.0,2.95,0.0,0.0,-0.0,2.0,5.9,5.9,0.0
85186B,BUNNY BUNCH OF FLOWERS,0.42,14,5.88,2,0.39,0.41,0.5,0.43,-2.3, Competitive — Monitor,-1.0,,,MONITOR — No Clear Signal,0.0,0.42,0.0,0.0,-0.0,14.0,5.88,5.88,0.0
35051B,PINK BEADED CONE CHRISTMAS,0.42,14,5.88,2,0.37,0.4,0.45,0.41,2.4, Competitive — Monitor,-1.0,,,MONITOR — No Clear Signal,0.0,0.42,0.0,0.0,-0.0,14.0,5.88,5.88,0.0
79149B,SILICON STAR BULB  BLUE,0.42,14,5.88,5,0.39,0.39,0.44,0.41,2.4, Competitive — Monitor,-1.0,,,MONITOR — No Clear Signal,0.0,0.42,0.0,0.0,-0.0,14.0,5.88,5.88,0.0
22888,NUMBER TILE VINTAGE FONT 9 ,1.95,3,5.85,2,1.81,1.95,2.25,2.0,-2.5, Competitive — Monitor,-1.0,,,MONITOR — No Clear Signal,0.0,1.95,0.0,0.0,-0.0,3.0,5.85,5.85,0.0
35537,CANDLE RING W/CLEAR BEADS,0.42,13,5.46,3,0.4,0.43,0.49,0.44,-4.5, Competitive — Monitor,-1.0,,,MONITOR — No Clear Signal,0.0,0.42,0.0,0.0,-0.0,13.0,5.46,5.46,0.0
21838,DADDY MOUSE RED GINGHAM BOW TIE,5.45,1,5.45,1,4.85,5.33,6.41,5.53,-1.4, Competitive — Monitor,-1.0,,,MONITOR — No Clear Signal,0.0,5.45,0.0,0.0,-0.0,1.0,5.45,5.45,0.0
35751D,PINK CURRENT CANDLE RING,0.19,28,5.32,1,0.18,0.19,0.22,0.2,-5.0, Competitive — Monitor,-1.0,,,MONITOR — No Clear Signal,0.0,0.19,0.0,0.0,-0.0,28.0,5.32,5.32,0.0
16215,FUNKY GIRLZ MAGNETIC TO DO LIST ,0.65,8,5.2,3,0.57,0.64,0.78,0.66,-1.5, Competitive — Monitor,-1.0,,,MONITOR — No Clear Signal,0.0,0.65,0.0,0.0,-0.0,8.0,5.2,5.2,0.0
90101,WHITE FRANGIPANI NECKLACE,2.55,2,5.1,1,2.42,2.61,2.87,2.63,-3.0, Competitive — Monitor,-1.0,,,MONITOR — No Clear Signal,0.0,2.55,0.0,0.0,-0.0,2.0,5.1,5.1,0.0
90118,PINK DAISY BAG CHARM,2.55,2,5.1,2,2.17,2.71,3.03,2.64,-3.4, Competitive — Monitor,-1.0,,,MONITOR — No Clear Signal,0.0,2.55,0.0,0.0,-0.0,2.0,5.1,5.1,0.0
71101A,ANGEL ON KNEES METAL POLE 100CM H,0.85,6,5.1,1,0.77,0.8,1.02,0.86,-1.2, Competitive — Monitor,-1.0,,,MONITOR — No Clear Signal,0.0,0.85,0.0,0.0,-0.0,6.0,5.1,5.1,0.0
84942,KASHMIR FOLKART HEART DISHES,1.6900000000000002,3,5.07,3,1.55,1.66,1.99,1.73,-2.3, Competitive — Monitor,-1.0,,,MONITOR — No Clear Signal,0.0,1.69,-0.0,0.0,-0.0,3.0,5.07,5.07,0.0
85043,RED HEART CANDY POP LIGHTS,4.95,1,4.95,1,4.55,4.67,5.43,4.88,1.4, Competitive — Monitor,-1.0,,,MONITOR — No Clear Signal,0.0,4.95,0.0,0.0,-0.0,1.0,4.95,4.95,0.0
85232C,RUSSIAN FOLKART STACKING TINS,4.95,1,4.95,1,4.27,5.05,5.34,4.89,1.2, Competitive — Monitor,-1.0,,,MONITOR — No Clear Signal,0.0,4.95,0.0,0.0,-0.0,1.0,4.95,4.95,0.0
37451,CERAMIC CAKE TEAPOT WITH CHERRY,4.95,1,4.95,1,4.67,5.13,5.6,5.13,-3.5, Competitive — Monitor,-1.0,,,MONITOR — No Clear Signal,0.0,4.95,0.0,0.0,-0.0,1.0,4.95,4.95,0.0
90142D,MOP PENDANT SHELL NECKLACE,4.95,1,4.95,1,4.3,5.29,5.53,5.04,-1.8, Competitive — Monitor,-1.0,,,MONITOR — No Clear Signal,0.0,4.95,0.0,0.0,-0.0,1.0,4.95,4.95,0.0
45014,FOLDING SHIRT TIDY,4.65,1,4.65,1,4.24,4.49,5.49,4.74,-1.9, Competitive — Monitor,-1.0,,,MONITOR — No Clear Signal,0.0,4.65,0.0,0.0,-0.0,1.0,4.65,4.65,0.0
44091A,BLUE CRUSOE CHECK LAMPSHADE,0.42,11,4.62,3,0.37,0.45,0.45,0.42,0.0, Competitive — Monitor,-1.0,,,MONITOR — No Clear Signal,0.0,0.42,0.0,0.0,-0.0,11.0,4.62,4.62,0.0
72752A,"F.FAIRY,CANDLE IN GLASS,LILY/VALLEY",4.25,1,4.25,1,3.74,3.95,4.63,4.11,3.4, Competitive — Monitor,-1.0,,,MONITOR — No Clear Signal,0.0,4.25,0.0,0.0,-0.0,1.0,4.25,4.25,0.0
81953P,ROUND ARTICULATED PINK CLOCK W/SUCK,0.85,5,4.25,3,0.77,0.86,0.99,0.87,-2.3, Competitive — Monitor,-1.0,,,MONITOR — No Clear Signal,0.0,0.85,0.0,0.0,-0.0,5.0,4.25,4.25,0.0
21409,SPOTTY COCKEREL DOORSTOP,4.25,1,4.25,1,3.79,3.95,4.52,4.09,3.9, Competitive — Monitor,-1.0,,,MONITOR — No Clear Signal,0.0,4.25,0.0,0.0,-0.0,1.0,4.25,4.25,0.0
84255A,PINK GLASS COCKTAIL LAMP,2.1,2,4.2,2,1.82,2.23,2.31,2.12,-0.9, Competitive — Monitor,-1.0,,,MONITOR — No Clear Signal,0.0,2.1,0.0,0.0,-0.0,2.0,4.2,4.2,0.0
20877,MODERN CHRISTMAS BAUBLE CANDLE ,0.42,10,4.2,3,0.36,0.42,0.47,0.42,0.0, Competitive — Monitor,-1.0,,,MONITOR — No Clear Signal,0.0,0.42,0.0,0.0,-0.0,10.0,4.2,4.2,0.0
20884,MODERN CHRISTMAS TREE CANDLE ,2.1,2,4.2,2,1.87,2.16,2.4,2.14,-1.9, Competitive — Monitor,-1.0,,,MONITOR — No Clear Signal,0.0,2.1,0.0,0.0,-0.0,2.0,4.2,4.2,0.0
37432,MUG PINK AND PURPLE ARABIC DESIGN,0.65,6,3.9000000000000004,1,0.6,0.68,0.7,0.66,-1.5, Competitive — Monitor,-1.0,,,MONITOR — No Clear Signal,0.0,0.65,0.0,0.0,-0.0,6.0,3.9000000000000004,3.9000000000000004,0.0
72084B,CHOCOLATE ICE CREAM CANDLE,1.95,2,3.9,1,1.83,1.84,2.3,1.99,-2.0, Competitive — Monitor,-1.0,,,MONITOR — No Clear Signal,0.0,1.95,0.0,0.0,-0.0,2.0,3.9,3.9,0.0
35974,S/6 CHRISTMAS TREE PLACE SETTING,3.75,1,3.75,1,3.22,3.47,4.19,3.63,3.3, Competitive — Monitor,-1.0,,,MONITOR — No Clear Signal,0.0,3.75,0.0,0.0,-0.0,1.0,3.75,3.75,0.0
90004A,JADE GREEN PAIR ENAMEL HAIR SLIDES,3.75,1,3.75,1,3.33,3.98,4.45,3.92,-4.3, Competitive — Monitor,-1.0,,,MONITOR — No Clear Signal,0.0,3.75,0.0,0.0,-0.0,1.0,3.75,3.75,0.0
90025B,BAROQUE BUTTERFLY EARRINGS RED,3.75,1,3.75,1,3.23,3.64,4.2,3.69,1.6, Competitive — Monitor,-1.0,,,MONITOR — No Clear Signal,0.0,3.75,0.0,0.0,-0.0,1.0,3.75,3.75,0.0
90025F,BAROQUE BUTTERFLY EARRINGS CRYSTAL,3.75,1,3.75,1,3.19,3.53,4.09,3.6,4.2, Competitive — Monitor,-1.0,,,MONITOR — No Clear Signal,0.0,3.75,0.0,0.0,-0.0,1.0,3.75,3.75,0.0
90039A,FIRE POLISHED GLASS BRACELET RED,3.75,1,3.75,1,3.44,3.73,4.02,3.73,0.5, Competitive — Monitor,-1.0,,,MONITOR — No Clear Signal,0.0,3.75,0.0,0.0,-0.0,1.0,3.75,3.75,0.0
40046C,PINK BUTTERFLY PAPER LAMPSHADE,1.25,3,3.75,3,1.14,1.27,1.31,1.24,0.8, Competitive — Monitor,-1.0,,,MONITOR — No Clear Signal,0.0,1.25,0.0,0.0,-0.0,3.0,3.75,3.75,0.0
90128D,PURPLE LEAVES AND BEADS PHONE CHAR,1.25,3,3.75,2,1.08,1.16,1.41,1.22,2.5, Competitive — Monitor,-1.0,,,MONITOR — No Clear Signal,0.0,1.25,0.0,0.0,-0.0,3.0,3.75,3.75,0.0
90041,PEARL AND CHERRY QUARTZ BRACLET,3.5,1,3.5,1,3.06,3.37,3.73,3.39,3.2, Competitive — Monitor,-1.0,,,MONITOR — No Clear Signal,0.0,3.5,0.0,0.0,-0.0,1.0,3.5,3.5,0.0
21081,SET/20 POSIES PAPER NAPKINS,0.85,4,3.4,4,0.72,0.79,0.94,0.82,3.7, Competitive — Monitor,-1.0,,,MONITOR — No Clear Signal,0.0,0.85,0.0,0.0,-0.0,4.0,3.4,3.4,0.0
35995,SET/6 BLACK GLITTER REINDEER CANDLE,0.84,4,3.36,4,0.78,0.83,0.96,0.86,-2.3, Competitive — Monitor,-1.0,,,MONITOR — No Clear Signal,0.0,0.84,0.0,0.0,-0.0,4.0,3.36,3.36,0.0
20683,RAIN GIRL CHILDS UMBRELLA,3.25,1,3.25,1,3.08,3.46,3.55,3.36,-3.3, Competitive — Monitor,-1.0,,,MONITOR — No Clear Signal,0.0,3.25,0.0,0.0,-0.0,1.0,3.25,3.25,0.0
90177A,CLASSIC DIAMANTE EARRINGS JET,2.95,1,2.95,1,2.55,3.18,3.18,2.97,-0.7, Competitive — Monitor,-1.0,,,MONITOR — No Clear Signal,0.0,2.95,0.0,0.0,-0.0,1.0,2.95,2.95,0.0
79301,FEATHER HEART LIGHTS,2.95,1,2.95,1,2.58,3.01,3.44,3.01,-2.0, Competitive — Monitor,-1.0,,,MONITOR — No Clear Signal,0.0,2.95,0.0,0.0,-0.0,1.0,2.95,2.95,0.0
90011A,MIDNIGHT BLUE CRYSTAL DROP EARRINGS,2.95,1,2.95,1,2.76,2.79,3.52,3.02,-2.3, Competitive — Monitor,-1.0,,,MONITOR — No Clear Signal,0.0,2.95,0.0,0.0,-0.0,1.0,2.95,2.95,0.0
90011E,AMBER CRYSTAL DROP EARRINGS,2.95,1,2.95,1,2.78,3.14,3.14,3.02,-2.3, Competitive — Monitor,-1.0,,,MONITOR — No Clear Signal,0.0,2.95,0.0,0.0,-0.0,1.0,2.95,2.95,0.0
90183C,BLACK DROP EARRINGS W LONG BEADS,2.95,1,2.95,1,2.63,2.96,3.17,2.92,1.0, Competitive — Monitor,-1.0,,,MONITOR — No Clear Signal,0.0,2.95,0.0,0.0,-0.0,1.0,2.95,2.95,0.0
62097A,PINK STRIPES SHOULDER BAG,2.95,1,2.95,1,2.52,2.79,3.52,2.94,0.3, Competitive — Monitor,-1.0,,,MONITOR — No Clear Signal,0.0,2.95,0.0,0.0,-0.0,1.0,2.95,2.95,0.0
35598C,WHITE CHRISTMAS TREE 60CM,2.95,1,2.95,1,2.52,3.15,3.11,2.93,0.7, Competitive — Monitor,-1.0,,,MONITOR — No Clear Signal,0.0,2.95,0.0,0.0,-0.0,1.0,2.95,2.95,0.0
20885,BOX OF 3 PEBBLE CANDLES,2.95,1,2.95,1,2.68,3.07,3.53,3.09,-4.5, Competitive — Monitor,-1.0,,,MONITOR — No Clear Signal,0.0,2.95,0.0,0.0,-0.0,1.0,2.95,2.95,0.0
35598A,DUSTY PINK CHRISTMAS TREE 60CM,2.95,1,2.95,1,2.62,3.06,3.1,2.93,0.7, Competitive — Monitor,-1.0,,,MONITOR — No Clear Signal,0.0,2.95,0.0,0.0,-0.0,1.0,2.95,2.95,0.0
84201B,HAPPY BIRTHDAY CARD STRIPEY TEDDY,0.19,15,2.85,4,0.16,0.2,0.22,0.19,0.0, Competitive — Monitor,-1.0,,,MONITOR — No Clear Signal,0.0,0.19,0.0,0.0,-0.0,15.0,2.85,2.85,0.0
85171,S/2 HYACINTH BULB CANDLES,2.55,1,2.55,1,2.32,2.43,2.8,2.52,1.2, Competitive — Monitor,-1.0,,,MONITOR — No Clear Signal,0.0,2.55,0.0,0.0,-0.0,1.0,2.55,2.55,0.0
35999,S/6 SCANDINAVIAN HEART T-LIGHT,2.55,1,2.55,1,2.17,2.43,3.04,2.55,0.0, Competitive — Monitor,-1.0,,,MONITOR — No Clear Signal,0.0,2.55,0.0,0.0,-0.0,1.0,2.55,2.55,0.0
47554,S/3 COLOURS FLOCK TEA TOWELS,2.55,1,2.55,1,2.37,2.63,2.8,2.6,-1.9, Competitive — Monitor,-1.0,,,MONITOR — No Clear Signal,0.0,2.55,0.0,0.0,-0.0,1.0,2.55,2.55,0.0
47556,SET/2 SPOTTY + ROSE TEA TOWELS ,2.55,1,2.55,1,2.25,2.44,2.93,2.54,0.4, Competitive — Monitor,-1.0,,,MONITOR — No Clear Signal,0.0,2.55,0.0,0.0,-0.0,1.0,2.55,2.55,0.0
47569,ENGLISH ROSE DESIGN SHOPPING BAG,2.55,1,2.55,1,2.18,2.52,2.71,2.47,3.2, Competitive — Monitor,-1.0,,,MONITOR — No Clear Signal,0.0,2.55,0.0,0.0,-0.0,1.0,2.55,2.55,0.0
81953B,ROUND ARTICULATED BLUE CLOCK W/SUCK,0.85,3,2.55,3,0.77,0.89,0.92,0.86,-1.2, Competitive — Monitor,-1.0,,,MONITOR — No Clear Signal,0.0,0.85,0.0,0.0,-0.0,3.0,2.55,2.55,0.0
90077,BLACK DIAMOND CLUSTER EARRINGS,2.55,1,2.55,1,2.27,2.67,2.97,2.64,-3.4, Competitive — Monitor,-1.0,,,MONITOR — No Clear Signal,0.0,2.55,0.0,0.0,-0.0,1.0,2.55,2.55,0.0
71434B,"BLACK RND BULLET""KEEP CLEAN"" BIN",2.55,1,2.55,1,2.42,2.53,2.88,2.61,-2.3, Competitive — Monitor,-1.0,,,MONITOR — No Clear Signal,0.0,2.55,0.0,0.0,-0.0,1.0,2.55,2.55,0.0
44092C,PURPLE/COPPER HANGING LAMPSHADE,0.85,3,2.55,2,0.77,0.89,1.01,0.89,-4.5, Competitive — Monitor,-1.0,,,MONITOR — No Clear Signal,0.0,0.85,0.0,0.0,-0.0,3.0,2.55,2.55,0.0
90188,DROP EARRINGS W FLOWER & LEAF,2.55,1,2.55,1,2.24,2.69,2.84,2.59,-1.5, Competitive — Monitor,-1.0,,,MONITOR — No Clear Signal,0.0,2.55,0.0,0.0,-0.0,1.0,2.55,2.55,0.0
21036,SET/2 TEA TOWELS MODERN VINTAGE,2.55,1,2.55,1,2.35,2.61,3.01,2.66,-4.1, Competitive — Monitor,-1.0,,,MONITOR — No Clear Signal,0.0,2.55,0.0,0.0,-0.0,1.0,2.55,2.55,0.0
90091,CRYSTAL DRAGONFLY PHONE CHARM,0.85,3,2.55,2,0.75,0.81,0.95,0.84,1.2, Competitive — Monitor,-1.0,,,MONITOR — No Clear Signal,0.0,0.85,0.0,0.0,-0.0,3.0,2.55,2.55,0.0
90054,CRACKED GLAZE EARRINGS RED,2.55,1,2.55,1,2.4,2.46,3.05,2.64,-3.4, Competitive — Monitor,-1.0,,,MONITOR — No Clear Signal,0.0,2.55,0.0,0.0,-0.0,1.0,2.55,2.55,0.0
21225,POCKET MIRROR BUTTERFLY ,1.25,2,2.5,2,1.11,1.21,1.49,1.27,-1.6, Competitive — Monitor,-1.0,,,MONITOR — No Clear Signal,0.0,1.25,0.0,0.0,-0.0,2.0,2.5,2.5,0.0
37326,FAIRY DESIGN MUGS,1.25,2,2.5,1,1.13,1.17,1.37,1.22,2.5, Competitive — Monitor,-1.0,,,MONITOR — No Clear Signal,0.0,1.25,0.0,0.0,-0.0,2.0,2.5,2.5,0.0
90214Y,"LETTER ""Y"" BLING KEY RING",1.25,2,2.5,2,1.07,1.2,1.48,1.25,0.0, Competitive — Monitor,-1.0,,,MONITOR — No Clear Signal,0.0,1.25,0.0,0.0,-0.0,2.0,2.5,2.5,0.0
90214W,"LETTER ""W"" BLING KEY RING",1.25,2,2.5,2,1.12,1.19,1.47,1.26,-0.8, Competitive — Monitor,-1.0,,,MONITOR — No Clear Signal,0.0,1.25,0.0,0.0,-0.0,2.0,2.5,2.5,0.0
90127B,BLUE BEADS+HAND PHONE CHARM,1.25,2,2.5,2,1.17,1.24,1.35,1.25,0.0, Competitive — Monitor,-1.0,,,MONITOR — No Clear Signal,0.0,1.25,0.0,0.0,-0.0,2.0,2.5,2.5,0.0
44242A,LILAC FEATHERS CURTAIN,1.25,2,2.5,1,1.16,1.33,1.43,1.31,-4.6, Competitive — Monitor,-1.0,,,MONITOR — No Clear Signal,0.0,1.25,0.0,0.0,-0.0,2.0,2.5,2.5,0.0
84250M,"GREETING CARD, BLACKPOOL ROCK",0.19,12,2.2800000000000002,1,0.17,0.18,0.2,0.18,5.6, Competitive — Monitor,-1.0,,,MONITOR — No Clear Signal,0.0,0.19,0.0,0.0,-0.0,12.0,2.2800000000000002,2.2800000000000002,0.0
20620,RED SPOTTY PASSPORT COVER,2.1,1,2.1,1,1.83,2.17,2.47,2.16,-2.8, Competitive — Monitor,-1.0,,,MONITOR — No Clear Signal,0.0,2.1,0.0,0.0,-0.0,1.0,2.1,2.1,0.0
90125E,AMBER BERTIE GLASS BEAD BAG CHARM,2.1,1,2.1,1,1.96,2.16,2.26,2.13,-1.4, Competitive — Monitor,-1.0,,,MONITOR — No Clear Signal,0.0,2.1,0.0,0.0,-0.0,1.0,2.1,2.1,0.0
17061,ASSORTED SHAPED STENCIL FOR HENNA,0.04,52,2.08,1,0.04,0.04,0.04,0.04,0.0, Competitive — Monitor,-1.0,,,MONITOR — No Clear Signal,0.0,0.04,0.0,0.0,-0.0,52.0,2.08,2.08,0.0
85192S,HANGING SPRING FLOWER HEART SMALL,0.65,3,1.9500000000000002,2,0.56,0.69,0.72,0.66,-1.5, Competitive — Monitor,-1.0,,,MONITOR — No Clear Signal,0.0,0.65,0.0,0.0,-0.0,3.0,1.9500000000000002,1.9500000000000002,0.0
35945,GOLD CHRISTMAS STOCKING DECORATION,1.95,1,1.95,1,1.75,1.97,2.22,1.98,-1.5, Competitive — Monitor,-1.0,,,MONITOR — No Clear Signal,0.0,1.95,0.0,0.0,-0.0,1.0,1.95,1.95,0.0
46138D,GREEN CHENILLE SHAGGY C/COVER,1.95,1,1.95,1,1.72,1.91,2.3,1.98,-1.5, Competitive — Monitor,-1.0,,,MONITOR — No Clear Signal,0.0,1.95,0.0,0.0,-0.0,1.0,1.95,1.95,0.0
84814A,HEXAGONAL CRYSTAL PERFUME BOTTLE,1.95,1,1.95,1,1.83,2.03,2.33,2.06,-5.3, Competitive — Monitor,-1.0,,,MONITOR — No Clear Signal,0.0,1.95,0.0,0.0,-0.0,1.0,1.95,1.95,0.0
35837,SET OF SIX SILVER+RED FLOCK BAUBLES,0.85,2,1.7,1,0.73,0.82,0.95,0.83,2.4, Competitive — Monitor,-1.0,,,MONITOR — No Clear Signal,0.0,0.85,0.0,0.0,-0.0,2.0,1.7,1.7,0.0
20881,MODERN CHRISTMAS TREE CANDLE,0.85,2,1.7,1,0.74,0.88,0.9,0.84,1.2, Competitive — Monitor,-1.0,,,MONITOR — No Clear Signal,0.0,0.85,0.0,0.0,-0.0,2.0,1.7,1.7,0.0
72754D,F FAIRY POTPOURRI CUSHIONS SUMMER,1.69,1,1.69,1,1.56,1.57,1.96,1.7,-0.6, Competitive — Monitor,-1.0,,,MONITOR — No Clear Signal,0.0,1.69,0.0,0.0,-0.0,1.0,1.69,1.69,0.0
10109,BENDY COLOUR PENCILS,0.42,4,1.68,1,0.36,0.44,0.48,0.43,-2.3, Competitive — Monitor,-1.0,,,MONITOR — No Clear Signal,0.0,0.42,0.0,0.0,-0.0,4.0,1.68,1.68,0.0
16010,FOLDING CAMPING SCISSOR W/KNIF & S,0.12,14,1.68,2,0.11,0.12,0.13,0.12,0.0, Competitive — Monitor,-1.0,,,MONITOR — No Clear Signal,0.0,0.12,0.0,0.0,-0.0,14.0,1.68,1.68,0.0
21585,SWALLOW SMALL TUBE MATCHES,1.65,1,1.65,1,1.48,1.69,1.81,1.66,-0.6, Competitive — Monitor,-1.0,,,MONITOR — No Clear Signal,0.0,1.65,0.0,0.0,-0.0,1.0,1.65,1.65,0.0
84731,3 BIRDS CANVAS SCREEN,1.65,1,1.65,1,1.46,1.58,1.86,1.63,1.2, Competitive — Monitor,-1.0,,,MONITOR — No Clear Signal,0.0,1.65,0.0,0.0,-0.0,1.0,1.65,1.65,0.0
85024A,CRYSTAL SMALL JEWELLED PHOTOFRAME,1.65,1,1.65,1,1.47,1.7,1.82,1.66,-0.6, Competitive — Monitor,-1.0,,,MONITOR — No Clear Signal,0.0,1.65,0.0,0.0,-0.0,1.0,1.65,1.65,0.0
72796C,S/3 ROSE GARDEN SCENT SQU CANDLE,1.65,1,1.65,1,1.49,1.72,1.92,1.71,-3.5, Competitive — Monitor,-1.0,,,MONITOR — No Clear Signal,0.0,1.65,0.0,0.0,-0.0,1.0,1.65,1.65,0.0
35980B,RED TOP SCANDINAVIAN HEART ,0.38,4,1.52,2,0.33,0.38,0.43,0.38,0.0, Competitive — Monitor,-1.0,,,MONITOR — No Clear Signal,0.0,0.38,0.0,0.0,-0.0,4.0,1.52,1.52,0.0
71496B,A4 WALL TIDY RED FLOWERS,0.65,2,1.3,2,0.59,0.66,0.77,0.67,-3.0, Competitive — Monitor,-1.0,,,MONITOR — No Clear Signal,0.0,0.65,0.0,0.0,-0.0,2.0,1.3,1.3,0.0
35950,FOLKART HEART CHRISTMAS DECORATIONS,1.25,1,1.25,1,1.16,1.24,1.41,1.27,-1.6, Competitive — Monitor,-1.0,,,MONITOR — No Clear Signal,0.0,1.25,0.0,0.0,-0.0,1.0,1.25,1.25,0.0
35976B,WHITE SCANDINAVIAN HEART CHRISTMAS,1.25,1,1.25,1,1.16,1.33,1.36,1.28,-2.3, Competitive — Monitor,-1.0,,,MONITOR — No Clear Signal,0.0,1.25,0.0,0.0,-0.0,1.0,1.25,1.25,0.0
90071,RUBY GLASS CLUSTER EARRINGS,1.25,1,1.25,1,1.08,1.25,1.47,1.27,-1.6, Competitive — Monitor,-1.0,,,MONITOR — No Clear Signal,0.0,1.25,0.0,0.0,-0.0,1.0,1.25,1.25,0.0
90214U,"LETTER ""U"" BLING KEY RING",1.25,1,1.25,1,1.08,1.32,1.42,1.27,-1.6, Competitive — Monitor,-1.0,,,MONITOR — No Clear Signal,0.0,1.25,0.0,0.0,-0.0,1.0,1.25,1.25,0.0
84845A,HOLLYHOCK SQUARE HANDY TIN,1.25,1,1.25,1,1.1,1.31,1.35,1.25,0.0, Competitive — Monitor,-1.0,,,MONITOR — No Clear Signal,0.0,1.25,0.0,0.0,-0.0,1.0,1.25,1.25,0.0
TEST002,This is a test product.,1.0,1,1.0,1,0.89,0.99,1.14,1.01,-1.0, Competitive — Monitor,-1.0,,,MONITOR — No Clear Signal,0.0,1.0,0.0,0.0,-0.0,1.0,1.0,1.0,0.0
84201C,HAPPY BIRTHDAY CARD TEDDY/CAKE,0.19,5,0.95,2,0.17,0.18,0.21,0.19,0.0, Competitive — Monitor,-1.0,,,MONITOR — No Clear Signal,0.0,0.19,0.0,0.0,-0.0,5.0,0.95,0.95,0.0
79157B,UBO-LIGHT TRIOBASE BLUE,0.85,1,0.85,1,0.78,0.84,1.0,0.87,-2.3, Competitive — Monitor,-1.0,,,MONITOR — No Clear Signal,0.0,0.85,0.0,0.0,-0.0,1.0,0.85,0.85,0.0
44092B,BLUE WHITE PLASTIC RINGS LAMPSHADE,0.85,1,0.85,1,0.73,0.89,0.95,0.86,-1.2, Competitive — Monitor,-1.0,,,MONITOR — No Clear Signal,0.0,0.85,0.0,0.0,-0.0,1.0,0.85,0.85,0.0
20721,OWLS CHARLOTTE BAG,0.85,1,0.85,1,0.73,0.81,0.99,0.84,1.2, Competitive — Monitor,-1.0,,,MONITOR — No Clear Signal,0.0,0.85,0.0,0.0,-0.0,1.0,0.85,0.85,0.0
84206B,CAT W SUNGLASSES BLANK CARD,0.19,4,0.76,1,0.17,0.19,0.2,0.19,0.0, Competitive — Monitor,-1.0,,,MONITOR — No Clear Signal,0.0,0.19,0.0,0.0,-0.0,4.0,0.76,0.76,0.0
79151B,"SILICON CUBE 25W, BLUE",0.42,1,0.42,1,0.39,0.44,0.47,0.43,-2.3, Competitive — Monitor,-1.0,,,MONITOR — No Clear Signal,0.0,0.42,0.0,0.0,-0.0,1.0,0.42,0.42,0.0
84206C,CHAMPAGNE TRAY BLANK CARD,0.19,2,0.38,2,0.17,0.19,0.23,0.2,-5.0, Competitive — Monitor,-1.0,,,MONITOR — No Clear Signal,0.0,0.19,0.0,0.0,-0.0,2.0,0.38,0.38,0.0
84205C,HAPPY BIRTHDAY GINGER CAT CARD,0.19,2,0.38,1,0.17,0.19,0.22,0.19,0.0, Competitive — Monitor,-1.0,,,MONITOR — No Clear Signal,0.0,0.19,0.0,0.0,-0.0,2.0,0.38,0.38,0.0
35930,PINK HEART CHRISTMAS DECORATION,0.38,1,0.38,1,0.33,0.36,0.41,0.37,2.7, Competitive — Monitor,-1.0,,,MONITOR — No Clear Signal,0.0,0.38,0.0,0.0,-0.0,1.0,0.38,0.38,0.0
PADS,PADS TO MATCH ALL CUSHIONS,0.001,14,0.014,14,0.0,0.0,0.0,0.0,inf, Overpriced — Customer Loss Risk,-1.0,,,REDUCE PRICE -8% to -12%,-0.1,0.0,-0.0,-10.0,10.0,15.400000000000002,0.014,0.0,-0.01
